{"32":{"shunt_est":{"gs":1.1537066072163489},"shunt_true":{"gs":0.4807111111111111}},"29":{"shunt_est":{"gs":1.1537060619698338},"shunt_true":{"gs":5.768533333333333}},"1":{"shunt_est":{"gs":0.16481541875362662},"shunt_true":{"gs":0.23074133333333333}},"54":{"shunt_est":{"gs":1.1537063119637263},"shunt_true":{"gs":1.1537066666666667}},"24":{"shunt_est":{"gs":0.16482757475843218},"shunt_true":{"gs":0.4807111111111111}},"2":{"shunt_est":{"gs":1.1537065124721428},"shunt_true":{"gs":0.19228444444444445}},"25":{"shunt_est":{"gs":0.16481710371013117},"shunt_true":{"gs":1.1537066666666667}},"23":{"shunt_est":{"gs":1.1537050350524247},"shunt_true":{"gs":0.4807111111111111}},"41":{"shunt_est":{"gs":1.1537034977798148},"shunt_true":{"gs":0.4807111111111111}},"51":{"shunt_est":{"gs":1.153706504728306},"shunt_true":{"gs":0.23074133333333333}},"53":{"shunt_est":{"gs":0.16481558519140208},"shunt_true":{"gs":0.23074133333333333}},"49":{"shunt_est":{"gs":1.1537059081756584},"shunt_true":{"gs":0.4807111111111111}},"27":{"shunt_est":{"gs":0.16481544052763838},"shunt_true":{"gs":0.19228444444444445}},"5":{"shunt_est":{"gs":1.1537060619579198},"shunt_true":{"gs":5.768533333333333}},"31":{"shunt_est":{"gs":1.1537060717435446},"shunt_true":{"gs":2.8842666666666665}},"42":{"shunt_est":{"gs":1.1537063389826656},"shunt_true":{"gs":2.8842666666666665}},"33":{"shunt_est":{"gs":0.1648153434175028},"shunt_true":{"gs":0.5768533333333333}},"28":{"shunt_est":{"gs":0.164815415664159},"shunt_true":{"gs":0.3845688888888889}},"43":{"shunt_est":{"gs":1.1537043914773808},"shunt_true":{"gs":0.23074133333333333}},"50":{"shunt_est":{"gs":0.16481568799364915},"shunt_true":{"gs":1.4421333333333333}},"52":{"shunt_est":{"gs":1.1537051364779072},"shunt_true":{"gs":0.28842666666666666}},"39":{"shunt_est":{"gs":1.1537064019162195},"shunt_true":{"gs":0.3845688888888889}},"34":{"shunt_est":{"gs":1.153706434995687},"shunt_true":{"gs":0.19228444444444445}},"44":{"shunt_est":{"gs":1.1537066039100758},"shunt_true":{"gs":5.768533333333333}},"55":{"shunt_est":{"gs":1.1537054606892725},"shunt_true":{"gs":0.28842666666666666}},"26":{"shunt_est":{"gs":1.1537061344544104},"shunt_true":{"gs":1.4421333333333333}},"17":{"shunt_est":{"gs":1.1537059586392227},"shunt_true":{"gs":0.23074133333333333}},"10":{"shunt_est":{"gs":1.1537062271062573},"shunt_true":{"gs":2.8842666666666665}},"37":{"shunt_est":{"gs":1.1537039520275163},"shunt_true":{"gs":0.19228444444444445}},"47":{"shunt_est":{"gs":1.153706517168316},"shunt_true":{"gs":2.8842666666666665}}}