linecode_id,linecode_name,A_p_est,dist_est,x_est,r_est,scenario_id
4,hydrogen,"[166.8399624166443, 159.58712459974564, 299.9999943471165, 130.41953085298545]","[695.6193574547965, 715.6360336708295, 482.90625707391314]",[0.7545308402607283 0.45239374148688644 0.4079443536398487 0.38945310451271387; 0.45239374148688644 0.7559271254876809 0.4506112545517932 0.41820944341845157; 0.4079443536398487 0.4506112545517932 0.736097583573178 0.4753261686443729; 0.38945310451271387 0.41820944341845157 0.4753261686443729 0.7622679296789974],[0.1934820588824303 0.049348 0.049348 0.049348; 0.049348 0.20003259330422324 0.049348 0.049348; 0.049348 0.049348 0.12950573806675142 0.049348; 0.049348 0.049348 0.049348 0.23373235416556018],1
1,pluto,"[187.93502137616662, 204.05916011991764, 99.5639761002008, 300.0000026209924]","[419.66361268111973, 1199.9999618071522, 937.8035024794]",[0.7507904127204634 0.4841458387984724 0.3992899492936738 0.3705883615615412; 0.4841458387984724 0.7482044461407228 0.4181330733654566 0.38185027262364707; 0.3992899492936738 0.4181330733654566 0.7707488674168302 0.43362344609514425; 0.3705883615615412 0.38185027262364707 0.43362344609514425 0.7360975827067376],[0.29749392284540943 0.049348 0.049348 0.049348; 0.049348 0.27788618121644165 0.049348 0.049348; 0.049348 0.049348 0.5177434090727255 0.049348; 0.049348 0.049348 0.049348 0.20479902968974883],1
10,tw2x16_lv_oh_2w_bundled,"[14.529975020482794, 10.000000255745935]",[2.0000162598387052],[0.831211681770726 0.8200644446452037; 0.8200644446452037 0.8429495991200548],[2.542891088965336 0.049348; 0.049348 3.672459786856773],1
7,abc2x16_lv_oh_2w_bundled,"[10.000078669131428, 55.12446813391682]",[17.685290454417554],[0.8429493527775351 0.6831172037799471; 0.6831172037799471 0.7893222179858561],[4.522290440782899 0.049348; 0.049348 0.8607803421980469],1
