{"32":{"Xc_est":0.20064174933608014,"Zc_est":0.2146046372184719,"Rc_est":0.07614485366083198},"29":{"Xc_est":0.11161823351239274,"Zc_est":0.14064867750242796,"Rc_est":0.08557698540352393},"1":{"Xc_est":0.14721330765886054,"Zc_est":0.17321251449884098,"Rc_est":0.09127331059597255},"54":{"Xc_est":0.10102840861810185,"Zc_est":0.1382666146754814,"Rc_est":0.09439765561660889},"2":{"Xc_est":0.173582018626814,"Zc_est":0.2008429930622234,"Rc_est":0.10103064224101872},"41":{"Xc_est":0.0866903793271811,"Zc_est":0.09395123155971576,"Rc_est":0.036216184830773976},"51":{"Xc_est":0.11252221586333581,"Zc_est":0.1331650004181592,"Rc_est":0.07121564626943436},"53":{"Xc_est":0.11224159724288514,"Zc_est":0.13823738763752874,"Rc_est":0.0806932412858372},"27":{"Xc_est":0.153084049834452,"Zc_est":0.16983028664390645,"Rc_est":0.0735363851969516},"42":{"Xc_est":0.17958313521963326,"Zc_est":0.19082149913524163,"Rc_est":0.06451931553347373},"33":{"Xc_est":0.09600294645514502,"Zc_est":0.11914475645984393,"Rc_est":0.07056137232088162},"28":{"Xc_est":0.13072080585567614,"Zc_est":0.1438701883569382,"Rc_est":0.060089117270130596},"50":{"Xc_est":0.17120143558520737,"Zc_est":0.18433078383217943,"Rc_est":0.06832207785006066},"52":{"Xc_est":0.04893859083336498,"Zc_est":0.052769419301389,"Rc_est":0.019738944770435203},"26":{"Xc_est":0.167050975954056,"Zc_est":0.177735931663309,"Rc_est":0.06069623412553578},"10":{"Xc_est":0.14987791551074167,"Zc_est":0.17272065509005408,"Rc_est":0.08584308438594457},"24":{"Xc_est":0.10502295454097474,"Zc_est":0.11536865092229788,"Rc_est":0.047750441203358265},"25":{"Xc_est":0.0970038867540685,"Zc_est":0.14039090258704656,"Rc_est":0.10148818396153048},"23":{"Xc_est":0.08435626700601823,"Zc_est":0.09405483945024765,"Rc_est":0.0415972720358105},"49":{"Xc_est":0.14580131366419682,"Zc_est":0.15575322115481133,"Rc_est":0.054781774650827626},"5":{"Xc_est":0.08489938789628891,"Zc_est":0.09215421644967979,"Rc_est":0.035839831811685506},"31":{"Xc_est":0.13967311691352707,"Zc_est":0.14792453494693925,"Rc_est":0.04871435569653414},"43":{"Xc_est":0.13547361506377964,"Zc_est":0.15765766934476774,"Rc_est":0.08064019050557222},"39":{"Xc_est":0.06678230821215275,"Zc_est":0.07931239905573505,"Rc_est":0.042785277302282335},"34":{"Xc_est":0.11392728188010748,"Zc_est":0.12427262041432256,"Rc_est":0.04964129962090876},"44":{"Xc_est":0.2226117496350062,"Zc_est":0.24853322529743987,"Rc_est":0.11051141570529863},"55":{"Xc_est":0.09041121482548763,"Zc_est":0.10014853584233338,"Rc_est":0.04307599639175699},"17":{"Xc_est":0.1370448634976231,"Zc_est":0.16185687427815787,"Rc_est":0.08611825091125139},"37":{"Xc_est":0.1755697795953997,"Zc_est":0.19391240391246758,"Rc_est":0.08232419379462358},"47":{"Xc_est":0.20349474808648957,"Zc_est":0.2291326156910253,"Rc_est":0.10531686984822161},"9":{"Xc_est":0.023159799033407383,"Zc_est":0.03234554155452673,"Rc_est":0.02258003027428878},"12":{"Xc_est":0.15434540730627475,"Zc_est":0.17398602205707303,"Rc_est":0.08030336926122372},"20":{"Xc_est":0.1561485961374875,"Zc_est":0.16768495582223952,"Rc_est":0.061121684641363146},"6":{"Xc_est":0.10756863677253214,"Zc_est":0.1238624561814708,"Rc_est":0.06140762521223094},"14":{"Xc_est":0.11438778480889515,"Zc_est":0.12526243535755585,"Rc_est":0.051050096946232706},"7":{"Xc_est":0.1424868740178913,"Zc_est":0.15341998614044602,"Rc_est":0.05687866805705127},"8":{"Xc_est":0.10017396105226226,"Zc_est":0.10730829505904707,"Rc_est":0.038473987518573505},"19":{"Xc_est":0.08567004148992491,"Zc_est":0.09379979725600972,"Rc_est":0.03819746007764224},"4":{"Xc_est":0.18774126151421142,"Zc_est":0.20144713283995788,"Rc_est":0.07303537536353263},"22":{"Xc_est":0.07302287815923408,"Zc_est":0.0895011741087347,"Rc_est":0.05175055006648428},"11":{"Xc_est":0.03595682519844681,"Zc_est":0.0547489672852953,"Rc_est":0.04128627060482304},"35":{"Xc_est":0.14612329873670787,"Zc_est":0.15977033641335917,"Rc_est":0.0646106954299425},"13":{"Xc_est":0.17283236307525607,"Zc_est":0.21900599475354157,"Rc_est":0.13450873581968995},"15":{"Xc_est":0.021403658029741434,"Zc_est":0.03405686438609082,"Rc_est":0.026490629187666842},"16":{"Xc_est":0.1591670190356343,"Zc_est":0.17402322050085747,"Rc_est":0.07035581940962732},"40":{"Xc_est":0.15302594828780883,"Zc_est":0.1772710280276977,"Rc_est":0.08948785687797896},"21":{"Xc_est":0.18944300629176714,"Zc_est":0.20215117378614808,"Rc_est":0.0705439184498205},"38":{"Xc_est":0.05095176881933723,"Zc_est":0.05715573060634153,"Rc_est":0.02589777587603808},"46":{"Xc_est":0.12816351084708244,"Zc_est":0.1428362856301385,"Rc_est":0.0630580603885363},"45":{"Xc_est":0.18013439995692349,"Zc_est":0.19573256977542408,"Rc_est":0.0765691636564641},"36":{"Xc_est":0.17112348693850538,"Zc_est":0.18417010103854664,"Rc_est":0.06808361281950054},"48":{"Xc_est":0.10649066422513989,"Zc_est":0.13279377595693315,"Rc_est":0.07933426350441947},"18":{"Xc_est":0.0890670675373743,"Zc_est":0.11137565269619744,"Rc_est":0.06686997453115111},"30":{"Xc_est":0.22461771789066515,"Zc_est":0.25526513403021395,"Rc_est":0.12127311928474772},"3":{"Xc_est":0.03325960849481812,"Zc_est":0.03808891594600199,"Rc_est":0.01856243412683335}}