linecode_id,linecode_name,A_p_est,dist_est,x_est,r_est,scenario_id
11,uglv_240al_xlpe/nyl/pvc_ug_4w_bundled,"[292.8446739975867, 300.00000292333385, 258.95005940797176, 246.19136544630658]","[23.14066916709028, 20.316194447529377]",[0.7368559692763562 0.6662242932152764 0.6662242932152764 0.6372828701869271; 0.6662242932152764 0.7360975826750765 0.6444483813908052 0.6586959414967652; 0.6662242932152764 0.6444483813908052 0.7407203610615894 0.6586959414967652; 0.6372828701869271 0.6586959414967652 0.6586959414967652 0.7423076884050614],[0.1964447956095697 0.049348 0.049348 0.049348; 0.049348 0.1929363757887244 0.049348 0.049348; 0.049348 0.049348 0.2156986594856876 0.049348; 0.049348 0.049348 0.049348 0.22431966514464502],1
9,uglv_185al_xlpe/nyl/pvc_ug_2w_bundled,"[37.23051107277427, 37.23051107278294]",[99.99970105948535],[0.8016519006287742 0.5742649138157436; 0.5742649138157436 0.801651900628767],[1.2759100256692644 0.049348; 0.049348 1.2759100256689788],1
8,ugsc_16al_xlpe/pvc_ug_2w_bundled,"[13.761444640994938, 13.761442734527376]",[3.890330399212028],[0.8329189196671848 0.7782598784763294; 0.7782598784763294 0.8329189240194598],[3.2578192719100225 0.049348; 0.049348 3.2578197164016736],1
