{"32":{"Xc_est":0.219892881346112,"Zc_est":0.23736244099945364,"Rc_est":0.0893758867397902},"29":{"Xc_est":0.10332139667132038,"Zc_est":0.12787560068598908,"Rc_est":0.07534492843377183},"1":{"Xc_est":0.15712115781847613,"Zc_est":0.18782970663473203,"Rc_est":0.10292201154403763},"54":{"Xc_est":0.10161466463981425,"Zc_est":0.10642474206059088,"Rc_est":0.03163361586669135},"2":{"Xc_est":0.18205181478088234,"Zc_est":0.2109157809985313,"Rc_est":0.10650165918523395},"41":{"Xc_est":0.09052933993987239,"Zc_est":0.09519101992220141,"Rc_est":0.02942395085436304},"51":{"Xc_est":0.11220842387754479,"Zc_est":0.1357780907931803,"Rc_est":0.07645233515307656},"53":{"Xc_est":0.10992089140486325,"Zc_est":0.11532164324945558,"Rc_est":0.034878059500421825},"27":{"Xc_est":0.1627825390163207,"Zc_est":0.17102192559824989,"Rc_est":0.05244372247212582},"42":{"Xc_est":0.184855380989426,"Zc_est":0.19835730163863052,"Rc_est":0.07193126741975854},"33":{"Xc_est":0.09551226117334566,"Zc_est":0.12237208504055327,"Rc_est":0.07650055661710581},"28":{"Xc_est":0.13107110910954137,"Zc_est":0.14693897867998082,"Rc_est":0.06641858032441346},"50":{"Xc_est":0.1725250258499042,"Zc_est":0.18494414074132048,"Rc_est":0.06662920268197159},"52":{"Xc_est":0.04267736613209744,"Zc_est":0.0474540654639734,"Rc_est":0.020749234903628976},"26":{"Xc_est":0.17407406026899871,"Zc_est":0.1831078614411113,"Rc_est":0.056804141248699674},"10":{"Xc_est":0.15368962588608923,"Zc_est":0.1614255370181823,"Rc_est":0.04937309891633777},"24":{"Xc_est":0.1061841706508088,"Zc_est":0.11154448989724533,"Rc_est":0.034162774033098926},"25":{"Xc_est":0.0954850349104932,"Zc_est":0.09989824164008297,"Rc_est":0.029364379627744595},"23":{"Xc_est":0.08811522892601849,"Zc_est":0.09261769686609579,"Rc_est":0.028526202062233323},"49":{"Xc_est":0.15272781054674484,"Zc_est":0.16690282895059896,"Rc_est":0.06731099610992632},"5":{"Xc_est":0.08648502891026331,"Zc_est":0.09525598869933131,"Rc_est":0.03992547003452875},"31":{"Xc_est":0.13983840592898816,"Zc_est":0.14709097314714628,"Rc_est":0.04561770060638781},"43":{"Xc_est":0.13473918909277874,"Zc_est":0.14148176903484236,"Rc_est":0.043156018025866306},"39":{"Xc_est":0.06714525016638404,"Zc_est":0.08141714499261729,"Rc_est":0.0460463557607176},"34":{"Xc_est":0.11631095319567256,"Zc_est":0.12849516112350998,"Rc_est":0.05461472877229053},"44":{"Xc_est":0.236098706879159,"Zc_est":0.248138810514761,"Rc_est":0.07635620402868021},"55":{"Xc_est":0.09661507979108355,"Zc_est":0.11058872591332358,"Rc_est":0.05380885295278803},"17":{"Xc_est":0.13748829205091972,"Zc_est":0.1665301951921386,"Rc_est":0.09396422436040637},"37":{"Xc_est":0.1830172225963193,"Zc_est":0.2040108902343713,"Rc_est":0.09013955606363949},"47":{"Xc_est":0.22153696123128963,"Zc_est":0.23279132089596113,"Rc_est":0.07150646049758325},"9":{"Xc_est":0.018467319740372655,"Zc_est":0.023803974621207206,"Rc_est":0.015019564220506503},"12":{"Xc_est":0.1617007996483427,"Zc_est":0.16993016212943088,"Rc_est":0.05224089771837005},"20":{"Xc_est":0.1643798821497425,"Zc_est":0.1767708588346979,"Rc_est":0.06501685072035909},"6":{"Xc_est":0.10673261402617143,"Zc_est":0.11209809402234609,"Rc_est":0.03426560646746325},"14":{"Xc_est":0.11631095320180439,"Zc_est":0.12849516113731668,"Rc_est":0.05461472879171558},"7":{"Xc_est":0.14293423742582173,"Zc_est":0.15629116283635533,"Rc_est":0.06321970699266932},"8":{"Xc_est":0.10322826747395232,"Zc_est":0.1116482724282444,"Rc_est":0.04253541501546257},"19":{"Xc_est":0.08726656951747314,"Zc_est":0.09702229309549555,"Rc_est":0.04240131132595162},"4":{"Xc_est":0.19261619302858582,"Zc_est":0.20256632603215652,"Rc_est":0.06270660750942039},"22":{"Xc_est":0.07456275633213102,"Zc_est":0.09295034215187227,"Rc_est":0.05549920246548934},"11":{"Xc_est":0.036468492604280964,"Zc_est":0.03811609238062733,"Rc_est":0.011085375299917516},"35":{"Xc_est":0.14661409495768588,"Zc_est":0.1630813256405578,"Rc_est":0.07141306555820387},"13":{"Xc_est":0.17910579259851278,"Zc_est":0.18789329140253122,"Rc_est":0.05678911877934928},"15":{"Xc_est":0.018786298354151354,"Zc_est":0.019622851529912784,"Rc_est":0.005668447434157842},"16":{"Xc_est":0.16676541723217675,"Zc_est":0.1818727233192756,"Rc_est":0.07257398365080822},"40":{"Xc_est":0.1567177677517942,"Zc_est":0.1645831212596392,"Rc_est":0.05027071786298454},"21":{"Xc_est":0.19553858755143574,"Zc_est":0.21151914761921664,"Rc_est":0.0806536458441245},"38":{"Xc_est":0.044033983918626944,"Zc_est":0.050659027342727425,"Rc_est":0.025046862309784597},"46":{"Xc_est":0.12843340516271765,"Zc_est":0.14613610448074926,"Rc_est":0.06971815739904261},"45":{"Xc_est":0.18636427647004253,"Zc_est":0.19587516247221579,"Rc_est":0.06029457462586903},"36":{"Xc_est":0.17305996574068727,"Zc_est":0.18605885781998255,"Rc_est":0.06832383794188258},"48":{"Xc_est":0.10831824524118061,"Zc_est":0.11363425098588104,"Rc_est":0.03434968333178138},"18":{"Xc_est":0.09222889328512016,"Zc_est":0.09677041274983306,"Rc_est":0.029297508890261826},"30":{"Xc_est":0.23785040071945046,"Zc_est":0.24990667819816414,"Rc_est":0.07668464439271791},"3":{"Xc_est":0.03393238289318091,"Zc_est":0.04013290806663716,"Rc_est":0.02142997202694661}}