linecode_id,linecode_name,A_p_est,dist_est,x_est,r_est,scenario_id
5,ugsc_25cu_xlpe/nyl/pvc_ug_2w_bundled,"[10.000000022184185, 10.000000022184185]",[99.99947853470304],[0.8429495998538123 0.5742650536330883; 0.5742650536330883 0.8429495998538123],[2.6703787450754217 0.049348; 0.049348 2.6703787450754217],1
2,uglv_120cu_xlpe/nyl/pvc_ug_4w_bundled,"[139.07351177755194, 135.59811492929313, 146.12282139727972, 135.17025178849366]","[21.79600621707565, 15.970366919720812]",[0.7602495697942191 0.669985723832005 0.669985723832005 0.6470820318050968; 0.669985723832005 0.7610446202029876 0.6482098120075339 0.6688480036430603; 0.669985723832005 0.6482098120075339 0.7586962102148452 0.6688480036430603; 0.6470820318050968 0.6688480036430603 0.6688480036430603 0.7611439062442797],[0.2491138663118233 0.049348 0.049348 0.049348; 0.049348 0.25423389074971336 0.049348 0.049348; 0.049348 0.049348 0.23947668965714775 0.049348; 0.049348 0.049348 0.049348 0.25488242931172506],1
3,ugsc_16cu_xlpe/nyl/pvc_ug_2w_bundled,"[299.9962010803303, 11.969074387675484]",[2.0000060637065538],[0.7360979808065946 0.8200647649651036; 0.8200647649651036 0.8373028536545133],[0.13801743388177323 0.049348; 0.049348 2.271783290724397],1
