{"32":{"Xc_est":0.2182346436004328,"Zc_est":0.23326464565006788,"Rc_est":0.08237739521764334},"29":{"Xc_est":0.10531075011244527,"Zc_est":0.12234142300277916,"Rc_est":0.0622661199457542},"1":{"Xc_est":0.15656980102605025,"Zc_est":0.17767671670836072,"Rc_est":0.08399352991109559},"54":{"Xc_est":0.1045441932821295,"Zc_est":0.12589272609740057,"Rc_est":0.07013907709133244},"2":{"Xc_est":0.18152102673039028,"Zc_est":0.20226218111352112,"Rc_est":0.08921943041481356},"41":{"Xc_est":0.0924298199853062,"Zc_est":0.0991468708236558,"Rc_est":0.035872417978254266},"51":{"Xc_est":0.1117251703180808,"Zc_est":0.1276965258031822,"Rc_est":0.061837601987776124},"53":{"Xc_est":0.11082823391761976,"Zc_est":0.1275396641780441,"Rc_est":0.0631147249486966},"27":{"Xc_est":0.16159182504484254,"Zc_est":0.17556503225422462,"Rc_est":0.06863790956245633},"42":{"Xc_est":0.18323343673495016,"Zc_est":0.19514428860240796,"Rc_est":0.06713271211889851},"33":{"Xc_est":0.09360110253342732,"Zc_est":0.1075218749710268,"Rc_est":0.05291301542921122},"28":{"Xc_est":0.13027105325640126,"Zc_est":0.14241757638554148,"Rc_est":0.05755187874430694},"50":{"Xc_est":0.1779081143526126,"Zc_est":0.1892691141579415,"Rc_est":0.06458715368886925},"52":{"Xc_est":0.04498226853716263,"Zc_est":0.048837360742126516,"Rc_est":0.01901797364356122},"26":{"Xc_est":0.17440545143192737,"Zc_est":0.186943532840321,"Rc_est":0.06730990255263924},"10":{"Xc_est":0.15315482415968792,"Zc_est":0.16980693774177377,"Rc_est":0.07333482080058358},"24":{"Xc_est":0.10718990068595444,"Zc_est":0.1169268208773553,"Rc_est":0.04671409456920209},"25":{"Xc_est":0.09437707341215121,"Zc_est":0.11284297055934496,"Rc_est":0.06185874246066287},"23":{"Xc_est":0.09012666169089205,"Zc_est":0.09766954831300521,"Rc_est":0.03763675756653264},"49":{"Xc_est":0.14988673966636085,"Zc_est":0.16064848190349676,"Rc_est":0.05780916891018842},"5":{"Xc_est":0.08875839103034056,"Zc_est":0.09593295536016302,"Rc_est":0.03640164757040802},"31":{"Xc_est":0.13937151000884607,"Zc_est":0.1481888208201028,"Rc_est":0.05035383613893428},"43":{"Xc_est":0.13509273975769007,"Zc_est":0.1510663584578521,"Rc_est":0.06760914377861395},"39":{"Xc_est":0.06867383156860132,"Zc_est":0.07838354669821528,"Rc_est":0.037787368930353844},"34":{"Xc_est":0.11855426263007168,"Zc_est":0.1283872861187588,"Rc_est":0.04927658723146338},"44":{"Xc_est":0.23557314256906067,"Zc_est":0.25621215684192034,"Rc_est":0.10074702880842598},"55":{"Xc_est":0.09814942818414979,"Zc_est":0.10848436046101713,"Rc_est":0.04621197043797548},"17":{"Xc_est":0.13655368931848563,"Zc_est":0.15620098024857185,"Rc_est":0.07584086078180571},"37":{"Xc_est":0.18129673827293039,"Zc_est":0.19756331978039304,"Rc_est":0.07850323569284531},"47":{"Xc_est":0.22109456746021988,"Zc_est":0.2417840524743284,"Rc_est":0.09786071873068924},"9":{"Xc_est":0.01841759450494912,"Zc_est":0.021842274691177818,"Rc_est":0.011742111238450053},"12":{"Xc_est":0.16219039820935918,"Zc_est":0.17687480767391195,"Rc_est":0.07056183329798646},"20":{"Xc_est":0.16403908164426015,"Zc_est":0.17491940409593948,"Rc_est":0.06072872156225852},"6":{"Xc_est":0.10892685831889978,"Zc_est":0.12083060906193434,"Rc_est":0.05229699439788431},"14":{"Xc_est":0.11855426265833731,"Zc_est":0.1283872861683681,"Rc_est":0.04927658729271339},"7":{"Xc_est":0.14216971762891328,"Zc_est":0.1531403832908064,"Rc_est":0.05691878761683317},"8":{"Xc_est":0.10290898240867491,"Zc_est":0.11011894457942926,"Rc_est":0.03919085728710783},"19":{"Xc_est":0.08952816175063454,"Zc_est":0.09728614287960859,"Rc_est":0.03806969726624885},"4":{"Xc_est":0.19147642642270546,"Zc_est":0.20464281359869718,"Rc_est":0.07221813679389254},"22":{"Xc_est":0.07673549125438411,"Zc_est":0.0889079937852773,"Rc_est":0.0449031818568712},"11":{"Xc_est":0.03735933003553973,"Zc_est":0.049582630799853714,"Rc_est":0.03259935177776118},"35":{"Xc_est":0.14581235120564148,"Zc_est":0.1586695336885996,"Rc_est":0.06256819604911354},"13":{"Xc_est":0.1807900974487574,"Zc_est":0.20851107339237177,"Rc_est":0.10388362908422022},"15":{"Xc_est":0.019288785231443523,"Zc_est":0.026246341152880784,"Rc_est":0.017799246843859706},"16":{"Xc_est":0.16705403013148767,"Zc_est":0.18008669632327529,"Rc_est":0.06726194473444531},"40":{"Xc_est":0.15628062048456343,"Zc_est":0.17403854860294565,"Rc_est":0.07658840683014456},"21":{"Xc_est":0.19343476661740808,"Zc_est":0.20673886020764534,"Rc_est":0.07296538483161168},"38":{"Xc_est":0.04699312921866296,"Zc_est":0.052485839000755125,"Rc_est":0.023375395223423155},"46":{"Xc_est":0.12764661797724572,"Zc_est":0.1407971069992106,"Rc_est":0.059415202249241274},"45":{"Xc_est":0.18413236227023652,"Zc_est":0.19850071840952507,"Rc_est":0.07414720745840629},"36":{"Xc_est":0.1782824743071562,"Zc_est":0.18989888761973275,"Rc_est":0.06539837057702645},"48":{"Xc_est":0.10922916888267024,"Zc_est":0.1259298667349401,"Rc_est":0.06266833331979461},"18":{"Xc_est":0.09483746338807174,"Zc_est":0.10853421659131124,"Rc_est":0.05277813665909219},"30":{"Xc_est":0.23757911133008963,"Zc_est":0.2606424985439934,"Rc_est":0.10719457965242686},"3":{"Xc_est":0.033873415897443,"Zc_est":0.03819610004534139,"Rc_est":0.01765031881050833}}