linecode_id,linecode_name,A_p_est,dist_est,x_est,r_est,scenario_id
5,ugsc_25cu_xlpe/nyl/pvc_ug_2w_bundled,"[14.979309199090846, 14.979308432419845]",[8.69240106909936],[0.8302548728158504 0.7277457707470574; 0.7277457707470574 0.8302548744237842],[1.799115439909075 0.049348; 0.049348 1.7991155294656762],1
2,uglv_120cu_xlpe/nyl/pvc_ug_4w_bundled,"[139.55180784378348, 137.48702956577523, 142.25556853174695, 137.7912659930684]","[21.81392232029752, 15.18000447124815]",[0.7601417105085166 0.6699340977597448 0.6699340977597448 0.6486586988110811; 0.6699340977597448 0.7606100078497793 0.6481581859352736 0.6704326012300875; 0.6699340977597448 0.6481581859352736 0.7595388593458459 0.6704326012300875; 0.6486586988110811 0.6704326012300875 0.6704326012300875 0.7605405661564415],[0.2484291942212171 0.049348 0.049348 0.049348; 0.049348 0.25141899279848035 0.049348 0.049348; 0.049348 0.049348 0.24464538517807216 0.049348; 0.049348 0.049348 0.049348 0.25097282985436686],1
3,ugsc_16cu_xlpe/nyl/pvc_ug_2w_bundled,"[10.000011696044448, 63.97697703337332]",[2.0000031635968525],[0.8429495631792345 0.8200648560747399; 0.8200648560747399 0.7846434456901572],[2.709394220445667 0.049348; 0.049348 0.46513027903140003],1
