{"32":{"Xc_est":0.21854703946170587,"Zc_est":0.2328834220731643,"Rc_est":0.08044799449974602},"29":{"Xc_est":0.1176387403852933,"Zc_est":0.1524818744527046,"Rc_est":0.09701468341015157},"1":{"Xc_est":0.16533371306357103,"Zc_est":0.19679855500775958,"Rc_est":0.10674471686109312},"54":{"Xc_est":0.10944740921086502,"Zc_est":0.1258265678596068,"Rc_est":0.062077288893424606},"2":{"Xc_est":0.18965661065336847,"Zc_est":0.21832526318291678,"Rc_est":0.1081493901016852},"41":{"Xc_est":0.09244596046861747,"Zc_est":0.0970300239635638,"Rc_est":0.029471510707878235},"51":{"Xc_est":0.11873069981806209,"Zc_est":0.14291184620205952,"Rc_est":0.0795412893131256},"53":{"Xc_est":0.1202677537756839,"Zc_est":0.1310894348733455,"Rc_est":0.05215464827955961},"27":{"Xc_est":0.16840325983526624,"Zc_est":0.17722214512371492,"Rc_est":0.05520897390014486},"42":{"Xc_est":0.19200016470001682,"Zc_est":0.203081070304608,"Rc_est":0.06616538272564858},"33":{"Xc_est":0.10233791310958675,"Zc_est":0.13080997230411923,"Rc_est":0.08147515200709426},"28":{"Xc_est":0.139256463581673,"Zc_est":0.15404415397448087,"Rc_est":0.06585771575479783},"50":{"Xc_est":0.1883301162500838,"Zc_est":0.2014823353714824,"Rc_est":0.0716023657428749},"52":{"Xc_est":0.04967683676319008,"Zc_est":0.054116815860509544,"Rc_est":0.021467222644852388},"26":{"Xc_est":0.18130037004629476,"Zc_est":0.18913511560877172,"Rc_est":0.05387269974133487},"10":{"Xc_est":0.1620129800168769,"Zc_est":0.17315466739841393,"Rc_est":0.06110919037187777},"24":{"Xc_est":0.11425810103843505,"Zc_est":0.12043847684603853,"Rc_est":0.03808560163742368},"25":{"Xc_est":0.10124416012848257,"Zc_est":0.11494127160251313,"Rc_est":0.054416136921696966},"23":{"Xc_est":0.08984778575490245,"Zc_est":0.09496449364241269,"Rc_est":0.030751104820818848},"49":{"Xc_est":0.16002707013097048,"Zc_est":0.17224085744550677,"Rc_est":0.06370439387405583},"5":{"Xc_est":0.09107327817495263,"Zc_est":0.09894660985943561,"Rc_est":0.03867931753719366},"31":{"Xc_est":0.1480408239708031,"Zc_est":0.15440113338717418,"Rc_est":0.043859143052385814},"43":{"Xc_est":0.1436065665197034,"Zc_est":0.15413921268765815,"Rc_est":0.05600045482309152},"39":{"Xc_est":0.06936651328912392,"Zc_est":0.0840787215511064,"Rc_est":0.04751334814321423},"34":{"Xc_est":0.12022498767518887,"Zc_est":0.13126624052529118,"Rc_est":0.0526951443697072},"44":{"Xc_est":0.23484740765982265,"Zc_est":0.24863919007471558,"Rc_est":0.08165869186113386},"55":{"Xc_est":0.09829224458040553,"Zc_est":0.11181441509618108,"Rc_est":0.05330195192154623},"17":{"Xc_est":0.14568963533622928,"Zc_est":0.1754516174703525,"Rc_est":0.09776400272369906},"37":{"Xc_est":0.18998859902004345,"Zc_est":0.209409409727963,"Rc_est":0.0880717498691551},"47":{"Xc_est":0.22107533829067677,"Zc_est":0.2347180758355372,"Rc_est":0.07885600753018007},"9":{"Xc_est":0.019566363132350027,"Zc_est":0.028186729202713395,"Rc_est":0.020289138397677455},"12":{"Xc_est":0.17027278869488433,"Zc_est":0.1804342819342734,"Rc_est":0.05969679662430919},"20":{"Xc_est":0.17222447982186223,"Zc_est":0.18270345282757924,"Rc_est":0.060985901856153955},"6":{"Xc_est":0.11666743162595843,"Zc_est":0.12464268289674944,"Rc_est":0.043869223807835395},"14":{"Xc_est":0.12022498775631002,"Zc_est":0.13126624071894724,"Rc_est":0.052695144667034635},"7":{"Xc_est":0.15094508952158256,"Zc_est":0.16267934236354306,"Rc_est":0.060664226535548024},"8":{"Xc_est":0.10962142787784294,"Zc_est":0.11683867738984158,"Rc_est":0.04042794929538669},"19":{"Xc_est":0.09184950825716363,"Zc_est":0.10079983161833964,"Rc_est":0.04152437702365745},"4":{"Xc_est":0.20057808512741399,"Zc_est":0.2099218574140711,"Rc_est":0.06193236622956909},"22":{"Xc_est":0.07919344986914387,"Zc_est":0.09852855760747223,"Rc_est":0.05861974208432148},"11":{"Xc_est":0.036995997695779326,"Zc_est":0.04438707188837072,"Rc_est":0.024525666256338098},"35":{"Xc_est":0.1546024470427128,"Zc_est":0.16968929523273438,"Rc_est":0.06994669602624035},"13":{"Xc_est":0.18829730148793186,"Zc_est":0.2062522699186492,"Rc_est":0.0841672448103074},"15":{"Xc_est":0.0190119491905255,"Zc_est":0.023249132296670534,"Rc_est":0.013381626976005787},"16":{"Xc_est":0.1732292108508171,"Zc_est":0.18490638279826113,"Rc_est":0.0646684691912545},"40":{"Xc_est":0.165308756553081,"Zc_est":0.17707128763433638,"Rc_est":0.06346066428391756},"21":{"Xc_est":0.20371557301816662,"Zc_est":0.21796665652282826,"Rc_est":0.07752050480757088},"38":{"Xc_est":0.05170457117046085,"Zc_est":0.059232878814376375,"Rc_est":0.028899329624012843},"46":{"Xc_est":0.1384673962310367,"Zc_est":0.15815325333214797,"Rc_est":0.07641486583472915},"45":{"Xc_est":0.19324532809738632,"Zc_est":0.20360871940398614,"Rc_est":0.06413075538199028},"36":{"Xc_est":0.18846894441448503,"Zc_est":0.20179338079464587,"Rc_est":0.07211120248493089},"48":{"Xc_est":0.11562003185980049,"Zc_est":0.1263585745984168,"Rc_est":0.050975460834428735},"18":{"Xc_est":0.09440918706250014,"Zc_est":0.10320877310160477,"Rc_est":0.04170079427704458},"30":{"Xc_est":0.23678975826616955,"Zc_est":0.2520332529299737,"Rc_est":0.0863213239165913},"3":{"Xc_est":0.03376404539070059,"Zc_est":0.03993591065381821,"Rc_est":0.021327592424004678}}