linecode_id,linecode_name,A_p_est,dist_est,x_est,r_est,scenario_id
4,hydrogen,"[154.5589819525437, 154.5589819525437, 154.5589819525437, 154.5589819525437]","[648.9680732584796, 730.8922682302098, 671.215984304391]",[0.7569328843843962 0.45675548167272517 0.40935790803688255 0.3844524090731212; 0.45675548167272517 0.7569328843843962 0.44928585321199793 0.4083529286482302; 0.40935790803688255 0.44928585321199793 0.7569328843843962 0.4546375753226196; 0.3844524090731212 0.4083529286482302 0.4546375753226196 0.7569328843843962],[0.20493469359174896 0.049348 0.049348 0.049348; 0.049348 0.20493469359174896 0.049348 0.049348; 0.049348 0.049348 0.20493469359174896 0.049348; 0.049348 0.049348 0.049348 0.20493469359174896],1
1,pluto,"[259.81978205003975, 259.81978205003975, 259.81978205003975, 259.81978205003975]","[380.0000006304911, 1200.0000082885717, 578.967437173236]",[0.7406150225089644 0.4903839388559823 0.400847781078325 0.3812313026638118; 0.4903839388559823 0.7406150225089644 0.4181330709316895 0.3933953871068294; 0.400847781078325 0.4181330709316895 0.7406150225089644 0.4639269555968873; 0.3812313026638118 0.3933953871068294 0.4639269555968873 0.7406150225089644],[0.22883898773925895 0.049348 0.049348 0.049348; 0.049348 0.22883898773925895 0.049348 0.049348; 0.049348 0.049348 0.22883898773925895 0.049348; 0.049348 0.049348 0.049348 0.22883898773925895],1
10,tw2x16_lv_oh_2w_bundled,"[11.999999890293966, 11.999999890293966]",[4.389444219015044],[0.8372217861824778 0.7706755202495764; 0.7706755202495764 0.8372217861824778],[3.0686079271995728 0.049348; 0.049348 3.0686079271995728],1
7,abc2x16_lv_oh_2w_bundled,"[16.627477664696872, 16.627477664696872]",[4.600103705411522],[0.8269754588112003 0.767730192940186; 0.767730192940186 0.8269754588112003],[2.739459945559554 0.049348; 0.049348 2.739459945559554],1
