{"32":{"Xc_est":0.20093143741159408,"Zc_est":0.21611680191723234,"Rc_est":0.07958033381836807},"29":{"Xc_est":0.10545411080426512,"Zc_est":0.13915732717266088,"Rc_est":0.09079753421938702},"1":{"Xc_est":0.14521405155837938,"Zc_est":0.17667777080105945,"Rc_est":0.10063753735675386},"54":{"Xc_est":0.09789920425583412,"Zc_est":0.11603756118468865,"Rc_est":0.06229334965921186},"2":{"Xc_est":0.1707125522987531,"Zc_est":0.20127480836112846,"Rc_est":0.1066244482679956},"41":{"Xc_est":0.08510214189616098,"Zc_est":0.09064331641695021,"Rc_est":0.03120634960627466},"51":{"Xc_est":0.10756520095265595,"Zc_est":0.13298554708037244,"Rc_est":0.07819771912454161},"53":{"Xc_est":0.10927936328903537,"Zc_est":0.12508561895146508,"Rc_est":0.06086405201442106},"27":{"Xc_est":0.15017239547649805,"Zc_est":0.16177698099191395,"Rc_est":0.06016679495958175},"42":{"Xc_est":0.1736463645623284,"Zc_est":0.18523585773914406,"Rc_est":0.0644923489000312},"33":{"Xc_est":0.08823992826399801,"Zc_est":0.10815450242451417,"Rc_est":0.06253887954431808},"28":{"Xc_est":0.12491906378358406,"Zc_est":0.1403948020347934,"Rc_est":0.0640775151033628},"50":{"Xc_est":0.1687924734124159,"Zc_est":0.1819851083549305,"Rc_est":0.06802705772172322},"52":{"Xc_est":0.045184911184913766,"Zc_est":0.04976056184804885,"Rc_est":0.0208431599486486},"26":{"Xc_est":0.16358317468540465,"Zc_est":0.17301911242394458,"Rc_est":0.05635741498519925},"10":{"Xc_est":0.1436558454173991,"Zc_est":0.1586371664640356,"Rc_est":0.06729597804587192},"24":{"Xc_est":0.10530551678899053,"Zc_est":0.11500567800274888,"Rc_est":0.04622828254083848},"25":{"Xc_est":0.09086461038824002,"Zc_est":0.11026533519064612,"Rc_est":0.06246652482489227},"23":{"Xc_est":0.08255833954090229,"Zc_est":0.08915468708672823,"Rc_est":0.033655293815111974},"49":{"Xc_est":0.14043121123772168,"Zc_est":0.1516655404196634,"Rc_est":0.057284474869679566},"5":{"Xc_est":0.0895477751564937,"Zc_est":0.10334942601350346,"Rc_est":0.051597478832232424},"31":{"Xc_est":0.1337846451241602,"Zc_est":0.1408776699101936,"Rc_est":0.04413826693842871},"43":{"Xc_est":0.12941745109790198,"Zc_est":0.1439170925853683,"Rc_est":0.06295437148878244},"39":{"Xc_est":0.06427321833434299,"Zc_est":0.07974046170982695,"Rc_est":0.047196341369244436},"34":{"Xc_est":0.11214135737419112,"Zc_est":0.12246275836447684,"Rc_est":0.04920816144208394},"44":{"Xc_est":0.22240052795979795,"Zc_est":0.2405535402667858,"Rc_est":0.0916733925306971},"55":{"Xc_est":0.09092052971547472,"Zc_est":0.10522623298149979,"Rc_est":0.05297185463748039},"17":{"Xc_est":0.13133502689857174,"Zc_est":0.16261414869353433,"Rc_est":0.09588780978244489},"37":{"Xc_est":0.1716447520277596,"Zc_est":0.1921963883620837,"Rc_est":0.08647271708902068},"47":{"Xc_est":0.203585822489874,"Zc_est":0.22152252111055545,"Rc_est":0.08732147639783697},"9":{"Xc_est":0.021820672811294777,"Zc_est":0.03391016483109588,"Rc_est":0.02595683950203708},"12":{"Xc_est":0.15135310605583524,"Zc_est":0.16441596481202234,"Rc_est":0.06422497000637101},"20":{"Xc_est":0.15324584962207125,"Zc_est":0.16430763752191183,"Rc_est":0.05926811386944492},"6":{"Xc_est":0.10668414774582179,"Zc_est":0.1182333038721352,"Rc_est":0.050966722125994415},"14":{"Xc_est":0.1132158741827184,"Zc_est":0.12506952322339254,"Rc_est":0.053146509503161174},"7":{"Xc_est":0.13666243396190608,"Zc_est":0.14892489146544177,"Rc_est":0.059177719131454136},"8":{"Xc_est":0.0950650564515726,"Zc_est":0.10245295084633356,"Rc_est":0.038200028520677255},"19":{"Xc_est":0.08685106107550344,"Zc_est":0.09634892495043208,"Rc_est":0.041713409464621376},"4":{"Xc_est":0.18787662292924967,"Zc_est":0.1990574322034731,"Rc_est":0.06577412768057685},"22":{"Xc_est":0.07415163576105065,"Zc_est":0.09450524764043886,"Rc_est":0.05858990310233622},"11":{"Xc_est":0.03445201363259018,"Zc_est":0.044565640112401536,"Rc_est":0.028269330294294435},"35":{"Xc_est":0.14032260737372734,"Zc_est":0.15613832931588825,"Rc_est":0.06847440208863112},"13":{"Xc_est":0.1703895740252356,"Zc_est":0.198471795055358,"Rc_est":0.10177645354400394},"15":{"Xc_est":0.0199079637371838,"Zc_est":0.026875044873060222,"Rc_est":0.01805383662183679},"16":{"Xc_est":0.1562860974546695,"Zc_est":0.17141498527278984,"Rc_est":0.07041131243245152},"40":{"Xc_est":0.14693211775490342,"Zc_est":0.16287442174392439,"Rc_est":0.07027823297776452},"21":{"Xc_est":0.19065387521037105,"Zc_est":0.20550442835939922,"Rc_est":0.07670182489740193},"38":{"Xc_est":0.04721264558019136,"Zc_est":0.05503203267189769,"Rc_est":0.028275266883268355},"46":{"Xc_est":0.12299324321437866,"Zc_est":0.1417237312539667,"Rc_est":0.07041504188847209},"45":{"Xc_est":0.17433511353702927,"Zc_est":0.18639359239613293,"Rc_est":0.06595331283845304},"36":{"Xc_est":0.16855523159251373,"Zc_est":0.18144144398202106,"Rc_est":0.06715751258850298},"48":{"Xc_est":0.10119648084936261,"Zc_est":0.11692837056542953,"Rc_est":0.05857914395747851},"18":{"Xc_est":0.08718672599271428,"Zc_est":0.10028983096657684,"Rc_est":0.0495633433696307},"30":{"Xc_est":0.22437140238749143,"Zc_est":0.24501922094740972,"Rc_est":0.09844740943440809},"3":{"Xc_est":0.032159273584759666,"Zc_est":0.03852476105206494,"Rc_est":0.021211749965980617}}