{"32":{"Xc_est":0.2117189630310572,"Zc_est":0.22639935019518248,"Rc_est":0.08019816994080797},"29":{"Xc_est":0.11517219038562836,"Zc_est":0.15607978426173127,"Rc_est":0.10533881344008558},"1":{"Xc_est":0.16008804299659904,"Zc_est":0.19214283249455152,"Rc_est":0.10625764240066848},"54":{"Xc_est":0.10624240667845697,"Zc_est":0.1273627709636493,"Rc_est":0.07024120194521413},"2":{"Xc_est":0.1844394234748716,"Zc_est":0.2136361222906494,"Rc_est":0.10780766121033464},"41":{"Xc_est":0.08763635795864025,"Zc_est":0.09242775324265172,"Rc_est":0.029372748138871658},"51":{"Xc_est":0.11384402404978203,"Zc_est":0.13856938794712945,"Rc_est":0.07900008521637625},"53":{"Xc_est":0.11542883946137135,"Zc_est":0.12761181391617202,"Rc_est":0.05441468617548645},"27":{"Xc_est":0.16299574525873645,"Zc_est":0.17219281019198188,"Rc_est":0.055522526143548134},"42":{"Xc_est":0.18309241196151643,"Zc_est":0.19430487009875372,"Rc_est":0.06505037452780661},"33":{"Xc_est":0.09753275722581223,"Zc_est":0.12669079333923408,"Rc_est":0.08085739536279467},"28":{"Xc_est":0.13453565804938308,"Zc_est":0.1496730520075572,"Rc_est":0.06559099946239873},"50":{"Xc_est":0.18355878835575198,"Zc_est":0.19750710537566993,"Rc_est":0.07290560946349897},"52":{"Xc_est":0.04760229288019959,"Zc_est":0.052165555275194356,"Rc_est":0.02133698361336619},"26":{"Xc_est":0.1723766571469729,"Zc_est":0.18040142690767075,"Rc_est":0.05320679375003372},"10":{"Xc_est":0.15308573495091604,"Zc_est":0.1652062434765642,"Rc_est":0.06211167875831161},"24":{"Xc_est":0.1124007097871849,"Zc_est":0.12146485344474076,"Rc_est":0.04604118875191414},"25":{"Xc_est":0.09865917529682977,"Zc_est":0.11733217294025368,"Rc_est":0.06350752661402434},"23":{"Xc_est":0.08502231332467991,"Zc_est":0.09043375167265812,"Rc_est":0.030813465863351888},"49":{"Xc_est":0.15226936718875822,"Zc_est":0.16624797562753163,"Rc_est":0.06672652558156666},"5":{"Xc_est":0.08973042822883215,"Zc_est":0.10308214029671273,"Rc_est":0.05073832770225649},"31":{"Xc_est":0.1433524113559827,"Zc_est":0.15001573531890705,"Rc_est":0.04421319940580527},"43":{"Xc_est":0.13892674584488374,"Zc_est":0.1506147777936837,"Rc_est":0.05817362442543694},"39":{"Xc_est":0.06450810742062729,"Zc_est":0.07959575940500427,"Rc_est":0.04662819953920734},"34":{"Xc_est":0.11363536932798539,"Zc_est":0.12243078257429141,"Rc_est":0.04556642798646581},"44":{"Xc_est":0.23295537514694215,"Zc_est":0.24805310459298718,"Rc_est":0.08521816642223001},"55":{"Xc_est":0.0934736066741107,"Zc_est":0.10726611666512417,"Rc_est":0.05261848192175138},"17":{"Xc_est":0.1409669560056979,"Zc_est":0.1713928560899065,"Rc_est":0.09748758091748422},"37":{"Xc_est":0.18105603043957846,"Zc_est":0.2008014307656659,"Rc_est":0.08683276132313741},"47":{"Xc_est":0.21428810032014436,"Zc_est":0.22917413086976055,"Rc_est":0.08124895273844379},"9":{"Xc_est":0.018319409106322022,"Zc_est":0.02416232065145516,"Rc_est":0.01575490365755825},"12":{"Xc_est":0.16507684356778868,"Zc_est":0.1760326645367438,"Rc_est":0.061132108597705},"20":{"Xc_est":0.16700352820401937,"Zc_est":0.17766690640477245,"Rc_est":0.060624674835016455},"6":{"Xc_est":0.11295232362734123,"Zc_est":0.12254445647371255,"Rc_est":0.047528059076949514},"14":{"Xc_est":0.1154389673492408,"Zc_est":0.12668305742866762,"Rc_est":0.05217702422346458},"7":{"Xc_est":0.1462466103651321,"Zc_est":0.15827054119071518,"Rc_est":0.06051027322290911},"8":{"Xc_est":0.1013210879593828,"Zc_est":0.1085223008872886,"Rc_est":0.03887321603106971},"19":{"Xc_est":0.08703371203566233,"Zc_est":0.0961453941803924,"Rc_est":0.04085425059154113},"4":{"Xc_est":0.19863552900438455,"Zc_est":0.20865791902500588,"Rc_est":0.06389095232499051},"22":{"Xc_est":0.07434064940687876,"Zc_est":0.09414440445679592,"Rc_est":0.05776362814339411},"11":{"Xc_est":0.03564593990989967,"Zc_est":0.0444344078169248,"Rc_est":0.026528919427308187},"35":{"Xc_est":0.14990637084729608,"Zc_est":0.1653621269210744,"Rc_est":0.06980482074509224},"13":{"Xc_est":0.18315157074314287,"Zc_est":0.20339085566152496,"Rc_est":0.08844965970000573},"15":{"Xc_est":0.019056575593537857,"Zc_est":0.02406789293021176,"Rc_est":0.014700693750565461},"16":{"Xc_est":0.16791218751991602,"Zc_est":0.17967960311617345,"Rc_est":0.063955117529891},"40":{"Xc_est":0.156399631536312,"Zc_est":0.16927922372578935,"Rc_est":0.06476581536977424},"21":{"Xc_est":0.20241957407564515,"Zc_est":0.2179911476802413,"Rc_est":0.08091017549099239},"38":{"Xc_est":0.04963002728728443,"Zc_est":0.05736549644210509,"Rc_est":0.02876909059238012},"46":{"Xc_est":0.133743564361629,"Zc_est":0.15389442695729807,"Rc_est":0.07613247428241088},"45":{"Xc_est":0.1849895755385731,"Zc_est":0.19651578459223154,"Rc_est":0.06631222011031532},"36":{"Xc_est":0.18325888706373708,"Zc_est":0.19682474239675413,"Rc_est":0.07180640313864133},"48":{"Xc_est":0.1073627115495216,"Zc_est":0.11938206242883137,"Rc_est":0.05220464537275984},"18":{"Xc_est":0.08960541065438649,"Zc_est":0.09946121732593306,"Rc_est":0.04316716499163746},"30":{"Xc_est":0.2349069644222001,"Zc_est":0.2517293577626799,"Rc_est":0.09047865839831239},"3":{"Xc_est":0.03238146447398807,"Zc_est":0.038718343415974764,"Rc_est":0.02122618372193185}}