{"32":{"shunt_est":{"gs":11.537066688238191},"shunt_true":{"gs":1.1537066666666667}},"29":{"shunt_est":{"gs":5.939313659535206},"shunt_true":{"gs":5.768533333333333}},"1":{"shunt_est":{"gs":0.5768534521760251},"shunt_true":{"gs":0.7210666666666666}},"54":{"shunt_est":{"gs":11.537065746275095},"shunt_true":{"gs":1.9228444444444444}},"2":{"shunt_est":{"gs":11.537066698908587},"shunt_true":{"gs":0.7210666666666666}},"41":{"shunt_est":{"gs":0.5768536375617626},"shunt_true":{"gs":1.1537066666666667}},"51":{"shunt_est":{"gs":11.537066669277104},"shunt_true":{"gs":0.7210666666666666}},"53":{"shunt_est":{"gs":0.5768535024286785},"shunt_true":{"gs":0.8240761904761905}},"27":{"shunt_est":{"gs":0.576853449596469},"shunt_true":{"gs":0.7210666666666666}},"42":{"shunt_est":{"gs":0.5768535313882477},"shunt_true":{"gs":2.8842666666666665}},"33":{"shunt_est":{"gs":0.5768535502172081},"shunt_true":{"gs":1.4421333333333333}},"28":{"shunt_est":{"gs":0.5768533954161646},"shunt_true":{"gs":0.9614222222222222}},"50":{"shunt_est":{"gs":0.576853942283054},"shunt_true":{"gs":2.8842666666666665}},"52":{"shunt_est":{"gs":11.53706504058484},"shunt_true":{"gs":0.9614222222222222}},"26":{"shunt_est":{"gs":0.5768534536300155},"shunt_true":{"gs":1.9228444444444444}},"10":{"shunt_est":{"gs":11.53706659571374},"shunt_true":{"gs":2.8842666666666665}},"24":{"shunt_est":{"gs":0.5768537235731067},"shunt_true":{"gs":1.1537066666666667}},"25":{"shunt_est":{"gs":0.5768539955828864},"shunt_true":{"gs":1.4421333333333333}},"23":{"shunt_est":{"gs":0.5768538556559427},"shunt_true":{"gs":1.1537066666666667}},"49":{"shunt_est":{"gs":0.5768535423404654},"shunt_true":{"gs":1.1537066666666667}},"5":{"shunt_est":{"gs":0.5768536204265949},"shunt_true":{"gs":5.768533333333333}},"31":{"shunt_est":{"gs":0.5768541740860395},"shunt_true":{"gs":2.8842666666666665}},"43":{"shunt_est":{"gs":0.5768536579666993},"shunt_true":{"gs":0.7210666666666666}},"39":{"shunt_est":{"gs":11.537066196104021},"shunt_true":{"gs":1.1537066666666667}},"34":{"shunt_est":{"gs":11.537066141778546},"shunt_true":{"gs":0.7210666666666666}},"44":{"shunt_est":{"gs":11.53706665024751},"shunt_true":{"gs":5.768533333333333}},"55":{"shunt_est":{"gs":0.576855551327406},"shunt_true":{"gs":0.9614222222222222}},"17":{"shunt_est":{"gs":0.5768534929886941},"shunt_true":{"gs":0.7210666666666666}},"37":{"shunt_est":{"gs":0.5768533951197672},"shunt_true":{"gs":0.7210666666666666}},"47":{"shunt_est":{"gs":0.5768534772813885},"shunt_true":{"gs":2.8842666666666665}},"9":{"shunt_est":{"gs":0.576861120340291},"shunt_true":{"gs":5.768533333333333}},"12":{"shunt_est":{"gs":0.5768533905883277},"shunt_true":{"gs":1.4421333333333333}},"20":{"shunt_est":{"gs":11.537065387229282},"shunt_true":{"gs":5.768533333333333}},"6":{"shunt_est":{"gs":0.5768536493642332},"shunt_true":{"gs":1.1537066666666667}},"14":{"shunt_est":{"gs":11.53706577241517},"shunt_true":{"gs":0.9614222222222222}},"7":{"shunt_est":{"gs":1.6214116767177722},"shunt_true":{"gs":1.4421333333333333}},"8":{"shunt_est":{"gs":0.5768552407438675},"shunt_true":{"gs":1.4421333333333333}},"19":{"shunt_est":{"gs":0.5768536094570997},"shunt_true":{"gs":0.9614222222222222}},"4":{"shunt_est":{"gs":0.5768541579662132},"shunt_true":{"gs":0.7210666666666666}},"22":{"shunt_est":{"gs":0.5768542871584815},"shunt_true":{"gs":2.8842666666666665}},"11":{"shunt_est":{"gs":0.5768550666788613},"shunt_true":{"gs":1.1537066666666667}},"35":{"shunt_est":{"gs":0.576853399080177},"shunt_true":{"gs":0.7210666666666666}},"13":{"shunt_est":{"gs":0.5768535345872592},"shunt_true":{"gs":5.768533333333333}},"15":{"shunt_est":{"gs":11.537063717958388},"shunt_true":{"gs":1.4421333333333333}},"16":{"shunt_est":{"gs":0.5768534353731932},"shunt_true":{"gs":1.1537066666666667}},"40":{"shunt_est":{"gs":0.5768535064310631},"shunt_true":{"gs":1.1537066666666667}},"21":{"shunt_est":{"gs":4.042165313701655},"shunt_true":{"gs":2.8842666666666665}},"38":{"shunt_est":{"gs":0.5768543808567522},"shunt_true":{"gs":1.9228444444444444}},"46":{"shunt_est":{"gs":0.5768541156454522},"shunt_true":{"gs":5.768533333333333}},"45":{"shunt_est":{"gs":0.5768535158819599},"shunt_true":{"gs":1.4421333333333333}},"36":{"shunt_est":{"gs":11.537061760331913},"shunt_true":{"gs":0.9614222222222222}},"48":{"shunt_est":{"gs":0.5768534047338478},"shunt_true":{"gs":0.8240761904761905}},"18":{"shunt_est":{"gs":0.576853534740994},"shunt_true":{"gs":5.768533333333333}},"30":{"shunt_est":{"gs":11.537066656733803},"shunt_true":{"gs":1.9228444444444444}},"3":{"shunt_est":{"gs":0.5768565969715601},"shunt_true":{"gs":0.8240761904761905}}}