{"32":{"shunt_est":{"gs":11.53706667315128},"shunt_true":{"gs":5.768533333333333}},"29":{"shunt_est":{"gs":0.5768579524821821},"shunt_true":{"gs":0.9614222222222222}},"1":{"shunt_est":{"gs":0.5768533710208051},"shunt_true":{"gs":0.7210666666666666}},"54":{"shunt_est":{"gs":11.537066363478191},"shunt_true":{"gs":0.9614222222222222}},"24":{"shunt_est":{"gs":0.5768539396258038},"shunt_true":{"gs":1.4421333333333333}},"2":{"shunt_est":{"gs":11.537064452689751},"shunt_true":{"gs":2.8842666666666665}},"25":{"shunt_est":{"gs":0.5768538742887435},"shunt_true":{"gs":1.1537066666666667}},"23":{"shunt_est":{"gs":6.774348021011799},"shunt_true":{"gs":5.768533333333333}},"41":{"shunt_est":{"gs":0.5768555149945863},"shunt_true":{"gs":1.9228444444444444}},"51":{"shunt_est":{"gs":11.537066281947054},"shunt_true":{"gs":2.8842666666666665}},"53":{"shunt_est":{"gs":0.5768535062269369},"shunt_true":{"gs":0.9614222222222222}},"49":{"shunt_est":{"gs":0.5768603417236092},"shunt_true":{"gs":5.768533333333333}},"27":{"shunt_est":{"gs":0.5768534381477018},"shunt_true":{"gs":1.1537066666666667}},"5":{"shunt_est":{"gs":2.5957061655911438},"shunt_true":{"gs":2.8842666666666665}},"31":{"shunt_est":{"gs":11.53706563202277},"shunt_true":{"gs":0.8240761904761905}},"42":{"shunt_est":{"gs":0.5768550797097594},"shunt_true":{"gs":0.8240761904761905}},"33":{"shunt_est":{"gs":0.5768535113174249},"shunt_true":{"gs":0.8240761904761905}},"28":{"shunt_est":{"gs":0.5768535161718041},"shunt_true":{"gs":1.4421333333333333}},"43":{"shunt_est":{"gs":0.5768551712263585},"shunt_true":{"gs":1.1537066666666667}},"50":{"shunt_est":{"gs":0.5768535009243086},"shunt_true":{"gs":1.9228444444444444}},"52":{"shunt_est":{"gs":11.537065754789975},"shunt_true":{"gs":0.7210666666666666}},"39":{"shunt_est":{"gs":11.53706652338975},"shunt_true":{"gs":1.4421333333333333}},"34":{"shunt_est":{"gs":11.537066468111542},"shunt_true":{"gs":2.8842666666666665}},"26":{"shunt_est":{"gs":0.5768538081946916},"shunt_true":{"gs":2.8842666666666665}},"10":{"shunt_est":{"gs":11.53706634894871},"shunt_true":{"gs":1.1537066666666667}}}