{"32":{"shunt_est":{"gs":2.8842665843352324},"shunt_true":{"gs":0.8240761904761905}},"29":{"shunt_est":{"gs":2.8842657889406462},"shunt_true":{"gs":2.8842666666666665}},"1":{"shunt_est":{"gs":0.1922848620290406},"shunt_true":{"gs":0.3845688888888889}},"54":{"shunt_est":{"gs":2.8842662184742216},"shunt_true":{"gs":1.1537066666666667}},"2":{"shunt_est":{"gs":2.884266577314116},"shunt_true":{"gs":0.23074133333333333}},"41":{"shunt_est":{"gs":0.19228628919163232},"shunt_true":{"gs":0.8240761904761905}},"51":{"shunt_est":{"gs":2.884266518592734},"shunt_true":{"gs":0.3845688888888889}},"53":{"shunt_est":{"gs":0.19228490358284653},"shunt_true":{"gs":0.3845688888888889}},"27":{"shunt_est":{"gs":0.19228488751115017},"shunt_true":{"gs":0.23074133333333333}},"42":{"shunt_est":{"gs":0.192288906185395},"shunt_true":{"gs":1.9228444444444444}},"33":{"shunt_est":{"gs":0.19228594514259464},"shunt_true":{"gs":0.9614222222222222}},"28":{"shunt_est":{"gs":0.19228460957639176},"shunt_true":{"gs":0.7210666666666666}},"50":{"shunt_est":{"gs":2.884265981359497},"shunt_true":{"gs":1.4421333333333333}},"52":{"shunt_est":{"gs":2.8842655155212786},"shunt_true":{"gs":0.5768533333333333}},"26":{"shunt_est":{"gs":0.19228520345851938},"shunt_true":{"gs":1.4421333333333333}},"10":{"shunt_est":{"gs":2.8842664427636215},"shunt_true":{"gs":1.9228444444444444}},"24":{"shunt_est":{"gs":0.19250908550010398},"shunt_true":{"gs":0.8240761904761905}},"25":{"shunt_est":{"gs":2.884264074874354},"shunt_true":{"gs":1.1537066666666667}},"23":{"shunt_est":{"gs":2.678480794271397},"shunt_true":{"gs":0.8240761904761905}},"49":{"shunt_est":{"gs":0.19228529827039342},"shunt_true":{"gs":0.8240761904761905}},"5":{"shunt_est":{"gs":1.371080322888305},"shunt_true":{"gs":2.8842666666666665}},"31":{"shunt_est":{"gs":2.884264948038399},"shunt_true":{"gs":1.9228444444444444}},"43":{"shunt_est":{"gs":0.19228537947671795},"shunt_true":{"gs":0.3845688888888889}},"39":{"shunt_est":{"gs":2.8842662926219322},"shunt_true":{"gs":0.7210666666666666}},"34":{"shunt_est":{"gs":2.8842663464881237},"shunt_true":{"gs":0.23074133333333333}},"44":{"shunt_est":{"gs":2.884266583598798},"shunt_true":{"gs":2.8842666666666665}},"55":{"shunt_est":{"gs":2.8842645656456987},"shunt_true":{"gs":0.5768533333333333}},"17":{"shunt_est":{"gs":2.8842138967111346},"shunt_true":{"gs":0.3845688888888889}},"37":{"shunt_est":{"gs":0.19228471373861408},"shunt_true":{"gs":0.23074133333333333}},"47":{"shunt_est":{"gs":0.1922854092170329},"shunt_true":{"gs":1.9228444444444444}},"9":{"shunt_est":{"gs":0.1943998937378157},"shunt_true":{"gs":2.8842666666666665}},"12":{"shunt_est":{"gs":0.19228459564855357},"shunt_true":{"gs":0.9614222222222222}},"20":{"shunt_est":{"gs":2.8842663139969265},"shunt_true":{"gs":1.9228444444444444}},"6":{"shunt_est":{"gs":0.19228912712233276},"shunt_true":{"gs":0.8240761904761905}},"14":{"shunt_est":{"gs":2.884266337146544},"shunt_true":{"gs":0.7210666666666666}},"7":{"shunt_est":{"gs":2.8842394781409224},"shunt_true":{"gs":1.1537066666666667}},"8":{"shunt_est":{"gs":2.884265911935274},"shunt_true":{"gs":0.9614222222222222}},"19":{"shunt_est":{"gs":0.19232947726319827},"shunt_true":{"gs":0.5768533333333333}},"4":{"shunt_est":{"gs":2.884266249171523},"shunt_true":{"gs":0.23074133333333333}},"22":{"shunt_est":{"gs":2.8842579220839397},"shunt_true":{"gs":1.4421333333333333}},"11":{"shunt_est":{"gs":0.1922936902522807},"shunt_true":{"gs":0.8240761904761905}},"35":{"shunt_est":{"gs":0.19228459040910933},"shunt_true":{"gs":0.23074133333333333}},"13":{"shunt_est":{"gs":0.19228524795537177},"shunt_true":{"gs":2.8842666666666665}},"15":{"shunt_est":{"gs":2.884262277237292},"shunt_true":{"gs":1.1537066666666667}},"16":{"shunt_est":{"gs":0.192284820806903},"shunt_true":{"gs":0.8240761904761905}},"40":{"shunt_est":{"gs":0.19228509073891745},"shunt_true":{"gs":0.8240761904761905}},"21":{"shunt_est":{"gs":2.8842663195033995},"shunt_true":{"gs":1.4421333333333333}},"38":{"shunt_est":{"gs":2.884255658718863},"shunt_true":{"gs":1.1537066666666667}},"46":{"shunt_est":{"gs":2.8842627164449843},"shunt_true":{"gs":2.8842666666666665}},"45":{"shunt_est":{"gs":2.0493170713924265},"shunt_true":{"gs":0.9614222222222222}},"36":{"shunt_est":{"gs":2.8842663119508423},"shunt_true":{"gs":0.7210666666666666}},"48":{"shunt_est":{"gs":0.1922846128346943},"shunt_true":{"gs":0.3845688888888889}},"18":{"shunt_est":{"gs":0.1922854485159139},"shunt_true":{"gs":2.8842666666666665}},"30":{"shunt_est":{"gs":2.884266583078976},"shunt_true":{"gs":1.1537066666666667}},"3":{"shunt_est":{"gs":0.19261785054688224},"shunt_true":{"gs":0.3845688888888889}}}