linecode_id,linecode_name,A_p_est,dist_est,x_est,r_est,scenario_id
4,hydrogen,"[150.29487513407696, 150.29487513407696, 150.29487513407696, 150.29487513407696]","[751.8694705886434, 593.138166269232, 417.15137085549827]",[0.7578117967817918 0.44750791750028246 0.4109653140373122 0.39399187283319115; 0.44750791750028246 0.7578117967817918 0.46240760677189 0.4289454907393995; 0.4109653140373122 0.46240760677189 0.7578117967817918 0.4845231017675186; 0.39399187283319115 0.4289454907393995 0.4845231017675186 0.7578117967817918],[0.20934893779279323 0.049348 0.049348 0.049348; 0.049348 0.20934893779279323 0.049348 0.049348; 0.049348 0.049348 0.20934893779279323 0.049348; 0.049348 0.049348 0.049348 0.20934893779279323],1
1,pluto,"[296.64075405117086, 296.64075405117086, 296.64075405117086, 296.64075405117086]","[379.9999983147411, 1200.0000082913955, 1199.9901493994107]",[0.736451347571282 0.49038393923888546 0.40084778117030334 0.365346285221583; 0.49038393923888546 0.736451347571282 0.4181330709315416 0.37458150538891966; 0.40084778117030334 0.4181330709315416 0.736451347571282 0.4181335871452429; 0.365346285221583 0.37458150538891966 0.4181335871452429 0.736451347571282],[0.20655940361690145 0.049348 0.049348 0.049348; 0.049348 0.20655940361690145 0.049348 0.049348; 0.049348 0.049348 0.20655940361690145 0.049348; 0.049348 0.049348 0.049348 0.20655940361690145],1
10,tw2x16_lv_oh_2w_bundled,"[11.999999882349158, 11.999999882349158]",[99.99999536829024],[0.8372217862032773 0.5742647288953546; 0.5742647288953546 0.8372217862032773],[3.068607929198526 0.049348; 0.049348 3.068607929198526],1
7,abc2x16_lv_oh_2w_bundled,"[23.504612678156647, 23.504612678156647]",[2.000000575517584],[0.8161011221155648 0.8200649373817621; 0.8200649373817621 0.8161011221155648],[1.952369202808166 0.049348; 0.049348 1.952369202808166],1
