{"32":{"Xc_est":0.2134719429773301,"Zc_est":0.22830181055311835,"Rc_est":0.08094100483262773},"29":{"Xc_est":0.11024318991961968,"Zc_est":0.14111703266587877,"Rc_est":0.08809345029438548},"1":{"Xc_est":0.15451585337546545,"Zc_est":0.1844106368772745,"Rc_est":0.10065850212045505},"54":{"Xc_est":0.1017463855556489,"Zc_est":0.12071326555597241,"Rc_est":0.06495664329033601},"2":{"Xc_est":0.18031946152454523,"Zc_est":0.21000535139760754,"Rc_est":0.10764357580055893},"41":{"Xc_est":0.09182224339571202,"Zc_est":0.09723614353763362,"Rc_est":0.031992862139075776},"51":{"Xc_est":0.11582613959045418,"Zc_est":0.14053207163431072,"Rc_est":0.07958372035412561},"53":{"Xc_est":0.11751124897211546,"Zc_est":0.13238910813696275,"Rc_est":0.06097525988721908},"27":{"Xc_est":0.1597223851379247,"Zc_est":0.17078114450708282,"Rc_est":0.06045625695493853},"42":{"Xc_est":0.18336887647540534,"Zc_est":0.19468664830713536,"Rc_est":0.06541212555187112},"33":{"Xc_est":0.0986233406131577,"Zc_est":0.12759875182073593,"Rc_est":0.08096220199890096},"28":{"Xc_est":0.13399314656439276,"Zc_est":0.149099259549874,"Rc_est":0.06539438716047309},"50":{"Xc_est":0.17809649516280274,"Zc_est":0.19059599685082781,"Rc_est":0.06788573065296231},"52":{"Xc_est":0.048957834197546846,"Zc_est":0.053450226812545513,"Rc_est":0.02144894442619664},"26":{"Xc_est":0.17290094087241165,"Zc_est":0.18163238916412833,"Rc_est":0.05563802152219442},"10":{"Xc_est":0.15343632285833134,"Zc_est":0.16765204044208942,"Rc_est":0.06756109451533401},"24":{"Xc_est":0.10948829455695586,"Zc_est":0.11715298525002583,"Rc_est":0.04167895521725611},"25":{"Xc_est":0.09640910574221649,"Zc_est":0.11311066321223281,"Rc_est":0.0591549360771971},"23":{"Xc_est":0.08806866065433862,"Zc_est":0.09438358627357905,"Rc_est":0.03394366462851484},"49":{"Xc_est":0.15008182283994825,"Zc_est":0.1609191248389281,"Rc_est":0.05805524258811524},"5":{"Xc_est":0.09038951410384335,"Zc_est":0.09852144653023291,"Rc_est":0.039194529803030516},"31":{"Xc_est":0.14282420610150307,"Zc_est":0.14976720270239027,"Rc_est":0.04507173345650501},"43":{"Xc_est":0.13846834194024799,"Zc_est":0.15219782406708635,"Rc_est":0.0631719552576484},"39":{"Xc_est":0.06864201940794294,"Zc_est":0.08365196957424274,"Rc_est":0.04781134996263562},"34":{"Xc_est":0.11349236357888207,"Zc_est":0.121865932597935,"Rc_est":0.04439356864730839},"44":{"Xc_est":0.23071383430785455,"Zc_est":0.24785098399137329,"Rc_est":0.09056068089662206},"55":{"Xc_est":0.0970374830498244,"Zc_est":0.10999144818963184,"Rc_est":0.05178653838795859},"17":{"Xc_est":0.14041508163533786,"Zc_est":0.170798044659099,"Rc_est":0.09723979076855824},"37":{"Xc_est":0.18138082061075508,"Zc_est":0.20136104572654967,"Rc_est":0.08744866294380213},"47":{"Xc_est":0.21611342373836134,"Zc_est":0.233175779536267,"Rc_est":0.0875553096187163},"9":{"Xc_est":0.02300813510488835,"Zc_est":0.03480610427752701,"Rc_est":0.026116864550961863},"12":{"Xc_est":0.16097270987132678,"Zc_est":0.17345065499308454,"Rc_est":0.06459811447876553},"20":{"Xc_est":0.16286475625852445,"Zc_est":0.17368934842233563,"Rc_est":0.06035777434785784},"6":{"Xc_est":0.11172706833133543,"Zc_est":0.12203800197480578,"Rc_est":0.04909517418329224},"14":{"Xc_est":0.11575025961437546,"Zc_est":0.12716986525473656,"Rc_est":0.05266927024473124},"7":{"Xc_est":0.1457067699997105,"Zc_est":0.15770454739137077,"Rc_est":0.060334579174537814},"8":{"Xc_est":0.1034681838814782,"Zc_est":0.11079750736933326,"Rc_est":0.03962855742423729},"19":{"Xc_est":0.09116574423368343,"Zc_est":0.10039183235623819,"Rc_est":0.04203958946233478},"4":{"Xc_est":0.19626642424774796,"Zc_est":0.20696577398978871,"Rc_est":0.06568350109574941},"22":{"Xc_est":0.07850257131359889,"Zc_est":0.09826214741697996,"Rc_est":0.059099880813328384},"11":{"Xc_est":0.035746676781692036,"Zc_est":0.04538934448731675,"Rc_est":0.02797083645609389},"35":{"Xc_est":0.14936458992409546,"Zc_est":0.16479269201933167,"Rc_est":0.06961932648184055},"13":{"Xc_est":0.17915819171983116,"Zc_est":0.20421956125046803,"Rc_est":0.09802026084955029},"15":{"Xc_est":0.021089631479518315,"Zc_est":0.027538029875831743,"Rc_est":0.01770792290191912},"16":{"Xc_est":0.16590500408769376,"Zc_est":0.18065674497758494,"Rc_est":0.0715009728923913},"40":{"Xc_est":0.15671030956867354,"Zc_est":0.1718195638218496,"Rc_est":0.07045453418213164},"21":{"Xc_est":0.19868775046712298,"Zc_est":0.21262478236565868,"Rc_est":0.07571311570895754},"38":{"Xc_est":0.050985568598522005,"Zc_est":0.0585972980093745,"Rc_est":0.028881051377760675},"46":{"Xc_est":0.1311866178868916,"Zc_est":0.14873984697465448,"Rc_est":0.07009717088044516},"45":{"Xc_est":0.1839559577702623,"Zc_est":0.19542269614351737,"Rc_est":0.06595631712601147},"36":{"Xc_est":0.17802519580287104,"Zc_est":0.19043642017375334,"Rc_est":0.06762440231117578},"48":{"Xc_est":0.10958601474996496,"Zc_est":0.12437428868582812,"Rc_est":0.05882065162276065},"18":{"Xc_est":0.09269019149970659,"Zc_est":0.10496349861232375,"Rc_est":0.049253065292294354},"30":{"Xc_est":0.23268178945756368,"Zc_est":0.2521215950170609,"Rc_est":0.09707977919614807},"3":{"Xc_est":0.03333883412086663,"Zc_est":0.03954388089702509,"Rc_est":0.02126595062204944}}