{"32":{"shunt_est":{"gs":11.537065341002121},"shunt_true":{"gs":0.14138562091503268}},"29":{"shunt_est":{"gs":0.5768533845393756},"shunt_true":{"gs":0.028277124183006534}},"1":{"shunt_est":{"gs":0.5768533596512945},"shunt_true":{"gs":0.22621699346405227}},"54":{"shunt_est":{"gs":0.576853796387266},"shunt_true":{"gs":0.08483137254901961}},"24":{"shunt_est":{"gs":0.576853379465728},"shunt_true":{"gs":0.14138562091503268}},"2":{"shunt_est":{"gs":0.5768534382935363},"shunt_true":{"gs":0.22621699346405227}},"25":{"shunt_est":{"gs":0.5768533864822857},"shunt_true":{"gs":0.11310849673202614}},"23":{"shunt_est":{"gs":0.5768534569766225},"shunt_true":{"gs":0.14138562091503268}},"41":{"shunt_est":{"gs":0.576853432142521},"shunt_true":{"gs":0.14138562091503268}},"51":{"shunt_est":{"gs":0.5768534760141958},"shunt_true":{"gs":0.22621699346405227}},"53":{"shunt_est":{"gs":0.5768533696432322},"shunt_true":{"gs":0.19793986928104573}},"49":{"shunt_est":{"gs":0.5768533657716324},"shunt_true":{"gs":0.14138562091503268}},"27":{"shunt_est":{"gs":0.5768533570984764},"shunt_true":{"gs":0.22621699346405227}},"5":{"shunt_est":{"gs":0.5768534557025089},"shunt_true":{"gs":0.028277124183006534}},"31":{"shunt_est":{"gs":0.5768533747833371},"shunt_true":{"gs":0.05655424836601307}},"42":{"shunt_est":{"gs":0.5768533657831133},"shunt_true":{"gs":0.05655424836601307}},"33":{"shunt_est":{"gs":0.5768533849754814},"shunt_true":{"gs":0.11310849673202614}},"28":{"shunt_est":{"gs":0.5768533553897544},"shunt_true":{"gs":0.16966274509803922}},"43":{"shunt_est":{"gs":0.5768533692648198},"shunt_true":{"gs":0.22621699346405227}},"50":{"shunt_est":{"gs":0.576853366543397},"shunt_true":{"gs":0.05655424836601307}},"52":{"shunt_est":{"gs":0.5768536467557711},"shunt_true":{"gs":0.16966274509803922}},"39":{"shunt_est":{"gs":0.5768535733043118},"shunt_true":{"gs":0.14138562091503268}},"34":{"shunt_est":{"gs":10.563751849187483},"shunt_true":{"gs":0.22621699346405227}},"26":{"shunt_est":{"gs":0.5768533607414472},"shunt_true":{"gs":0.08483137254901961}},"10":{"shunt_est":{"gs":0.5768534037726731},"shunt_true":{"gs":0.05655424836601307}}}