linecode_id,linecode_name,A_p_est,dist_est,x_est,r_est,scenario_id
4,hydrogen,"[147.50535154201546, 147.50535154201546, 147.50535154201546, 147.50535154201546]","[993.3262285032811, 1200.000007016264, 693.4284341150685]",[0.7584003674313566 0.43000943133398156 0.38023923895476436 0.3629784278267621; 0.43000943133398156 0.7584003674313566 0.4181330709983075 0.38947743072859176; 0.38023923895476436 0.4181330709983075 0.7584003674313566 0.45259194951151394; 0.3629784278267621 0.38947743072859176 0.45259194951151394 0.7584003674313566],[0.21237476964268262 0.049348 0.049348 0.049348; 0.049348 0.21237476964268262 0.049348 0.049348; 0.049348 0.049348 0.21237476964268262 0.049348; 0.049348 0.049348 0.049348 0.21237476964268262],1
1,pluto,"[245.4543548544941, 245.4543548544941, 245.4543548544941, 245.4543548544941]","[414.00236609254387, 1200.000007049106, 785.6040261512235]",[0.7424018779449684 0.4849992091473889 0.3995099503526458 0.3745915530283093; 0.4849992091473889 0.7424018779449684 0.41813307099658786 0.3864907750126199; 0.3995099503526458 0.41813307099658786 0.7424018779449684 0.4447502116315354; 0.3745915530283093 0.3864907750126199 0.4447502116315354 0.7424018779449684],[0.23934385214939916 0.049348 0.049348 0.049348; 0.049348 0.23934385214939916 0.049348 0.049348; 0.049348 0.049348 0.23934385214939916 0.049348; 0.049348 0.049348 0.049348 0.23934385214939916],1
10,tw2x16_lv_oh_2w_bundled,"[11.999999883574418, 11.999999883574418]",[99.99998753819554],[0.8372217862000696 0.5742647338151602; 0.5742647338151602 0.8372217862000696],[3.0686079288902444 0.049348; 0.049348 3.0686079288902444],1
7,abc2x16_lv_oh_2w_bundled,"[15.990716568931605, 15.990716568931605]",[2.000000363188015],[0.8282021992141504 0.8200649440523063; 0.8200649440523063 0.8282021992141504],[2.8465820137171405 0.049348; 0.049348 2.8465820137171405],1
