linecode_id,linecode_name,A_p_est,dist_est,x_est,r_est,scenario_id
4,hydrogen,"[155.9823658579591, 155.9823658579591, 155.9823658579591, 155.9823658579591]","[833.4904464697798, 594.8729342497569, 516.8888473282169]",[0.7566448883268987 0.441032482516092 0.4071872504548097 0.38778081133892045; 0.441032482516092 0.7566448883268987 0.4622241084541109 0.4229319036375754; 0.4071872504548097 0.4622241084541109 0.7566448883268987 0.4710532592694481; 0.38778081133892045 0.4229319036375754 0.4710532592694481 0.7566448883268987],[0.20351492030944754 0.049348 0.049348 0.049348; 0.049348 0.20351492030944754 0.049348 0.049348; 0.049348 0.049348 0.20351492030944754 0.049348; 0.049348 0.049348 0.049348 0.20351492030944754],1
1,pluto,"[289.16780065439735, 289.16780065439735, 289.16780065439735, 289.16780065439735]","[379.99999814364264, 1200.0000092231626, 610.8099149070779]",[0.7372529167465899 0.4903839392671761 0.4008477811400538 0.3803113649132302; 0.4903839392671761 0.7372529167465899 0.4181330708827543 0.3922806778141337; 0.4008477811400538 0.4181330708827543 0.7372529167465899 0.46056295735673686; 0.3803113649132302 0.3922806778141337 0.46056295735673686 0.7372529167465899],[0.2106222124428211 0.049348 0.049348 0.049348; 0.049348 0.2106222124428211 0.049348 0.049348; 0.049348 0.049348 0.2106222124428211 0.049348; 0.049348 0.049348 0.049348 0.2106222124428211],1
10,tw2x16_lv_oh_2w_bundled,"[11.999999882579813, 11.999999882579813]",[99.9999949685755],[0.8372217862026735 0.5742647291465034; 0.5742647291465034 0.8372217862026735],[3.068607929140492 0.049348; 0.049348 3.068607929140492],1
7,abc2x16_lv_oh_2w_bundled,"[23.418897492394574, 23.418897492394574]",[2.000000995946118],[0.816215897470657 0.8200649241735846; 0.8200649241735846 0.816215897470657],[1.9593344246321582 0.049348; 0.049348 1.9593344246321582],1
