{"32":{"Xc_est":0.2051619557615539,"Zc_est":0.21988437552015155,"Rc_est":0.07910569199483194},"29":{"Xc_est":0.10981227934007344,"Zc_est":0.14010218682117223,"Rc_est":0.08700509213955425},"1":{"Xc_est":0.152870754427163,"Zc_est":0.18242102253205578,"Rc_est":0.09953874573506957},"54":{"Xc_est":0.09875369652495769,"Zc_est":0.11729644388575262,"Rc_est":0.06329425859349389},"2":{"Xc_est":0.1789011297154967,"Zc_est":0.20866006150571043,"Rc_est":0.10739370118440784},"41":{"Xc_est":0.09168222980140263,"Zc_est":0.09719332100345976,"Rc_est":0.032263142846355966},"51":{"Xc_est":0.11528877417762799,"Zc_est":0.1399945352276772,"Rc_est":0.07941642425993037},"53":{"Xc_est":0.11698075288044549,"Zc_est":0.13194535452625641,"Rc_est":0.06103343376038775},"27":{"Xc_est":0.1582525917306311,"Zc_est":0.16937268655383214,"Rc_est":0.06035912657586136},"42":{"Xc_est":0.18312117766867744,"Zc_est":0.19461444384478763,"Rc_est":0.06588942284048835},"33":{"Xc_est":0.09398084838161272,"Zc_est":0.11310888793114399,"Rc_est":0.06293822897486401},"28":{"Xc_est":0.1338568126031942,"Zc_est":0.14905793107098753,"Rc_est":0.06557911660640617},"50":{"Xc_est":0.1768111507029623,"Zc_est":0.18959454567027048,"Rc_est":0.06843908777161363},"52":{"Xc_est":0.04894761483268757,"Zc_est":0.053484318727124516,"Rc_est":0.021556979192259434},"26":{"Xc_est":0.17248951208704769,"Zc_est":0.18123934470674694,"Rc_est":0.055633337934221254},"10":{"Xc_est":0.15316141314316783,"Zc_est":0.16751840527028114,"Rc_est":0.06785276433783673},"24":{"Xc_est":0.10902078641272515,"Zc_est":0.1164599654125505,"Rc_est":0.04095597238307771},"25":{"Xc_est":0.09520997914064314,"Zc_est":0.11093849294162787,"Rc_est":0.05694215563357184},"23":{"Xc_est":0.08703837168091785,"Zc_est":0.09340976868784072,"Rc_est":0.03390732577851437},"49":{"Xc_est":0.14938429881472542,"Zc_est":0.15983227938693903,"Rc_est":0.056839148495182026},"5":{"Xc_est":0.09024598394300187,"Zc_est":0.09846137812366738,"Rc_est":0.03937391730792422},"31":{"Xc_est":0.14270188383213145,"Zc_est":0.14978311806294758,"Rc_est":0.04550994185252007},"43":{"Xc_est":0.1383361959273194,"Zc_est":0.15219068177524916,"Rc_est":0.06344367987099622},"39":{"Xc_est":0.06847681987158322,"Zc_est":0.08349052854562584,"Rc_est":0.04776602869302314},"34":{"Xc_est":0.11125678804629797,"Zc_est":0.12021855076957834,"Rc_est":0.045545878658324435},"44":{"Xc_est":0.22658468287149078,"Zc_est":0.24378601097741517,"Rc_est":0.08994998964039044},"55":{"Xc_est":0.09678531057957526,"Zc_est":0.109633556365187,"Rc_est":0.05149874112338855},"17":{"Xc_est":0.14027428465075997,"Zc_est":0.1706437918305059,"Rc_est":0.09717216039592103},"37":{"Xc_est":0.181124585660447,"Zc_est":0.2012475983836541,"Rc_est":0.08771818696553146},"47":{"Xc_est":0.20780314674930783,"Zc_est":0.22478628699886366,"Rc_est":0.08571305048719907},"9":{"Xc_est":0.02318156214768849,"Zc_est":0.034887767757236066,"Rc_est":0.026072428261972393},"12":{"Xc_est":0.1595506271620884,"Zc_est":0.17214534222692968,"Rc_est":0.06463448168439966},"20":{"Xc_est":0.16144605160350678,"Zc_est":0.17238285648060392,"Rc_est":0.060423684346871134},"6":{"Xc_est":0.11146131511252379,"Zc_est":0.12175415066293249,"Rc_est":0.04899437148325041},"14":{"Xc_est":0.11308826401716461,"Zc_est":0.1245589563654897,"Rc_est":0.05221090070515967},"7":{"Xc_est":0.14558225317952475,"Zc_est":0.1577085683092059,"Rc_est":0.06064486851591169},"8":{"Xc_est":0.10279176010494002,"Zc_est":0.11019443781038663,"Rc_est":0.039707281182116014},"19":{"Xc_est":0.09102199428751885,"Zc_est":0.10032780978505786,"Rc_est":0.04219793800874203},"4":{"Xc_est":0.1921151046725503,"Zc_est":0.20282468852810934,"Rc_est":0.06503568891908197},"22":{"Xc_est":0.07834249301283057,"Zc_est":0.09808714904805702,"Rc_est":0.05902154349820366},"11":{"Xc_est":0.03575914078185669,"Zc_est":0.045368044564842766,"Rc_est":0.027920302974375342},"35":{"Xc_est":0.14924033020477573,"Zc_est":0.16478541288991774,"Rc_est":0.06986813395010757},"13":{"Xc_est":0.17824231923107522,"Zc_est":0.2041659984048436,"Rc_est":0.09956621183802297},"15":{"Xc_est":0.02126380748065904,"Zc_est":0.027695075840256475,"Rc_est":0.017744512312910337},"16":{"Xc_est":0.16448543876384367,"Zc_est":0.17934740177188577,"Rc_est":0.07148448053243478},"40":{"Xc_est":0.15643716326135848,"Zc_est":0.17168635063203735,"Rc_est":0.07073624915194435},"21":{"Xc_est":0.19467425892467768,"Zc_est":0.20879488190150608,"Rc_est":0.07548003458128133},"38":{"Xc_est":0.05097477518100036,"Zc_est":0.05861408869271456,"Rc_est":0.02893412671092526},"46":{"Xc_est":0.13093421076752693,"Zc_est":0.148317418842641,"Rc_est":0.06967272911855996},"45":{"Xc_est":0.18361159058069595,"Zc_est":0.19515835212081284,"Rc_est":0.06613294343168202},"36":{"Xc_est":0.17655931066310163,"Zc_est":0.1890304000117844,"Rc_est":0.06752260322873803},"48":{"Xc_est":0.10890834155163925,"Zc_est":0.12376858253868202,"Rc_est":0.05880165953530589},"18":{"Xc_est":0.09165883755244836,"Zc_est":0.1039936909514012,"Rc_est":0.049125810489287866},"30":{"Xc_est":0.22855218453227694,"Zc_est":0.24806232694592079,"Rc_est":0.09643037382147253},"3":{"Xc_est":0.033366856455850434,"Zc_est":0.0395783049361674,"Rc_est":0.021286030909376346}}