{"32":{"Xc_est":0.2113490714804481,"Zc_est":0.22594150392942539,"Rc_est":0.07988199535717036},"29":{"Xc_est":0.1149390216473041,"Zc_est":0.15515709870482122,"Rc_est":0.10422450086835719},"1":{"Xc_est":0.15981916164891144,"Zc_est":0.19178273658217165,"Rc_est":0.10601157305118039},"54":{"Xc_est":0.105837459235595,"Zc_est":0.12619713440326605,"Rc_est":0.06873244469789914},"2":{"Xc_est":0.1841630924227928,"Zc_est":0.21325387773132026,"Rc_est":0.10752288945484478},"41":{"Xc_est":0.08768605775848573,"Zc_est":0.09244207457378802,"Rc_est":0.029269308606137065},"51":{"Xc_est":0.1138928311066754,"Zc_est":0.13856130395624322,"Rc_est":0.07891551163466363},"53":{"Xc_est":0.11547373615563669,"Zc_est":0.1275606627783666,"Rc_est":0.05419906776610244},"27":{"Xc_est":0.1627216845517437,"Zc_est":0.17183040810965766,"Rc_est":0.055202740219796306},"42":{"Xc_est":0.18272853595514038,"Zc_est":0.19386662321491407,"Rc_est":0.06476534369896016},"33":{"Xc_est":0.09758668798885292,"Zc_est":0.12669534336916188,"Rc_est":0.08079943291135218},"28":{"Xc_est":0.13418468479137413,"Zc_est":0.14926198182607764,"Rc_est":0.06537285052747736},"50":{"Xc_est":0.183289491738077,"Zc_est":0.1971594764233679,"Rc_est":0.07264173292215693},"52":{"Xc_est":0.04781898432477289,"Zc_est":0.05237317158314609,"Rc_est":0.021361035551320663},"26":{"Xc_est":0.17201256032605525,"Zc_est":0.17996243399965392,"Rc_est":0.05289760619494047},"10":{"Xc_est":0.15272711797761437,"Zc_est":0.16474105588815527,"Rc_est":0.06175793818932236},"24":{"Xc_est":0.11284868874980432,"Zc_est":0.12185783181833276,"Rc_est":0.04598374302854065},"25":{"Xc_est":0.09868103075657847,"Zc_est":0.11717003363467932,"Rc_est":0.06317334050666545},"23":{"Xc_est":0.08507040068904172,"Zc_est":0.09043737227089892,"Rc_est":0.030691126239860395},"49":{"Xc_est":0.15191226119664206,"Zc_est":0.16582055393134873,"Rc_est":0.06647646955293683},"5":{"Xc_est":0.08978252540819454,"Zc_est":0.10309425004461134,"Rc_est":0.05067072649555902},"31":{"Xc_est":0.14299789302793636,"Zc_est":0.14960150241393505,"Rc_est":0.043956934766626786},"43":{"Xc_est":0.1385726622832382,"Zc_est":0.15016046366746033,"Rc_est":0.057842736074310064},"39":{"Xc_est":0.06456557670177145,"Zc_est":0.07961902830338799,"Rc_est":0.04658836735863757},"34":{"Xc_est":0.11380625270427185,"Zc_est":0.12272203826033591,"Rc_est":0.04592205918926946},"44":{"Xc_est":0.2325763641067083,"Zc_est":0.24753880184937202,"Rc_est":0.08475667100545248},"55":{"Xc_est":0.09352367411483292,"Zc_est":0.10727142032239824,"Rc_est":0.052540270250990936},"17":{"Xc_est":0.14061681684015687,"Zc_est":0.17098326296865132,"Rc_est":0.09727377363477138},"37":{"Xc_est":0.18069229394471922,"Zc_est":0.20035047624877164,"Rc_est":0.08654830005323494},"47":{"Xc_est":0.21391654710056884,"Zc_est":0.2286743534866634,"Rc_est":0.08081875289259044},"9":{"Xc_est":0.018316513590821978,"Zc_est":0.02415038209639255,"Rc_est":0.015739958236253095},"12":{"Xc_est":0.16480238200199337,"Zc_est":0.1756548288911937,"Rc_est":0.060784815532035436},"20":{"Xc_est":0.1667288728229808,"Zc_est":0.17731461759767564,"Rc_est":0.060348625344644226},"6":{"Xc_est":0.11344907995800343,"Zc_est":0.123028155386135,"Rc_est":0.04759446684644679},"14":{"Xc_est":0.115483127835299,"Zc_est":0.12667852596007848,"Rc_est":0.052068187262418346},"7":{"Xc_est":0.14589259070475918,"Zc_est":0.15785400951562212,"Rc_est":0.06027636599540269},"8":{"Xc_est":0.10136941953155293,"Zc_est":0.10853626988084715,"Rc_est":0.03878611431278085},"19":{"Xc_est":0.08708580912191015,"Zc_est":0.09616386478619723,"Rc_est":0.04078664904353207},"4":{"Xc_est":0.198266592695217,"Zc_est":0.20819934569989532,"Rc_est":0.0635399541304009},"22":{"Xc_est":0.07439562364121283,"Zc_est":0.09415543605082287,"Rc_est":0.05771080766161232},"11":{"Xc_est":0.035869321583480336,"Zc_est":0.044584148509410663,"Rc_est":0.026479011829183826},"35":{"Xc_est":0.1495521643413601,"Zc_est":0.16494189373094828,"Rc_est":0.0695699536320548},"13":{"Xc_est":0.18287233221526905,"Zc_est":0.20292904407263,"Rc_est":0.08796537408764696},"15":{"Xc_est":0.019052933998062807,"Zc_est":0.024024662660309806,"Rc_est":0.014634552333677536},"16":{"Xc_est":0.16757299241367074,"Zc_est":0.17918052498316583,"Rc_est":0.0634425152935377},"40":{"Xc_est":0.15604191847293938,"Zc_est":0.16881182518791388,"Rc_est":0.06440770142272847},"21":{"Xc_est":0.20212556283004424,"Zc_est":0.21770488569091515,"Rc_est":0.08087443418245516},"38":{"Xc_est":0.04984671873229557,"Zc_est":0.05756509728335624,"Rc_est":0.028793142531958568},"46":{"Xc_est":0.13339393823852647,"Zc_est":0.1534861304732206,"Rc_est":0.07592133750704531},"45":{"Xc_est":0.1846744825477025,"Zc_est":0.196142029978837,"Rc_est":0.06608351851980433},"36":{"Xc_est":0.1829793823068006,"Zc_est":0.1964546647772645,"Rc_est":0.07150511144924587},"48":{"Xc_est":0.10740929270438798,"Zc_est":0.11933351884405888,"Rc_est":0.05199742840226297},"18":{"Xc_est":0.08965261523413473,"Zc_est":0.09942452905256394,"Rc_est":0.04298424780084355},"30":{"Xc_est":0.23452757747135675,"Zc_est":0.251200379866921,"Rc_est":0.08999136764547012},"3":{"Xc_est":0.03260616947554065,"Zc_est":0.038928795958128634,"Rc_est":0.021267084117996365}}