linecode_id,linecode_name,A_p_est,dist_est,x_est,r_est,scenario_id
4,hydrogen,"[148.71966567254427, 148.71966567254427, 148.71966567254427, 148.71966567254427]","[714.6361484888583, 659.1138812752476, 379.9999992006907]",[0.7581427990006179 0.4506991046781844 0.40963675920656156 0.3942924232482619; 0.4506991046781844 0.7581427990006179 0.4557807809805285 0.42717794164516903; 0.40963675920656156 0.4557807809805285 0.7581427990006179 0.49038393909239597; 0.3942924232482619 0.42717794164516903 0.49038393909239597 0.7581427990006179],[0.21104363627080253 0.049348 0.049348 0.049348; 0.049348 0.21104363627080253 0.049348 0.049348; 0.049348 0.049348 0.21104363627080253 0.049348; 0.049348 0.049348 0.049348 0.21104363627080253],1
1,pluto,"[284.05303511782836, 284.05303511782836, 284.05303511782836, 284.05303511782836]","[408.20609994694206, 1200.0000043308924, 948.9090294855209]",[0.7378135723568543 0.4858851086310006 0.3997360012494938 0.3705970087176675; 0.4858851086310006 0.7378135723568543 0.41813307113891357 0.38152471465533216; 0.3997360012494938 0.41813307113891357 0.7378135723568543 0.4328837567997091; 0.3705970087176675 0.38152471465533216 0.4328837567997091 0.7378135723568543],[0.2135261764275667 0.049348 0.049348 0.049348; 0.049348 0.2135261764275667 0.049348 0.049348; 0.049348 0.049348 0.2135261764275667 0.049348; 0.049348 0.049348 0.049348 0.2135261764275667],1
10,tw2x16_lv_oh_2w_bundled,"[11.999999881667197, 11.999999881667197]",[99.99999807754826],[0.8372217862050626 0.5742647271930735; 0.5742647271930735 0.8372217862050626],[3.0686079293701107 0.049348; 0.049348 3.0686079293701107],1
7,abc2x16_lv_oh_2w_bundled,"[20.696544557624797, 20.696544557624797]",[2.000000876748418],[0.8200981775748324 0.8200649279182978; 0.8200649279182978 0.8200981775748324],[2.210567529462317 0.049348; 0.049348 2.210567529462317],1
