linecode_id,linecode_name,A_p_est,dist_est,x_est,r_est,scenario_id
4,hydrogen,"[149.27202695443668, 149.27202695443668, 149.27202695443668, 149.27202695443668]","[779.0534525712663, 704.6421262911019, 380.00001367300763]",[0.7580263326538352 0.445276317887362 0.40479921421380316 0.39047192190169316; 0.445276317887362 0.7580263326538352 0.4515839977861199 0.42448359265701335; 0.40479921421380316 0.4515839977861199 0.7580263326538352 0.49038393669943653; 0.39047192190169316 0.42448359265701335 0.49038393669943653 0.7580263326538352],[0.21044530307503093 0.049348 0.049348 0.049348; 0.049348 0.21044530307503093 0.049348 0.049348; 0.049348 0.049348 0.21044530307503093 0.049348; 0.049348 0.049348 0.049348 0.21044530307503093],1
1,pluto,"[286.31852276328203, 286.31852276328203, 286.31852276328203, 286.31852276328203]","[380.0003131489712, 1200.0000048648012, 1082.9617026569927]",[0.7375640054450032 0.49038388718189535 0.4008477687865296 0.368048585354786; 0.49038388718189535 0.7375640054450032 0.4181330711109581 0.37772254253064874; 0.4008477687865296 0.4181330711109581 0.7375640054450032 0.4245810138332979; 0.368048585354786 0.37772254253064874 0.4245810138332979 0.7375640054450032],[0.21222712100230076 0.049348 0.049348 0.049348; 0.049348 0.21222712100230076 0.049348 0.049348; 0.049348 0.049348 0.21222712100230076 0.049348; 0.049348 0.049348 0.049348 0.21222712100230076],1
10,tw2x16_lv_oh_2w_bundled,"[11.999999881634405, 11.999999881634405]",[99.99999812579381],[0.8372217862051485 0.57426472716276; 0.57426472716276 0.8372217862051485],[3.0686079293783615 0.049348; 0.049348 3.0686079293783615],1
7,abc2x16_lv_oh_2w_bundled,"[20.800872654844696, 20.800872654844696]",[2.000002450136726],[0.8199402121578068 0.8200648784887717; 0.8200648784887717 0.8199402121578068],[2.1997277957201473 0.049348; 0.049348 2.1997277957201473],1
