linecode_id,linecode_name,A_p_est,dist_est,x_est,r_est,scenario_id
4,hydrogen,"[151.67471153454528, 151.67471153454528, 151.67471153454528, 151.67471153454528]","[589.6579149936455, 626.7365941821745, 519.1289824535818]",[0.7575246867946798 0.4627773607517628 0.4172804658801434 0.3949488465428509; 0.4627773607517628 0.7575246867946798 0.45894562765186003 0.4210334746019337; 0.4172804658801434 0.45894562765186003 0.7575246867946798 0.47078154118602034; 0.3949488465428509 0.4210334746019337 0.47078154118602034 0.7575246867946798],[0.2078933548822216 0.049348 0.049348 0.049348; 0.049348 0.2078933548822216 0.049348 0.049348; 0.049348 0.049348 0.2078933548822216 0.049348; 0.049348 0.049348 0.049348 0.2078933548822216],1
1,pluto,"[255.05279511164963, 255.05279511164963, 255.05279511164963, 255.05279511164963]","[419.0769639160813, 1200.000000970259, 680.9148925885373]",[0.7411967739857913 0.48423373324937724 0.39931270990352413 0.37725557584991753; 0.48423373324937724 0.7411967739857913 0.4181330713148763 0.38989406166659024; 0.39931270990352413 0.4181330713148763 0.7411967739857913 0.453736165159095; 0.37725557584991753 0.38989406166659024 0.453736165159095 0.7411967739857913],[0.23219370962629898 0.049348 0.049348 0.049348; 0.049348 0.23219370962629898 0.049348 0.049348; 0.049348 0.049348 0.23219370962629898 0.049348; 0.049348 0.049348 0.049348 0.23219370962629898],1
10,tw2x16_lv_oh_2w_bundled,"[12.090871438554311, 12.090871438554311]",[7.308180888087013],[0.8369847807158864 0.7386442835814737; 0.7386442835814737 0.8369847807158864],[3.045916028970453 0.049348; 0.049348 3.045916028970453],1
7,abc2x16_lv_oh_2w_bundled,"[16.72864427124614, 16.72864427124614]",[9.00965082696743],[0.8267848935013185 0.7254934249260925; 0.7254934249260925 0.8267848935013185],[2.7231914726123656 0.049348; 0.049348 2.7231914726123656],1
