{"32":{"shunt_est":{"gs":11.537066614387166},"shunt_true":{"gs":0.9614222222222222}},"29":{"shunt_est":{"gs":6.143163831251164},"shunt_true":{"gs":1.9228444444444444}},"1":{"shunt_est":{"gs":0.5768533787949036},"shunt_true":{"gs":5.768533333333333}},"54":{"shunt_est":{"gs":11.537066310790962},"shunt_true":{"gs":5.768533333333333}},"2":{"shunt_est":{"gs":11.537066488665287},"shunt_true":{"gs":5.768533333333333}},"41":{"shunt_est":{"gs":0.5768553477399854},"shunt_true":{"gs":5.768533333333333}},"51":{"shunt_est":{"gs":11.537066431332082},"shunt_true":{"gs":2.8842666666666665}},"53":{"shunt_est":{"gs":0.5768535546818253},"shunt_true":{"gs":1.4421333333333333}},"27":{"shunt_est":{"gs":0.576853486096596},"shunt_true":{"gs":5.768533333333333}},"42":{"shunt_est":{"gs":0.5768536600991214},"shunt_true":{"gs":1.1537066666666667}},"33":{"shunt_est":{"gs":0.5768535489251517},"shunt_true":{"gs":1.9228444444444444}},"28":{"shunt_est":{"gs":0.5768534836329244},"shunt_true":{"gs":1.1537066666666667}},"50":{"shunt_est":{"gs":0.5768536984604037},"shunt_true":{"gs":2.8842666666666665}},"52":{"shunt_est":{"gs":11.537065861329378},"shunt_true":{"gs":0.8240761904761905}},"26":{"shunt_est":{"gs":0.5768535413246997},"shunt_true":{"gs":1.1537066666666667}},"10":{"shunt_est":{"gs":11.537065791510564},"shunt_true":{"gs":1.4421333333333333}},"24":{"shunt_est":{"gs":0.5768539060347742},"shunt_true":{"gs":2.8842666666666665}},"25":{"shunt_est":{"gs":0.576854095993338},"shunt_true":{"gs":0.8240761904761905}},"23":{"shunt_est":{"gs":11.123342409026073},"shunt_true":{"gs":5.768533333333333}},"49":{"shunt_est":{"gs":0.576854012451614},"shunt_true":{"gs":2.8842666666666665}},"5":{"shunt_est":{"gs":0.576857207002524},"shunt_true":{"gs":0.8240761904761905}},"31":{"shunt_est":{"gs":0.5768559831584138},"shunt_true":{"gs":0.9614222222222222}},"43":{"shunt_est":{"gs":0.5768539905959932},"shunt_true":{"gs":1.4421333333333333}},"39":{"shunt_est":{"gs":11.537066523606335},"shunt_true":{"gs":1.4421333333333333}},"34":{"shunt_est":{"gs":11.537066391684549},"shunt_true":{"gs":0.7210666666666666}},"44":{"shunt_est":{"gs":11.537066603479444},"shunt_true":{"gs":0.7210666666666666}},"55":{"shunt_est":{"gs":11.537065628382827},"shunt_true":{"gs":0.8240761904761905}},"17":{"shunt_est":{"gs":0.5768537921746623},"shunt_true":{"gs":1.9228444444444444}},"37":{"shunt_est":{"gs":0.5768534084591002},"shunt_true":{"gs":1.4421333333333333}},"47":{"shunt_est":{"gs":0.5768537877861046},"shunt_true":{"gs":0.8240761904761905}},"9":{"shunt_est":{"gs":11.537058642437879},"shunt_true":{"gs":2.8842666666666665}},"12":{"shunt_est":{"gs":0.5768534328493023},"shunt_true":{"gs":1.9228444444444444}},"20":{"shunt_est":{"gs":0.5768539497076822},"shunt_true":{"gs":2.8842666666666665}},"6":{"shunt_est":{"gs":0.576853894314755},"shunt_true":{"gs":1.1537066666666667}},"14":{"shunt_est":{"gs":11.53706640584368},"shunt_true":{"gs":0.8240761904761905}},"7":{"shunt_est":{"gs":11.537066456092125},"shunt_true":{"gs":0.8240761904761905}},"8":{"shunt_est":{"gs":0.5768542715369607},"shunt_true":{"gs":0.9614222222222222}},"19":{"shunt_est":{"gs":0.5768557839927296},"shunt_true":{"gs":1.9228444444444444}},"4":{"shunt_est":{"gs":0.5768543866459396},"shunt_true":{"gs":1.1537066666666667}},"22":{"shunt_est":{"gs":0.5768827061697342},"shunt_true":{"gs":0.9614222222222222}},"11":{"shunt_est":{"gs":0.5768564016769747},"shunt_true":{"gs":0.9614222222222222}},"35":{"shunt_est":{"gs":0.576853478402881},"shunt_true":{"gs":1.1537066666666667}},"13":{"shunt_est":{"gs":0.5768534992948988},"shunt_true":{"gs":2.8842666666666665}},"15":{"shunt_est":{"gs":11.537063868320276},"shunt_true":{"gs":2.8842666666666665}},"16":{"shunt_est":{"gs":0.57685355690933},"shunt_true":{"gs":5.768533333333333}}}