{"32":{"shunt_est":{"gs":11.537066646913178},"shunt_true":{"gs":0.14138562091503268}},"29":{"shunt_est":{"gs":0.5768534785861511},"shunt_true":{"gs":0.028277124183006534}},"1":{"shunt_est":{"gs":0.5768533587203357},"shunt_true":{"gs":0.22621699346405227}},"54":{"shunt_est":{"gs":11.537061272114356},"shunt_true":{"gs":0.08483137254901961}},"24":{"shunt_est":{"gs":0.5768534779597966},"shunt_true":{"gs":0.14138562091503268}},"2":{"shunt_est":{"gs":0.5768535046405693},"shunt_true":{"gs":0.22621699346405227}},"25":{"shunt_est":{"gs":0.576853465063668},"shunt_true":{"gs":0.11310849673202614}},"23":{"shunt_est":{"gs":0.5768538003156081},"shunt_true":{"gs":0.14138562091503268}},"41":{"shunt_est":{"gs":0.5768536577943557},"shunt_true":{"gs":0.14138562091503268}},"51":{"shunt_est":{"gs":0.5768536740165356},"shunt_true":{"gs":0.22621699346405227}},"53":{"shunt_est":{"gs":0.5768534128868901},"shunt_true":{"gs":0.19793986928104573}},"49":{"shunt_est":{"gs":0.5768535791905716},"shunt_true":{"gs":0.14138562091503268}},"27":{"shunt_est":{"gs":0.5768533874647529},"shunt_true":{"gs":0.22621699346405227}},"5":{"shunt_est":{"gs":0.5768535521596604},"shunt_true":{"gs":0.028277124183006534}},"31":{"shunt_est":{"gs":0.5768535757128184},"shunt_true":{"gs":0.05655424836601307}},"42":{"shunt_est":{"gs":0.576853509782827},"shunt_true":{"gs":0.05655424836601307}},"33":{"shunt_est":{"gs":0.5768534179366412},"shunt_true":{"gs":0.11310849673202614}},"28":{"shunt_est":{"gs":0.5768534193627092},"shunt_true":{"gs":0.16966274509803922}},"43":{"shunt_est":{"gs":0.5768535233530601},"shunt_true":{"gs":0.22621699346405227}},"50":{"shunt_est":{"gs":0.576853408907865},"shunt_true":{"gs":0.05655424836601307}},"52":{"shunt_est":{"gs":0.5768609809688383},"shunt_true":{"gs":0.16966274509803922}},"39":{"shunt_est":{"gs":11.53706524917908},"shunt_true":{"gs":0.14138562091503268}},"34":{"shunt_est":{"gs":11.537065829270858},"shunt_true":{"gs":0.22621699346405227}},"26":{"shunt_est":{"gs":0.5768534596116649},"shunt_true":{"gs":0.08483137254901961}},"10":{"shunt_est":{"gs":0.5768538863920759},"shunt_true":{"gs":0.05655424836601307}}}