{"32":{"shunt_est":{"gs":11.537066677542912},"shunt_true":{"gs":1.1537066666666667}},"29":{"shunt_est":{"gs":0.5768535650440929},"shunt_true":{"gs":5.768533333333333}},"1":{"shunt_est":{"gs":0.576853362447006},"shunt_true":{"gs":0.7210666666666666}},"54":{"shunt_est":{"gs":11.5370654984706},"shunt_true":{"gs":1.9228444444444444}},"24":{"shunt_est":{"gs":0.5768535444783741},"shunt_true":{"gs":1.1537066666666667}},"2":{"shunt_est":{"gs":0.5768536913794828},"shunt_true":{"gs":0.7210666666666666}},"25":{"shunt_est":{"gs":0.5768535121413748},"shunt_true":{"gs":1.4421333333333333}},"23":{"shunt_est":{"gs":0.5768542172745641},"shunt_true":{"gs":1.1537066666666667}},"41":{"shunt_est":{"gs":0.5768537975821073},"shunt_true":{"gs":1.1537066666666667}},"51":{"shunt_est":{"gs":0.5768546447572693},"shunt_true":{"gs":0.7210666666666666}},"53":{"shunt_est":{"gs":0.5768534345292351},"shunt_true":{"gs":0.8240761904761905}},"49":{"shunt_est":{"gs":0.5768542424809646},"shunt_true":{"gs":1.1537066666666667}},"27":{"shunt_est":{"gs":0.5768533997820412},"shunt_true":{"gs":0.7210666666666666}},"5":{"shunt_est":{"gs":0.5768535938503447},"shunt_true":{"gs":5.768533333333333}},"31":{"shunt_est":{"gs":0.5768540011671194},"shunt_true":{"gs":2.8842666666666665}},"42":{"shunt_est":{"gs":0.5768536983430034},"shunt_true":{"gs":2.8842666666666665}},"33":{"shunt_est":{"gs":0.5768534283069221},"shunt_true":{"gs":1.4421333333333333}},"28":{"shunt_est":{"gs":0.5768534444249697},"shunt_true":{"gs":0.9614222222222222}},"43":{"shunt_est":{"gs":0.5768537390766386},"shunt_true":{"gs":0.7210666666666666}},"50":{"shunt_est":{"gs":0.5768534326731646},"shunt_true":{"gs":2.8842666666666665}},"52":{"shunt_est":{"gs":11.537063345010539},"shunt_true":{"gs":0.9614222222222222}},"39":{"shunt_est":{"gs":11.537066123458072},"shunt_true":{"gs":1.1537066666666667}},"34":{"shunt_est":{"gs":11.537066143830716},"shunt_true":{"gs":0.7210666666666666}},"26":{"shunt_est":{"gs":0.57685353891371},"shunt_true":{"gs":1.9228444444444444}},"10":{"shunt_est":{"gs":11.53706586199574},"shunt_true":{"gs":2.8842666666666665}}}