{"32":{"Xc_est":0.2147668050382752,"Zc_est":0.22922704880946926,"Rc_est":0.08012652094999693},"29":{"Xc_est":0.11588490880510137,"Zc_est":0.15049949336365448,"Rc_est":0.09602492079637462},"1":{"Xc_est":0.16418998431944998,"Zc_est":0.19576920845413687,"Rc_est":0.10661722200441194},"54":{"Xc_est":0.10963722289623981,"Zc_est":0.12740796094528067,"Rc_est":0.06490352739130899},"2":{"Xc_est":0.1885035970019199,"Zc_est":0.21723721054417086,"Rc_est":0.10797406893486138},"41":{"Xc_est":0.09141534032153471,"Zc_est":0.09603139156743407,"Rc_est":0.02941536537722822},"51":{"Xc_est":0.11763317115878276,"Zc_est":0.14206111692123216,"Rc_est":0.07964796283670106},"53":{"Xc_est":0.11916200345218586,"Zc_est":0.13007349145620395,"Rc_est":0.0521491142098157},"27":{"Xc_est":0.16773530019386934,"Zc_est":0.17689575500032176,"Rc_est":0.056186984311372284},"42":{"Xc_est":0.18878347104998344,"Zc_est":0.19994459347847596,"Rc_est":0.06586836508972328},"33":{"Xc_est":0.10134759039830968,"Zc_est":0.13013792517865785,"Rc_est":0.08163666755975771},"28":{"Xc_est":0.13777721472800025,"Zc_est":0.15277409238670037,"Rc_est":0.06601032045350615},"50":{"Xc_est":0.18705522535677388,"Zc_est":0.2000645771015778,"Rc_est":0.07096603185721816},"52":{"Xc_est":0.04826779680560949,"Zc_est":0.05278663884839171,"Rc_est":0.021369347964852157},"26":{"Xc_est":0.17805332085195222,"Zc_est":0.18589107348187964,"Rc_est":0.05340885819634541},"10":{"Xc_est":0.1587653057169348,"Zc_est":0.16993643675492495,"Rc_est":0.06059678405302406},"24":{"Xc_est":0.11277558583520887,"Zc_est":0.11902013821889361,"Rc_est":0.03804550618890457},"25":{"Xc_est":0.09958203737295193,"Zc_est":0.11274247995827144,"Rc_est":0.05286099336744668},"23":{"Xc_est":0.0887835495338957,"Zc_est":0.09388267900988456,"Rc_est":0.030519481486999577},"49":{"Xc_est":0.15675511198315376,"Zc_est":0.16900312380671245,"Rc_est":0.06316558179559423},"5":{"Xc_est":0.09005866789158468,"Zc_est":0.09802908104688428,"Rc_est":0.03871869146148746},"31":{"Xc_est":0.1465727347292834,"Zc_est":0.15305022674446403,"Rc_est":0.04405457229971674},"43":{"Xc_est":0.14212111163272997,"Zc_est":0.1527780836909428,"Rc_est":0.05606007924141591},"39":{"Xc_est":0.0683310903120648,"Zc_est":0.0831899423072654,"Rc_est":0.047449221256524225},"34":{"Xc_est":0.11919977720283662,"Zc_est":0.13032179624156462,"Rc_est":0.05268001224773966},"44":{"Xc_est":0.23102254164950747,"Zc_est":0.24482747087471093,"Rc_est":0.08104983494560003},"55":{"Xc_est":0.09726189158099276,"Zc_est":0.11089056781294754,"Rc_est":0.053262017197672165},"17":{"Xc_est":0.1442130654573955,"Zc_est":0.17432076633501656,"Rc_est":0.09793018598475345},"37":{"Xc_est":0.18674181171591808,"Zc_est":0.20627756542701065,"Rc_est":0.0876237967423876},"47":{"Xc_est":0.21729389652301945,"Zc_est":0.23102555625694096,"Rc_est":0.078461265460559},"9":{"Xc_est":0.01932717357073336,"Zc_est":0.027407488063132524,"Rc_est":0.019432724042127952},"12":{"Xc_est":0.16912861113443445,"Zc_est":0.1792962456128255,"Rc_est":0.059520219981044384},"20":{"Xc_est":0.17107684818793403,"Zc_est":0.1815723909488585,"Rc_est":0.060837859667871946},"6":{"Xc_est":0.11518457757445681,"Zc_est":0.1232342385410967,"Rc_est":0.0438085680865954},"14":{"Xc_est":0.11919977727315513,"Zc_est":0.13032179641006555,"Rc_est":0.052680012505472947},"7":{"Xc_est":0.14947535481870972,"Zc_est":0.16139180203272108,"Rc_est":0.06086404575108251},"8":{"Xc_est":0.1085071532693432,"Zc_est":0.11580169696177016,"Rc_est":0.040450348683403387},"19":{"Xc_est":0.09083489798173514,"Zc_est":0.09989256271934789,"Rc_est":0.041563750977102895},"4":{"Xc_est":0.19677403745214928,"Zc_est":0.2061508116196593,"Rc_est":0.06146653818318081},"22":{"Xc_est":0.07815001259591317,"Zc_est":0.09762903763827001,"Rc_est":0.05851499398815106},"11":{"Xc_est":0.03704154603076517,"Zc_est":0.04452143999717629,"Rc_est":0.024699847915986718},"35":{"Xc_est":0.15313458436560187,"Zc_est":0.1684400417440183,"Rc_est":0.07015587455018285},"13":{"Xc_est":0.18714217530471816,"Zc_est":0.20507393264824614,"Rc_est":0.08386372323022347},"15":{"Xc_est":0.01902676946822466,"Zc_est":0.02328640831000989,"Rc_est":0.013425306535924292},"16":{"Xc_est":0.17262349679160255,"Zc_est":0.1849919183550362,"Rc_est":0.06650667795128522},"40":{"Xc_est":0.1620854307472371,"Zc_est":0.17392195091550786,"Rc_est":0.06306471398285196},"21":{"Xc_est":0.19971743850450963,"Zc_est":0.21382075157613312,"Rc_est":0.07636922522704975},"38":{"Xc_est":0.05029553121293639,"Zc_est":0.057958297653598195,"Rc_est":0.028801454944353544},"46":{"Xc_est":0.13699247416913865,"Zc_est":0.15694863600993242,"Rc_est":0.0765894011361633},"45":{"Xc_est":0.19066679533352368,"Zc_est":0.20154459155692853,"Rc_est":0.06531765108371045},"36":{"Xc_est":0.1873057372970685,"Zc_est":0.20062596938031083,"Rc_est":0.07188421499460762},"48":{"Xc_est":0.11450448542375646,"Zc_est":0.12531637036128487,"Rc_est":0.05092067849476738},"18":{"Xc_est":0.0933443094229772,"Zc_est":0.10212553737394621,"Rc_est":0.04143024598363826},"30":{"Xc_est":0.23296461912414035,"Zc_est":0.24822630731485845,"Rc_est":0.08569589184736202},"3":{"Xc_est":0.03381055523602519,"Zc_est":0.040099782957942864,"Rc_est":0.021560124023433037}}