linecode_id,linecode_name,A_p_est,dist_est,x_est,r_est,scenario_id
4,hydrogen,"[148.45862690472836, 148.45862690472836, 148.45862690472836, 148.45862690472836]","[398.4572012165114, 388.7103094960129, 379.99999914725896]",[0.7581979900845162 0.4874038900831877 0.44462528961710013 0.41987613628434955; 0.4874038900831877 0.7581979900845162 0.4889599705708655 0.4461160973289938; 0.44462528961710013 0.4889599705708655 0.7581979900845162 0.4903839391012308; 0.41987613628434955 0.4461160973289938 0.4903839391012308 0.7581979900845162],[0.21132795002564025 0.049348 0.049348 0.049348; 0.049348 0.21132795002564025 0.049348 0.049348; 0.049348 0.049348 0.21132795002564025 0.049348; 0.049348 0.049348 0.049348 0.21132795002564025],1
1,pluto,"[264.93213807821917, 264.93213807821917, 264.93213807821917, 264.93213807821917]","[599.7049219770214, 1200.0000019129359, 455.40635453780413]",[0.7400028671169527 0.46171580318607947 0.39266718866078937 0.378493759800999; 0.46171580318607947 0.7400028671169527 0.41813307126551774 0.3979184490248171; 0.39266718866078937 0.41813307126551774 0.7400028671169527 0.47901016229039434; 0.378493759800999 0.3979184490248171 0.47901016229039434 0.7400028671169527],[0.22537537686958878 0.049348 0.049348 0.049348; 0.049348 0.22537537686958878 0.049348 0.049348; 0.049348 0.049348 0.22537537686958878 0.049348; 0.049348 0.049348 0.049348 0.22537537686958878],1
10,tw2x16_lv_oh_2w_bundled,"[12.516559705881194, 12.516559705881194]",[75.20448535650378],[0.835897730481552 0.5921692894210009; 0.5921692894210009 0.835897730481552],[2.9440027331324448 0.049348; 0.049348 2.9440027331324448],1
7,abc2x16_lv_oh_2w_bundled,"[17.433874038220047, 17.433874038220047]",[99.99993196799768],[0.8254876445019953 0.574264768731041; 0.574264768731041 0.8254876445019953],[2.6150299701843234 0.049348; 0.049348 2.6150299701843234],1
