{"32":{"Xc_est":0.21276644975834924,"Zc_est":0.22750242162654719,"Rc_est":0.08054681684071129},"29":{"Xc_est":0.11303766440745676,"Zc_est":0.1434384781422701,"Rc_est":0.08830109533339707},"1":{"Xc_est":0.15683526173491188,"Zc_est":0.1852458693477255,"Rc_est":0.09858363346385784},"54":{"Xc_est":0.10243632226932649,"Zc_est":0.11955058340998048,"Rc_est":0.0616371793125009},"2":{"Xc_est":0.1828100436311725,"Zc_est":0.2114124607828261,"Rc_est":0.10618717682384626},"41":{"Xc_est":0.09287288942474742,"Zc_est":0.09832876182200075,"Rc_est":0.03229817040246072},"51":{"Xc_est":0.11682892172451798,"Zc_est":0.14060269223700703,"Rc_est":0.07823119654575769},"53":{"Xc_est":0.11851422772588315,"Zc_est":0.1329649695623435,"Rc_est":0.06028317308546756},"27":{"Xc_est":0.16213273357121555,"Zc_est":0.17303105035616045,"Rc_est":0.06043774559066022},"42":{"Xc_est":0.18783617003650813,"Zc_est":0.1993500026691376,"Rc_est":0.06676823189362721},"33":{"Xc_est":0.09579647254435296,"Zc_est":0.11471796745952541,"Rc_est":0.0631129773192785},"28":{"Xc_est":0.13694577590187945,"Zc_est":0.15183270170802232,"Rc_est":0.0655669411410163},"50":{"Xc_est":0.18060251897829796,"Zc_est":0.19302752756023422,"Rc_est":0.06813484082839344},"52":{"Xc_est":0.050048816404777485,"Zc_est":0.05455885598908207,"Rc_est":0.02172060642151302},"26":{"Xc_est":0.17339112063494388,"Zc_est":0.18202309661659086,"Rc_est":0.0553888706045818},"10":{"Xc_est":0.15786031761324307,"Zc_est":0.17194027103444506,"Rc_est":0.06814379594977409},"24":{"Xc_est":0.11153854123424593,"Zc_est":0.11892651674281397,"Rc_est":0.041263424529663445},"25":{"Xc_est":0.09710344533734666,"Zc_est":0.11274205850208192,"Rc_est":0.057286059900326466},"23":{"Xc_est":0.09029521929600375,"Zc_est":0.09659903465676861,"Rc_est":0.03432414411032236},"49":{"Xc_est":0.15405251377762527,"Zc_est":0.16444374371922227,"Rc_est":0.05752884361072996},"5":{"Xc_est":0.09145147526186014,"Zc_est":0.09952345058133877,"Rc_est":0.03926251250296604},"31":{"Xc_est":0.14580085756650235,"Zc_est":0.15297225632963588,"Rc_est":0.046288455790319025},"43":{"Xc_est":0.14141571658218832,"Zc_est":0.1549546934535412,"Rc_est":0.06334470875161645},"39":{"Xc_est":0.06967195878582909,"Zc_est":0.08410298390804925,"Rc_est":0.047107643341429487},"34":{"Xc_est":0.11526229601942323,"Zc_est":0.12403063545525395,"Rc_est":0.04580613111544075},"44":{"Xc_est":0.23031305873899188,"Zc_est":0.24718224752682777,"Rc_est":0.08974942042544695},"55":{"Xc_est":0.09773431788179009,"Zc_est":0.10982728571402536,"Rc_est":0.05010025743937217},"17":{"Xc_est":0.14335568604684656,"Zc_est":0.17258624515293558,"Rc_est":0.09609973618084047},"37":{"Xc_est":0.1820415152719465,"Zc_est":0.20155688176714145,"Rc_est":0.08652203941879259},"47":{"Xc_est":0.21540185997482175,"Zc_est":0.23221580659744592,"Rc_est":0.0867537869668506},"9":{"Xc_est":0.023551203163896327,"Zc_est":0.03471404201942474,"Rc_est":0.025503049677622205},"12":{"Xc_est":0.16348584952183753,"Zc_est":0.17583187641029915,"Rc_est":0.06472422860173623},"20":{"Xc_est":0.16537918847488053,"Zc_est":0.1761952600488469,"Rc_est":0.06078234680456758},"6":{"Xc_est":0.11404936103777201,"Zc_est":0.12421595917171031,"Rc_est":0.0492173522228079},"14":{"Xc_est":0.11716826316482704,"Zc_est":0.1284002911447502,"Rc_est":0.0525188811095063},"7":{"Xc_est":0.14867526756061122,"Zc_est":0.160677574663019,"Rc_est":0.06093396274140314},"8":{"Xc_est":0.10775270497568558,"Zc_est":0.11522521720747446,"Rc_est":0.04081917748966205},"19":{"Xc_est":0.09222647773824534,"Zc_est":0.10133634578920107,"Rc_est":0.04199204426918827},"4":{"Xc_est":0.19588742145394877,"Zc_est":0.20660303693105309,"Rc_est":0.06567292429347987},"22":{"Xc_est":0.07952250631520051,"Zc_est":0.09842445083303701,"Rc_est":0.05799606461764293},"11":{"Xc_est":0.0361711045199546,"Zc_est":0.045410282338205266,"Rc_est":0.02745441567110903},"35":{"Xc_est":0.15233125308465761,"Zc_est":0.16758869382211755,"Rc_est":0.06986529632558247},"13":{"Xc_est":0.1816472969779528,"Zc_est":0.20578853770461789,"Rc_est":0.09671184907346338},"15":{"Xc_est":0.021634883863754326,"Zc_est":0.027747047445379515,"Rc_est":0.017373268032756663},"16":{"Xc_est":0.1684146281461181,"Zc_est":0.18295323239460262,"Rc_est":0.07147305975007813},"40":{"Xc_est":0.16115673184274307,"Zc_est":0.17612270713175723,"Rc_est":0.07104727826725618},"21":{"Xc_est":0.19827562285976333,"Zc_est":0.2120720516020356,"Rc_est":0.0752418264681909},"38":{"Xc_est":0.05207334395440988,"Zc_est":0.059531578619230856,"Rc_est":0.028850922035584724},"46":{"Xc_est":0.13412812164512433,"Zc_est":0.1510206036154611,"Rc_est":0.0694036720954227},"45":{"Xc_est":0.18827636926838617,"Zc_est":0.1997615418380208,"Rc_est":0.06675838803189921},"36":{"Xc_est":0.18051714201501193,"Zc_est":0.1928416706598744,"Rc_est":0.0678341461332232},"48":{"Xc_est":0.11385886638326054,"Zc_est":0.12827693371649795,"Rc_est":0.05908578737417004},"18":{"Xc_est":0.09490843552479705,"Zc_est":0.10678275011491974,"Rc_est":0.048938171076786594},"30":{"Xc_est":0.23227747333390825,"Zc_est":0.25132355355701264,"Rc_est":0.09597241246389585},"3":{"Xc_est":0.03375805960837736,"Zc_est":0.03980181710518816,"Rc_est":0.02108501971429217}}