linecode_id,linecode_name,A_p_est,dist_est,x_est,r_est,scenario_id
5,ugsc_25cu_xlpe/nyl/pvc_ug_2w_bundled,"[147.92900080792265, 7.864269746216179]",[8.063511502431368],[0.758310267046248 0.7324644584544503; 0.7324644584544503 0.8504974638632257],[0.22652967070520696 0.049348; 0.049348 3.382182243320621],1
2,uglv_120cu_xlpe/nyl/pvc_ug_4w_bundled,"[138.86245562531442, 138.86245562531442, 138.86245562531442, 137.06247123298488]","[23.3518849285807, 19.28140783183325, 28.91631853630289, 30.78036000363136, 23.118740985467497, 19.153987246291187]",[0.7602972825203924 0.6656533974972224 0.6776880125198012 0.6482992544825511; 0.6656533974972224 0.7602972825203924 0.6522244156017019 0.6662838612731646; 0.6776880125198012 0.6522244156017019 0.7602972825203924 0.6781046139126031; 0.6482992544825511 0.6662838612731646 0.6781046139126031 0.7607071701842639],[0.249417489165836 0.049348 0.049348 0.049348; 0.049348 0.249417489165836 0.049348 0.049348; 0.049348 0.049348 0.249417489165836 0.049348; 0.049348 0.049348 0.049348 0.2520449185025484],1
3,ugsc_16cu_xlpe/nyl/pvc_ug_2w_bundled,"[299.99889536806296, 8.851221231574755]",[2.0000017715868394],[0.7360976986584774 0.8200648998060724; 0.8200648998060724 0.8467832834464201],[0.13801663754228113 0.049348; 0.049348 3.0546387526008028],1
