{"32":{"Xc_est":0.2204674553298162,"Zc_est":0.23200284617328978,"Rc_est":0.07224556576636841},"29":{"Xc_est":0.10324729945346438,"Zc_est":0.10853003926232298,"Rc_est":0.03344793831984299},"1":{"Xc_est":0.15351129075962267,"Zc_est":0.16140717805218388,"Rc_est":0.04986542625992456},"54":{"Xc_est":0.10234315142131069,"Zc_est":0.10750300032826375,"Rc_est":0.032905538086063106},"2":{"Xc_est":0.17860961773915526,"Zc_est":0.18784127800114467,"Rc_est":0.0581631341330241},"41":{"Xc_est":0.09206271147479188,"Zc_est":0.09686679141253793,"Rc_est":0.030126938683997656},"51":{"Xc_est":0.10901182219660163,"Zc_est":0.11460799583874497,"Rc_est":0.035375349207467856},"53":{"Xc_est":0.10831178878301778,"Zc_est":0.1138290344097059,"Rc_est":0.035008648720979724},"27":{"Xc_est":0.1595337100140767,"Zc_est":0.1678178058052306,"Rc_est":0.05207505462720669},"42":{"Xc_est":0.18059123218108983,"Zc_est":0.1900500341660799,"Rc_est":0.05920998518699223},"33":{"Xc_est":0.09201715221975498,"Zc_est":0.09673238045634286,"Rc_est":0.02983281961392693},"28":{"Xc_est":0.1299014091130814,"Zc_est":0.13665217999867996,"Rc_est":0.04241983272983854},"50":{"Xc_est":0.17665601937858855,"Zc_est":0.18591217404890548,"Rc_est":0.05793088361920845},"52":{"Xc_est":0.04467902114174592,"Zc_est":0.04700544714818285,"Rc_est":0.01460469552630361},"26":{"Xc_est":0.1712269430862414,"Zc_est":0.180174203301563,"Rc_est":0.05607207412512937},"10":{"Xc_est":0.1499738252924768,"Zc_est":0.15770599057985926,"Rc_est":0.048775313345137024},"24":{"Xc_est":0.10629190975252226,"Zc_est":0.11180477142638343,"Rc_est":0.03467472905254642},"25":{"Xc_est":0.09284128957068961,"Zc_est":0.09750801193353945,"Rc_est":0.02980448526786917},"23":{"Xc_est":0.08966414915744449,"Zc_est":0.09432523229723738,"Rc_est":0.029284634260979603},"49":{"Xc_est":0.1471960889639302,"Zc_est":0.15488949437732524,"Rc_est":0.04820857664551219},"5":{"Xc_est":0.08832090331888118,"Zc_est":0.09292594292854779,"Rc_est":0.028890290862096997},"31":{"Xc_est":0.13953892247880886,"Zc_est":0.1468457877802257,"Rc_est":0.04574466638033394},"43":{"Xc_est":0.1345568311009005,"Zc_est":0.14147703272173867,"Rc_est":0.04370594915834291},"39":{"Xc_est":0.06778027442331053,"Zc_est":0.07126197599518345,"Rc_est":0.02200235491575438},"34":{"Xc_est":0.11759833830150311,"Zc_est":0.1237303051908392,"Rc_est":0.03846841888281137},"44":{"Xc_est":0.23756810200813308,"Zc_est":0.24990389191530743,"Rc_est":0.07754580648024065},"55":{"Xc_est":0.09668629812112509,"Zc_est":0.10170168588244326,"Rc_est":0.0315435043545273},"17":{"Xc_est":0.13541049727509874,"Zc_est":0.1423631737121754,"Rc_est":0.043946222330406355},"37":{"Xc_est":0.17808072035335606,"Zc_est":0.18734223649943593,"Rc_est":0.05817534370367206},"47":{"Xc_est":0.222892494800788,"Zc_est":0.23444411709444532,"Rc_est":0.07268410969169736},"9":{"Xc_est":0.018149628377678178,"Zc_est":0.019073237477714267,"Rc_est":0.005863393013730459},"12":{"Xc_est":0.16004035083432472,"Zc_est":0.1683401307127778,"Rc_est":0.05220618462616648},"20":{"Xc_est":0.16221037893884502,"Zc_est":0.1707031458076363,"Rc_est":0.053172896790935134},"6":{"Xc_est":0.10787112403312855,"Zc_est":0.11343292698189655,"Rc_est":0.03508346510123635},"14":{"Xc_est":0.11797560035229826,"Zc_est":0.1241232759623233,"Rc_est":0.038579079267575415},"7":{"Xc_est":0.14201947343322954,"Zc_est":0.1494321420518367,"Rc_est":0.04648047164077092},"8":{"Xc_est":0.10113701800202636,"Zc_est":0.10642610023946363,"Rc_est":0.033133342750742124},"19":{"Xc_est":0.0890232505977675,"Zc_est":0.0936575369109816,"Rc_est":0.02909630686597475},"4":{"Xc_est":0.1939899331615245,"Zc_est":0.20412823593254448,"Rc_est":0.06353142952051213},"22":{"Xc_est":0.07570085414262026,"Zc_est":0.07957492444819457,"Rc_est":0.024526501646455957},"11":{"Xc_est":0.036384113487956574,"Zc_est":0.038162958820750326,"Rc_est":0.011515542177847367},"35":{"Xc_est":0.1454502181355286,"Zc_est":0.15301910506652472,"Rc_est":0.047529786026104456},"13":{"Xc_est":0.1776200824397098,"Zc_est":0.18666319097448217,"Rc_est":0.05739558501214787},"15":{"Xc_est":0.01886172507175934,"Zc_est":0.01977788451171618,"Rc_est":0.005949793532228472},"16":{"Xc_est":0.16496125113703797,"Zc_est":0.17356852476416934,"Rc_est":0.0539797963326387},"40":{"Xc_est":0.15301652075930874,"Zc_est":0.1608938400269149,"Rc_est":0.04972697591169723},"21":{"Xc_est":0.19598038382510993,"Zc_est":0.2062335096571678,"Rc_est":0.06421798549686611},"38":{"Xc_est":0.04651375256432609,"Zc_est":0.04891661917604783,"Rc_est":0.015142868090264078},"46":{"Xc_est":0.12658817548527054,"Zc_est":0.1331560394837932,"Rc_est":0.04130332526952087},"45":{"Xc_est":0.18137033651218967,"Zc_est":0.19081462736500787,"Rc_est":0.05928762982192736},"36":{"Xc_est":0.17716387664968491,"Zc_est":0.18644116568960303,"Rc_est":0.05807985084479155},"48":{"Xc_est":0.10670939125057352,"Zc_est":0.11214187310810697,"Rc_est":0.0344805093223228},"18":{"Xc_est":0.09386437847470142,"Zc_est":0.09865578851430239,"Rc_est":0.03037174774254468},"30":{"Xc_est":0.2393566571898903,"Zc_est":0.2517478310968896,"Rc_est":0.07800872464583289},"3":{"Xc_est":0.03335036970753205,"Zc_est":0.03506872978761997,"Rc_est":0.010842907787490981}}