{"32":{"Xc_est":0.2192828766990651,"Zc_est":0.23383199976899025,"Rc_est":0.08119374423283893},"29":{"Xc_est":0.1020190759707704,"Zc_est":0.11582172440498777,"Rc_est":0.05483411330745777},"1":{"Xc_est":0.15628220412135113,"Zc_est":0.1747583262918549,"Rc_est":0.07820706670949087},"54":{"Xc_est":0.10142284837153073,"Zc_est":0.10627172363275877,"Rc_est":0.031734603701369046},"2":{"Xc_est":0.18125431883386742,"Zc_est":0.19978907937679505,"Rc_est":0.08403896799876856},"41":{"Xc_est":0.09032548198643015,"Zc_est":0.09501741895178446,"Rc_est":0.029489272764481857},"51":{"Xc_est":0.11144882823855799,"Zc_est":0.12533171649366867,"Rc_est":0.05733408971547155},"53":{"Xc_est":0.10946406655778179,"Zc_est":0.11488671850548625,"Rc_est":0.03487945271348668},"27":{"Xc_est":0.16233917447221094,"Zc_est":0.17062681355402787,"Rc_est":0.05253096168244066},"42":{"Xc_est":0.1842826247430816,"Zc_est":0.19593779928944915,"Rc_est":0.06656977848989008},"33":{"Xc_est":0.09481055652606554,"Zc_est":0.1094729088119369,"Rc_est":0.05472911597097456},"28":{"Xc_est":0.13039191056333527,"Zc_est":0.14156853640572353,"Rc_est":0.055132568956124686},"50":{"Xc_est":0.17200794845392248,"Zc_est":0.1827976656093076,"Rc_est":0.06187287144528681},"52":{"Xc_est":0.04263583530971274,"Zc_est":0.046108194932512274,"Rc_est":0.017554235596504986},"26":{"Xc_est":0.173585630548438,"Zc_est":0.1826735546841337,"Rc_est":0.05690040815353068},"10":{"Xc_est":0.15319484932811658,"Zc_est":0.16097166478190397,"Rc_est":0.04942888833458958},"24":{"Xc_est":0.10518366777993371,"Zc_est":0.11054812717913395,"Rc_est":0.03401888380259574},"25":{"Xc_est":0.09495131168711678,"Zc_est":0.09937972068086316,"Rc_est":0.02933559768442397},"23":{"Xc_est":0.08791058822850692,"Zc_est":0.09244166442330788,"Rc_est":0.028586531770562286},"49":{"Xc_est":0.15203972743186503,"Zc_est":0.16306318291868577,"Rc_est":0.05893660073347426},"5":{"Xc_est":0.0864171985518978,"Zc_est":0.09303984511527617,"Rc_est":0.03447434660028311},"31":{"Xc_est":0.1393415926770245,"Zc_est":0.14663205883014582,"Rc_est":0.04566049963587271},"43":{"Xc_est":0.13423972793739847,"Zc_est":0.14101412576355213,"Rc_est":0.04318193034305139},"39":{"Xc_est":0.06675104684539612,"Zc_est":0.07513184909700797,"Rc_est":0.03448322046705196},"34":{"Xc_est":0.11621264985229661,"Zc_est":0.12529708860275413,"Rc_est":0.04683994477616217},"44":{"Xc_est":0.2356242100121067,"Zc_est":0.24774451140072348,"Rc_est":0.07654132599683545},"55":{"Xc_est":0.0962427135986099,"Zc_est":0.10549578736620409,"Rc_est":0.043205337994179555},"17":{"Xc_est":0.13661491324760694,"Zc_est":0.15369633236723934,"Rc_est":0.07041965678338494},"37":{"Xc_est":0.1822992811611177,"Zc_est":0.19739356963093804,"Rc_est":0.07570464595904103},"47":{"Xc_est":0.22105873704165097,"Zc_est":0.23238597302050015,"Rc_est":0.07166781170256871},"9":{"Xc_est":0.018402868298601407,"Zc_est":0.021299550622617985,"Rc_est":0.01072405217768907},"12":{"Xc_est":0.1612574351569884,"Zc_est":0.16953523032867854,"Rc_est":0.05232813706972344},"20":{"Xc_est":0.1638526672305447,"Zc_est":0.1744028422847384,"Rc_est":0.05973821924389542},"6":{"Xc_est":0.10597092385352413,"Zc_est":0.11134265113245559,"Rc_est":0.03416649321827313},"14":{"Xc_est":0.11621264985960121,"Zc_est":0.12529708861455263,"Rc_est":0.04683994478960011},"7":{"Xc_est":0.142312484961468,"Zc_est":0.1527042947749098,"Rc_est":0.055369289924961894},"8":{"Xc_est":0.10270478035413479,"Zc_est":0.10962732067804819,"Rc_est":0.0383389818781947},"19":{"Xc_est":0.08718185266257023,"Zc_est":0.0942768523471899,"Rc_est":0.03588104589913374},"4":{"Xc_est":0.19213203024940848,"Zc_est":0.202144345007956,"Rc_est":0.06283008173586861},"22":{"Xc_est":0.07434210187851553,"Zc_est":0.08472319962237758,"Rc_est":0.040635851689581434},"11":{"Xc_est":0.03647596222662702,"Zc_est":0.03813711855125561,"Rc_est":0.01113301356480819},"35":{"Xc_est":0.14593948604315432,"Zc_est":0.1578678376777295,"Rc_est":0.060199008185367275},"13":{"Xc_est":0.1786646871257185,"Zc_est":0.187503679383676,"Rc_est":0.056890766884315096},"15":{"Xc_est":0.0187900721111032,"Zc_est":0.019633429362304996,"Rc_est":0.00569251601527493},"16":{"Xc_est":0.16603852159656993,"Zc_est":0.17785965341603022,"Rc_est":0.06375943584518115},"40":{"Xc_est":0.15622357121447686,"Zc_est":0.16413084383984475,"Rc_est":0.050330206601749375},"21":{"Xc_est":0.19477263424314778,"Zc_est":0.2078299860032905,"Rc_est":0.07250464834831555},"38":{"Xc_est":0.043872524241213635,"Zc_est":0.048145614022374585,"Rc_est":0.019829315830244724},"46":{"Xc_est":0.12766911334897632,"Zc_est":0.13954127619111462,"Rc_est":0.05632375393855748},"45":{"Xc_est":0.1858779322607365,"Zc_est":0.195446325623197,"Rc_est":0.06040414305394783},"36":{"Xc_est":0.17251102654996195,"Zc_est":0.1835856433943658,"Rc_est":0.06279836127799499},"48":{"Xc_est":0.10786101970442977,"Zc_est":0.11319814684185729,"Rc_est":0.03434852073599821},"18":{"Xc_est":0.09202425238172338,"Zc_est":0.0965937145058943,"Rc_est":0.02935783806125876},"30":{"Xc_est":0.23737590377185597,"Zc_est":0.2495120851520207,"Rc_est":0.07686976613340128},"3":{"Xc_est":0.03386141139611985,"Zc_est":0.03767247635350218,"Rc_est":0.016511217183112388}}