{"32":{"Xc_est":0.21721174926126843,"Zc_est":0.22855105288844008,"Rc_est":0.07109598975522027},"29":{"Xc_est":0.10372770652508452,"Zc_est":0.10904108628365095,"Rc_est":0.03362322704566812},"1":{"Xc_est":0.15462514448096065,"Zc_est":0.1625845670597497,"Rc_est":0.0502474490919518},"54":{"Xc_est":0.10279413887264706,"Zc_est":0.10771955215500094,"Rc_est":0.03220041816351024},"2":{"Xc_est":0.1797197160622882,"Zc_est":0.1890080664714555,"Rc_est":0.058522413225777385},"41":{"Xc_est":0.09209840682781288,"Zc_est":0.09685275926006548,"Rc_est":0.029972327838639214},"51":{"Xc_est":0.11012534564924134,"Zc_est":0.11578536182507576,"Rc_est":0.035758331317314485},"53":{"Xc_est":0.10924097470134533,"Zc_est":0.11461777160830922,"Rc_est":0.03469355869256663},"27":{"Xc_est":0.16047680514710713,"Zc_est":0.16868391425901563,"Rc_est":0.05197555136331264},"42":{"Xc_est":0.18238301324344908,"Zc_est":0.1919133276644102,"Rc_est":0.05972572155668906},"33":{"Xc_est":0.09257015869586177,"Zc_est":0.0973207201241081,"Rc_est":0.030034784575520893},"28":{"Xc_est":0.12928637773856605,"Zc_est":0.13599766358171736,"Rc_est":0.0421947512248477},"50":{"Xc_est":0.17771838010809904,"Zc_est":0.18700775432545874,"Rc_est":0.05820719499859415},"52":{"Xc_est":0.044652522535575216,"Zc_est":0.04697431106134744,"Rc_est":0.014585545272569554},"26":{"Xc_est":0.17344197541399972,"Zc_est":0.18240018285294293,"Rc_est":0.05645978984442405},"10":{"Xc_est":0.15161667583894453,"Zc_est":0.15926092666411923,"Rc_est":0.0487486037693632},"24":{"Xc_est":0.10632618632736508,"Zc_est":0.11175070749316128,"Rc_est":0.03439422518825703},"25":{"Xc_est":0.09272361609902166,"Zc_est":0.09718403915651551,"Rc_est":0.029104440972064553},"23":{"Xc_est":0.08968409626195797,"Zc_est":0.09427881247444939,"Rc_est":0.029073310084478672},"49":{"Xc_est":0.14892459563219457,"Zc_est":0.15669368817990809,"Rc_est":0.04872757670159275},"5":{"Xc_est":0.08829237287379091,"Zc_est":0.09288845738356064,"Rc_est":0.02885692997207135},"31":{"Xc_est":0.13888437064722126,"Zc_est":0.14610317892587477,"Rc_est":0.045357143672981},"43":{"Xc_est":0.13378447794342996,"Zc_est":0.14049177421027126,"Rc_est":0.04289116554902354},"39":{"Xc_est":0.06786239340200237,"Zc_est":0.07135143408860972,"Rc_est":0.022039117683180558},"34":{"Xc_est":0.1179462654780904,"Zc_est":0.12408303580509088,"Rc_est":0.03853930765308694},"44":{"Xc_est":0.234030918654413,"Zc_est":0.24598930842990196,"Rc_est":0.07576456279549805},"55":{"Xc_est":0.09740107139436274,"Zc_est":0.10244431371918573,"Rc_est":0.03174694795764152},"17":{"Xc_est":0.1348039356243874,"Zc_est":0.14173137428632177,"Rc_est":0.043768497772546974},"37":{"Xc_est":0.17987932539099635,"Zc_est":0.18922406426489588,"Rc_est":0.058729675580625335},"47":{"Xc_est":0.2194682256319005,"Zc_est":0.23063901935817407,"Rc_est":0.07090878075728994},"9":{"Xc_est":0.018151230073945382,"Zc_est":0.019077182621157335,"Rc_est":0.005871264221927698},"12":{"Xc_est":0.16102431095798656,"Zc_est":0.16923642755319204,"Rc_est":0.052078207452565674},"20":{"Xc_est":0.16330933514053272,"Zc_est":0.17184012555327424,"Rc_est":0.053470457321049915},"6":{"Xc_est":0.1079158673602632,"Zc_est":0.11335514628009462,"Rc_est":0.03469228675172231},"14":{"Xc_est":0.11794626550432527,"Zc_est":0.12408303583246241,"Rc_est":0.03853930766092407},"7":{"Xc_est":0.14140091756365816,"Zc_est":0.1487678508546761,"Rc_est":0.04623477003376028},"8":{"Xc_est":0.10224032998163307,"Zc_est":0.10757606777932203,"Rc_est":0.03345930788447469},"19":{"Xc_est":0.08899544016013372,"Zc_est":0.09362198649165232,"Rc_est":0.029066956933039727},"4":{"Xc_est":0.19054594501884817,"Zc_est":0.20040978391229775,"Rc_est":0.06209931017851944},"22":{"Xc_est":0.07568024613556926,"Zc_est":0.0795590396370021,"Rc_est":0.024538564196417978},"11":{"Xc_est":0.03632619440185937,"Zc_est":0.037969705933734506,"Rc_est":0.01105016601561236},"35":{"Xc_est":0.1448338246279967,"Zc_est":0.15236060114393754,"Rc_est":0.047296046606124645},"13":{"Xc_est":0.1784298759138295,"Zc_est":0.1872009257276362,"Rc_est":0.05663008012231104},"15":{"Xc_est":0.018787257799266325,"Zc_est":0.019625536004328422,"Rc_est":0.005674557942350914},"16":{"Xc_est":0.16606302737007703,"Zc_est":0.17471309661959475,"Rc_est":0.05429306651030953},"40":{"Xc_est":0.1546449649873501,"Zc_est":0.16241892088620583,"Rc_est":0.04964716171042261},"21":{"Xc_est":0.19243399388445334,"Zc_est":0.2024803244532774,"Rc_est":0.06298761615097577},"38":{"Xc_est":0.04648913482268293,"Zc_est":0.04889052600486866,"Rc_est":0.01513419560039938},"46":{"Xc_est":0.1265958316990054,"Zc_est":0.133153191078645,"Rc_est":0.04127066380449012},"45":{"Xc_est":0.18309003534327245,"Zc_est":0.19250253705720607,"Rc_est":0.059458100637846206},"36":{"Xc_est":0.17810957725445561,"Zc_est":0.18741589353864996,"Rc_est":0.058324057138797195},"48":{"Xc_est":0.10763823101567735,"Zc_est":0.11293008548881883,"Rc_est":0.034164534715514616},"18":{"Xc_est":0.0937977590940415,"Zc_est":0.09843129839963873,"Rc_est":0.02984461247151445},"30":{"Xc_est":0.23578261181996293,"Zc_est":0.2477571086325995,"Rc_est":0.07609300126386387},"3":{"Xc_est":0.03342556152489989,"Zc_est":0.03514848276319258,"Rc_est":0.010869575764471139}}