linecode_id,linecode_name,A_p_est,dist_est,x_est,r_est,scenario_id
5,ugsc_25cu_xlpe/nyl/pvc_ug_2w_bundled,"[17.855872015697297, 6.710710434887873]",[5.146669999301454],[0.8247362579424726 0.7606759779769025; 0.7606759779769025 0.8554808225041279],[1.5172296854118281 0.049348; 0.049348 3.9550905831751875],1
2,uglv_120cu_xlpe/nyl/pvc_ug_4w_bundled,"[138.24636959862505, 138.24636959862505, 138.24636959862505, 134.107816357094]","[24.94766775123492, 17.428967318127018, 27.692848870473107, 31.421210896429383, 25.45526226353029, 17.822611321446008]",[0.7604369748632026 0.6615000367302334 0.6840345281028575 0.6470045165034597; 0.6615000367302334 0.7604369748632026 0.6549407607499287 0.6602344651989138; 0.6840345281028575 0.6549407607499287 0.7604369748632026 0.6826312168699398; 0.6470045165034597 0.6602344651989138 0.6826312168699398 0.7613918109098123],[0.2503090859361513 0.049348 0.049348 0.049348; 0.049348 0.2503090859361513 0.049348 0.049348; 0.049348 0.049348 0.2503090859361513 0.049348; 0.049348 0.049348 0.049348 0.25651072411217],1
3,ugsc_16cu_xlpe/nyl/pvc_ug_2w_bundled,"[299.9965245007577, 12.190040808997752]",[2.0000055128514314],[0.7360979469375889 0.8200647822707181; 0.8200647822707181 0.8367281575516801],[0.13801733828897844 0.049348; 0.049348 2.231497652595179],1
