{"32":{"Xc_est":0.22637394185423862,"Zc_est":0.24011429233935902,"Rc_est":0.08006067595895601},"29":{"Xc_est":0.10288183006686764,"Zc_est":0.11318454563712885,"Rc_est":0.047181250652939155},"1":{"Xc_est":0.1541376340167196,"Zc_est":0.16835420937199555,"Rc_est":0.06771063131442152},"54":{"Xc_est":0.09993590547613382,"Zc_est":0.1047707249046897,"Rc_est":0.03145980918123013},"2":{"Xc_est":0.17912772002387417,"Zc_est":0.19395812921532765,"Rc_est":0.07438424435159831},"41":{"Xc_est":0.09044888454132856,"Zc_est":0.09512053165425942,"Rc_est":0.02944341738688609},"51":{"Xc_est":0.10936778476066465,"Zc_est":0.11988579635213059,"Rc_est":0.04910490630812217},"53":{"Xc_est":0.10757479221519199,"Zc_est":0.11286844817265025,"Rc_est":0.03416065972373053},"27":{"Xc_est":0.1604411117187013,"Zc_est":0.16858244270133121,"Rc_est":0.051756059139146555},"42":{"Xc_est":0.18364957202941562,"Zc_est":0.19449941562927087,"Rc_est":0.06405355082694746},"33":{"Xc_est":0.09378358322365422,"Zc_est":0.10438169724573734,"Rc_est":0.04582770164030367},"28":{"Xc_est":0.12970950186909533,"Zc_est":0.13915094535805161,"Rc_est":0.050382841512866525},"50":{"Xc_est":0.1720659463938328,"Zc_est":0.18217174006789583,"Rc_est":0.0598318725342911},"52":{"Xc_est":0.04326133503024442,"Zc_est":0.046283351375858886,"Rc_est":0.016450091366985345},"26":{"Xc_est":0.17300899388764013,"Zc_est":0.18201454512773407,"Rc_est":0.05654363511521383},"10":{"Xc_est":0.1526223557191038,"Zc_est":0.16032545949096091,"Rc_est":0.049098569182198085},"24":{"Xc_est":0.10658149108565934,"Zc_est":0.11198240686379554,"Rc_est":0.034357607672335984},"25":{"Xc_est":0.09491998187436658,"Zc_est":0.0992912322664436,"Rc_est":0.02913667527290597},"23":{"Xc_est":0.08803450169669236,"Zc_est":0.0925463664373914,"Rc_est":0.028543938967476035},"49":{"Xc_est":0.15146261611668496,"Zc_est":0.16130165496472193,"Rc_est":0.05547341537572683},"5":{"Xc_est":0.08701255129015828,"Zc_est":0.09285392087413943,"Rc_est":0.03241398679086733},"31":{"Xc_est":0.13877043008903286,"Zc_est":0.14598913540786246,"Rc_est":0.04533867433042174},"43":{"Xc_est":0.13367029330731653,"Zc_est":0.14037692798676032,"Rc_est":0.04287113945460355},"39":{"Xc_est":0.06676276158199063,"Zc_est":0.07315880661368365,"Rc_est":0.02991562553390184},"34":{"Xc_est":0.11677965343363446,"Zc_est":0.124730387642022,"Rc_est":0.04381988298990886},"44":{"Xc_est":0.24279679926318848,"Zc_est":0.25522475625042174,"Rc_est":0.07867267931523707},"55":{"Xc_est":0.09599618731580425,"Zc_est":0.10347422265447441,"Rc_est":0.038621843233807046},"17":{"Xc_est":0.13580959762546416,"Zc_est":0.14882065366454453,"Rc_est":0.060855074972855236},"37":{"Xc_est":0.18157641961931023,"Zc_est":0.1944713085514764,"Rc_est":0.06963543414064209},"47":{"Xc_est":0.22823376031583545,"Zc_est":0.23987342403430215,"Rc_est":0.07381470185561884},"9":{"Xc_est":0.018356936824267582,"Zc_est":0.02044899154631766,"Rc_est":0.009010223398519038},"12":{"Xc_est":0.15935937254517285,"Zc_est":0.16749073305422865,"Rc_est":0.05155323502023608},"20":{"Xc_est":0.16189989157388537,"Zc_est":0.1715901570778473,"Rc_est":0.05684722609208359},"6":{"Xc_est":0.10721467145893589,"Zc_est":0.1126215030847897,"Rc_est":0.03447632783562851},"14":{"Xc_est":0.11677965344595015,"Zc_est":0.12473038765921377,"Rc_est":0.04381988300602282},"7":{"Xc_est":0.14166211001608353,"Zc_est":0.15088603172460996,"Rc_est":0.05194652207213731},"8":{"Xc_est":0.10077355266855982,"Zc_est":0.10700158571982993,"Rc_est":0.0359726344478009},"19":{"Xc_est":0.08776644677789264,"Zc_est":0.09390705605368531,"Rc_est":0.03340038916918983},"4":{"Xc_est":0.199310931403466,"Zc_est":0.20964272576264614,"Rc_est":0.06500173142520838},"22":{"Xc_est":0.07484606070685068,"Zc_est":0.08258560767516407,"Rc_est":0.03490630017264136},"11":{"Xc_est":0.03647108431914748,"Zc_est":0.03812337312020432,"Rc_est":0.011101873114387144},"35":{"Xc_est":0.14525504756303675,"Zc_est":0.1554797273539218,"Rc_est":0.055451932117012666},"13":{"Xc_est":0.17676514781664232,"Zc_est":0.1854557908748176,"Rc_est":0.05610644246755149},"15":{"Xc_est":0.018787607389912222,"Zc_est":0.019626513963514114,"Rc_est":0.005676782444530538},"16":{"Xc_est":0.1645825320187665,"Zc_est":0.1753008926003827,"Rc_est":0.06035721250010315},"40":{"Xc_est":0.1556506987586126,"Zc_est":0.1634835983949688,"Rc_est":0.04999746913717807},"21":{"Xc_est":0.20176215123796806,"Zc_est":0.21404884726884843,"Rc_est":0.07147687279778059},"38":{"Xc_est":0.04419251464929724,"Zc_est":0.04759361935900443,"Rc_est":0.017668453601304476},"46":{"Xc_est":0.12698661324135643,"Zc_est":0.13678677046113372,"Rc_est":0.05084309816166831},"45":{"Xc_est":0.18529993311475584,"Zc_est":0.19478374563389858,"Rc_est":0.06003867379313369},"36":{"Xc_est":0.17260036321371303,"Zc_est":0.18290680781891727,"Rc_est":0.06053110741594507},"48":{"Xc_est":0.10597200709727407,"Zc_est":0.1111806513718667,"Rc_est":0.033631398294567794},"18":{"Xc_est":0.09214816522187297,"Zc_est":0.09669885132318783,"Rc_est":0.029315243363587908},"30":{"Xc_est":0.2445484927357621,"Zc_est":0.2569924941431493,"Rc_est":0.0790011186413429},"3":{"Xc_est":0.03380655839141946,"Zc_est":0.03679589318126044,"Rc_est":0.014527710237139065}}