linecode_id,linecode_name,A_p_est,dist_est,x_est,r_est,scenario_id
3,uglv_120cu_xlpe/nyl/pvc_ug_4w_bundled,"[138.57580800583065, 138.57580800583065, 138.57580800583065, 135.8706443851072]","[25.321425034225584, 29.593046434372052, 19.015695070360728, 23.980957701788764, 31.648958646605898, 19.17431125696919]",[0.7603622002047825 0.6605656912285576 0.6507709025266328 0.6639831733672307; 0.6605656912285576 0.7603622002047825 0.6785599078260585 0.646550739101531; 0.6507709025266328 0.6785599078260585 0.7603622002047825 0.6780379791592499; 0.6639831733672307 0.646550739101531 0.6780379791592499 0.7609815426814213],[0.24983133804484314 0.049348 0.049348 0.049348; 0.049348 0.24983133804484314 0.049348 0.049348; 0.049348 0.049348 0.24983133804484314 0.049348; 0.049348 0.049348 0.049348 0.25382293045315557],1
5,ugsc_16cu_xlpe/nyl/pvc_ug_2w_bundled,"[183.22449511447198, 8.970718108747004]",[2.546714333081128],[0.7515878802924775 0.8048811722030994; 0.8048811722030994 0.8463619858444319],[0.19452778777813784 0.049348; 0.049348 3.0146059641911136],1
8,ugsc_25cu_xlpe/nyl/pvc_ug_2w_bundled,"[151.63127031637495, 7.841624841283265]",[7.446884817399117],[0.7575336859532922 0.7374629534288867; 0.7374629534288867 0.8505880556881452],[0.22220355581122864 0.049348; 0.049348 3.3918067428503385],1
