linecode_id,linecode_name,A_p_est,dist_est,x_est,r_est,scenario_id
3,uglv_120cu_xlpe/nyl/pvc_ug_4w_bundled,"[138.78588682055835, 138.78588682055835, 138.78588682055835, 133.3414338696433]","[31.247747860927, 32.49424136244313, 17.496705906117523, 28.647574190382507, 33.16074734971262, 18.88995038159415]",[0.7603146100910164 0.6473523460349189 0.6448946359341635 0.6528110982121241; 0.6473523460349189 0.7603146100910164 0.6837908015885495 0.643618896079806; 0.6448946359341635 0.6837908015885495 0.7603146100910164 0.678976775507485; 0.6528110982121241 0.643618896079806 0.678976775507485 0.7615718580634715],[0.24952786841263502 0.049348 0.049348 0.049348; 0.049348 0.24952786841263502 0.049348 0.049348; 0.049348 0.049348 0.24952786841263502 0.049348; 0.049348 0.049348 0.049348 0.25770139590266056],1
5,ugsc_16cu_xlpe/nyl/pvc_ug_2w_bundled,"[299.9976767614175, 12.101145051891269]",[2.000003699677799],[0.7360978262716944 0.8200648392332497; 0.8200648392332497 0.8369580978756095],[0.13801699771904025 0.049348; 0.049348 2.247527858386058],1
8,ugsc_25cu_xlpe/nyl/pvc_ug_2w_bundled,"[25.834156064019503, 6.00007145730016]",[2.000019682906741],[0.8131322847076311 0.8200643371070645; 0.8200643371070645 0.858997323571543],[1.0639082373829438 0.049348; 0.049348 4.417680559941452],1
