{"24":{"Xc_est":0.20805202482149326,"Zc_est":0.21963037299626134,"Rc_est":0.070369423119375},"4":{"Xc_est":0.04665962269517117,"Zc_est":0.0488460224819205,"Rc_est":0.01445038138765031},"1":{"Xc_est":0.24077206304007903,"Zc_est":0.25167183517205105,"Rc_est":0.07326340340369296},"12":{"Xc_est":0.1252593032437674,"Zc_est":0.13004790367281777,"Rc_est":0.03496518555049303},"29":{"Xc_est":0.23351221424932533,"Zc_est":0.2435970515393128,"Rc_est":0.06936547639152923},"20":{"Xc_est":0.07440248260519348,"Zc_est":0.0809314421406795,"Rc_est":0.03184601873317973},"2":{"Xc_est":0.2592516365010663,"Zc_est":0.2720331579396216,"Rc_est":0.08240526676203451},"6":{"Xc_est":0.09252932635858924,"Zc_est":0.09822323704489302,"Rc_est":0.03295645701835874},"25":{"Xc_est":0.1930861821506404,"Zc_est":0.20172660370818846,"Rc_est":0.05840675394276099},"23":{"Xc_est":0.23306807264538146,"Zc_est":0.24139266496569495,"Rc_est":0.06284657677715982},"22":{"Xc_est":0.21059713628911841,"Zc_est":0.21980191668299678,"Rc_est":0.0629422653257852},"11":{"Xc_est":0.2498204418105985,"Zc_est":0.26041549969220673,"Rc_est":0.07352536523880102},"13":{"Xc_est":0.26448512105164557,"Zc_est":0.27614157885092505,"Rc_est":0.07938382903701525},"5":{"Xc_est":0.09691984721865807,"Zc_est":0.10119676820597383,"Rc_est":0.02910891805693874},"15":{"Xc_est":0.16069209978997034,"Zc_est":0.1661554673886743,"Rc_est":0.04225740654889996},"27":{"Xc_est":0.12161331371787906,"Zc_est":0.12609395773519178,"Rc_est":0.03331498317395726},"28":{"Xc_est":0.1619813781309325,"Zc_est":0.1678788021729711,"Rc_est":0.04410584267231982},"16":{"Xc_est":0.247841886942723,"Zc_est":0.25981160799593467,"Rc_est":0.07795172048199928},"14":{"Xc_est":0.08312448715624333,"Zc_est":0.08632248101732434,"Rc_est":0.023278538699795095},"21":{"Xc_est":0.06835211016446638,"Zc_est":0.07645014834076498,"Rc_est":0.03424345510297733},"7":{"Xc_est":0.026384526081635475,"Zc_est":0.03313208878563625,"Rc_est":0.020039762741778676},"8":{"Xc_est":0.2119801542766729,"Zc_est":0.2233682123908341,"Rc_est":0.07041145147995975},"26":{"Xc_est":0.12043132146477958,"Zc_est":0.12968518833183038,"Rc_est":0.04810971713603429},"17":{"Xc_est":0.19724568508941442,"Zc_est":0.2060096619583975,"Rc_est":0.05944846956668247},"10":{"Xc_est":0.21623020505751325,"Zc_est":0.2257321328294058,"Rc_est":0.064803504631295},"19":{"Xc_est":0.052385953526329555,"Zc_est":0.057325324576883135,"Rc_est":0.023278846856797743},"9":{"Xc_est":0.11429406139124942,"Zc_est":0.1187678360449534,"Rc_est":0.03229034545331221},"18":{"Xc_est":0.0995542014123676,"Zc_est":0.10547916457985772,"Rc_est":0.03485419833550124},"30":{"Xc_est":0.27636615174560664,"Zc_est":0.2867150833750628,"Rc_est":0.07633668321386203},"3":{"Xc_est":0.03462067935088345,"Zc_est":0.03877352224707046,"Rc_est":0.01745836729844403}}