linecode_id,linecode_name,A_p_est,dist_est,x_est,r_est,scenario_id
11,uglv_240al_xlpe/nyl/pvc_ug_4w_bundled,"[300.00000294917174, 300.00000294917174, 300.00000294917174, 272.25599013370794]","[21.959398925695957, 16.954510110095324]",[0.7360975826723707 0.669516463481004 0.669516463481004 0.6449180205635718; 0.669516463481004 0.7360975826723707 0.6477405516565327 0.6666333687970452; 0.669516463481004 0.6477405516565327 0.7360975826723707 0.6666333687970452; 0.6449180205635718 0.6666333687970452 0.6666333687970452 0.7391461825343658],[0.1929363757763577 0.049348 0.049348 0.049348; 0.049348 0.1929363757763577 0.049348 0.049348; 0.049348 0.049348 0.1929363757763577 0.049348; 0.049348 0.049348 0.049348 0.20756862587206523],1
9,uglv_185al_xlpe/nyl/pvc_ug_2w_bundled,"[41.70890517719978, 41.70887754943099]",[99.99995008592211],[0.7980834814648086 0.57426475734718; 0.57426475734718 0.7980835022746158],[1.1442108568435092 0.049348; 0.049348 1.1442115820756338],1
8,ugsc_16al_xlpe/pvc_ug_2w_bundled,"[150.36696887942762, 7.994160766628076]",[6.377183658204639],[0.7577967307054291 0.7472062634525868; 0.7472062634525868 0.8499828167737143],[0.34298429605393466 0.049348; 0.049348 5.572529366946182],1
