{"24":{"Xc_est":0.20805202006388027,"Zc_est":0.21963036782231082,"Rc_est":0.07036942103714018},"4":{"Xc_est":0.04665962065348507,"Zc_est":0.04884601931616883,"Rc_est":0.014450377279102714},"1":{"Xc_est":0.24077209303375033,"Zc_est":0.25167186606553904,"Rc_est":0.07326341095702352},"12":{"Xc_est":0.12525930229311208,"Zc_est":0.1300479018213991,"Rc_est":0.0349651820700397},"29":{"Xc_est":0.2335122440519907,"Zc_est":0.2435970822099732,"Rc_est":0.06936548377266594},"20":{"Xc_est":0.07440248237498258,"Zc_est":0.08093144216604341,"Rc_est":0.031846019335484234},"2":{"Xc_est":0.25925166629413376,"Zc_est":0.27203318846747726,"Rc_est":0.08240527380876239},"6":{"Xc_est":0.09252932501267846,"Zc_est":0.0982232355046258,"Rc_est":0.03295645620656597},"25":{"Xc_est":0.19308617740528614,"Zc_est":0.20172659868690634,"Rc_est":0.058406752287749504},"23":{"Xc_est":0.23306809841975884,"Zc_est":0.24139269070103747,"Rc_est":0.06284658004127472},"22":{"Xc_est":0.21059713154384685,"Zc_est":0.21980191166334362,"Rc_est":0.06294226367365552},"11":{"Xc_est":0.2498204716134383,"Zc_est":0.26041553036821163,"Rc_est":0.07352537262602782},"13":{"Xc_est":0.26448515085141133,"Zc_est":0.2761416094856536,"Rc_est":0.0793838363171836},"5":{"Xc_est":0.09691984524090681,"Zc_est":0.10119676447692194,"Rc_est":0.029108911677977325},"15":{"Xc_est":0.1606920950562933,"Zc_est":0.16615546249323485,"Rc_est":0.04225740530084601},"27":{"Xc_est":0.12161331049253987,"Zc_est":0.1260939537170344,"Rc_est":0.0333149797394311},"28":{"Xc_est":0.16198137339495236,"Zc_est":0.16787879725438007,"Rc_est":0.04410584134400187},"16":{"Xc_est":0.24784191673802344,"Zc_est":0.25981163855610856,"Rc_est":0.07795172760646582},"14":{"Xc_est":0.08312448556402349,"Zc_est":0.08632247873562603,"Rc_est":0.023278535924302804},"21":{"Xc_est":0.06835210950186481,"Zc_est":0.07645014764955442,"Rc_est":0.03424345488241153},"7":{"Xc_est":0.026384526061624804,"Zc_est":0.033132088347893315,"Rc_est":0.020039762044396874},"8":{"Xc_est":0.21198014952056565,"Zc_est":0.22336820723737655,"Rc_est":0.07041144945020114},"26":{"Xc_est":0.12043132010691515,"Zc_est":0.12968518661516037,"Rc_est":0.04810971590764915},"17":{"Xc_est":0.19724568034413412,"Zc_est":0.20600965693814416,"Rc_est":0.05944846791424916},"10":{"Xc_est":0.2162302348602279,"Zc_est":0.2257321634970894,"Rc_est":0.06480351201414461},"19":{"Xc_est":0.05238595217911434,"Zc_est":0.057325322997874684,"Rc_est":0.02327884600013938},"9":{"Xc_est":0.1142940596524378,"Zc_est":0.1187678332445257,"Rc_est":0.032290341307648844},"18":{"Xc_est":0.09955420006637071,"Zc_est":0.10547916304023025,"Rc_est":0.034854197520707716},"30":{"Xc_est":0.27636617742689157,"Zc_est":0.28671510810442924,"Rc_est":0.07633668312012527},"3":{"Xc_est":0.034620678005443106,"Zc_est":0.03877352068786166,"Rc_est":0.0174583665036413}}