linecode_id,linecode_name,A_p_est,dist_est,x_est,r_est,scenario_id
11,uglv_240al_xlpe/nyl/pvc_ug_4w_bundled,"[300.0000029491718, 300.0000029491718, 300.0000029491718, 272.2560069750948]","[21.95939773310025, 16.95451422715299]",[0.7360975826723707 0.6695164668933549 0.6695164668933549 0.6449180142309491; 0.6695164668933549 0.7360975826723707 0.6477405550688836 0.6666333620559389; 0.6695164668933549 0.6477405550688836 0.7360975826723707 0.6666333620559389; 0.6449180142309491 0.6666333620559389 0.6666333620559389 0.7391461805910148],[0.19293637577635767 0.049348 0.049348 0.049348; 0.049348 0.19293637577635767 0.049348 0.049348; 0.049348 0.049348 0.19293637577635767 0.049348; 0.049348 0.049348 0.049348 0.20756861608475216],1
9,uglv_185al_xlpe/nyl/pvc_ug_2w_bundled,"[41.70890328445739, 41.708875655547594]",[99.99995008384019],[0.7980834828904608 0.574264757348488; 0.574264757348488 0.7980835037011283],[1.1442109065281851 0.049348; 0.049348 1.1442116317903268],1
8,ugsc_16al_xlpe/pvc_ug_2w_bundled,"[150.36684858851058, 7.994161827868912]",[6.377264000720862],[0.7577967558377053 0.7472054718728784; 0.7472054718728784 0.8499828126031784],[0.34298453095796877 0.049348; 0.049348 5.572528633732902],1
