{"32":{"length_est":14.036154935543491,"length_true":20.051664},"29":{"length_est":3.676460271050357,"length_true":5.2521},"1":{"length_est":0.14852199126181378,"length_true":0.11424},"54":{"length_est":8.42179981639065,"length_true":6.4783},"2":{"length_est":13.750519494183559,"length_true":13.996288},"41":{"length_est":6.316839885609121,"length_true":4.8591},"53":{"length_est":20.625665718034277,"length_true":29.465251},"51":{"length_est":8.281326065546516,"length_true":11.830480000000001},"27":{"length_est":13.893291989610361,"length_true":10.68714},"42":{"length_est":4.916257903480537,"length_true":4.212621},"33":{"length_est":1.7639900122700496,"length_true":2.52},"28":{"length_est":9.833262615771334,"length_true":12.29249},"52":{"length_est":6.863374357266375,"length_true":9.6487},"50":{"length_est":5.301539967309069,"length_true":4.0781},"26":{"length_est":10.499990030870677,"length_true":15.0},"10":{"length_est":5.514520151913081,"length_true":7.8779},"24":{"length_est":7.293220079298873,"length_true":10.4189},"25":{"length_est":10.211590021886053,"length_true":14.588000000000001},"23":{"length_est":5.382139513245002,"length_true":4.1401},"49":{"length_est":15.881836989433577,"length_true":12.21679},"5":{"length_est":16.93802199182129,"length_true":13.029240000000001},"31":{"length_est":5.707009922549213,"length_true":4.39},"43":{"length_est":8.339328005733199,"length_true":11.91334},"39":{"length_est":35.12732003871756,"length_true":50.1819},"34":{"length_est":8.692835019055035,"length_true":12.41835},"44":{"length_est":8.966626017409853,"length_true":12.809479999999999},"55":{"length_est":9.705508478295897,"length_true":12.23632},"17":{"length_est":12.203860163125245,"length_true":17.4341},"37":{"length_est":17.156493322504083,"length_true":16.546871},"47":{"length_est":5.792000040006176,"length_true":8.2743},"9":{"length_est":19.764039834759615,"length_true":15.2031},"12":{"length_est":9.369070039449099,"length_true":13.3844},"20":{"length_est":17.693399992442078,"length_true":13.610299999999999},"6":{"length_est":8.72731002275936,"length_true":12.467600000000001},"14":{"length_est":5.6674001940084064,"length_true":8.0963},"7":{"length_est":10.759480006187426,"length_true":15.370700000000001},"57":{"length_est":15.457919981279954,"length_true":11.8907},"8":{"length_est":10.368180045544369,"length_true":14.8117},"19":{"length_est":7.549239808279247,"length_true":5.8071},"4":{"length_est":8.287437008835605,"length_true":11.83921},"22":{"length_est":9.308674006097283,"length_true":13.298119999999997},"11":{"length_est":16.16136169278782,"length_true":12.431809},"35":{"length_est":15.350604926001077,"length_true":11.80815},"13":{"length_est":12.40738506819748,"length_true":12.8793},"15":{"length_est":7.938329862795551,"length_true":6.1064},"16":{"length_est":32.208219495964144,"length_true":27.150599999999997},"40":{"length_est":25.668639987496032,"length_true":19.7451},"46":{"length_est":5.103481417110178,"length_true":7.2907},"21":{"length_est":13.828811938877516,"length_true":10.637540000000001},"38":{"length_est":12.838328802118287,"length_true":9.87563},"45":{"length_est":6.361689857839477,"length_true":4.8936},"56":{"length_est":6.481549920986997,"length_true":4.9858},"36":{"length_est":52.13980276838884,"length_true":59.543393},"48":{"length_est":15.530170301385878,"length_true":11.9463},"18":{"length_est":14.319470008778298,"length_true":20.456400000000002},"30":{"length_est":12.533749012394592,"length_true":17.905369999999998},"3":{"length_est":10.328462005562196,"length_true":14.754960000000002}}