linecode_id,linecode_name,A_p_est,dist_est,x_est,r_est,scenario_id
11,uglv_240al_xlpe/nyl/pvc_ug_4w_bundled,"[300.0000029444426, 300.0000029444426, 300.0000029444426, 270.55424996973903]","[18.852093434695686, 16.218161190508873]",[0.736097582672866 0.6791028221252471 0.6791028221252471 0.6508653330614459; 0.6791028221252471 0.736097582672866 0.657326910300776 0.6723426235564095; 0.6791028221252471 0.657326910300776 0.736097582672866 0.6723426235564095; 0.6508653330614459 0.6723426235564095 0.6723426235564095 0.7393431649794038],[0.1929363757786212 0.049348 0.049348 0.049348; 0.049348 0.1929363757786212 0.049348 0.049348; 0.049348 0.049348 0.1929363757786212 0.049348; 0.049348 0.049348 0.049348 0.20856380666794963],1
9,uglv_185al_xlpe/nyl/pvc_ug_2w_bundled,"[26.780989429288848, 26.780962013407926]",[99.99996184288348],[0.8120014723431334 0.5742647499600426; 0.5742647499600426 0.8120015045039225],[1.7544952724223621 0.049348; 0.049348 1.7544970179950026],1
8,ugsc_16al_xlpe/pvc_ug_2w_bundled,"[130.83389241594247, 6.801588662391949]",[22.30247491729363],[0.7621682747645124 0.6685424160430157; 0.6685424160430157 0.8550582336576773],[0.3868232441839925 0.049348; 0.049348 6.540949004151994],1
