{"24":{"Xc_est":0.17831131302609285,"Zc_est":0.20286687769255496,"Rc_est":0.0967473292222415},"4":{"Xc_est":0.03742021876110177,"Zc_est":0.06159361082672771,"Rc_est":0.04892341078201391},"1":{"Xc_est":0.2104098821361046,"Zc_est":0.22648571802918788,"Rc_est":0.08380609745518144},"12":{"Xc_est":0.10383369536337962,"Zc_est":0.126299573888036,"Rc_est":0.07190372779963734},"29":{"Xc_est":0.2040400290818834,"Zc_est":0.21888953611589576,"Rc_est":0.07924831577577035},"20":{"Xc_est":0.06307905881044842,"Zc_est":0.08510656211031549,"Rc_est":0.05713282116108898},"2":{"Xc_est":0.2300009516595387,"Zc_est":0.2532205319512768,"Rc_est":0.10592544565586741},"6":{"Xc_est":0.0820704758044957,"Zc_est":0.09558319235795862,"Rc_est":0.04899575147461468},"25":{"Xc_est":0.1630624932118667,"Zc_est":0.17642860366961116,"Rc_est":0.06736227059963659},"23":{"Xc_est":0.2068793699575577,"Zc_est":0.23071573818647192,"Rc_est":0.10213069143451751},"22":{"Xc_est":0.1805715387343711,"Zc_est":0.19431543011893243,"Rc_est":0.07178026038826577},"11":{"Xc_est":0.22136512196196184,"Zc_est":0.2378677070024431,"Rc_est":0.08705474607030844},"13":{"Xc_est":0.23507981380176063,"Zc_est":0.2529488579079098,"Rc_est":0.09338418420613571},"5":{"Xc_est":0.08810316633982478,"Zc_est":0.1356916584929202,"Rc_est":0.10319911949942426},"15":{"Xc_est":0.13039885696442652,"Zc_est":0.13491551949369407,"Rc_est":0.0346169828642586},"27":{"Xc_est":0.10223957683035946,"Zc_est":0.12143157191774161,"Rc_est":0.06551866595072488},"28":{"Xc_est":0.13174129926973127,"Zc_est":0.13760424557437176,"Rc_est":0.039738626886382425},"16":{"Xc_est":0.21853971068098374,"Zc_est":0.23963061094883237,"Rc_est":0.09830170171051253},"14":{"Xc_est":0.07169510755028934,"Zc_est":0.08799842727199664,"Rc_est":0.0510248444945923},"21":{"Xc_est":0.05645913576559545,"Zc_est":0.08643997090626548,"Rc_est":0.06545406449471328},"7":{"Xc_est":0.02684644646468329,"Zc_est":0.055416420206419924,"Rc_est":0.04847935581990957},"8":{"Xc_est":0.18220468411513233,"Zc_est":0.20532181192618504,"Rc_est":0.09464935044233816},"26":{"Xc_est":0.10242678202028872,"Zc_est":0.12940680025245144,"Rc_est":0.07908776312771856},"17":{"Xc_est":0.16722028837498965,"Zc_est":0.1806304438795062,"Rc_est":0.06829884634379078},"10":{"Xc_est":0.186756885137209,"Zc_est":0.20111130003624636,"Rc_est":0.07461649185077271},"19":{"Xc_est":0.04050861603839197,"Zc_est":0.05747155042813628,"Rc_est":0.04076801608207033},"9":{"Xc_est":0.09693405647832408,"Zc_est":0.12307900408565083,"Rc_est":0.0758434568131802},"18":{"Xc_est":0.08587732480813988,"Zc_est":0.09945919842225513,"Rc_est":0.05017187692915982},"30":{"Xc_est":0.25299098024071004,"Zc_est":0.3030435295083626,"Rc_est":0.16682609116601183},"3":{"Xc_est":0.030362721678957358,"Zc_est":0.04590770054001819,"Rc_est":0.03443286367873226}}