{"24":{"Xc_est":0.20061569376091293,"Zc_est":0.21549859107065472,"Rc_est":0.07869552827362473},"4":{"Xc_est":0.0407901319439115,"Zc_est":0.04286766222632926,"Rc_est":0.013183383509135558},"1":{"Xc_est":0.2330328487692323,"Zc_est":0.2452328918296535,"Rc_est":0.07638627252085704},"12":{"Xc_est":0.11335839087275704,"Zc_est":0.11789517394463116,"Rc_est":0.03239054272737759},"29":{"Xc_est":0.22650034216927295,"Zc_est":0.23791897120665356,"Rc_est":0.07282191879671064},"20":{"Xc_est":0.07021659027306251,"Zc_est":0.08020065648716292,"Rc_est":0.03875275153323658},"2":{"Xc_est":0.2523334416644629,"Zc_est":0.2678929635025765,"Rc_est":0.08996929538436936},"6":{"Xc_est":0.08891117321164434,"Zc_est":0.09655621575275777,"Rc_est":0.03765509366104519},"25":{"Xc_est":0.18553017456968438,"Zc_est":0.19545300406337388,"Rc_est":0.061485210591976404},"23":{"Xc_est":0.22585671530099607,"Zc_est":0.23406543670902102,"Rc_est":0.06144406248962979},"22":{"Xc_est":0.203040321746439,"Zc_est":0.2134934080685373,"Rc_est":0.06598532438218002},"11":{"Xc_est":0.2435192494211209,"Zc_est":0.25584260756168287,"Rc_est":0.07844625552144086},"13":{"Xc_est":0.25750153339065546,"Zc_est":0.27088109138809663,"Rc_est":0.0840804731972145},"5":{"Xc_est":0.09328434701692608,"Zc_est":0.09776319785896814,"Rc_est":0.029251896643422415},"15":{"Xc_est":0.15302209266966035,"Zc_est":0.15824931563137823,"Rc_est":0.04033714234793352},"27":{"Xc_est":0.11118770594330989,"Zc_est":0.11550626997738071,"Rc_est":0.03128885506297109},"28":{"Xc_est":0.15433385507805047,"Zc_est":0.1602582757119669,"Rc_est":0.0431714733466454},"16":{"Xc_est":0.24090191497391575,"Zc_est":0.25531211334609455,"Rc_est":0.08456088092699417},"14":{"Xc_est":0.07880271721780734,"Zc_est":0.081975779090259,"Rc_est":0.02258672434296822},"21":{"Xc_est":0.06396418611497763,"Zc_est":0.07717768959082566,"Rc_est":0.043185398750345494},"7":{"Xc_est":0.026579881140745727,"Zc_est":0.03904846181055181,"Rc_est":0.028605808646391263},"8":{"Xc_est":0.20452912324072053,"Zc_est":0.21893075689820993,"Rc_est":0.07809298343900842},"26":{"Xc_est":0.11232825585601698,"Zc_est":0.12583607098771252,"Rc_est":0.0567193062190451},"17":{"Xc_est":0.18968895525327265,"Zc_est":0.19971869468470052,"Rc_est":0.0624952579119612},"10":{"Xc_est":0.20921785304294654,"Zc_est":0.2200651233666096,"Rc_est":0.06823890745360102},"19":{"Xc_est":0.04816115693242137,"Zc_est":0.05589400195677909,"Rc_est":0.02836621965780963},"9":{"Xc_est":0.10601538895431388,"Zc_est":0.11040174286008467,"Rc_est":0.03081042244776594},"18":{"Xc_est":0.09593688879099646,"Zc_est":0.10378453872681796,"Rc_est":0.039589693707357154},"30":{"Xc_est":0.2680296589315085,"Zc_est":0.2783199119738252,"Rc_est":0.07498049969276713},"3":{"Xc_est":0.030378555380918215,"Zc_est":0.03738294523465409,"Rc_est":0.021785958032311353}}