linecode_id,linecode_name,A_p_est,dist_est,x_est,r_est,scenario_id
11,uglv_240al_xlpe/nyl/pvc_ug_4w_bundled,"[299.99993243891123, 300.0000028455729, 270.87843655048323, 246.38881351637852]","[23.53686431298225, 30.67145407790258, 38.04797392181217, 39.27580699563584, 24.269361177358746, 32.020372885149655]",[0.736097590056206 0.665157641685186 0.6485219585439852 0.6329850913097966; 0.665157641685186 0.7360975826832197 0.6349806919357943 0.6632320412127826; 0.6485219585439852 0.6349806919357943 0.7393055438786046 0.6458176714347975; 0.6329850913097966 0.6632320412127826 0.6458176714347975 0.7422825025402356],[0.19293640952454455 0.049348 0.049348 0.049348; 0.049348 0.19293637582594297 0.049348 0.049348; 0.049348 0.049348 0.20837325762085154 0.049348; 0.049348 0.049348 0.049348 0.22417944848015028],1
9,uglv_185al_xlpe/nyl/pvc_ug_2w_bundled,"[124.00081079307392, 21.24722178073528]",[45.22659548209568],[0.7638534421222783 0.6241209677495002; 0.6241209677495002 0.8192732125679291],[0.4176160039433633 0.049348; 0.049348 2.198595160375981],1
8,ugsc_16al_xlpe/pvc_ug_2w_bundled,"[13.579064892999707, 13.579060487507194]",[3.5247590198206207],[0.8333380579531003 0.7844602670814271; 0.7844602670814271 0.833338068145479],[3.3009120906447316 0.049348; 0.049348 3.3009131455587495],1
