linecode_id,linecode_name,A_p_est,dist_est,x_est,r_est,scenario_id
11,uglv_240al_xlpe/nyl/pvc_ug_4w_bundled,"[299.9999336920305, 300.0000028455663, 270.8803028336456, 246.3886628116867]","[23.53690344411982, 30.672763408793536, 38.04905259288985, 39.27606647655619, 24.269130906472892, 32.02145060853832]",[0.7360975899249793 0.6651575372241345 0.6485192763717472 0.6329846762030789; 0.6651575372241345 0.7360975826832203 0.6349789106556508 0.6632326373738777; 0.6485192763717472 0.6349789106556508 0.7393053274311435 0.6458155567068815; 0.6329846762030789 0.6632326373738777 0.6458155567068815 0.7422825217559621],[0.19293640892476643 0.049348 0.049348 0.049348; 0.049348 0.19293637582594614 0.049348 0.049348; 0.049348 0.049348 0.20837216198503902 0.049348; 0.049348 0.049348 0.049348 0.22417955541656231],1
9,uglv_185al_xlpe/nyl/pvc_ug_2w_bundled,"[124.0109840871529, 21.24678665729832]",[45.20870622246044],[0.763850864791574 0.6241458256966709; 0.6241458256966709 0.8192738559451201],[0.41758579292027065 0.049348; 0.049348 2.1986391758700123],1
8,ugsc_16al_xlpe/pvc_ug_2w_bundled,"[13.578972015295282, 13.578972376964922]",[3.5205399612521338],[0.8333382728321047 0.7845355206428093; 0.7845355206428093 0.8333382719953539],[3.3009343307530545 0.049348; 0.049348 3.3009342441485585],1
