{"24":{"Xc_est":0.2017895138923683,"Zc_est":0.20956979138572074,"Rc_est":0.05657286933271298},"4":{"Xc_est":0.04221120715893829,"Zc_est":0.06898860769673038,"Rc_est":0.05456777420894646},"1":{"Xc_est":0.23045788761969543,"Zc_est":0.23872158186351436,"Rc_est":0.062266810431291744},"12":{"Xc_est":0.118986355900149,"Zc_est":0.14082568957757202,"Rc_est":0.0753267678491634},"29":{"Xc_est":0.22590817691111895,"Zc_est":0.23402750880887443,"Rc_est":0.0611094958577011},"20":{"Xc_est":0.07004547309933576,"Zc_est":0.07324569435570236,"Rc_est":0.021414094422580625},"2":{"Xc_est":0.2505336090703066,"Zc_est":0.259868913471669,"Rc_est":0.06902726211543227},"6":{"Xc_est":0.08424200265174635,"Zc_est":0.08762263584241829,"Rc_est":0.024104176011558825},"25":{"Xc_est":0.18711800480666388,"Zc_est":0.193906370527569,"Rc_est":0.05085796700958658},"23":{"Xc_est":0.2262621409330934,"Zc_est":0.24550650840618707,"Rc_est":0.09528320549902894},"22":{"Xc_est":0.20246962948638453,"Zc_est":0.20977266734861766,"Rc_est":0.05486912704062248},"11":{"Xc_est":0.24199503107661754,"Zc_est":0.2506992050786231,"Rc_est":0.06548661207667135},"13":{"Xc_est":0.2559279214968404,"Zc_est":0.2651757794193484,"Rc_est":0.06941968732979144},"5":{"Xc_est":0.09089020217413259,"Zc_est":0.13732792549397374,"Rc_est":0.10294624941795454},"15":{"Xc_est":0.15500429382721864,"Zc_est":0.16024845719392902,"Rc_est":0.04066001633250739},"27":{"Xc_est":0.11483773416584497,"Zc_est":0.1290588327253606,"Rc_est":0.05889377824598557},"28":{"Xc_est":0.15623827463138995,"Zc_est":0.16161359073984322,"Rc_est":0.04133466162958041},"16":{"Xc_est":0.23917741621467684,"Zc_est":0.2480397446096021,"Rc_est":0.06571056596064194},"14":{"Xc_est":0.07407547048454916,"Zc_est":0.09007803575992306,"Rc_est":0.051253070140808765},"21":{"Xc_est":0.061352316347183314,"Zc_est":0.06433171449032012,"Rc_est":0.0193510404913846},"7":{"Xc_est":0.025904068065073317,"Zc_est":0.02771045411302366,"Rc_est":0.009841164810632855},"8":{"Xc_est":0.20575379612260947,"Zc_est":0.21360560586210536,"Rc_est":0.05738231641239971},"26":{"Xc_est":0.11282098670184464,"Zc_est":0.11766615903007088,"Rc_est":0.03341780873295145},"17":{"Xc_est":0.19252091411064554,"Zc_est":0.19958148293919245,"Rc_est":0.05261621387185331},"10":{"Xc_est":0.20862734754740608,"Zc_est":0.2161615741075207,"Rc_est":0.056572572647661995},"19":{"Xc_est":0.049680676715795145,"Zc_est":0.05215298928732119,"Rc_est":0.015867093390539072},"9":{"Xc_est":0.10754622447645722,"Zc_est":0.1328574464565835,"Rc_est":0.07800583747273937},"18":{"Xc_est":0.09126481040308052,"Zc_est":0.0948845886193781,"Rc_est":0.025958034200578076},"30":{"Xc_est":0.2682384847638403,"Zc_est":0.30551468865051495,"Rc_est":0.1462441119253014},"3":{"Xc_est":0.02976070833256931,"Zc_est":0.03131708634067224,"Rc_est":0.00974987878964962}}