linecode_id,linecode_name,A_p_est,dist_est,x_est,r_est,scenario_id
11,uglv_240al_xlpe/nyl/pvc_ug_4w_bundled,"[300.00000252190017, 300.00000293069894, 214.92286334804334, 238.46388537692476]","[3.838135287703623, 5.147191356184743, 5.561517660707526, 15.60394279690259, 11.907969846170094, 13.885107798574218]",[0.7360975827171147 0.7791085781385128 0.7606696134272767 0.6909843746603976; 0.7791085781385128 0.7360975826743051 0.7558051704552772 0.7079688516524016; 0.7606696134272767 0.7558051704552772 0.7465749222150829 0.6983172926305544; 0.6909843746603976 0.7079688516524016 0.6983172926305544 0.7433095844481283],[0.19293637598086177 0.049348 0.049348 0.049348; 0.049348 0.1929363757851993 0.049348 0.049348; 0.049348 0.049348 0.2497757836491343 0.049348; 0.049348 0.049348 0.049348 0.22998966441088456],1
9,uglv_185al_xlpe/nyl/pvc_ug_2w_bundled,"[14.23927002910368, 14.239270029105716]",[99.99990603510898],[0.8318466027669248 0.5742647850252068; 0.5742647850252068 0.8318466027669204],[3.256361490494112 0.049348; 0.049348 3.2563614904936538],1
8,ugsc_16al_xlpe/pvc_ug_2w_bundled,"[13.916119286610432, 13.916119286602742]",[99.99987202339784],[0.8325677826042176 0.5742648063954688; 0.5742648063954688 0.8325677826042349],[3.222157810066442 0.049348; 0.049348 3.2221578100681953],1
