{"24":{"Xc_est":0.19721930550418304,"Zc_est":0.2128006927610308,"Rc_est":0.0799292210397571},"4":{"Xc_est":0.03899466488012187,"Zc_est":0.0655032241665199,"Rc_est":0.05263163010107463},"1":{"Xc_est":0.22851072183153248,"Zc_est":0.2402474340272328,"Rc_est":0.0741733076295076},"12":{"Xc_est":0.11063111882126452,"Zc_est":0.13504746230184886,"Rc_est":0.07745045269412272},"29":{"Xc_est":0.2230855670026236,"Zc_est":0.23473233621391482,"Rc_est":0.07302122608913297},"20":{"Xc_est":0.06848685624162594,"Zc_est":0.07966552128813303,"Rc_est":0.04069577133129239},"2":{"Xc_est":0.24893373882585562,"Zc_est":0.265050965158489,"Rc_est":0.09101652490414736},"6":{"Xc_est":0.08277578545271852,"Zc_est":0.09075642095860542,"Rc_est":0.037214208145560576},"25":{"Xc_est":0.1821145309345434,"Zc_est":0.1922619424005824,"Rc_est":0.061635639999403684},"23":{"Xc_est":0.2234852049055461,"Zc_est":0.2447988186782081,"Rc_est":0.09990407806777596},"22":{"Xc_est":0.1996245478243958,"Zc_est":0.21029249043215992,"Rc_est":0.06612844651181206},"11":{"Xc_est":0.24124959408997015,"Zc_est":0.2546061569293171,"Rc_est":0.08138137684839618},"13":{"Xc_est":0.2540913091349333,"Zc_est":0.2677847899448707,"Rc_est":0.08453579329440458},"5":{"Xc_est":0.08902656081548696,"Zc_est":0.14166026518443836,"Rc_est":0.11019029994283434},"15":{"Xc_est":0.14958810702759848,"Zc_est":0.1547040838562998,"Rc_est":0.039455694110188747},"27":{"Xc_est":0.1075722492800756,"Zc_est":0.1253091713162964,"Rc_est":0.06426974094239218},"28":{"Xc_est":0.15090348701958092,"Zc_est":0.15677233010003097,"Rc_est":0.04249354174841456},"16":{"Xc_est":0.23749870814480445,"Zc_est":0.2523899265903337,"Rc_est":0.08541099855301446},"14":{"Xc_est":0.07216903024101466,"Zc_est":0.09005432676858505,"Rc_est":0.053864764399508935},"21":{"Xc_est":0.059829968746632614,"Zc_est":0.07199801358400135,"Rc_est":0.04005107738649494},"7":{"Xc_est":0.02661131287031239,"Zc_est":0.040382507432717735,"Rc_est":0.03037408325977673},"8":{"Xc_est":0.20113036973035042,"Zc_est":0.21615978988018125,"Rc_est":0.07919361800787139},"26":{"Xc_est":0.10889313703651307,"Zc_est":0.1233939805083385,"Rc_est":0.058037566558561064},"17":{"Xc_est":0.18627319541492213,"Zc_est":0.19652319573031468,"Rc_est":0.06263915013767195},"10":{"Xc_est":0.20580300069394536,"Zc_est":0.216882617733492,"Rc_est":0.06843387158637118},"19":{"Xc_est":0.04606264860172678,"Zc_est":0.0544828667433349,"Rc_est":0.029096652253581105},"9":{"Xc_est":0.10373593925040996,"Zc_est":0.13215432838124577,"Rc_est":0.08187564605994507},"18":{"Xc_est":0.08788152123936134,"Zc_est":0.0960063909097529,"Rc_est":0.03865314114236984},"30":{"Xc_est":0.2658093662684636,"Zc_est":0.3064719827858425,"Rc_est":0.15254657333628802},"3":{"Xc_est":0.030212512809430207,"Zc_est":0.037890447306901394,"Rc_est":0.022866789605388134}}