{"32":{"length_est":14.036154931966687,"length_true":20.051664},"29":{"length_est":3.676460179363076,"length_true":5.2521},"1":{"length_est":0.14852199149695405,"length_true":0.11424},"54":{"length_est":8.421799865706745,"length_true":6.4783},"2":{"length_est":13.74015025872782,"length_true":13.996288},"41":{"length_est":6.3168399001025115,"length_true":4.8591},"53":{"length_est":20.625665711892246,"length_true":29.465251},"51":{"length_est":8.281326034660506,"length_true":11.830480000000001},"27":{"length_est":13.893291989887055,"length_true":10.68714},"42":{"length_est":5.47641667472744,"length_true":4.212621},"33":{"length_est":1.7639900114884621,"length_true":2.52},"28":{"length_est":10.31211736199813,"length_true":12.29249},"52":{"length_est":6.754080076697631,"length_true":9.6487},"50":{"length_est":5.3015399587731205,"length_true":4.0781},"26":{"length_est":10.499990016244103,"length_true":15.0},"10":{"length_est":5.514520025997595,"length_true":7.8779},"24":{"length_est":7.29322015431121,"length_true":10.4189},"25":{"length_est":10.211590020990291,"length_true":14.588000000000001},"23":{"length_est":5.382139722547959,"length_true":4.1401},"49":{"length_est":15.881836989702261,"length_true":12.21679},"5":{"length_est":16.938021991950084,"length_true":13.029240000000001},"31":{"length_est":5.707009857390558,"length_true":4.39},"43":{"length_est":8.339328005582548,"length_true":11.91334},"39":{"length_est":35.127320030371415,"length_true":50.1819},"34":{"length_est":8.692835017831982,"length_true":12.41835},"44":{"length_est":8.966626016953647,"length_true":12.809479999999999},"55":{"length_est":8.565414127266962,"length_true":12.23632},"17":{"length_est":12.203860167065857,"length_true":17.4341},"37":{"length_est":15.323809798935883,"length_true":16.546871},"47":{"length_est":5.792000051308844,"length_true":8.2743},"9":{"length_est":19.764039855462972,"length_true":15.2031},"12":{"length_est":9.36907001117819,"length_true":13.3844},"20":{"length_est":17.6933999942359,"length_true":13.610299999999999},"6":{"length_est":8.727310021940381,"length_true":12.467600000000001},"14":{"length_est":6.119767089707218,"length_true":8.0963},"7":{"length_est":10.75948000602091,"length_true":15.370700000000001},"57":{"length_est":15.45791998269193,"length_true":11.8907},"8":{"length_est":10.368180048196347,"length_true":14.8117},"19":{"length_est":7.549239721411879,"length_true":5.8071},"4":{"length_est":8.287437009826968,"length_true":11.83921},"22":{"length_est":9.308674005938702,"length_true":13.298119999999997},"11":{"length_est":16.16136169252997,"length_true":12.431809},"35":{"length_est":15.350604966196773,"length_true":11.80815},"13":{"length_est":11.318141509029363,"length_true":12.8793},"15":{"length_est":7.9383298906307855,"length_true":6.1064},"16":{"length_est":33.50415540351305,"length_true":27.150599999999997},"40":{"length_est":25.668639987042834,"length_true":19.7451},"46":{"length_est":5.103480290691516,"length_true":7.2907},"21":{"length_est":13.828811636406876,"length_true":10.637540000000001},"38":{"length_est":11.74450374966999,"length_true":9.87563},"45":{"length_est":6.361689827376535,"length_true":4.8936},"56":{"length_est":6.481549876856454,"length_true":4.9858},"36":{"length_est":57.473973129647085,"length_true":59.543393},"48":{"length_est":8.362400120147004,"length_true":11.9463},"18":{"length_est":14.319470010504595,"length_true":20.456400000000002},"30":{"length_est":12.53374900870761,"length_true":17.905369999999998},"3":{"length_est":10.328462005759528,"length_true":14.754960000000002}}