{"24":{"Xc_est":0.2017892713000849,"Zc_est":0.2095694055489616,"Rc_est":0.056572305329780276},"4":{"Xc_est":0.04221121815573967,"Zc_est":0.06898888764451992,"Rc_est":0.05456811963259085},"1":{"Xc_est":0.2304577357841089,"Zc_est":0.2387213588718706,"Rc_est":0.06226651747845131},"12":{"Xc_est":0.118986311897103,"Zc_est":0.14082581609999364,"Rc_est":0.07532707389348502},"29":{"Xc_est":0.22590795547491804,"Zc_est":0.23402721254791586,"Rc_est":0.06110917988395717},"20":{"Xc_est":0.07004545277966548,"Zc_est":0.07324555335039079,"Rc_est":0.021413678583947153},"2":{"Xc_est":0.250533439467718,"Zc_est":0.25986861683309864,"Rc_est":0.06902676092084228},"6":{"Xc_est":0.08424197864646518,"Zc_est":0.08762253538413634,"Rc_est":0.02410389472414629},"25":{"Xc_est":0.18711778437750398,"Zc_est":0.19390607802403967,"Rc_est":0.050857662788599434},"23":{"Xc_est":0.2262619505854039,"Zc_est":0.24550642278100965,"Rc_est":0.09528343688184261},"22":{"Xc_est":0.2024694092037509,"Zc_est":0.20977237561661616,"Rc_est":0.05486882455933216},"11":{"Xc_est":0.2419949322686025,"Zc_est":0.2506990339707463,"Rc_est":0.0654863221610428},"13":{"Xc_est":0.2559277640020843,"Zc_est":0.26517553336828104,"Rc_est":0.06941932807256054},"5":{"Xc_est":0.09089020767739635,"Zc_est":0.13732835704277424,"Rc_est":0.10294682023466019},"15":{"Xc_est":0.15500409451308442,"Zc_est":0.16024825000383874,"Rc_est":0.04065995958521846},"27":{"Xc_est":0.11483772062359889,"Zc_est":0.12905896680325943,"Rc_est":0.0588940984675126},"28":{"Xc_est":0.15623807115366037,"Zc_est":0.1616133670335713,"Rc_est":0.04133455607734996},"16":{"Xc_est":0.23917725064655754,"Zc_est":0.24803946470591776,"Rc_est":0.06571011204336823},"14":{"Xc_est":0.07407547269224943,"Zc_est":0.0900781682446455,"Rc_est":0.05125329979357886},"21":{"Xc_est":0.06135226313420531,"Zc_est":0.0643315246643483,"Rc_est":0.01935057812962923},"7":{"Xc_est":0.025904031886553578,"Zc_est":0.02771026969412248,"Rc_est":0.009840740751661858},"8":{"Xc_est":0.20575355625140987,"Zc_est":0.2136052318674695,"Rc_est":0.0573817843139556},"26":{"Xc_est":0.11282089402148829,"Zc_est":0.11766591482995098,"Rc_est":0.03341726178132169},"17":{"Xc_est":0.19252080488350734,"Zc_est":0.1995813014512755,"Rc_est":0.05261592511769985},"10":{"Xc_est":0.20862712620313262,"Zc_est":0.21616127805967242,"Rc_est":0.05657225772950193},"19":{"Xc_est":0.04968060833915876,"Zc_est":0.05215279808319508,"Rc_est":0.015866679014766315},"9":{"Xc_est":0.10754622793242356,"Zc_est":0.13285766024520518,"Rc_est":0.07800619682651866},"18":{"Xc_est":0.09126478624089542,"Zc_est":0.09488448792545513,"Rc_est":0.025957751082855883},"30":{"Xc_est":0.2682383633026467,"Zc_est":0.30551483360485154,"Rc_est":0.14624463752670527},"3":{"Xc_est":0.029760685218524097,"Zc_est":0.03131698003464781,"Rc_est":0.00974960788003551}}