{"32":{"length_est":14.036154910569945,"length_true":20.051664},"29":{"length_est":3.6764600761693225,"length_true":5.2521},"1":{"length_est":0.1485219929400891,"length_true":0.11424},"54":{"length_est":8.421799893774194,"length_true":6.4783},"2":{"length_est":14.050660841666026,"length_true":13.996288},"41":{"length_est":6.316839949483565,"length_true":4.8591},"53":{"length_est":20.625665710050296,"length_true":29.465251},"51":{"length_est":8.2813260285402,"length_true":11.830480000000001},"27":{"length_est":13.893291991637614,"length_true":10.68714},"42":{"length_est":5.4764172730940635,"length_true":4.212621},"33":{"length_est":1.7639900083002338,"length_true":2.52},"28":{"length_est":9.466197005449509,"length_true":12.29249},"52":{"length_est":12.54331996978346,"length_true":9.6487},"50":{"length_est":5.30153997751809,"length_true":4.0781},"26":{"length_est":10.499990041153401,"length_true":15.0},"10":{"length_est":10.241279969305323,"length_true":7.8779},"24":{"length_est":13.544579980752161,"length_true":10.4189},"25":{"length_est":13.088201049510463,"length_true":14.588000000000001},"23":{"length_est":5.382139312782311,"length_true":4.1401},"49":{"length_est":15.881836991437824,"length_true":12.21679},"5":{"length_est":16.938021993258218,"length_true":13.029240000000001},"31":{"length_est":5.707009968003479,"length_true":4.39},"43":{"length_est":8.339328004861994,"length_true":11.91334},"39":{"length_est":35.12732002221128,"length_true":50.1819},"34":{"length_est":8.692835018871653,"length_true":12.41835},"44":{"length_est":8.966626014225326,"length_true":12.809479999999999},"55":{"length_est":8.56541401534869,"length_true":12.23632},"17":{"length_est":12.203860049591261,"length_true":17.4341},"37":{"length_est":15.041827744843392,"length_true":16.546871},"47":{"length_est":7.101606604585956,"length_true":8.2743},"9":{"length_est":19.764039854237986,"length_true":15.2031},"12":{"length_est":9.369070011468967,"length_true":13.3844},"20":{"length_est":17.69339999259652,"length_true":13.610299999999999},"6":{"length_est":8.72731002909642,"length_true":12.467600000000001},"14":{"length_est":10.52519995377828,"length_true":8.0963},"7":{"length_est":10.759480005006308,"length_true":15.370700000000001},"57":{"length_est":15.457919977184911,"length_true":11.8907},"8":{"length_est":10.368180115505785,"length_true":14.8117},"19":{"length_est":6.348853194298225,"length_true":5.8071},"4":{"length_est":9.912919159688698,"length_true":11.83921},"22":{"length_est":9.308674005012106,"length_true":13.298119999999997},"11":{"length_est":16.1613616952133,"length_true":12.431809},"35":{"length_est":11.671833702237485,"length_true":11.80815},"13":{"length_est":9.341152196355946,"length_true":12.8793},"15":{"length_est":7.938329891619984,"length_true":6.1064},"16":{"length_est":24.634935256281334,"length_true":27.150599999999997},"40":{"length_est":25.668639989325015,"length_true":19.7451},"46":{"length_est":9.477919977130943,"length_true":7.2907},"21":{"length_est":13.828811957880307,"length_true":10.637540000000001},"38":{"length_est":12.83832895328534,"length_true":9.87563},"45":{"length_est":3.425510229533556,"length_true":4.8936},"56":{"length_est":6.481549245440803,"length_true":4.9858},"36":{"length_est":64.98791587204954,"length_true":59.543393},"48":{"length_est":8.362400108466598,"length_true":11.9463},"18":{"length_est":14.319470052730042,"length_true":20.456400000000002},"30":{"length_est":14.11324654480561,"length_true":17.905369999999998},"3":{"length_est":10.328462001874733,"length_true":14.754960000000002}}