{"24":{"Xc_est":0.17683576956135044,"Zc_est":0.2020849025327022,"Rc_est":0.09781318129626862},"4":{"Xc_est":0.037405940422845736,"Zc_est":0.06042495931086263,"Rc_est":0.047454939983124195},"1":{"Xc_est":0.20797977982026006,"Zc_est":0.2230288763765853,"Rc_est":0.08053751227669202},"12":{"Xc_est":0.09840090794400116,"Zc_est":0.12007102713809756,"Rc_est":0.06880634326712884},"29":{"Xc_est":0.20255747525996276,"Zc_est":0.2176395948506693,"Rc_est":0.07960818088031565},"20":{"Xc_est":0.062196559772866575,"Zc_est":0.08507718499461595,"Rc_est":0.058049249426916284},"2":{"Xc_est":0.2285241445444103,"Zc_est":0.2522760516382363,"Rc_est":0.10686403319369678},"6":{"Xc_est":0.07632896316776688,"Zc_est":0.09032139646562756,"Rc_est":0.048289171055576896},"25":{"Xc_est":0.16157960827165918,"Zc_est":0.1751848742178496,"Rc_est":0.06768877562418267},"23":{"Xc_est":0.20537187775427276,"Zc_est":0.22839864766242077,"Rc_est":0.09994165338689706},"22":{"Xc_est":0.1790886041386353,"Zc_est":0.193058008208003,"Rc_est":0.072101778070423},"11":{"Xc_est":0.22028184607626372,"Zc_est":0.23760762544130642,"Rc_est":0.08906902916889475},"13":{"Xc_est":0.23359899518030705,"Zc_est":0.2517721753906996,"Rc_est":0.09391878274187809},"5":{"Xc_est":0.08232446472548705,"Zc_est":0.12851459822775635,"Rc_est":0.0986847732190923},"15":{"Xc_est":0.12890897875323232,"Zc_est":0.13337859077504938,"Rc_est":0.03423921251922697},"27":{"Xc_est":0.09590209852866109,"Zc_est":0.11266867537919739,"Rc_est":0.059135589195525404},"28":{"Xc_est":0.13025280033754086,"Zc_est":0.13611033415928497,"Rc_est":0.03949976036865209},"16":{"Xc_est":0.2170615675011142,"Zc_est":0.23861616691142873,"Rc_est":0.09910575677256127},"14":{"Xc_est":0.06552154968263739,"Zc_est":0.08134054616821455,"Rc_est":0.04819969894230797},"21":{"Xc_est":0.054868820760983913,"Zc_est":0.08200185762938873,"Rc_est":0.060940275376548475},"7":{"Xc_est":0.026858430468521863,"Zc_est":0.05648094629438003,"Rc_est":0.04968623558971053},"8":{"Xc_est":0.18072823885195166,"Zc_est":0.20446691633230119,"Rc_est":0.09562438787209127},"26":{"Xc_est":0.09669242746436399,"Zc_est":0.12492626941106516,"Rc_est":0.07910213182977273},"17":{"Xc_est":0.16573735908369366,"Zc_est":0.17938143349651428,"Rc_est":0.06862088958347279},"10":{"Xc_est":0.1852743019315989,"Zc_est":0.19986889844517833,"Rc_est":0.07497339267665384},"19":{"Xc_est":0.040436883288692584,"Zc_est":0.05803256618899044,"Rc_est":0.04162495895945377},"9":{"Xc_est":0.0911661846191111,"Zc_est":0.11644423923716696,"Rc_est":0.07244299575194776},"18":{"Xc_est":0.0801358628849685,"Zc_est":0.09417582401692848,"Rc_est":0.049470489273394216},"30":{"Xc_est":0.2525432386620899,"Zc_est":0.30267624012233485,"Rc_est":0.1668377023956396},"3":{"Xc_est":0.030370377332450696,"Zc_est":0.04649377005888905,"Rc_est":0.03520384687748504}}