linecode_id,linecode_name,A_p_est,dist_est,x_est,r_est,scenario_id
11,uglv_240al_xlpe/nyl/pvc_ug_4w_bundled,"[300.0000026214115, 300.00000293080603, 267.99648227458033, 240.4776594629386]","[13.406961199685925, 24.13122062796128, 27.115465921826583, 30.66704471813983, 18.06103345085416, 32.84819773692202]",[0.7360975827066938 0.7005191030853953 0.6635907009744659 0.6485309919862288; 0.7005191030853953 0.736097582674294 0.6562646280381309 0.6817962537671725; 0.6635907009744659 0.6562646280381309 0.7396415785894083 0.6442139143461382; 0.6485309919862288 0.6817962537671725 0.6442139143461382 0.7430453973039042],[0.19293637593323287 0.049348 0.049348 0.049348; 0.049348 0.19293637578514802 0.049348 0.049348; 0.049348 0.049348 0.21008336783307222 0.049348; 0.049348 0.049348 0.049348 0.22847696047215918],1
9,uglv_185al_xlpe/nyl/pvc_ug_2w_bundled,"[24.938480283393005, 24.938480283400622]",[99.99992914552189],[0.8142408137034512 0.5742647705044602; 0.5742647705044602 0.8142408137034417],[1.8804752603300334 0.049348; 0.049348 1.880475260329474],1
8,ugsc_16al_xlpe/pvc_ug_2w_bundled,"[12.425132702562522, 12.425132038155347]",[68.42688283619745],[0.8361280503455022 0.5981034641665884; 0.5981034641665884 0.836128052025404],[3.602887495115925 0.049348; 0.049348 3.602887685133796],1
