{"32":{"length_est":14.036154933153137,"length_true":20.051664},"29":{"length_est":3.6764600929028686,"length_true":5.2521},"1":{"length_est":0.0799580345053358,"length_true":0.11424},"54":{"length_est":8.421799639290118,"length_true":6.4783},"2":{"length_est":11.361402680749311,"length_true":13.996288},"41":{"length_est":6.31683979968776,"length_true":4.8591},"53":{"length_est":20.625665728290326,"length_true":29.465251},"51":{"length_est":8.281326014352764,"length_true":11.830480000000001},"27":{"length_est":13.893291996530582,"length_true":10.68714},"42":{"length_est":5.476416625524322,"length_true":4.212621},"33":{"length_est":1.763990003534078,"length_true":2.52},"28":{"length_est":8.604733327628656,"length_true":12.29249},"52":{"length_est":12.54331998481462,"length_true":9.6487},"50":{"length_est":5.100160866396909,"length_true":4.0781},"26":{"length_est":12.6608890625017,"length_true":15.0},"10":{"length_est":10.241279983440801,"length_true":7.8779},"24":{"length_est":7.293221091000904,"length_true":10.4189},"25":{"length_est":18.9644099822409,"length_true":14.588000000000001},"23":{"length_est":5.382138724986336,"length_true":4.1401},"49":{"length_est":15.881836978435155,"length_true":12.21679},"5":{"length_est":16.93802199594758,"length_true":13.029240000000001},"31":{"length_est":4.277550093798648,"length_true":4.39},"43":{"length_est":8.339328002973948,"length_true":11.91334},"39":{"length_est":35.12732002560119,"length_true":50.1819},"34":{"length_est":8.692835014324354,"length_true":12.41835},"44":{"length_est":8.966626007063391,"length_true":12.809479999999999},"55":{"length_est":9.88609173086873,"length_true":12.23632},"17":{"length_est":12.203860249581346,"length_true":17.4341},"37":{"length_est":19.415375658154243,"length_true":16.546871},"47":{"length_est":5.792000029612899,"length_true":8.2743},"9":{"length_est":17.89991207048437,"length_true":15.2031},"12":{"length_est":11.760744161855245,"length_true":13.3844},"20":{"length_est":14.78183408950018,"length_true":13.610299999999999},"6":{"length_est":8.727310010520261,"length_true":12.467600000000001},"14":{"length_est":10.525199779702717,"length_true":8.0963},"7":{"length_est":10.759480004967081,"length_true":15.370700000000001},"57":{"length_est":12.943060970223883,"length_true":11.8907},"8":{"length_est":13.846811263984353,"length_true":14.8117},"19":{"length_est":7.549236603073127,"length_true":5.8071},"4":{"length_est":10.082073132681767,"length_true":11.83921},"22":{"length_est":9.308674018656168,"length_true":13.298119999999997},"11":{"length_est":16.161361694621515,"length_true":12.431809},"35":{"length_est":11.336245909593789,"length_true":11.80815},"13":{"length_est":10.837470926380016,"length_true":12.8793},"15":{"length_est":7.325246367873748,"length_true":6.1064},"16":{"length_est":24.38154051142679,"length_true":27.150599999999997},"40":{"length_est":23.81245015065168,"length_true":19.7451},"46":{"length_est":8.08993800987147,"length_true":7.2907},"21":{"length_est":11.480226999009231,"length_true":10.637540000000001},"38":{"length_est":6.912931182557668,"length_true":9.87563},"45":{"length_est":3.425510096803815,"length_true":4.8936},"56":{"length_est":3.4900500627699316,"length_true":4.9858},"36":{"length_est":58.804094688833864,"length_true":59.543393},"48":{"length_est":8.362400052768272,"length_true":11.9463},"18":{"length_est":14.319470038283868,"length_true":20.456400000000002},"30":{"length_est":16.92044162332854,"length_true":17.905369999999998},"3":{"length_est":10.32846200399221,"length_true":14.754960000000002}}