{"32":{"length_est":14.036155008336443,"length_true":20.051664},"29":{"length_est":3.6764600169146147,"length_true":5.2521},"1":{"length_est":0.07995800419040282,"length_true":0.11424},"54":{"length_est":8.421799500439745,"length_true":6.4783},"2":{"length_est":9.857634057702436,"length_true":13.996288},"41":{"length_est":6.316839951881107,"length_true":4.8591},"53":{"length_est":22.65134289749145,"length_true":29.465251},"51":{"length_est":8.28132600781715,"length_true":11.830480000000001},"27":{"length_est":13.89329199857642,"length_true":10.68714},"42":{"length_est":5.476417279362627,"length_true":4.212621},"33":{"length_est":1.763989993668568,"length_true":2.52},"28":{"length_est":8.604733080060694,"length_true":12.29249},"52":{"length_est":12.54331998987948,"length_true":9.6487},"50":{"length_est":5.301539941467371,"length_true":4.0781},"26":{"length_est":11.5078509999779,"length_true":15.0},"10":{"length_est":10.241279988870444,"length_true":7.8779},"24":{"length_est":10.708507230685964,"length_true":10.4189},"25":{"length_est":17.34937357942357,"length_true":14.588000000000001},"23":{"length_est":5.382139788556509,"length_true":4.1401},"49":{"length_est":15.477595199242506,"length_true":12.21679},"5":{"length_est":16.938021997560963,"length_true":13.029240000000001},"31":{"length_est":5.707009827375023,"length_true":4.39},"43":{"length_est":8.339328001514057,"length_true":11.91334},"39":{"length_est":35.12732001395576,"length_true":50.1819},"34":{"length_est":8.6928350050771,"length_true":12.41835},"44":{"length_est":8.966626006771707,"length_true":12.809479999999999},"55":{"length_est":10.561684998560558,"length_true":12.23632},"17":{"length_est":14.33724680508637,"length_true":17.4341},"37":{"length_est":16.125145978696622,"length_true":16.546871},"47":{"length_est":5.7920000132613305,"length_true":8.2743},"9":{"length_est":13.719502958309532,"length_true":15.2031},"12":{"length_est":11.432411380453376,"length_true":13.3844},"20":{"length_est":12.948353354544075,"length_true":13.610299999999999},"6":{"length_est":8.727310002413908,"length_true":12.467600000000001},"14":{"length_est":10.525199981077135,"length_true":8.0963},"7":{"length_est":10.759480050919954,"length_true":15.370700000000001},"57":{"length_est":11.795503492908491,"length_true":11.8907},"8":{"length_est":14.601680308172554,"length_true":14.8117},"19":{"length_est":7.549239862285545,"length_true":5.8071},"4":{"length_est":9.374988709379364,"length_true":11.83921},"22":{"length_est":9.689494707645181,"length_true":13.298119999999997},"11":{"length_est":16.16136169769789,"length_true":12.431809},"35":{"length_est":11.3608693090469,"length_true":11.80815},"13":{"length_est":10.165633644023622,"length_true":12.8793},"15":{"length_est":5.883382105226274,"length_true":6.1064},"16":{"length_est":24.053037280265873,"length_true":27.150599999999997},"40":{"length_est":19.067569513472794,"length_true":19.7451},"46":{"length_est":5.103480371635412,"length_true":7.2907},"21":{"length_est":8.960436081227668,"length_true":10.637540000000001},"38":{"length_est":10.399623084437568,"length_true":9.87563},"45":{"length_est":6.361689825479652,"length_true":4.8936},"56":{"length_est":4.577084167200443,"length_true":4.9858},"36":{"length_est":60.521587387256474,"length_true":59.543393},"48":{"length_est":8.36240029349249,"length_true":11.9463},"18":{"length_est":15.824820409794233,"length_true":20.456400000000002},"30":{"length_est":14.440371031359586,"length_true":17.905369999999998},"3":{"length_est":10.328462001496009,"length_true":14.754960000000002}}