linecode_id,linecode_name,A_p_est,dist_est,x_est,r_est,scenario_id
4,hydrogen,"[300.0000023350937, 299.9999913753251, 300.0000010276695, 300.0000012811941]","[712.221769133168, 379.99999839786705, 1199.9999976162487]",[0.736097582736677 0.450911740325484 0.42404604111117705 0.37746820137091885; 0.450911740325484 0.736097583884384 0.4903839392251408 0.4008477815915172; 0.42404604111117705 0.4903839392251408 0.7360975828735905 0.4181330714904923; 0.37746820137091885 0.4008477815915172 0.4181330714904923 0.7360975828470413],[0.12950573593242415 0.049348 0.049348 0.049348; 0.049348 0.1295057388607917 0.049348 0.049348; 0.049348 0.049348 0.12950573628175804 0.049348; 0.049348 0.049348 0.049348 0.12950573621401817],1
1,pluto,"[242.24865961190602, 300.00000285609127, 134.90037034383525, 300.0000026063183]","[379.99999672013274, 1200.0000109365105, 379.99999746194567]",[0.7428148816344421 0.4903839395025497 0.4008477811285278 0.3873062521153014; 0.4903839395025497 0.7360975826821181 0.41813307079304335 0.4008477810990281; 0.4008477811285278 0.41813307079304335 0.7612066942529915 0.49038393937989294; 0.3873062521153014 0.4008477810990281 0.49038393937989294 0.7360975827082743],[0.2418580819508047 0.049348 0.049348 0.049348; 0.049348 0.20479902956792764 0.049348 0.049348; 0.049348 0.049348 0.3950498627561669 0.049348; 0.049348 0.049348 0.049348 0.20479902969735253],1
10,tw2x16_lv_oh_2w_bundled,"[9.999999912096923, 9.999999910109318]",[99.9999929146406],[0.8429496001996627 0.574264730437032; 0.574264730437032 0.8429496002059069],[3.6724599113646526 0.049348; 0.049348 3.6724599120847836],1
7,abc2x16_lv_oh_2w_bundled,"[9.999999905714196, 9.99999990489021]",[99.9999949841259],[0.8429496002197145 0.5742647291367328; 0.5742647291367328 0.8429496002223031],[4.522325671206403 0.049348; 0.049348 4.52232567157497],1
