{"24":{"Xc_est":0.1996758762559322,"Zc_est":0.2208712826866129,"Rc_est":0.0944122235574151},"4":{"Xc_est":0.04531404458029892,"Zc_est":0.0759116875768307,"Rc_est":0.06090337982852048},"1":{"Xc_est":0.22685803496076337,"Zc_est":0.24315367654600623,"Rc_est":0.08751652639119584},"12":{"Xc_est":0.11686936172268436,"Zc_est":0.14454961956521195,"Rc_est":0.08506553242635857},"29":{"Xc_est":0.21967116478043872,"Zc_est":0.23409198183487712,"Rc_est":0.08089273962096837},"20":{"Xc_est":0.06611441100461748,"Zc_est":0.0782790694421537,"Rc_est":0.04191058780597136},"2":{"Xc_est":0.24170257900611422,"Zc_est":0.2592078276791107,"Rc_est":0.09364059606771348},"6":{"Xc_est":0.08777191324467509,"Zc_est":0.09889145310227805,"Rc_est":0.04555887116741689},"25":{"Xc_est":0.18427858836100405,"Zc_est":0.19725724674322262,"Rc_est":0.07036919258022103},"23":{"Xc_est":0.21927618051438807,"Zc_est":0.24086146602038994,"Rc_est":0.09966043584348278},"22":{"Xc_est":0.2005210804458824,"Zc_est":0.21398690771118115,"Rc_est":0.07471072860446155},"11":{"Xc_est":0.23511254038542356,"Zc_est":0.2499323952596394,"Rc_est":0.08478381657918682},"13":{"Xc_est":0.2501586352463573,"Zc_est":0.2671232275502061,"Rc_est":0.09367751015328689},"5":{"Xc_est":0.0860490883060624,"Zc_est":0.12841294850947357,"Rc_est":0.09531757312579975},"15":{"Xc_est":0.15096280015125874,"Zc_est":0.1568378103181119,"Rc_est":0.04252448372257048},"27":{"Xc_est":0.11441024712194857,"Zc_est":0.13644749904970283,"Rc_est":0.07435196937817659},"28":{"Xc_est":0.1524174944812867,"Zc_est":0.1595053662346946,"Rc_est":0.047019881260069035},"16":{"Xc_est":0.2342743306749628,"Zc_est":0.2535340444044319,"Rc_est":0.09692806435118062},"14":{"Xc_est":0.0729629113482895,"Zc_est":0.09152015296089071,"Rc_est":0.05524809467815591},"21":{"Xc_est":0.061953722848412975,"Zc_est":0.08278457120239337,"Rc_est":0.05490921101587757},"7":{"Xc_est":0.028465519915230275,"Zc_est":0.04917711041326456,"Rc_est":0.0401011516611935},"8":{"Xc_est":0.20194819740419923,"Zc_est":0.22202255537324253,"Rc_est":0.09225475955016699},"26":{"Xc_est":0.10702151755419291,"Zc_est":0.12264305447235863,"Rc_est":0.059897525747792814},"17":{"Xc_est":0.1893199395871619,"Zc_est":0.203175867380659,"Rc_est":0.07374546467815155},"10":{"Xc_est":0.20672459995344086,"Zc_est":0.2207716784996513,"Rc_est":0.07749241125196213},"19":{"Xc_est":0.05771409613944716,"Zc_est":0.08124370448824597,"Rc_est":0.05718061407312875},"9":{"Xc_est":0.10534582455237747,"Zc_est":0.13495823569238372,"Rc_est":0.0843562838831862},"18":{"Xc_est":0.09459303701288493,"Zc_est":0.10857916144566057,"Rc_est":0.05330658166607387},"30":{"Xc_est":0.2621320725626936,"Zc_est":0.30559272343118177,"Rc_est":0.15707860818097885},"3":{"Xc_est":0.03296139805012104,"Zc_est":0.044172456988655254,"Rc_est":0.029406669226487978}}