{"32":{"length_est":14.036154895380951,"length_true":20.051664},"29":{"length_est":3.6764601065257287,"length_true":5.2521},"1":{"length_est":0.14852060532694583,"length_true":0.11424},"54":{"length_est":8.421799908733181,"length_true":6.4783},"2":{"length_est":14.142528409615085,"length_true":13.996288},"41":{"length_est":6.316839884179879,"length_true":4.8591},"53":{"length_est":20.62566572835804,"length_true":29.465251},"51":{"length_est":8.281326024850774,"length_true":11.830480000000001},"27":{"length_est":13.893291992740114,"length_true":10.68714},"42":{"length_est":5.476417222977651,"length_true":4.212621},"33":{"length_est":1.7639900063619622,"length_true":2.52},"28":{"length_est":8.604733062345318,"length_true":12.29249},"52":{"length_est":12.54331997485879,"length_true":9.6487},"50":{"length_est":3.479420840826975,"length_true":4.0781},"26":{"length_est":18.525845543774338,"length_true":15.0},"10":{"length_est":10.241279968726296,"length_true":7.8779},"24":{"length_est":7.293220151634152,"length_true":10.4189},"25":{"length_est":18.96440980311812,"length_true":14.588000000000001},"23":{"length_est":5.382139919085807,"length_true":4.1401},"49":{"length_est":15.881836992085045,"length_true":12.21679},"5":{"length_est":16.93802199377812,"length_true":13.029240000000001},"31":{"length_est":3.0729900622798643,"length_true":4.39},"43":{"length_est":8.33932800400894,"length_true":11.91334},"39":{"length_est":35.127320014606475,"length_true":50.1819},"34":{"length_est":8.69283501209912,"length_true":12.41835},"44":{"length_est":8.966626012180319,"length_true":12.809479999999999},"55":{"length_est":8.56541401545052,"length_true":12.23632},"17":{"length_est":12.20386029031558,"length_true":17.4341},"37":{"length_est":21.510942272193624,"length_true":16.546871},"47":{"length_est":5.792000045155924,"length_true":8.2743},"9":{"length_est":19.764039578036893,"length_true":15.2031},"12":{"length_est":12.231664884092675,"length_true":13.3844},"20":{"length_est":17.69339999592745,"length_true":13.610299999999999},"6":{"length_est":8.727310015780326,"length_true":12.467600000000001},"14":{"length_est":10.525199793225182,"length_true":8.0963},"7":{"length_est":10.759480004467186,"length_true":15.370700000000001},"57":{"length_est":15.4579199820764,"length_true":11.8907},"8":{"length_est":10.368180100237657,"length_true":14.8117},"19":{"length_est":7.549239603324024,"length_true":5.8071},"4":{"length_est":8.28743702466742,"length_true":11.83921},"22":{"length_est":9.30867401321775,"length_true":13.298119999999997},"11":{"length_est":16.161361690784155,"length_true":12.431809},"35":{"length_est":12.022101550252911,"length_true":11.80815},"13":{"length_est":9.015500029855753,"length_true":12.8793},"15":{"length_est":7.938318691939671,"length_true":6.1064},"16":{"length_est":26.5356937561679,"length_true":27.150599999999997},"40":{"length_est":25.668639988655265,"length_true":19.7451},"46":{"length_est":5.103480176128583,"length_true":7.2907},"21":{"length_est":9.210694671816952,"length_true":10.637540000000001},"38":{"length_est":6.912931181823215,"length_true":9.87563},"45":{"length_est":3.4255101006926942,"length_true":4.8936},"56":{"length_est":3.490050189292424,"length_true":4.9858},"36":{"length_est":73.96014008603142,"length_true":59.543393},"48":{"length_est":8.362400043757397,"length_true":11.9463},"18":{"length_est":14.319470311982855,"length_true":20.456400000000002},"30":{"length_est":14.295482497212632,"length_true":17.905369999999998},"3":{"length_est":10.328462005058807,"length_true":14.754960000000002}}