{"24":{"shunt_est":{"gs":1.4694585070456647},"shunt_true":{"gs":0.028277124183006534}},"4":{"shunt_est":{"gs":11.537058334646959},"shunt_true":{"gs":0.16966274509803922}},"1":{"shunt_est":{"gs":0.5768534946898508},"shunt_true":{"gs":0.22621699346405227}},"12":{"shunt_est":{"gs":11.537065987424679},"shunt_true":{"gs":0.16966274509803922}},"29":{"shunt_est":{"gs":0.576853490516496},"shunt_true":{"gs":0.05655424836601307}},"20":{"shunt_est":{"gs":0.5768579773346968},"shunt_true":{"gs":0.08483137254901961}},"2":{"shunt_est":{"gs":0.5768534000425971},"shunt_true":{"gs":0.05655424836601307}},"6":{"shunt_est":{"gs":11.537066398163187},"shunt_true":{"gs":0.16966274509803922}},"25":{"shunt_est":{"gs":0.5768536803241971},"shunt_true":{"gs":0.14138562091503268}},"23":{"shunt_est":{"gs":0.5768534564659622},"shunt_true":{"gs":0.19793986928104573}},"22":{"shunt_est":{"gs":0.5768534580901484},"shunt_true":{"gs":0.19793986928104573}},"11":{"shunt_est":{"gs":0.5768534719084064},"shunt_true":{"gs":0.11310849673202614}},"13":{"shunt_est":{"gs":0.5768534831601164},"shunt_true":{"gs":0.08483137254901961}},"5":{"shunt_est":{"gs":0.576853559551141},"shunt_true":{"gs":0.22621699346405227}},"15":{"shunt_est":{"gs":0.5768537916039272},"shunt_true":{"gs":0.05655424836601307}},"27":{"shunt_est":{"gs":1.6844694659209358},"shunt_true":{"gs":0.14138562091503268}},"28":{"shunt_est":{"gs":0.5768539413773257},"shunt_true":{"gs":0.11310849673202614}},"16":{"shunt_est":{"gs":0.5768534551578948},"shunt_true":{"gs":0.14138562091503268}},"14":{"shunt_est":{"gs":0.5768555441911473},"shunt_true":{"gs":0.028277124183006534}},"21":{"shunt_est":{"gs":11.53706569636491},"shunt_true":{"gs":0.028277124183006534}},"7":{"shunt_est":{"gs":11.537064360764491},"shunt_true":{"gs":0.05655424836601307}},"8":{"shunt_est":{"gs":11.537017304185513},"shunt_true":{"gs":0.19793986928104573}},"26":{"shunt_est":{"gs":0.5768535133856773},"shunt_true":{"gs":0.14138562091503268}},"17":{"shunt_est":{"gs":0.5768535532805185},"shunt_true":{"gs":0.11310849673202614}},"10":{"shunt_est":{"gs":0.5768536007482015},"shunt_true":{"gs":0.05655424836601307}}}