linecode_id,linecode_name,A_p_est,dist_est,x_est,r_est,scenario_id
4,hydrogen,"[268.6027395994591, 172.5665380831842, 299.99999887780143, 115.8541430970504]","[1181.6545956677196, 753.0250405522269, 926.086067455295]",[0.7395705900845952 0.41910105492235583 0.388123239380018 0.3635466554214378; 0.41910105492235583 0.7534706179291243 0.44741142331323513 0.39702510115280515; 0.388123239380018 0.44741142331323513 0.7360975830987246 0.43441344952487154; 0.3635466554214378 0.39702510115280515 0.43441344952487154 0.765988350689703],[0.13887545978228846 0.049348 0.049348 0.049348; 0.049348 0.1886990076403762 0.049348 0.049348; 0.049348 0.049348 0.12950573685618655 0.049348; 0.049348 0.049348 0.049348 0.25691348125135893],1
1,pluto,"[242.69557428869712, 300.0000028024434, 179.04410117998418, 300.00000135241504]","[379.999996996634, 1200.0000101480243, 380.00001253575255]",[0.7427569769333263 0.490383939456831 0.4008477811488879 0.387306251648491; 0.490383939456831 0.7360975826877362 0.4181330708343285 0.40084778053094244; 0.4008477811488879 0.4181330708343285 0.7523129615553953 0.49038393688747867; 0.387306251648491 0.40084778053094244 0.49038393688747867 0.736097582839583],[0.24150358195093355 0.049348 0.049348 0.049348; 0.049348 0.20479902959572635 0.049348 0.049348; 0.049348 0.049348 0.30981628131735234 0.049348; 0.049348 0.049348 0.049348 0.20479903034708768],1
10,tw2x16_lv_oh_2w_bundled,"[11.975668849217412, 10.0000213937929]",[9.617680748495017],[0.8372855495133087 0.7213900660420997; 0.7213900660420997 0.8429495327128383],[3.074742176420591 0.049348; 0.049348 3.672452128322446],1
7,abc2x16_lv_oh_2w_bundled,"[13.488424256264498, 10.000000579736522]",[30.45670680059859],[0.8335484636447381 0.6489634263140808; 0.6489634263140808 0.842949598102206],[3.3655082452971223 0.049348; 0.049348 4.522325369717739],1
