linecode_id,linecode_name,A_p_est,dist_est,x_est,r_est,scenario_id
4,hydrogen,"[185.30331797562286, 136.28475682153953, 131.2490788321175, 286.91691625788593]","[1199.9999962641123, 728.5850636195584, 1040.3132654427404]",[0.751233448472714 0.41813307156129015 0.38832148349123374 0.3612154856663366; 0.41813307156129015 0.7608859372568316 0.4494845084397197 0.39375203217767585; 0.38832148349123374 0.4494845084397197 0.7620687375278892 0.42710546037094993; 0.3612154856663366 0.39375203217767585 0.42710546037094993 0.7374984158614732],[0.17912074896970037 0.049348 0.049348 0.049348; 0.049348 0.2257970873942143 0.049348 0.049348; 0.049348 0.049348 0.23256696946539587 0.049348; 0.049348 0.049348 0.049348 0.1331608378087297],1
1,pluto,"[261.61491378348484, 300.00000291222597, 257.0654852478541, 300.00000290341524]","[379.9999964329414, 1200.000011499471, 401.699617942397]",[0.7403987113129818 0.49038393955003606 0.40084778111756125 0.38661444681662593; 0.49038393955003606 0.7360975826762396 0.4181330707635668 0.39999072236638056; 0.40084778111756125 0.4181330707635668 0.7409498349433925 0.48689466829576017; 0.38661444681662593 0.39999072236638056 0.48689466829576017 0.7360975826771623],[0.22760736847375787 0.049348 0.049348 0.049348; 0.049348 0.20479902953884033 0.049348 0.049348; 0.049348 0.049348 0.23076212204519167 0.049348; 0.049348 0.049348 0.049348 0.2047990295434058],1
10,tw2x16_lv_oh_2w_bundled,"[14.297098862030746, 9.999999987729492]",[53.00688275194554],[0.8317192738058298 0.6141472385612605; 0.6141472385612605 0.8429495999620553],[2.583506792969108 0.049348; 0.049348 3.672459883962126],1
7,abc2x16_lv_oh_2w_bundled,"[17.13573799297775, 9.99999990832249]",[99.99996651095064],[0.8260295351203182 0.5742647470270017; 0.5742647470270017 0.8429496002115203],[2.6596689741334782 0.049348; 0.049348 4.522325670039719],1
