{"24":{"Xc_est":0.19080251074789384,"Zc_est":0.2229181446247565,"Rc_est":0.11526882100222816},"4":{"Xc_est":0.05024645142558896,"Zc_est":0.07948051718732888,"Rc_est":0.06158284445769951},"1":{"Xc_est":0.2174945488221413,"Zc_est":0.23374927403380316,"Rc_est":0.08564370580482368},"12":{"Xc_est":0.10585637450946797,"Zc_est":0.1271823293482331,"Rc_est":0.07049661604753588},"29":{"Xc_est":0.21207395762834638,"Zc_est":0.22840629967745893,"Rc_est":0.08481788860965307},"20":{"Xc_est":0.06516637213576616,"Zc_est":0.08506911125118108,"Rc_est":0.05468178519149371},"2":{"Xc_est":0.23811185701197324,"Zc_est":0.26615351066847126,"Rc_est":0.11891356016645731},"6":{"Xc_est":0.08231323894592554,"Zc_est":0.10012625261593107,"Rc_est":0.0570069921776286},"25":{"Xc_est":0.17919538697189913,"Zc_est":0.19474213437920057,"Rc_est":0.07624639132810115},"23":{"Xc_est":0.2120940497076265,"Zc_est":0.22953081228559974,"Rc_est":0.08775253766761441},"22":{"Xc_est":0.18860038057681616,"Zc_est":0.20415928519513846,"Rc_est":0.07817231081188517},"11":{"Xc_est":0.22837674974724928,"Zc_est":0.24464674886062232,"Rc_est":0.08772737259803626},"13":{"Xc_est":0.24313698383491344,"Zc_est":0.2627431908260288,"Rc_est":0.09959112117605677},"5":{"Xc_est":0.08844374556771839,"Zc_est":0.13653115237605842,"Rc_est":0.10401182355428243},"15":{"Xc_est":0.1464380719086966,"Zc_est":0.1506226101413682,"Rc_est":0.0352570812952803},"27":{"Xc_est":0.10249396824723993,"Zc_est":0.11698954802472938,"Rc_est":0.056405148878132},"28":{"Xc_est":0.1479241093817326,"Zc_est":0.1540765227308277,"Rc_est":0.043104903670516115},"16":{"Xc_est":0.22663272176852667,"Zc_est":0.2519895152920279,"Rc_est":0.11016499099487438},"14":{"Xc_est":0.07176140875232068,"Zc_est":0.0870295197641771,"Rc_est":0.049238577601974295},"21":{"Xc_est":0.06994562258829455,"Zc_est":0.12647930911455676,"Rc_est":0.10537848696404528},"7":{"Xc_est":0.027041861089049244,"Zc_est":0.07051410921237043,"Rc_est":0.06512278669447945},"8":{"Xc_est":0.19248176661316363,"Zc_est":0.22233649736605451,"Rc_est":0.11128471405580004},"26":{"Xc_est":0.10276543942526532,"Zc_est":0.14134838796604343,"Rc_est":0.09704963287066702},"17":{"Xc_est":0.183229378248077,"Zc_est":0.20240895451739088,"Rc_est":0.08600220820215222},"10":{"Xc_est":0.19479042123632656,"Zc_est":0.21120268630137626,"Rc_est":0.08162883372615348},"19":{"Xc_est":0.06231916820903774,"Zc_est":0.11155451549588112,"Rc_est":0.09252421953874802},"9":{"Xc_est":0.09719897380434851,"Zc_est":0.12252044043932811,"Rc_est":0.07458966293548},"18":{"Xc_est":0.08914590112689554,"Zc_est":0.1160473469645761,"Rc_est":0.07429666917022912},"30":{"Xc_est":0.25707277317990884,"Zc_est":0.29668827257836944,"Rc_est":0.1481132012182843},"3":{"Xc_est":0.037125049858292486,"Zc_est":0.05841031928316553,"Rc_est":0.04509430198795227}}