{"32":{"length_est":14.036154895106252,"length_true":20.051664},"29":{"length_est":3.6764601487820974,"length_true":5.2521},"1":{"length_est":0.14851971346333506,"length_true":0.11424},"54":{"length_est":8.421799787313613,"length_true":6.4783},"2":{"length_est":9.79739167927465,"length_true":13.996288},"41":{"length_est":6.316839924899416,"length_true":4.8591},"53":{"length_est":20.673058132241607,"length_true":29.465251},"51":{"length_est":8.281326024659263,"length_true":11.830480000000001},"27":{"length_est":13.893291992771394,"length_true":10.68714},"42":{"length_est":5.1230196454225565,"length_true":4.212621},"33":{"length_est":1.7639900063629725,"length_true":2.52},"28":{"length_est":8.60473345438845,"length_true":12.29249},"52":{"length_est":12.543319969529195,"length_true":9.6487},"50":{"length_est":2.8546602240266434,"length_true":4.0781},"26":{"length_est":19.500009942602013,"length_true":15.0},"10":{"length_est":10.24127997169852,"length_true":7.8779},"24":{"length_est":7.29322006364228,"length_true":10.4189},"25":{"length_est":18.964409769726576,"length_true":14.588000000000001},"23":{"length_est":5.382139368965789,"length_true":4.1401},"49":{"length_est":15.881836985344927,"length_true":12.21679},"5":{"length_est":16.938021993956166,"length_true":13.029240000000001},"31":{"length_est":3.0729900804642525,"length_true":4.39},"43":{"length_est":8.339328004939697,"length_true":11.91334},"39":{"length_est":35.12732001618296,"length_true":50.1819},"34":{"length_est":8.6928350148224,"length_true":12.41835},"44":{"length_est":8.966626012176631,"length_true":12.809479999999999},"55":{"length_est":8.565414015640393,"length_true":12.23632},"17":{"length_est":12.203860125541478,"length_true":17.4341},"37":{"length_est":21.510942285349707,"length_true":16.546871},"47":{"length_est":5.792000015863172,"length_true":8.2743},"9":{"length_est":19.764037458058908,"length_true":15.2031},"12":{"length_est":12.960020200350199,"length_true":13.3844},"20":{"length_est":17.69339996372469,"length_true":13.610299999999999},"6":{"length_est":8.72731002023572,"length_true":12.467600000000001},"14":{"length_est":8.075260418624765,"length_true":8.0963},"7":{"length_est":10.75948000625087,"length_true":15.370700000000001},"57":{"length_est":15.457919980775372,"length_true":11.8907},"8":{"length_est":10.368180018151762,"length_true":14.8117},"19":{"length_est":7.549239825334941,"length_true":5.8071},"4":{"length_est":10.44273298241851,"length_true":11.83921},"22":{"length_est":9.308674004675694,"length_true":13.298119999999997},"11":{"length_est":16.16136169031315,"length_true":12.431809},"35":{"length_est":11.974440440858867,"length_true":11.80815},"13":{"length_est":10.32452507074914,"length_true":12.8793},"15":{"length_est":7.938313375941185,"length_true":6.1064},"16":{"length_est":27.326653646062137,"length_true":27.150599999999997},"40":{"length_est":25.668639977713834,"length_true":19.7451},"46":{"length_est":5.103480833472552,"length_true":7.2907},"21":{"length_est":7.446268031471967,"length_true":10.637540000000001},"38":{"length_est":6.912931020594448,"length_true":9.87563},"45":{"length_est":3.425510102540255,"length_true":4.8936},"56":{"length_est":3.4900500777624783,"length_true":4.9858},"36":{"length_est":71.33399329056962,"length_true":59.543393},"48":{"length_est":8.36240001921233,"length_true":11.9463},"18":{"length_est":14.31947001799438,"length_true":20.456400000000002},"30":{"length_est":15.607834576336014,"length_true":17.905369999999998},"3":{"length_est":10.328462005113252,"length_true":14.754960000000002}}