linecode_id,linecode_name,A_p_est,dist_est,x_est,r_est,scenario_id
12,tw2x16_lv_oh_2w_bundled,"[14.708788595598115, 10.000003286524578]",[7.679407302548487],[0.8308274194684051 0.7355310849171754; 0.7355310849171754 0.8429495895985624],[2.512577283613927 0.049348; 0.049348 3.672458688772151],1
2,pluto,"[266.9290482294442, 300.0000025376586, 202.81360454465678, 242.44850949536468]","[814.7223255431707, 513.9499854315657, 1200.0000065226839]",[0.7397669588545578 0.44246347439505374 0.41173309027618976 0.37129980555342335; 0.44246347439505374 0.7360975827154643 0.4714115210366757 0.39573477738805396; 0.41173309027618976 0.4714115210366757 0.7483967937224939 0.41813307102415137; 0.37129980555342335 0.39573477738805396 0.41813307102415137 0.7427889748014785],[0.22405850686950451 0.049348 0.049348 0.049348; 0.049348 0.20479902973292993 0.049348 0.049348; 0.049348 0.049348 0.2792897212127511 0.049348; 0.049348 0.049348 0.049348 0.24169939622606024],1
6,hydrogen,"[300.00000267898844, 109.9909988847903, 128.74623813371838, 120.7927961887348]","[231.8504440238092, 10.5383870081162, 288.3814368050776]",[0.7360975827006644 0.5214278935194406 0.5186349702432641 0.46938812134926583; 0.5214278935194406 0.7676198928569473 0.7156458799710116 0.5054633590286309; 0.5186349702432641 0.7156458799710116 0.7626736074406638 0.507718484485894; 0.46938812134926583 0.5054633590286309 0.507718484485894 0.7646769011835828],[0.1295057358405381 0.049348 0.049348 0.049348; 0.049348 0.26797789890737655 0.049348 0.049348; 0.049348 0.049348 0.23612876591198767 0.049348; 0.049348 0.049348 0.049348 0.2484270984698286],1
9,abc2x16_lv_oh_2w_bundled,"[15.752757303077827, 10.000001707976297]",[1999.9998340995282],[0.8286732168704614 0.38603688098514377; 0.38603688098514377 0.8429495945577284],[2.8888366958352543 0.049348; 0.049348 4.522324865058727],1
