linecode_id,linecode_name,A_p_est,dist_est,x_est,r_est,scenario_id
12,tw2x16_lv_oh_2w_bundled,"[16.258855548773333, 10.000001610464318]",[2.0000030270484084],[0.8276797706818202 0.8200648603645391; 0.8200648603645391 0.842949594864072],[2.277740932483943 0.049348; 0.049348 3.6724592960272378],1
2,pluto,"[219.04411896930003, 300.0000019493419, 299.9993969138261, 222.70443746672694]","[892.1105185099364, 320.6041209828079, 1200.0000049730938]",[0.7459782074217062 0.4367619306867585 0.4174708350522553 0.37424925695529376; 0.4367619306867585 0.7360975827770728 0.501063126977001 0.40325532396448976; 0.4174708350522553 0.501063126977001 0.7360976461364556 0.41813307110528786; 0.37424925695529376 0.40325532396448976 0.41813307110528786 0.7454575709825146],[0.2622517270381898 0.049348 0.049348 0.049348; 0.049348 0.20479903003777805 0.049348 0.049348; 0.049348 0.049348 0.2047993435497221 0.049348; 0.049348 0.049348 0.049348 0.25875249074495044],1
6,hydrogen,"[300.0000020026177, 93.42080850562748, 94.08966209349386, 118.46363157362362]","[1199.999996543114, 53.36380615807794, 986.2495468821413]",[0.7360975827714938 0.4181330715466816 0.41539928734309184 0.37892705429833434; 0.4181330715466816 0.7727496363390552 0.6137255754912687 0.4271477473414078; 0.41539928734309184 0.6137255754912687 0.7725255123915314 0.43045866289083234; 0.37892705429833434 0.4271477473414078 0.43045866289083234 0.76528859089167],[0.12950573602125925 0.049348 0.049348 0.049348; 0.049348 0.30675661539915394 0.049348 0.049348; 0.049348 0.049348 0.3049267791331212 0.049348; 0.049348 0.049348 0.049348 0.25234127859080513],1
9,abc2x16_lv_oh_2w_bundled,"[15.256614294799963, 11.408327340721335]",[1999.9998940164392],[0.8296786006101508 0.38603687910279394; 0.38603687910279394 0.8388102760113043],[2.9811764795055318 0.049348; 0.049348 3.970148565624156],1
