{"24":{"Xc_est":0.19578753040665828,"Zc_est":0.21625286112919798,"Rc_est":0.09182887826727518},"4":{"Xc_est":0.049570297644345895,"Zc_est":0.0696756661456312,"Rc_est":0.04896410975692721},"1":{"Xc_est":0.22140172457605964,"Zc_est":0.23522671427363812,"Rc_est":0.07945365606892119},"12":{"Xc_est":0.11644239035376915,"Zc_est":0.13090183919166112,"Rc_est":0.05980352190682385},"29":{"Xc_est":0.21474856236954326,"Zc_est":0.22715297346058755,"Rc_est":0.0740373440379973},"20":{"Xc_est":0.06851072272235095,"Zc_est":0.07980250247839517,"Rc_est":0.04092334631815207},"2":{"Xc_est":0.23793645373221053,"Zc_est":0.2558762465132363,"Rc_est":0.0941217164900966},"6":{"Xc_est":0.08649377148584177,"Zc_est":0.0973014815504996,"Rc_est":0.044569112691158666},"25":{"Xc_est":0.1805586562590484,"Zc_est":0.1920935537193481,"Rc_est":0.06556298521616354},"23":{"Xc_est":0.21487980367594822,"Zc_est":0.22887340562459021,"Rc_est":0.07880168636764162},"22":{"Xc_est":0.1937298615389306,"Zc_est":0.2054404937671443,"Rc_est":0.06837058744368685},"11":{"Xc_est":0.23136299384340694,"Zc_est":0.244242957683074,"Rc_est":0.0782674099328163},"13":{"Xc_est":0.2439828096595849,"Zc_est":0.2585182731371783,"Rc_est":0.08546394641276209},"5":{"Xc_est":0.09048825945088373,"Zc_est":0.11686745509361388,"Rc_est":0.0739586165474139},"15":{"Xc_est":0.1478572079460478,"Zc_est":0.15245380322372765,"Rc_est":0.0371538446971273},"27":{"Xc_est":0.11709798412513472,"Zc_est":0.13239889517207734,"Rc_est":0.06178615991155641},"28":{"Xc_est":0.14931897921703288,"Zc_est":0.1551811738306914,"Rc_est":0.04224972375122198},"16":{"Xc_est":0.2292639621422825,"Zc_est":0.24683765480293313,"Rc_est":0.09147056079107653},"14":{"Xc_est":0.07565987773856338,"Zc_est":0.08586328180516259,"Rc_est":0.04059662625069239},"21":{"Xc_est":0.06855976149871636,"Zc_est":0.09709534355751685,"Rc_est":0.06875365331232486},"7":{"Xc_est":0.02681388828250454,"Zc_est":0.050861504160096944,"Rc_est":0.04321930125072505},"8":{"Xc_est":0.19749412191811302,"Zc_est":0.21685218333558298,"Rc_est":0.08955970759891305},"26":{"Xc_est":0.11042613874869495,"Zc_est":0.12687420373959907,"Rc_est":0.0624750466635381},"17":{"Xc_est":0.18583173128259145,"Zc_est":0.19859253716652125,"Rc_est":0.07003972777467693},"10":{"Xc_est":0.19994338190907512,"Zc_est":0.21228864563697827,"Rc_est":0.07133801999736365},"19":{"Xc_est":0.060389707038016986,"Zc_est":0.08701321874270328,"Rc_est":0.06264490019010335},"9":{"Xc_est":0.10800762468254854,"Zc_est":0.12451505821169992,"Rc_est":0.06195444077624096},"18":{"Xc_est":0.09584077659299019,"Zc_est":0.11041873855221777,"Rc_est":0.05483469125941687},"30":{"Xc_est":0.25772033819504103,"Zc_est":0.28552024500721507,"Rc_est":0.12289034782933035},"3":{"Xc_est":0.03533312230989419,"Zc_est":0.046880924884414754,"Rc_est":0.03081219865332878}}