{"24":{"Xc_est":0.19565629707291832,"Zc_est":0.21724561244474042,"Rc_est":0.09441540945314113},"4":{"Xc_est":0.04536545601914687,"Zc_est":0.06408180685005936,"Rc_est":0.045259842789642624},"1":{"Xc_est":0.2215022338030693,"Zc_est":0.23765482667468987,"Rc_est":0.08611955098598295},"12":{"Xc_est":0.11535788491239676,"Zc_est":0.1340152773506202,"Rc_est":0.06821035809832607},"29":{"Xc_est":0.21439753841233716,"Zc_est":0.22867034311422405,"Rc_est":0.07952245810277349},"20":{"Xc_est":0.06525494237802341,"Zc_est":0.07697295048173367,"Rc_est":0.04082435059011063},"2":{"Xc_est":0.23763680669546086,"Zc_est":0.2551885765472431,"Rc_est":0.09300514880259218},"6":{"Xc_est":0.08623269783087156,"Zc_est":0.09801137742461535,"Rc_est":0.04658488949734668},"25":{"Xc_est":0.18028353106319084,"Zc_est":0.1932425289061706,"Rc_est":0.06957387013412208},"23":{"Xc_est":0.2138756968230369,"Zc_est":0.23014850225220526,"Rc_est":0.08500305522387847},"22":{"Xc_est":0.1966046646763566,"Zc_est":0.21002815824603094,"Rc_est":0.0738812092735169},"11":{"Xc_est":0.23095789266114103,"Zc_est":0.2456072811342188,"Rc_est":0.08355470282197197},"13":{"Xc_est":0.24755164009229075,"Zc_est":0.26438031796763367,"Rc_est":0.09281776778335081},"5":{"Xc_est":0.0832766888077773,"Zc_est":0.10672772781205936,"Rc_est":0.06675178638162164},"15":{"Xc_est":0.1470722297542263,"Zc_est":0.1527649858949821,"Rc_est":0.04131464813615335},"27":{"Xc_est":0.11065103020523848,"Zc_est":0.12294518408861894,"Rc_est":0.05358981064627681},"28":{"Xc_est":0.14852933758865322,"Zc_est":0.15549129140401363,"Rc_est":0.04600627759299555},"16":{"Xc_est":0.22899966104499786,"Zc_est":0.24835128603663342,"Rc_est":0.09611199986123373},"14":{"Xc_est":0.07189413681615375,"Zc_est":0.08387149882347993,"Rc_est":0.04319330279519221},"21":{"Xc_est":0.06273222480662498,"Zc_est":0.08351226889802153,"Rc_est":0.0551268267480228},"7":{"Xc_est":0.0286107250338333,"Zc_est":0.05031511318861561,"Rc_est":0.041388851496768846},"8":{"Xc_est":0.19783880862259232,"Zc_est":0.2180041209434323,"Rc_est":0.09157293569123984},"26":{"Xc_est":0.10509895457278176,"Zc_est":0.12070846467670514,"Rc_est":0.059369547684951486},"17":{"Xc_est":0.1854263140693378,"Zc_est":0.19940720316562416,"Rc_est":0.07335062866121742},"10":{"Xc_est":0.20130063179093247,"Zc_est":0.21528095884891774,"Rc_est":0.07631478810480212},"19":{"Xc_est":0.057109177635191605,"Zc_est":0.0802249183799558,"Rc_est":0.05634340563812859},"9":{"Xc_est":0.10349380414216043,"Zc_est":0.12255799128071515,"Rc_est":0.06564673435097884},"18":{"Xc_est":0.09145100877023472,"Zc_est":0.1053905464515362,"Rc_est":0.05238206063395999},"30":{"Xc_est":0.2586693664872603,"Zc_est":0.28787535037215645,"Rc_est":0.12634229771921698},"3":{"Xc_est":0.033068226940615376,"Zc_est":0.04462646494382641,"Rc_est":0.029966877387985}}