{"32":{"length_est":14.036155033109289,"length_true":20.051664},"29":{"length_est":3.676460066213465,"length_true":5.2521},"1":{"length_est":0.07995801879119906,"length_true":0.11424},"54":{"length_est":8.158550736949813,"length_true":6.4783},"2":{"length_est":11.750565091715988,"length_true":13.996288},"41":{"length_est":6.316839754447677,"length_true":4.8591},"53":{"length_est":20.625665805562544,"length_true":29.465251},"51":{"length_est":8.281326014273228,"length_true":11.830480000000001},"27":{"length_est":13.89329199586745,"length_true":10.68714},"42":{"length_est":5.476416929263549,"length_true":4.212621},"33":{"length_est":1.7639900036217289,"length_true":2.52},"28":{"length_est":8.604733090035813,"length_true":12.29249},"52":{"length_est":12.543319986376684,"length_true":9.6487},"50":{"length_est":5.3015398970172365,"length_true":4.0781},"26":{"length_est":17.113561146799498,"length_true":15.0},"10":{"length_est":10.241279983368758,"length_true":7.8779},"24":{"length_est":7.293220140473426,"length_true":10.4189},"25":{"length_est":18.964409987338286,"length_true":14.588000000000001},"23":{"length_est":5.382136612152874,"length_true":4.1401},"49":{"length_est":15.881836980518596,"length_true":12.21679},"5":{"length_est":16.93802199571258,"length_true":13.029240000000001},"31":{"length_est":5.707009828335668,"length_true":4.39},"43":{"length_est":8.339328002971659,"length_true":11.91334},"39":{"length_est":35.127320023313395,"length_true":50.1819},"34":{"length_est":8.69283501645004,"length_true":12.41835},"44":{"length_est":8.96662600699744,"length_true":12.809479999999999},"55":{"length_est":9.990368252147125,"length_true":12.23632},"17":{"length_est":12.203860145132015,"length_true":17.4341},"37":{"length_est":20.002084017296916,"length_true":16.546871},"47":{"length_est":5.792000025319413,"length_true":8.2743},"9":{"length_est":18.328660014640427,"length_true":15.2031},"12":{"length_est":12.162882635750703,"length_true":13.3844},"20":{"length_est":14.970576158061938,"length_true":13.610299999999999},"6":{"length_est":8.727310009952479,"length_true":12.467600000000001},"14":{"length_est":10.525199900713865,"length_true":8.0963},"7":{"length_est":10.759480004718446,"length_true":15.370700000000001},"57":{"length_est":12.954908204297578,"length_true":11.8907},"8":{"length_est":16.07888495941394,"length_true":14.8117},"19":{"length_est":7.199279443250004,"length_true":5.8071},"4":{"length_est":9.92009966621558,"length_true":11.83921},"22":{"length_est":9.308674015254994,"length_true":13.298119999999997},"11":{"length_est":16.161361694375632,"length_true":12.431809},"35":{"length_est":11.332426558578819,"length_true":11.80815},"13":{"length_est":13.28895934633422,"length_true":12.8793},"15":{"length_est":7.938329849146065,"length_true":6.1064},"16":{"length_est":24.585924097360138,"length_true":27.150599999999997},"40":{"length_est":25.668639885605522,"length_true":19.7451},"46":{"length_est":9.460860243515056,"length_true":7.2907},"21":{"length_est":11.865362979195503,"length_true":10.637540000000001},"38":{"length_est":6.912931885805125,"length_true":9.87563},"45":{"length_est":3.425510161618116,"length_true":4.8936},"56":{"length_est":3.490050102402788,"length_true":4.9858},"36":{"length_est":65.90358575282775,"length_true":59.543393},"48":{"length_est":8.36240010396593,"length_true":11.9463},"18":{"length_est":14.319470031666418,"length_true":20.456400000000002},"30":{"length_est":17.028640345754773,"length_true":17.905369999999998},"3":{"length_est":10.328462003904642,"length_true":14.754960000000002}}