linecode_id,linecode_name,A_p_est,dist_est,x_est,r_est,scenario_id
4,hydrogen,"[300.00000248278536, 297.7136880188952, 300.00000210385593, 112.40270208284947]","[1199.9999846562264, 379.9999975817269, 1199.9991421141533]",[0.7360975827212107 0.4181330721690791 0.40084778213935507 0.3653460825236559; 0.4181330721690791 0.736337922558302 0.4903839393600874 0.4008478156448097; 0.40084778213935507 0.4903839393600874 0.7360975827608922 0.41813311628459804; 0.3653460825236559 0.4008478156448097 0.41813311628459804 0.7669384973178891],[0.12950573589296205 0.049348 0.049348 0.049348; 0.049348 0.1301213132021019 0.049348 0.049348; 0.049348 0.049348 0.12950573599420914 0.049348; 0.049348 0.049348 0.049348 0.2632869936478426],1
1,pluto,"[214.07658274665107, 300.0000028751399, 136.08748744324848, 300.00000240158454]","[379.99999666443875, 1200.0000110256408, 379.9999972617151]",[0.7466988700947609 0.49038393951175857 0.4008477811271981 0.38730625212064834; 0.49038393951175857 0.7360975826801233 0.4181330707883765 0.40084778110344615; 0.4008477811271981 0.4181330707883765 0.7609314442128606 0.4903839394130005; 0.38730625212064834 0.40084778110344615 0.4903839394130005 0.736097582729714],[0.2671920477515991 0.049348 0.049348 0.049348; 0.049348 0.2047990295580572 0.049348 0.049348; 0.049348 0.049348 0.39203423949581395 0.049348; 0.049348 0.049348 0.049348 0.20479902980343942],1
10,tw2x16_lv_oh_2w_bundled,"[9.99999991246476, 9.99999991244821]",[99.9999831158606],[0.8429496001985071 0.5742647365938021; 0.5742647365938021 0.842949600198559],[3.672459911231381 0.049348; 0.049348 3.672459911237377],1
7,abc2x16_lv_oh_2w_bundled,"[9.999999905431768, 9.999999905405112]",[99.99999196115833],[0.8429496002206018 0.5742647310361239; 0.5742647310361239 0.8429496002206855],[4.522325671332732 0.049348; 0.049348 4.522325671344656],1
