{"24":{"shunt_est":{"gs":1.7335423765920002},"shunt_true":{"gs":0.1733542899408284}},"4":{"shunt_est":{"gs":1.733540346485422},"shunt_true":{"gs":1.0401257396449703}},"1":{"shunt_est":{"gs":8.364144719188287e-7},"shunt_true":{"gs":1.3868343195266273}},"12":{"shunt_est":{"gs":1.7335425735630223},"shunt_true":{"gs":1.0401257396449703}},"29":{"shunt_est":{"gs":2.2854470908308423e-7},"shunt_true":{"gs":0.3467085798816568}},"20":{"shunt_est":{"gs":1.733542170915559},"shunt_true":{"gs":0.5200628698224852}},"2":{"shunt_est":{"gs":2.0486468330964673e-7},"shunt_true":{"gs":0.3467085798816568}},"6":{"shunt_est":{"gs":1.7335425752414788},"shunt_true":{"gs":1.0401257396449703}},"25":{"shunt_est":{"gs":1.0136290096065965e-6},"shunt_true":{"gs":0.866771449704142}},"23":{"shunt_est":{"gs":1.7051868965063693e-7},"shunt_true":{"gs":1.2134800295857988}},"22":{"shunt_est":{"gs":1.5613140307055646e-7},"shunt_true":{"gs":1.2134800295857988}},"11":{"shunt_est":{"gs":3.23206053130649e-7},"shunt_true":{"gs":0.6934171597633136}},"13":{"shunt_est":{"gs":4.459666268083166e-7},"shunt_true":{"gs":0.5200628698224852}},"5":{"shunt_est":{"gs":1.7335414411020291},"shunt_true":{"gs":1.3868343195266273}},"15":{"shunt_est":{"gs":1.7335311707323064},"shunt_true":{"gs":0.3467085798816568}},"27":{"shunt_est":{"gs":1.7335424641831996},"shunt_true":{"gs":0.866771449704142}},"28":{"shunt_est":{"gs":1.733542001901775},"shunt_true":{"gs":0.6934171597633136}},"16":{"shunt_est":{"gs":8.32833926702751e-7},"shunt_true":{"gs":0.866771449704142}},"14":{"shunt_est":{"gs":1.733541584165065},"shunt_true":{"gs":0.1733542899408284}},"21":{"shunt_est":{"gs":1.7335424746749883},"shunt_true":{"gs":0.1733542899408284}},"7":{"shunt_est":{"gs":1.7335297956104436},"shunt_true":{"gs":0.3467085798816568}},"8":{"shunt_est":{"gs":4.880229434298178e-7},"shunt_true":{"gs":1.2134800295857988}},"26":{"shunt_est":{"gs":1.7335424225853964},"shunt_true":{"gs":0.866771449704142}},"17":{"shunt_est":{"gs":1.006399990829184e-6},"shunt_true":{"gs":0.6934171597633136}},"10":{"shunt_est":{"gs":3.7751099465296907e-7},"shunt_true":{"gs":0.3467085798816568}}}