linecode_id,linecode_name,A_p_est,dist_est,x_est,r_est,scenario_id
12,tw2x16_lv_oh_2w_bundled,"[10.417298347225787, 10.000003721948376]",[1999.9926014130422],[0.8416652310932656 0.38603710820765214; 0.38603710820765214 0.8429495882306355],[3.5273244952025675 0.049348; 0.049348 3.672458531013348],1
2,pluto,"[300.0000018561025, 300.00000274114257, 145.66522508988902, 299.9999994402797]","[25.191476677666955, 141.48706216239592, 1093.5720510869833]",[0.7360975827868369 0.6608889723260545 0.5421640548377028 0.4150549929286748; 0.6608889723260545 0.7360975826941556 0.5524596284985385 0.416323680849691; 0.5421640548377028 0.5524596284985385 0.7587947465157752 0.423968411623476; 0.4150549929286748 0.416323680849691 0.423968411623476 0.7360975830398219],[0.20479903008609193 0.049348 0.049348 0.049348; 0.049348 0.2047990296274906 0.049348 0.049348; 0.049348 0.049348 0.3695020332332737 0.049348; 0.049348 0.049348 0.049348 0.20479903133789906],1
6,hydrogen,"[300.0000027657373, 92.91417941503464, 144.76065779200343, 86.38767045707307]","[32.55274063249363, 1.0000000015440318, 73.56556404229988]",[0.73609758269158 0.6447816214017733 0.6428805144950447 0.5699441658859256; 0.6447816214017733 0.7729204716599813 0.8636167790141479 0.5927053772117182; 0.6428805144950447 0.8636167790141479 0.7589904451761544 0.5935537195610302; 0.5699441658859256 0.5927053772117182 0.5935537195610302 0.7752085398604656],[0.12950573581735944 0.049348 0.049348 0.049348; 0.049348 0.30816017612101004 0.049348 0.049348; 0.049348 0.049348 0.21546579287059475 0.049348; 0.049348 0.049348 0.049348 0.32771319771478774],1
9,abc2x16_lv_oh_2w_bundled,"[10.16688394307737, 10.000000911452362]",[1999.999639361998],[0.8424296439750979 0.38603688710301887; 0.38603688710301887 0.8429495970600877],[4.448904102023003 0.049348; 0.049348 4.522325221342007],1
