{"24":{"Xc_est":0.20262545618438593,"Zc_est":0.22848036042393255,"Rc_est":0.10557556348663083},"4":{"Xc_est":0.049742806316376224,"Zc_est":0.07718770960073186,"Rc_est":0.05902199363947641},"1":{"Xc_est":0.22948873527510316,"Zc_est":0.24671627953224,"Rc_est":0.0905750681372309},"12":{"Xc_est":0.11742519876995834,"Zc_est":0.13684811701465802,"Rc_est":0.07027609710487134},"29":{"Xc_est":0.2230885999824614,"Zc_est":0.2385859265910573,"Rc_est":0.08458558343582373},"20":{"Xc_est":0.06850401739600875,"Zc_est":0.08629992777792386,"Rc_est":0.052486923467490496},"2":{"Xc_est":0.2466458660352252,"Zc_est":0.2674081789437505,"Rc_est":0.1033099749963508},"6":{"Xc_est":0.0886727147468033,"Zc_est":0.102259036186708,"Rc_est":0.05093191672484462},"25":{"Xc_est":0.18731642840103063,"Zc_est":0.201813333419783,"Rc_est":0.07510777055062985},"23":{"Xc_est":0.22258343938974107,"Zc_est":0.2399211053173352,"Rc_est":0.08954746945684908},"22":{"Xc_est":0.20054626118432198,"Zc_est":0.21522130830954084,"Rc_est":0.07811151435902483},"11":{"Xc_est":0.23903931430198094,"Zc_est":0.25469603061728013,"Rc_est":0.08792197808419266},"13":{"Xc_est":0.25384148628126885,"Zc_est":0.27196395960312686,"Rc_est":0.09761605997748338},"5":{"Xc_est":0.09046276108978324,"Zc_est":0.13092424023093643,"Rc_est":0.09464483892986852},"15":{"Xc_est":0.15445271044231124,"Zc_est":0.16017538599115289,"Rc_est":0.042432470048753716},"27":{"Xc_est":0.11656236706451063,"Zc_est":0.13449984263066242,"Rc_est":0.06710754243742834},"28":{"Xc_est":0.1559230815997148,"Zc_est":0.1632531353519443,"Rc_est":0.04836919295056435},"16":{"Xc_est":0.23741376027007052,"Zc_est":0.2594298920430279,"Rc_est":0.10458764420275754},"14":{"Xc_est":0.0735684549225467,"Zc_est":0.08714823576779157,"Rc_est":0.04671720708419757},"21":{"Xc_est":0.07024742992991562,"Zc_est":0.10540764731333563,"Rc_est":0.0785879806355536},"7":{"Xc_est":0.026953951294035154,"Zc_est":0.056893282303402695,"Rc_est":0.05010319431826134},"8":{"Xc_est":0.20433733385105293,"Zc_est":0.22876781293195858,"Rc_est":0.10286382371035471},"26":{"Xc_est":0.11009674853231108,"Zc_est":0.13270454061424103,"Rc_est":0.07408914267454986},"17":{"Xc_est":0.19285481481866154,"Zc_est":0.20925997834136587,"Rc_est":0.08122043423110148},"10":{"Xc_est":0.20678552376151374,"Zc_est":0.22223506673464985,"Rc_est":0.08141358639214166},"19":{"Xc_est":0.0605693971998357,"Zc_est":0.0942647696817874,"Rc_est":0.07223015247117343},"9":{"Xc_est":0.10686612950654517,"Zc_est":0.12919033310675415,"Rc_est":0.07259319894125353},"18":{"Xc_est":0.098078955911001,"Zc_est":0.11647386851334078,"Rc_est":0.06282261100806713},"30":{"Xc_est":0.26545837722187016,"Zc_est":0.2987260240820998,"Rc_est":0.1370003190749225},"3":{"Xc_est":0.03538493967870453,"Zc_est":0.050065460888315004,"Rc_est":0.03541830625388291}}