{"24":{"shunt_est":{"gs":5.002663723983966e-5},"shunt_true":{"gs":0.1733542899408284}},"4":{"shunt_est":{"gs":1.7335389899673583},"shunt_true":{"gs":1.0401257396449703}},"1":{"shunt_est":{"gs":4.4728021170728637e-7},"shunt_true":{"gs":1.3868343195266273}},"12":{"shunt_est":{"gs":1.733542501991331},"shunt_true":{"gs":1.0401257396449703}},"29":{"shunt_est":{"gs":2.8388390632781674e-7},"shunt_true":{"gs":0.3467085798816568}},"20":{"shunt_est":{"gs":1.733541176161053},"shunt_true":{"gs":0.5200628698224852}},"2":{"shunt_est":{"gs":9.817673238951334e-8},"shunt_true":{"gs":0.3467085798816568}},"6":{"shunt_est":{"gs":1.7335425826710011},"shunt_true":{"gs":1.0401257396449703}},"25":{"shunt_est":{"gs":3.5843458659219805e-6},"shunt_true":{"gs":0.866771449704142}},"23":{"shunt_est":{"gs":2.0150884041847455e-7},"shunt_true":{"gs":1.2134800295857988}},"22":{"shunt_est":{"gs":2.6201846946737416e-7},"shunt_true":{"gs":1.2134800295857988}},"11":{"shunt_est":{"gs":2.5707555132826897e-7},"shunt_true":{"gs":0.6934171597633136}},"13":{"shunt_est":{"gs":3.075219965434958e-7},"shunt_true":{"gs":0.5200628698224852}},"5":{"shunt_est":{"gs":1.1797071973394326e-6},"shunt_true":{"gs":1.3868343195266273}},"15":{"shunt_est":{"gs":6.492167401260326e-6},"shunt_true":{"gs":0.3467085798816568}},"27":{"shunt_est":{"gs":1.733542214067944},"shunt_true":{"gs":0.866771449704142}},"28":{"shunt_est":{"gs":1.7335391633090769},"shunt_true":{"gs":0.6934171597633136}},"16":{"shunt_est":{"gs":3.8689872348179295e-7},"shunt_true":{"gs":0.866771449704142}},"14":{"shunt_est":{"gs":1.7335416924979323},"shunt_true":{"gs":0.1733542899408284}},"21":{"shunt_est":{"gs":1.7335410222510028},"shunt_true":{"gs":0.1733542899408284}},"7":{"shunt_est":{"gs":1.7335402677034222},"shunt_true":{"gs":0.3467085798816568}},"8":{"shunt_est":{"gs":1.7335387666474396},"shunt_true":{"gs":1.2134800295857988}},"26":{"shunt_est":{"gs":5.964044188166254e-7},"shunt_true":{"gs":0.866771449704142}},"17":{"shunt_est":{"gs":6.961317395522209e-7},"shunt_true":{"gs":0.6934171597633136}},"10":{"shunt_est":{"gs":7.029955819339447e-7},"shunt_true":{"gs":0.3467085798816568}}}