{"24":{"shunt_est":{"gs":1.733542635349505},"shunt_true":{"gs":0.1733542899408284}},"4":{"shunt_est":{"gs":1.7335307559642052},"shunt_true":{"gs":1.0401257396449703}},"1":{"shunt_est":{"gs":1.7335424051844524},"shunt_true":{"gs":1.3868343195266273}},"12":{"shunt_est":{"gs":1.7335425197665182},"shunt_true":{"gs":1.0401257396449703}},"29":{"shunt_est":{"gs":3.32189507952621e-7},"shunt_true":{"gs":0.3467085798816568}},"20":{"shunt_est":{"gs":1.7335423125249703},"shunt_true":{"gs":0.5200628698224852}},"2":{"shunt_est":{"gs":4.931666951306272e-7},"shunt_true":{"gs":0.3467085798816568}},"6":{"shunt_est":{"gs":1.7335425720105917},"shunt_true":{"gs":1.0401257396449703}},"25":{"shunt_est":{"gs":1.228784885598112e-6},"shunt_true":{"gs":0.866771449704142}},"23":{"shunt_est":{"gs":2.635434271399261e-7},"shunt_true":{"gs":1.2134800295857988}},"22":{"shunt_est":{"gs":1.7449318547751039e-7},"shunt_true":{"gs":1.2134800295857988}},"11":{"shunt_est":{"gs":1.5331852643937948e-6},"shunt_true":{"gs":0.6934171597633136}},"13":{"shunt_est":{"gs":2.551787822032454e-6},"shunt_true":{"gs":0.5200628698224852}},"5":{"shunt_est":{"gs":1.7335422155697435},"shunt_true":{"gs":1.3868343195266273}},"15":{"shunt_est":{"gs":1.733542056850936},"shunt_true":{"gs":0.3467085798816568}},"27":{"shunt_est":{"gs":1.7335425930331183},"shunt_true":{"gs":0.866771449704142}},"28":{"shunt_est":{"gs":1.73354254609833},"shunt_true":{"gs":0.6934171597633136}},"16":{"shunt_est":{"gs":1.7335413109137472},"shunt_true":{"gs":0.866771449704142}},"14":{"shunt_est":{"gs":1.733541075789666},"shunt_true":{"gs":0.1733542899408284}},"21":{"shunt_est":{"gs":1.7335424078554325},"shunt_true":{"gs":0.1733542899408284}},"7":{"shunt_est":{"gs":9.94750298058798e-6},"shunt_true":{"gs":0.3467085798816568}},"8":{"shunt_est":{"gs":5.275977952162136e-7},"shunt_true":{"gs":1.2134800295857988}},"26":{"shunt_est":{"gs":1.7335424293706028},"shunt_true":{"gs":0.866771449704142}},"17":{"shunt_est":{"gs":1.0026734626461248e-5},"shunt_true":{"gs":0.6934171597633136}},"10":{"shunt_est":{"gs":5.926380744377449e-7},"shunt_true":{"gs":0.3467085798816568}}}