{"24":{"Xc_est":0.1829083143407185,"Zc_est":0.20558832531195426,"Rc_est":0.09386750262796412},"4":{"Xc_est":0.04199943284392627,"Zc_est":0.055820215953238904,"Rc_est":0.03676879315200261},"1":{"Xc_est":0.20547328550004984,"Zc_est":0.22147868772524548,"Rc_est":0.08266521676202032},"12":{"Xc_est":0.10969051628816262,"Zc_est":0.12416933882222489,"Rc_est":0.05818947791469533},"29":{"Xc_est":0.19836140176704775,"Zc_est":0.21219646220295324,"Rc_est":0.07536639078834301},"20":{"Xc_est":0.060974457884901564,"Zc_est":0.07336093607527969,"Rc_est":0.04079145042142579},"2":{"Xc_est":0.21885968490155727,"Zc_est":0.23732125719513245,"Rc_est":0.091770460614891},"6":{"Xc_est":0.08119541338584323,"Zc_est":0.0936017622686318,"Rc_est":0.04656817308952001},"25":{"Xc_est":0.16767079528655118,"Zc_est":0.1804903102336246,"Rc_est":0.06680760807127809},"23":{"Xc_est":0.1985374504014606,"Zc_est":0.212849196412411,"Rc_est":0.07673109670463922},"22":{"Xc_est":0.18426255211761375,"Zc_est":0.19749028384648726,"Rc_est":0.07106141077173869},"11":{"Xc_est":0.2138598516668805,"Zc_est":0.22871913360175147,"Rc_est":0.0810950425152839},"13":{"Xc_est":0.22607333884466993,"Zc_est":0.24223306084919347,"Rc_est":0.08699253549582352},"5":{"Xc_est":0.08117967106538405,"Zc_est":0.10001204728955422,"Rc_est":0.05841464378701693},"15":{"Xc_est":0.13496103731710832,"Zc_est":0.14011043307866597,"Rc_est":0.037635779037790994},"27":{"Xc_est":0.10878540057622522,"Zc_est":0.1222153896983279,"Rc_est":0.05569863643379766},"28":{"Xc_est":0.13642458207406521,"Zc_est":0.1430091204983868,"Rc_est":0.042894544544018205},"16":{"Xc_est":0.21292888557695716,"Zc_est":0.23257926093161355,"Rc_est":0.09356496300672953},"14":{"Xc_est":0.07004229645984798,"Zc_est":0.07975778253542044,"Rc_est":0.0381494506067674},"21":{"Xc_est":0.058491068287063026,"Zc_est":0.08101946133284876,"Rc_est":0.0560620017953614},"7":{"Xc_est":0.026828000037860553,"Zc_est":0.05197462979192654,"Rc_est":0.04451539684172626},"8":{"Xc_est":0.18536673863242484,"Zc_est":0.20624080500828973,"Rc_est":0.09041262002201728},"26":{"Xc_est":0.10053680283651652,"Zc_est":0.11632958446940149,"Rc_est":0.05852284595126096},"17":{"Xc_est":0.17253293040565154,"Zc_est":0.18616331010474887,"Rc_est":0.069922571139765},"10":{"Xc_est":0.18779289679073913,"Zc_est":0.20163108192101897,"Rc_est":0.07340927129173444},"19":{"Xc_est":0.05556188587186643,"Zc_est":0.08440899195548866,"Rc_est":0.06354332979395586},"9":{"Xc_est":0.09940668924765865,"Zc_est":0.11497873286752965,"Rc_est":0.057779054549569844},"18":{"Xc_est":0.08644834650869102,"Zc_est":0.10145497579407388,"Rc_est":0.053101746668912944},"30":{"Xc_est":0.2390549205519126,"Zc_est":0.26536788761405256,"Rc_est":0.11520790223184857},"3":{"Xc_est":0.030495249611308728,"Zc_est":0.043333894470484025,"Rc_est":0.03078743511764208}}