{"24":{"shunt_est":{"gs":0.5768534555798851},"shunt_true":{"gs":0.028277124183006534}},"4":{"shunt_est":{"gs":11.537065168963286},"shunt_true":{"gs":0.16966274509803922}},"1":{"shunt_est":{"gs":0.5768533776621362},"shunt_true":{"gs":0.22621699346405227}},"12":{"shunt_est":{"gs":7.8068305415232695},"shunt_true":{"gs":0.16966274509803922}},"29":{"shunt_est":{"gs":0.576853350928033},"shunt_true":{"gs":0.05655424836601307}},"20":{"shunt_est":{"gs":11.537066527244564},"shunt_true":{"gs":0.08483137254901961}},"2":{"shunt_est":{"gs":0.5768533543658338},"shunt_true":{"gs":0.05655424836601307}},"6":{"shunt_est":{"gs":11.53706648971156},"shunt_true":{"gs":0.16966274509803922}},"25":{"shunt_est":{"gs":0.5768533583379073},"shunt_true":{"gs":0.14138562091503268}},"23":{"shunt_est":{"gs":0.5768533500586689},"shunt_true":{"gs":0.19793986928104573}},"22":{"shunt_est":{"gs":0.5768533489729393},"shunt_true":{"gs":0.19793986928104573}},"11":{"shunt_est":{"gs":0.5768533567196459},"shunt_true":{"gs":0.11310849673202614}},"13":{"shunt_est":{"gs":0.5768533575589359},"shunt_true":{"gs":0.08483137254901961}},"5":{"shunt_est":{"gs":11.537065025285576},"shunt_true":{"gs":0.22621699346405227}},"15":{"shunt_est":{"gs":0.5768534032567857},"shunt_true":{"gs":0.05655424836601307}},"27":{"shunt_est":{"gs":7.922289201589346},"shunt_true":{"gs":0.14138562091503268}},"28":{"shunt_est":{"gs":0.5768534556466862},"shunt_true":{"gs":0.11310849673202614}},"16":{"shunt_est":{"gs":0.5768533701853625},"shunt_true":{"gs":0.14138562091503268}},"14":{"shunt_est":{"gs":0.5768754168749461},"shunt_true":{"gs":0.028277124183006534}},"21":{"shunt_est":{"gs":11.537066633859268},"shunt_true":{"gs":0.028277124183006534}},"7":{"shunt_est":{"gs":0.5768901329749755},"shunt_true":{"gs":0.05655424836601307}},"8":{"shunt_est":{"gs":0.5768533600321801},"shunt_true":{"gs":0.19793986928104573}},"26":{"shunt_est":{"gs":0.5768537880020556},"shunt_true":{"gs":0.14138562091503268}},"17":{"shunt_est":{"gs":0.5768533684139896},"shunt_true":{"gs":0.11310849673202614}},"10":{"shunt_est":{"gs":0.5768533640184004},"shunt_true":{"gs":0.05655424836601307}}}