{"24":{"shunt_est":{"gs":1.7335425426685618},"shunt_true":{"gs":0.1733542899408284}},"4":{"shunt_est":{"gs":2.0823580058196287e-6},"shunt_true":{"gs":1.0401257396449703}},"1":{"shunt_est":{"gs":1.7335422947908972},"shunt_true":{"gs":1.3868343195266273}},"12":{"shunt_est":{"gs":1.733542686830358},"shunt_true":{"gs":1.0401257396449703}},"29":{"shunt_est":{"gs":1.7335424907047343},"shunt_true":{"gs":0.3467085798816568}},"20":{"shunt_est":{"gs":1.7335422045905968},"shunt_true":{"gs":0.5200628698224852}},"2":{"shunt_est":{"gs":1.7335423597428758},"shunt_true":{"gs":0.3467085798816568}},"6":{"shunt_est":{"gs":1.733542589240593},"shunt_true":{"gs":1.0401257396449703}},"25":{"shunt_est":{"gs":1.7335425471801744},"shunt_true":{"gs":0.866771449704142}},"23":{"shunt_est":{"gs":1.7335421888359506},"shunt_true":{"gs":1.2134800295857988}},"22":{"shunt_est":{"gs":9.59130780107447e-7},"shunt_true":{"gs":1.2134800295857988}},"11":{"shunt_est":{"gs":1.7335424078550872},"shunt_true":{"gs":0.6934171597633136}},"13":{"shunt_est":{"gs":1.733542588520777},"shunt_true":{"gs":0.5200628698224852}},"5":{"shunt_est":{"gs":1.7335423310739901},"shunt_true":{"gs":1.3868343195266273}},"15":{"shunt_est":{"gs":1.7335425138696112},"shunt_true":{"gs":0.3467085798816568}},"27":{"shunt_est":{"gs":1.7335425353392118},"shunt_true":{"gs":0.866771449704142}},"28":{"shunt_est":{"gs":1.733542608798579},"shunt_true":{"gs":0.6934171597633136}},"16":{"shunt_est":{"gs":1.733539378291933},"shunt_true":{"gs":0.866771449704142}},"14":{"shunt_est":{"gs":1.7335401344279304},"shunt_true":{"gs":0.1733542899408284}},"21":{"shunt_est":{"gs":1.7335388929599884},"shunt_true":{"gs":0.1733542899408284}},"7":{"shunt_est":{"gs":1.7335397639220724},"shunt_true":{"gs":0.3467085798816568}},"8":{"shunt_est":{"gs":1.7335417169264389},"shunt_true":{"gs":1.2134800295857988}},"26":{"shunt_est":{"gs":1.7335426187826743},"shunt_true":{"gs":0.866771449704142}},"17":{"shunt_est":{"gs":1.7335425095069017},"shunt_true":{"gs":0.6934171597633136}},"10":{"shunt_est":{"gs":1.7335425662181387},"shunt_true":{"gs":0.3467085798816568}}}