{"32":{"length_est":14.03615486209298,"length_true":20.051664},"29":{"length_est":3.6764601073519456,"length_true":5.2521},"1":{"length_est":0.07996494518042797,"length_true":0.11424},"54":{"length_est":8.42179929487401,"length_true":6.4783},"2":{"length_est":9.797391659033622,"length_true":13.996288},"41":{"length_est":6.316839938423364,"length_true":4.8591},"53":{"length_est":20.625665723203415,"length_true":29.465251},"51":{"length_est":8.281326017479946,"length_true":11.830480000000001},"27":{"length_est":13.893291995707294,"length_true":10.68714},"42":{"length_est":5.476416867348118,"length_true":4.212621},"33":{"length_est":1.7639900038106182,"length_true":2.52},"28":{"length_est":8.945341080499395,"length_true":12.29249},"52":{"length_est":12.54331997187979,"length_true":9.6487},"50":{"length_est":5.3015398638809375,"length_true":4.0781},"26":{"length_est":17.280612123192004,"length_true":15.0},"10":{"length_est":10.241279969465523,"length_true":7.8779},"24":{"length_est":11.939922325236136,"length_true":10.4189},"25":{"length_est":18.964409958643827,"length_true":14.588000000000001},"23":{"length_est":2.898060758576908,"length_true":4.1401},"49":{"length_est":15.881836960656097,"length_true":12.21679},"5":{"length_est":16.938021995653653,"length_true":13.029240000000001},"31":{"length_est":5.707009719544603,"length_true":4.39},"43":{"length_est":8.339328004891064,"length_true":11.91334},"39":{"length_est":35.12732002480166,"length_true":50.1819},"34":{"length_est":8.69283501586818,"length_true":12.41835},"44":{"length_est":8.966626007347237,"length_true":12.809479999999999},"55":{"length_est":10.01670120956561,"length_true":12.23632},"17":{"length_est":12.20386015254592,"length_true":17.4341},"37":{"length_est":20.342134096279477,"length_true":16.546871},"47":{"length_est":5.792000018189239,"length_true":8.2743},"9":{"length_est":16.397796760070474,"length_true":15.2031},"12":{"length_est":12.127099196248608,"length_true":13.3844},"20":{"length_est":13.976968301301476,"length_true":13.610299999999999},"6":{"length_est":8.727310011879453,"length_true":12.467600000000001},"14":{"length_est":7.707268472420847,"length_true":8.0963},"7":{"length_est":10.759480006143978,"length_true":15.370700000000001},"57":{"length_est":14.303550178488829,"length_true":11.8907},"8":{"length_est":10.368180184631676,"length_true":14.8117},"19":{"length_est":7.549239916814573,"length_true":5.8071},"4":{"length_est":9.63315401822132,"length_true":11.83921},"22":{"length_est":9.30867401475705,"length_true":13.298119999999997},"11":{"length_est":16.161361693108493,"length_true":12.431809},"35":{"length_est":12.119921093763363,"length_true":11.80815},"13":{"length_est":15.108555408401175,"length_true":12.8793},"15":{"length_est":7.938329516327582,"length_true":6.1064},"16":{"length_est":27.26633824687142,"length_true":27.150599999999997},"40":{"length_est":23.32418679933464,"length_true":19.7451},"46":{"length_est":9.477919446888404,"length_true":7.2907},"21":{"length_est":9.500791138992417,"length_true":10.637540000000001},"38":{"length_est":11.74573526997158,"length_true":9.87563},"45":{"length_est":3.4255104849265177,"length_true":4.8936},"56":{"length_est":3.4900501179645467,"length_true":4.9858},"36":{"length_est":58.4583571850405,"length_true":59.543393},"48":{"length_est":9.039092059898737,"length_true":11.9463},"18":{"length_est":14.319470026764332,"length_true":20.456400000000002},"30":{"length_est":17.00593455640938,"length_true":17.905369999999998},"3":{"length_est":10.328462005715373,"length_true":14.754960000000002}}