{"24":{"Xc_est":0.19713391317522586,"Zc_est":0.23378464926899364,"Rc_est":0.12567212304265762},"4":{"Xc_est":0.048408285491919605,"Zc_est":0.07623731853956216,"Rc_est":0.05889623616017812},"1":{"Xc_est":0.22405910511687885,"Zc_est":0.24408716980444045,"Rc_est":0.09683007733842403},"12":{"Xc_est":0.10902030387029397,"Zc_est":0.13318357374531672,"Rc_est":0.0765012265235204},"29":{"Xc_est":0.2185585666037575,"Zc_est":0.23853032999407972,"Rc_est":0.09554512698822198},"20":{"Xc_est":0.06955195362477902,"Zc_est":0.10323310839168744,"Rc_est":0.07628630555470933},"2":{"Xc_est":0.2446799975744326,"Zc_est":0.27735577502539993,"Rc_est":0.13060599039445286},"6":{"Xc_est":0.08349453850335842,"Zc_est":0.10289873317305048,"Rc_est":0.06013993123316519},"25":{"Xc_est":0.18506243368735756,"Zc_est":0.20404252083023938,"Rc_est":0.08593745367691007},"23":{"Xc_est":0.2186296764129012,"Zc_est":0.24031102216224162,"Rc_est":0.09975195218265906},"22":{"Xc_est":0.19500059582359136,"Zc_est":0.21409053151093452,"Rc_est":0.08837150734868567},"11":{"Xc_est":0.2349413262159018,"Zc_est":0.25491552779192617,"Rc_est":0.0989166292660112},"13":{"Xc_est":0.24970268153321507,"Zc_est":0.2732376231645867,"Rc_est":0.11093858457612693},"5":{"Xc_est":0.08954325691562252,"Zc_est":0.1414813401772146,"Rc_est":0.10953983183884997},"15":{"Xc_est":0.1523008605149284,"Zc_est":0.15862593652964233,"Rc_est":0.044346765680469226},"27":{"Xc_est":0.10454932424151017,"Zc_est":0.11908878644013693,"Rc_est":0.057022608292046015},"28":{"Xc_est":0.15378781518558435,"Zc_est":0.16244538728813768,"Rc_est":0.052324102970214316},"16":{"Xc_est":0.233200048297041,"Zc_est":0.26306559917446093,"Rc_est":0.12174254368656778},"14":{"Xc_est":0.0725810825375693,"Zc_est":0.089574981016764,"Rc_est":0.05249441572041913},"21":{"Xc_est":0.07060127724198931,"Zc_est":0.12882973710634965,"Rc_est":0.10776159248401503},"7":{"Xc_est":0.027014273842355892,"Zc_est":0.07145084886622657,"Rc_est":0.06614720562861713},"8":{"Xc_est":0.19884961898320835,"Zc_est":0.2332022452077965,"Rc_est":0.12182822415265732},"26":{"Xc_est":0.10400520175574102,"Zc_est":0.14505740744128834,"Rc_est":0.10111661318169007},"17":{"Xc_est":0.18728071276363709,"Zc_est":0.20612473284295948,"Rc_est":0.08610075560833064},"10":{"Xc_est":0.20127501075760298,"Zc_est":0.22145158934374412,"Rc_est":0.09235354063270715},"19":{"Xc_est":0.06157706341099978,"Zc_est":0.11219283943415605,"Rc_est":0.09378431895565502},"9":{"Xc_est":0.09845029344618034,"Zc_est":0.12666906763656885,"Rc_est":0.07970315185912433},"18":{"Xc_est":0.08976923537047714,"Zc_est":0.11679867867719053,"Rc_est":0.07472225720451356},"30":{"Xc_est":0.26300123460761965,"Zc_est":0.3077075818873167,"Rc_est":0.15973198347797324},"3":{"Xc_est":0.03637774661959393,"Zc_est":0.058348578613305536,"Rc_est":0.04562034827874201}}