{"32":{"length_est":14.036154889643177,"length_true":20.051664},"29":{"length_est":3.6764600631728688,"length_true":5.2521},"1":{"length_est":0.07995800816683732,"length_true":0.11424},"54":{"length_est":6.287240860020277,"length_true":6.4783},"2":{"length_est":9.797391627128286,"length_true":13.996288},"41":{"length_est":6.316839959483043,"length_true":4.8591},"53":{"length_est":20.625665735662615,"length_true":29.465251},"51":{"length_est":8.281326027881132,"length_true":11.830480000000001},"27":{"length_est":13.893291996907026,"length_true":10.68714},"42":{"length_est":5.476416477660203,"length_true":4.212621},"33":{"length_est":1.7639900027318918,"length_true":2.52},"28":{"length_est":9.437281311900938,"length_true":12.29249},"52":{"length_est":12.5433199235053,"length_true":9.6487},"50":{"length_est":5.301539726970864,"length_true":4.0781},"26":{"length_est":10.696040014934516,"length_true":15.0},"10":{"length_est":10.241279934121463,"length_true":7.8779},"24":{"length_est":12.177625421031326,"length_true":10.4189},"25":{"length_est":18.964409940651663,"length_true":14.588000000000001},"23":{"length_est":2.898060444410502,"length_true":4.1401},"49":{"length_est":15.332090558247202,"length_true":12.21679},"5":{"length_est":16.93802199291329,"length_true":13.029240000000001},"31":{"length_est":5.707009755910438,"length_true":4.39},"43":{"length_est":8.339328010988803,"length_true":11.91334},"39":{"length_est":35.127320111859234,"length_true":50.1819},"34":{"length_est":8.692835017445361,"length_true":12.41835},"44":{"length_est":8.966626009810529,"length_true":12.809479999999999},"55":{"length_est":10.511513257628888,"length_true":12.23632},"17":{"length_est":12.203860112030993,"length_true":17.4341},"37":{"length_est":15.799845641844183,"length_true":16.546871},"47":{"length_est":5.792000022431206,"length_true":8.2743},"9":{"length_est":10.642160267652535,"length_true":15.2031},"12":{"length_est":11.308005325634696,"length_true":13.3844},"20":{"length_est":12.34582704955331,"length_true":13.610299999999999},"6":{"length_est":8.727310008296323,"length_true":12.467600000000001},"14":{"length_est":9.442064203826531,"length_true":8.0963},"7":{"length_est":10.759480004477785,"length_true":15.370700000000001},"57":{"length_est":12.892327572841523,"length_true":11.8907},"8":{"length_est":10.368180517481683,"length_true":14.8117},"19":{"length_est":7.549239940072658,"length_true":5.8071},"4":{"length_est":9.136286052855985,"length_true":11.83921},"22":{"length_est":9.565345348645105,"length_true":13.298119999999997},"11":{"length_est":16.161361689310553,"length_true":12.431809},"35":{"length_est":12.230749999490031,"length_true":11.80815},"13":{"length_est":13.831547569412315,"length_true":12.8793},"15":{"length_est":4.274822560228652,"length_true":6.1064},"16":{"length_est":26.46976861909177,"length_true":27.150599999999997},"40":{"length_est":18.91414686445353,"length_true":19.7451},"46":{"length_est":5.103480763812163,"length_true":7.2907},"21":{"length_est":7.446268053018188,"length_true":10.637540000000001},"38":{"length_est":10.004980267172387,"length_true":9.87563},"45":{"length_est":6.361689774258952,"length_true":4.8936},"56":{"length_est":5.081691662546079,"length_true":4.9858},"36":{"length_est":50.346496773402535,"length_true":59.543393},"48":{"length_est":11.592651901090163,"length_true":11.9463},"18":{"length_est":14.92510542113048,"length_true":20.456400000000002},"30":{"length_est":13.779507428632172,"length_true":17.905369999999998},"3":{"length_est":10.328462006858757,"length_true":14.754960000000002}}