{"24":{"Xc_est":0.1958105123044206,"Zc_est":0.23121682800879023,"Rc_est":0.12296123301889435},"4":{"Xc_est":0.044907299182157634,"Zc_est":0.07631361177768012,"Rc_est":0.06170171652975841},"1":{"Xc_est":0.22264869976798407,"Zc_est":0.24150434992031347,"Rc_est":0.09355163024800425},"12":{"Xc_est":0.10793527080918949,"Zc_est":0.13176589951730353,"Rc_est":0.07557929340071298},"29":{"Xc_est":0.21717748229950812,"Zc_est":0.23603925101505505,"Rc_est":0.09245793206531822},"20":{"Xc_est":0.06835532442301584,"Zc_est":0.10141737445440417,"Rc_est":0.07492018062077191},"2":{"Xc_est":0.24326959227878656,"Zc_est":0.2745767612602461,"Rc_est":0.12732754335444918},"6":{"Xc_est":0.08247020682725742,"Zc_est":0.10176028832442043,"Rc_est":0.059613935164008085},"25":{"Xc_est":0.18419891737156702,"Zc_est":0.20216175784383877,"Rc_est":0.08330747369626292},"23":{"Xc_est":0.2171136332154947,"Zc_est":0.23742173189811028,"Rc_est":0.0960767872561619},"22":{"Xc_est":0.19365033499420908,"Zc_est":0.21167949608608067,"Rc_est":0.08548541875599394},"11":{"Xc_est":0.23353092091687172,"Zc_est":0.2523556080826105,"Rc_est":0.09563818226243063},"13":{"Xc_est":0.24829227757934444,"Zc_est":0.2706284544688411,"Rc_est":0.1076601377607114},"5":{"Xc_est":0.08855919517141092,"Zc_est":0.14065591042927006,"Rc_est":0.10927650291475652},"15":{"Xc_est":0.1514373438683699,"Zc_est":0.15707819447983346,"Rc_est":0.04171678395007781},"27":{"Xc_est":0.10346429136325806,"Zc_est":0.11769513766954055,"Rc_est":0.056100675965187335},"28":{"Xc_est":0.1529242985390257,"Zc_est":0.1607959787103828,"Rc_est":0.04969412123960755},"16":{"Xc_est":0.23178964297344964,"Zc_est":0.2603078576995194,"Rc_est":0.1184640966299663},"14":{"Xc_est":0.07159702094753884,"Zc_est":0.08862403646166449,"Rc_est":0.052231086818063835},"21":{"Xc_est":0.06967654462129413,"Zc_est":0.12842915422805595,"Rc_est":0.10788524822871101},"7":{"Xc_est":0.02701427386454179,"Zc_est":0.07145084898570182,"Rc_est":0.06614720574861119},"8":{"Xc_est":0.1975126627800894,"Zc_est":0.23060601708261447,"Rc_est":0.11902891731098694},"26":{"Xc_est":0.10296104859429553,"Zc_est":0.143852200232908,"Rc_est":0.10046132581352774},"17":{"Xc_est":0.18641719655147443,"Zc_est":0.2042516624914328,"Rc_est":0.08347077608602388},"10":{"Xc_est":0.19989392564275865,"Zc_est":0.21892021825214517,"Rc_est":0.08926634556591947},"19":{"Xc_est":0.057257699041166926,"Zc_est":0.10923360838614432,"Rc_est":0.09302438982099635},"9":{"Xc_est":0.09740614026320939,"Zc_est":0.12544529103130017,"Rc_est":0.07904786449330291},"18":{"Xc_est":0.0890947278254657,"Zc_est":0.11713874090143099,"Rc_est":0.07605007622401685},"30":{"Xc_est":0.261703163640255,"Zc_est":0.3051550930311553,"Rc_est":0.15694293530941417},"3":{"Xc_est":0.032058382127224345,"Zc_est":0.05513798157469008,"Rc_est":0.04486041849465658}}