{"24":{"shunt_est":{"gs":0.5768536791372432},"shunt_true":{"gs":0.028277124183006534}},"4":{"shunt_est":{"gs":11.537056609467891},"shunt_true":{"gs":0.16966274509803922}},"1":{"shunt_est":{"gs":0.5768534288773667},"shunt_true":{"gs":0.22621699346405227}},"12":{"shunt_est":{"gs":3.599729068376612},"shunt_true":{"gs":0.16966274509803922}},"29":{"shunt_est":{"gs":0.5768533929838102},"shunt_true":{"gs":0.05655424836601307}},"20":{"shunt_est":{"gs":11.537062542064941},"shunt_true":{"gs":0.08483137254901961}},"2":{"shunt_est":{"gs":0.5768533894366361},"shunt_true":{"gs":0.05655424836601307}},"6":{"shunt_est":{"gs":11.537065205748615},"shunt_true":{"gs":0.16966274509803922}},"25":{"shunt_est":{"gs":0.5768534224272792},"shunt_true":{"gs":0.14138562091503268}},"23":{"shunt_est":{"gs":0.5768533911437601},"shunt_true":{"gs":0.19793986928104573}},"22":{"shunt_est":{"gs":0.5768533844665977},"shunt_true":{"gs":0.19793986928104573}},"11":{"shunt_est":{"gs":0.5768533940962356},"shunt_true":{"gs":0.11310849673202614}},"13":{"shunt_est":{"gs":0.5768534011388221},"shunt_true":{"gs":0.08483137254901961}},"5":{"shunt_est":{"gs":3.032943137852089},"shunt_true":{"gs":0.22621699346405227}},"15":{"shunt_est":{"gs":0.5768534943027974},"shunt_true":{"gs":0.05655424836601307}},"27":{"shunt_est":{"gs":0.5768545065154167},"shunt_true":{"gs":0.14138562091503268}},"28":{"shunt_est":{"gs":0.5768535382402217},"shunt_true":{"gs":0.11310849673202614}},"16":{"shunt_est":{"gs":0.576853399312342},"shunt_true":{"gs":0.14138562091503268}},"14":{"shunt_est":{"gs":0.5768546093958111},"shunt_true":{"gs":0.028277124183006534}},"21":{"shunt_est":{"gs":11.537066219097763},"shunt_true":{"gs":0.028277124183006534}},"7":{"shunt_est":{"gs":11.537064331789024},"shunt_true":{"gs":0.05655424836601307}},"8":{"shunt_est":{"gs":0.5768534238383867},"shunt_true":{"gs":0.19793986928104573}},"26":{"shunt_est":{"gs":0.5768539856756891},"shunt_true":{"gs":0.14138562091503268}},"17":{"shunt_est":{"gs":0.5768534218230078},"shunt_true":{"gs":0.11310849673202614}},"10":{"shunt_est":{"gs":0.5768534164805934},"shunt_true":{"gs":0.05655424836601307}}}