{"32":{"length_est":14.03615492215356,"length_true":20.051664},"29":{"length_est":3.6764608940200216,"length_true":5.2521},"1":{"length_est":0.14852021865188356,"length_true":0.11424},"54":{"length_est":8.421799929422349,"length_true":6.4783},"2":{"length_est":13.851826483376176,"length_true":13.996288},"41":{"length_est":6.316839910625015,"length_true":4.8591},"53":{"length_est":20.625665727422557,"length_true":29.465251},"51":{"length_est":8.281326024884004,"length_true":11.830480000000001},"27":{"length_est":13.893291992918996,"length_true":10.68714},"42":{"length_est":5.476417012358956,"length_true":4.212621},"33":{"length_est":1.7639900063636194,"length_true":2.52},"28":{"length_est":8.604733073434762,"length_true":12.29249},"52":{"length_est":12.54331997381892,"length_true":9.6487},"50":{"length_est":2.854660503344165,"length_true":4.0781},"26":{"length_est":12.657921788039504,"length_true":15.0},"10":{"length_est":10.241279971274615,"length_true":7.8779},"24":{"length_est":7.293220393778105,"length_true":10.4189},"25":{"length_est":18.964409946761148,"length_true":14.588000000000001},"23":{"length_est":5.38213993309545,"length_true":4.1401},"49":{"length_est":15.881836992416032,"length_true":12.21679},"5":{"length_est":16.938021994145366,"length_true":13.029240000000001},"31":{"length_est":3.072990087802019,"length_true":4.39},"43":{"length_est":8.339328004001732,"length_true":11.91334},"39":{"length_est":35.12732002043504,"length_true":50.1819},"34":{"length_est":8.692835011725174,"length_true":12.41835},"44":{"length_est":8.966626012181484,"length_true":12.809479999999999},"55":{"length_est":8.565414008814926,"length_true":12.23632},"17":{"length_est":12.203862116153815,"length_true":17.4341},"37":{"length_est":21.51094227470836,"length_true":16.546871},"47":{"length_est":5.79200007483416,"length_true":8.2743},"9":{"length_est":19.764039891147434,"length_true":15.2031},"12":{"length_est":12.670179614083063,"length_true":13.3844},"20":{"length_est":17.693399995472625,"length_true":13.610299999999999},"6":{"length_est":8.727310015501153,"length_true":12.467600000000001},"14":{"length_est":10.525199818334986,"length_true":8.0963},"7":{"length_est":10.759480004383706,"length_true":15.370700000000001},"57":{"length_est":15.45791998485506,"length_true":11.8907},"8":{"length_est":10.368180048575855,"length_true":14.8117},"19":{"length_est":7.549239765162588,"length_true":5.8071},"4":{"length_est":8.287437125251667,"length_true":11.83921},"22":{"length_est":9.3086740121928,"length_true":13.298119999999997},"11":{"length_est":16.161361690775184,"length_true":12.431809},"35":{"length_est":11.86199907953267,"length_true":11.80815},"13":{"length_est":9.015500052005798,"length_true":12.8793},"15":{"length_est":7.938329533234797,"length_true":6.1064},"16":{"length_est":26.668955562530652,"length_true":27.150599999999997},"40":{"length_est":25.6686399895432,"length_true":19.7451},"46":{"length_est":5.103480407685426,"length_true":7.2907},"21":{"length_est":13.82881176227262,"length_true":10.637540000000001},"38":{"length_est":6.912931502883841,"length_true":9.87563},"45":{"length_est":3.4255101218052864,"length_true":4.8936},"56":{"length_est":3.490050165567943,"length_true":4.9858},"36":{"length_est":74.64507104193979,"length_true":59.543393},"48":{"length_est":8.3624000497837,"length_true":11.9463},"18":{"length_est":14.31947011720593,"length_true":20.456400000000002},"30":{"length_est":15.266333162965445,"length_true":17.905369999999998},"3":{"length_est":10.328462005054249,"length_true":14.754960000000002}}