{"24":{"Xc_est":0.19001601115087463,"Zc_est":0.21799759910661212,"Rc_est":0.10684974835046575},"4":{"Xc_est":0.046215463307142095,"Zc_est":0.0744659714816555,"Rc_est":0.0583893128921118},"1":{"Xc_est":0.2162903146142236,"Zc_est":0.2345548527036032,"Rc_est":0.09074402862386688},"12":{"Xc_est":0.11117569413261173,"Zc_est":0.1315413188753096,"Rc_est":0.07030706654090925},"29":{"Xc_est":0.20968258969042497,"Zc_est":0.22611783974289618,"Rc_est":0.08463148959288715},"20":{"Xc_est":0.06450182972346058,"Zc_est":0.08295582416221736,"Rc_est":0.05216495686529823},"2":{"Xc_est":0.23365353478541653,"Zc_est":0.2557922782592178,"Rc_est":0.10409474193887623},"6":{"Xc_est":0.08341216325232369,"Zc_est":0.09811349677525977,"Rc_est":0.051659164443848785},"25":{"Xc_est":0.175933768809887,"Zc_est":0.19141476820298353,"Rc_est":0.07541168661786542},"23":{"Xc_est":0.209186330296541,"Zc_est":0.22726266203376147,"Rc_est":0.0888222763260329},"22":{"Xc_est":0.18795503620091428,"Zc_est":0.20360873350898648,"Rc_est":0.07829061711243868},"11":{"Xc_est":0.2260695432726908,"Zc_est":0.2426472117525672,"Rc_est":0.08814891363920586},"13":{"Xc_est":0.24081362336616619,"Zc_est":0.2599908210221811,"Rc_est":0.09800013171953417},"5":{"Xc_est":0.0852431115076976,"Zc_est":0.12355403206632,"Rc_est":0.08943830711910564},"15":{"Xc_est":0.1431806142472426,"Zc_est":0.14916625155236915,"Rc_est":0.04183159459029724},"27":{"Xc_est":0.10825872564653316,"Zc_est":0.12350877429190726,"Rc_est":0.05945137213284449},"28":{"Xc_est":0.1446534274254492,"Zc_est":0.15241939803393934,"Rc_est":0.04803185225554737},"16":{"Xc_est":0.22428586820846189,"Zc_est":0.24792225497580894,"Rc_est":0.10564702472983556},"14":{"Xc_est":0.06991601875125095,"Zc_est":0.08407293842540181,"Rc_est":0.04669056968442483},"21":{"Xc_est":0.06606153561884295,"Zc_est":0.10267947405635097,"Rc_est":0.07860628412645644},"7":{"Xc_est":0.02690174934689553,"Zc_est":0.05855272301282976,"Rc_est":0.05200689621861671},"8":{"Xc_est":0.1917416696870983,"Zc_est":0.21816866183367775,"Rc_est":0.10408024361953296},"26":{"Xc_est":0.10365807526657106,"Zc_est":0.12781470897960517,"Rc_est":0.07477702363407528},"17":{"Xc_est":0.18053753822983917,"Zc_est":0.1983249203707847,"Rc_est":0.08209123783929351},"10":{"Xc_est":0.19377148998811655,"Zc_est":0.21029717792534672,"Rc_est":0.08171604928745745},"19":{"Xc_est":0.05710785011493866,"Zc_est":0.09340995495988118,"Rc_est":0.07391963975058814},"9":{"Xc_est":0.10059158613180606,"Zc_est":0.12396981580225587,"Rc_est":0.07245583502750272},"18":{"Xc_est":0.09150366844443983,"Zc_est":0.1107908779086939,"Rc_est":0.06246356769340944},"30":{"Xc_est":0.2522552817089769,"Zc_est":0.286673676061507,"Rc_est":0.13619496832314543},"3":{"Xc_est":0.03198868301356133,"Zc_est":0.04803015356141664,"Rc_est":0.035827640310117495}}