{"24":{"shunt_est":{"gs":1.7335420871492704},"shunt_true":{"gs":0.1733542899408284}},"4":{"shunt_est":{"gs":1.7525706415967744e-6},"shunt_true":{"gs":1.0401257396449703}},"1":{"shunt_est":{"gs":1.7335421521350023},"shunt_true":{"gs":1.3868343195266273}},"12":{"shunt_est":{"gs":1.7335423948245166},"shunt_true":{"gs":1.0401257396449703}},"29":{"shunt_est":{"gs":1.7335425050379412},"shunt_true":{"gs":0.3467085798816568}},"20":{"shunt_est":{"gs":1.4361394910687102e-5},"shunt_true":{"gs":0.5200628698224852}},"2":{"shunt_est":{"gs":2.733324768412505e-6},"shunt_true":{"gs":0.3467085798816568}},"6":{"shunt_est":{"gs":1.7335424724273951},"shunt_true":{"gs":1.0401257396449703}},"25":{"shunt_est":{"gs":1.7335425740417871},"shunt_true":{"gs":0.866771449704142}},"23":{"shunt_est":{"gs":1.7335421403272795},"shunt_true":{"gs":1.2134800295857988}},"22":{"shunt_est":{"gs":1.7335019923941604},"shunt_true":{"gs":1.2134800295857988}},"11":{"shunt_est":{"gs":1.7335421762656889},"shunt_true":{"gs":0.6934171597633136}},"13":{"shunt_est":{"gs":1.733542662689208},"shunt_true":{"gs":0.5200628698224852}},"5":{"shunt_est":{"gs":6.265038388245685e-7},"shunt_true":{"gs":1.3868343195266273}},"15":{"shunt_est":{"gs":1.7335419485868948},"shunt_true":{"gs":0.3467085798816568}},"27":{"shunt_est":{"gs":1.733539627424788},"shunt_true":{"gs":0.866771449704142}},"28":{"shunt_est":{"gs":1.7335421608016255},"shunt_true":{"gs":0.6934171597633136}},"16":{"shunt_est":{"gs":1.7331233361608995},"shunt_true":{"gs":0.866771449704142}},"14":{"shunt_est":{"gs":1.5097102455487458e-6},"shunt_true":{"gs":0.1733542899408284}},"21":{"shunt_est":{"gs":6.102272695887374e-7},"shunt_true":{"gs":0.1733542899408284}},"7":{"shunt_est":{"gs":1.7335303449688089},"shunt_true":{"gs":0.3467085798816568}},"8":{"shunt_est":{"gs":1.7335421057669942},"shunt_true":{"gs":1.2134800295857988}},"26":{"shunt_est":{"gs":2.3715170400116273e-6},"shunt_true":{"gs":0.866771449704142}},"17":{"shunt_est":{"gs":1.733542430937137},"shunt_true":{"gs":0.6934171597633136}},"10":{"shunt_est":{"gs":1.7335424499832925},"shunt_true":{"gs":0.3467085798816568}}}