linecode_id,linecode_name,A_p_est,dist_est,x_est,r_est,scenario_id
4,hydrogen,"[300.00000134792936, 155.31179162535966, 236.70771604456132, 300.0000023595491]","[1199.999885807304, 764.7819817719969, 1021.2752254786192]",[0.7360975828400529 0.41813307734480887 0.38715314596033745 0.36085339305535513; 0.41813307734480887 0.7567802380735661 0.4464380098360579 0.39314547887708656; 0.38715314596033745 0.4464380098360579 0.7435418039949195 0.42826595591837413; 0.36085339305535513 0.39314547887708656 0.42826595591837413 0.7360975827341161],[0.12950573619618702 0.049348 0.049348 0.049348; 0.049348 0.2041805514453506 0.049348 0.049348; 0.049348 0.049348 0.15093877772680658 0.049348; 0.049348 0.049348 0.049348 0.12950573592588988],1
1,pluto,"[211.19544245723054, 300.00000272189106, 161.82889364566512, 300.00000280028036]","[379.999996934243, 1200.0000106735524, 379.9999981950251]",[0.74712455193045 0.4903839394671472 0.40084778113047037 0.3873062520933669; 0.4903839394671472 0.7360975826961715 0.4181330708068119 0.4008477810803327; 0.40084778113047037 0.4181330708068119 0.7554888862314794 0.4903839392586801; 0.3873062520933669 0.4008477810803327 0.4903839392586801 0.7360975826879627],[0.2701638886942117 0.049348 0.049348 0.049348; 0.049348 0.20479902963746616 0.049348 0.049348; 0.049348 0.049348 0.33752465537819015 0.049348; 0.049348 0.049348 0.049348 0.20479902959684718],1
10,tw2x16_lv_oh_2w_bundled,"[11.808154335800007, 10.00000012968933]",[83.1744197838874],[0.8377280959395964 0.5858402867052328; 0.5858402867052328 0.8429495995160743],[3.1176614522825634 0.049348; 0.049348 3.6724598325284896],1
7,abc2x16_lv_oh_2w_bundled,"[12.906950743028792, 9.999999916866985]",[99.99996608183625],[0.8349328370659019 0.5742647472966229; 0.5742647472966229 0.8429496001846769],[3.5149052164854546 0.049348; 0.049348 4.522325666217785],1
