linecode_id,linecode_name,A_p_est,dist_est,x_est,r_est,scenario_id
4,hydrogen,"[166.84617359979933, 137.66813692077787, 141.32774420266932, 119.67041770835881]","[1199.99997239982, 866.3662858574249, 1027.735132760533]",[0.7545296707145736 0.4181330728108245 0.3839857594803538 0.35862011113115777; 0.4181330728108245 0.760568651770128 0.4386017925511115 0.3894551024442215; 0.3839857594803538 0.4386017925511115 0.7597444330295519 0.4278697741836261; 0.35862011113115777 0.3894551024442215 0.4278697741836261 0.764970175966276],[0.19347669320325842 0.049348 0.049348 0.049348; 0.049348 0.22402401076595727 0.049348 0.049348; 0.049348 0.049348 0.21950086773712532 0.049348; 0.049348 0.049348 0.049348 0.2502942440877183],1
1,pluto,"[276.0176867959792, 300.0000027793064, 287.15162463649966, 286.5446107662599]","[379.9999970639336, 1200.000010008031, 485.64493731081444]",[0.7387150864529224 0.49038393944570313 0.40084778115177877 0.38400769630075343; 0.49038393944570313 0.736097582690159 0.41813307084165857 0.3967810806646215; 0.40084778115177877 0.41813307084165857 0.7374727269469523 0.47497083953786934; 0.38400769630075343 0.3967810806646215 0.47497083953786934 0.7375392079649172],[0.21830568476181564 0.049348 0.049348 0.049348; 0.049348 0.20479902960771526 0.049348 0.049348; 0.049348 0.049348 0.21175456612476234 0.049348; 0.049348 0.049348 0.049348 0.21209860692871296],1
10,tw2x16_lv_oh_2w_bundled,"[10.000007027959862, 14.707963355238379]",[2.3833678997886536],[0.8429495778444754 0.8090462715646987; 0.8090462715646987 0.8308291821205974],[3.672457333209687 0.049348; 0.049348 2.512715491479355],1
7,abc2x16_lv_oh_2w_bundled,"[17.89851331023684, 10.00000040239726]",[41.90487237451178],[0.8246613233836663 0.6289139939897794; 0.6289139939897794 0.842949598659335],[2.5484257454540358 0.049348; 0.049348 4.522325449041186],1
