{"24":{"shunt_est":{"gs":1.7335427670553132},"shunt_true":{"gs":0.1733542899408284}},"4":{"shunt_est":{"gs":2.4358359917150828e-5},"shunt_true":{"gs":1.0401257396449703}},"1":{"shunt_est":{"gs":1.7335427743889105},"shunt_true":{"gs":1.3868343195266273}},"12":{"shunt_est":{"gs":1.7335427756541415},"shunt_true":{"gs":1.0401257396449703}},"29":{"shunt_est":{"gs":1.733542748737244},"shunt_true":{"gs":0.3467085798816568}},"20":{"shunt_est":{"gs":1.7335424988092119},"shunt_true":{"gs":0.5200628698224852}},"2":{"shunt_est":{"gs":1.733542773671638},"shunt_true":{"gs":0.3467085798816568}},"6":{"shunt_est":{"gs":1.7335427300005195},"shunt_true":{"gs":1.0401257396449703}},"25":{"shunt_est":{"gs":1.7335426668586524},"shunt_true":{"gs":0.866771449704142}},"23":{"shunt_est":{"gs":1.7335427551418834},"shunt_true":{"gs":1.2134800295857988}},"22":{"shunt_est":{"gs":1.7335426420274003},"shunt_true":{"gs":1.2134800295857988}},"11":{"shunt_est":{"gs":1.733542776319983},"shunt_true":{"gs":0.6934171597633136}},"13":{"shunt_est":{"gs":1.7335427262343206},"shunt_true":{"gs":0.5200628698224852}},"5":{"shunt_est":{"gs":1.7335426805905196},"shunt_true":{"gs":1.3868343195266273}},"15":{"shunt_est":{"gs":1.7335427541310808},"shunt_true":{"gs":0.3467085798816568}},"27":{"shunt_est":{"gs":1.733542747268333},"shunt_true":{"gs":0.866771449704142}},"28":{"shunt_est":{"gs":1.7335427767717784},"shunt_true":{"gs":0.6934171597633136}},"16":{"shunt_est":{"gs":1.733542669009176},"shunt_true":{"gs":0.866771449704142}},"14":{"shunt_est":{"gs":1.7335424501957184},"shunt_true":{"gs":0.1733542899408284}},"21":{"shunt_est":{"gs":1.7335424162330593},"shunt_true":{"gs":0.1733542899408284}},"7":{"shunt_est":{"gs":1.7335389521112703},"shunt_true":{"gs":0.3467085798816568}},"8":{"shunt_est":{"gs":1.7335426986493063},"shunt_true":{"gs":1.2134800295857988}},"26":{"shunt_est":{"gs":1.7335427639047716},"shunt_true":{"gs":0.866771449704142}},"17":{"shunt_est":{"gs":1.7335427180554954},"shunt_true":{"gs":0.6934171597633136}},"10":{"shunt_est":{"gs":1.7335427681315194},"shunt_true":{"gs":0.3467085798816568}}}