linecode_id,linecode_name,A_p_est,dist_est,x_est,r_est,scenario_id
11,uglv_240al_xlpe/nyl/pvc_ug_4w_bundled,"[300.0000029728977, 300.0000029728977, 300.0000029728977, 275.4830669928676]","[9.999999974740167, 13.031241805236798]",[0.7360975826698862 0.7189407527068732 0.7189407527068732 0.6750683323674747; 0.7189407527068732 0.7360975826698862 0.6971648408824019 0.6941972535201181; 0.7189407527068732 0.6971648408824019 0.7360975826698862 0.6941972535201181; 0.6750683323674747 0.6941972535201181 0.6941972535201181 0.7387759952404507],[0.19293637576500178 0.049348 0.049348 0.049348; 0.049348 0.19293637576500178 0.049348 0.049348; 0.049348 0.049348 0.19293637576500178 0.049348; 0.049348 0.049348 0.049348 0.205715190283566],1
9,uglv_185al_xlpe/nyl/pvc_ug_2w_bundled,"[14.631410694536466, 14.63134069109697]",[99.99997188129163],[0.8309931245307008 0.5742647436527081; 0.5742647436527081 0.8309932748397424],[3.1704093953428303 0.049348; 0.049348 3.170424328016272],1
8,ugsc_16al_xlpe/pvc_ug_2w_bundled,"[13.420290979904767, 13.419973289929356]",[99.9999261844803],[0.8337075555646326 0.5742647723649431; 0.5742647723649431 0.8337082992643345],[3.339380969980038 0.049348; 0.049348 3.3394588546725594],1
