{"24":{"Xc_est":0.18175528900684365,"Zc_est":0.20248770660961649,"Rc_est":0.08925405450768537},"4":{"Xc_est":0.036196809193987406,"Zc_est":0.037430953061949664,"Rc_est":0.009532431552334773},"1":{"Xc_est":0.2107500476037259,"Zc_est":0.22413103670289047,"Rc_est":0.07628328157951587},"12":{"Xc_est":0.11185050199456906,"Zc_est":0.11564180254205923,"Rc_est":0.0293682089807928},"29":{"Xc_est":0.20532672236731234,"Zc_est":0.21868484775428235,"Rc_est":0.07525954902343152},"20":{"Xc_est":0.06615618851145823,"Zc_est":0.09069744359865504,"Rc_est":0.062043412196361475},"2":{"Xc_est":0.23125095992451628,"Zc_est":0.2513904319140471,"Rc_est":0.09859078451823433},"6":{"Xc_est":0.07681830418772319,"Zc_est":0.08803678561909328,"Rc_est":0.043004927204503204},"25":{"Xc_est":0.17029337485091134,"Zc_est":0.18232100114147667,"Rc_est":0.06512383541467234},"23":{"Xc_est":0.20671527145200777,"Zc_est":0.21371199357557905,"Rc_est":0.05423663657133508},"22":{"Xc_est":0.18186066287545857,"Zc_est":0.1941625504298414,"Rc_est":0.06801319936541368},"11":{"Xc_est":0.22772038269128256,"Zc_est":0.24828897689353976,"Rc_est":0.09894869051067094},"13":{"Xc_est":0.23635543108697712,"Zc_est":0.25234070653612295,"Rc_est":0.08838519316513896},"5":{"Xc_est":0.08021664328811562,"Zc_est":0.08294973351775105,"Rc_est":0.02111749109750322},"15":{"Xc_est":0.1376743830308475,"Zc_est":0.14241791403282106,"Rc_est":0.036450329141662074},"27":{"Xc_est":0.10794626163025503,"Zc_est":0.11160084514057986,"Rc_est":0.028325840431383798},"28":{"Xc_est":0.1390080202066239,"Zc_est":0.1448631517796315,"Rc_est":0.04076889821620635},"16":{"Xc_est":0.21979824663885789,"Zc_est":0.23817721406366632,"Rc_est":0.09174484221804152},"14":{"Xc_est":0.06489359530016847,"Zc_est":0.0670950802294255,"Rc_est":0.017046145605707958},"21":{"Xc_est":0.05494063248484034,"Zc_est":0.07693051482155869,"Rc_est":0.05385007904242824},"7":{"Xc_est":0.026769941693697334,"Zc_est":0.04938649254936027,"Rc_est":0.04150175740910333},"8":{"Xc_est":0.1834523812154773,"Zc_est":0.20308095633697232,"Rc_est":0.08710395314284218},"26":{"Xc_est":0.10816904754129535,"Zc_est":0.12984224227718252,"Rc_est":0.07182245493977181},"17":{"Xc_est":0.17251255717500621,"Zc_est":0.18455638059425294,"Rc_est":0.06557800877573938},"10":{"Xc_est":0.1930914651272092,"Zc_est":0.21178201082758658,"Rc_est":0.08699026500249177},"19":{"Xc_est":0.05173529063399823,"Zc_est":0.0790604160023938,"Rc_est":0.059783016664327844},"9":{"Xc_est":0.09797673887403953,"Zc_est":0.10130107147947862,"Rc_est":0.02573840947880632},"18":{"Xc_est":0.08384482755046456,"Zc_est":0.09515517027181025,"Rc_est":0.044995014418155926},"30":{"Xc_est":0.24869345831110312,"Zc_est":0.2571204631517455,"Rc_est":0.06528779644490788},"3":{"Xc_est":0.030313848603853666,"Zc_est":0.04263161501179765,"Rc_est":0.029975409610825503}}