{"32":{"length_est":14.036154956051124,"length_true":20.051664},"29":{"length_est":3.6764600860737673,"length_true":5.2521},"1":{"length_est":0.1485219900477646,"length_true":0.11424},"54":{"length_est":8.421799959622986,"length_true":6.4783},"2":{"length_est":18.195184252508763,"length_true":13.996288},"41":{"length_est":6.316839967717044,"length_true":4.8591},"53":{"length_est":20.625665706343973,"length_true":29.465251},"51":{"length_est":8.281326040865611,"length_true":11.830480000000001},"27":{"length_est":13.89329198820248,"length_true":10.68714},"42":{"length_est":5.476417287014058,"length_true":4.212621},"33":{"length_est":1.7639900854492008,"length_true":2.52},"28":{"length_est":15.980246893463109,"length_true":12.29249},"52":{"length_est":12.543319830993555,"length_true":9.6487},"50":{"length_est":2.8546601000858627,"length_true":4.0781},"26":{"length_est":10.499990009728004,"length_true":15.0},"10":{"length_est":5.514520014233211,"length_true":7.8779},"24":{"length_est":13.54457997805965,"length_true":10.4189},"25":{"length_est":18.813620179238253,"length_true":14.588000000000001},"23":{"length_est":5.382139901447564,"length_true":4.1401},"49":{"length_est":15.881836970886086,"length_true":12.21679},"5":{"length_est":16.93802198980155,"length_true":13.029240000000001},"31":{"length_est":3.0729900242655903,"length_true":4.39},"43":{"length_est":8.339328006624154,"length_true":11.91334},"39":{"length_est":35.1273200080929,"length_true":50.1819},"34":{"length_est":14.80723881234669,"length_true":12.41835},"44":{"length_est":8.966626020033202,"length_true":12.809479999999999},"55":{"length_est":8.565414010476891,"length_true":12.23632},"17":{"length_est":12.203860070713715,"length_true":17.4341},"37":{"length_est":16.05684053028334,"length_true":16.546871},"47":{"length_est":10.164414928808926,"length_true":8.2743},"9":{"length_est":19.76403988460342,"length_true":15.2031},"12":{"length_est":9.369070010897042,"length_true":13.3844},"20":{"length_est":17.693399993266155,"length_true":13.610299999999999},"6":{"length_est":8.727310027133901,"length_true":12.467600000000001},"14":{"length_est":10.525199869321678,"length_true":8.0963},"7":{"length_est":10.759480007230849,"length_true":15.370700000000001},"57":{"length_est":15.45791998075705,"length_true":11.8907},"8":{"length_est":10.612159878975623,"length_true":14.8117},"19":{"length_est":7.54923989704633,"length_true":5.8071},"4":{"length_est":8.287437017355824,"length_true":11.83921},"22":{"length_est":9.308674008352071,"length_true":13.298119999999997},"11":{"length_est":16.161361694133273,"length_true":12.431809},"35":{"length_est":15.350604884275507,"length_true":11.80815},"13":{"length_est":9.015500016559725,"length_true":12.8793},"15":{"length_est":7.938329969124196,"length_true":6.1064},"16":{"length_est":28.82828089118402,"length_true":27.150599999999997},"40":{"length_est":25.66863999333935,"length_true":19.7451},"46":{"length_est":9.477906292308685,"length_true":7.2907},"21":{"length_est":7.446268090307483,"length_true":10.637540000000001},"38":{"length_est":12.838328978113884,"length_true":9.87563},"45":{"length_est":6.3616899568940015,"length_true":4.8936},"56":{"length_est":3.490050276282941,"length_true":4.9858},"36":{"length_est":49.23504753671861,"length_true":59.543393},"48":{"length_est":8.362400277502893,"length_true":11.9463},"18":{"length_est":14.319470010828795,"length_true":20.456400000000002},"30":{"length_est":12.533749009016988,"length_true":17.905369999999998},"3":{"length_est":10.32846200296466,"length_true":14.754960000000002}}