linecode_id,linecode_name,A_p_est,dist_est,x_est,r_est,scenario_id
11,uglv_240al_xlpe/nyl/pvc_ug_4w_bundled,"[299.8990838434425, 299.8990838434425, 299.8990838434425, 256.2942851104268]","[10.01510545107752, 12.055690673089293]",[0.7361081521021244 0.7188459135891935 0.7188459135891935 0.6781589194636477; 0.7188459135891935 0.7361081521021244 0.6970700017647222 0.6978812452409003; 0.7188459135891935 0.6970700017647222 0.7361081521021244 0.6978812452409003; 0.6781589194636477 0.6978812452409003 0.6978812452409003 0.7410290117800594],[0.19298469473182348 0.049348 0.049348 0.049348; 0.049348 0.19298469473182348 0.049348 0.049348; 0.049348 0.049348 0.19298469473182348 0.049348; 0.049348 0.049348 0.049348 0.21742241936449797],1
9,uglv_185al_xlpe/nyl/pvc_ug_2w_bundled,"[14.986445961866421, 14.977729039440273]",[99.81616616583268],[0.8301855563524267 0.5743803387601306; 0.5743803387601306 0.8302037448568221],[3.0964701258410208 0.049348; 0.049348 3.0982435273442803],1
8,ugsc_16al_xlpe/pvc_ug_2w_bundled,"[13.579822093140429, 13.56930893805831]",[99.85000704596176],[0.833319949655977 0.5743590403081551; 0.5743590403081551 0.8333442773000028],[3.3007307860024384 0.049348; 0.049348 3.3032498746027947],1
