{"32":{"length_est":14.03615487152959,"length_true":20.051664},"29":{"length_est":3.676460055757079,"length_true":5.2521},"1":{"length_est":0.14852199540056651,"length_true":0.11424},"54":{"length_est":8.421799970035137,"length_true":6.4783},"2":{"length_est":18.195184381439685,"length_true":13.996288},"41":{"length_est":6.316839976059435,"length_true":4.8591},"53":{"length_est":20.62566570347515,"length_true":29.465251},"51":{"length_est":8.281326018646109,"length_true":11.830480000000001},"27":{"length_est":13.893291994538338,"length_true":10.68714},"42":{"length_est":5.476417262922978,"length_true":4.212621},"33":{"length_est":1.7639900063102834,"length_true":2.52},"28":{"length_est":14.277716071060826,"length_true":12.29249},"52":{"length_est":6.75408003028255,"length_true":9.6487},"50":{"length_est":5.301539964225616,"length_true":4.0781},"26":{"length_est":10.49999000470355,"length_true":15.0},"10":{"length_est":5.514520006366208,"length_true":7.8779},"24":{"length_est":12.11329725023711,"length_true":10.4189},"25":{"length_est":11.709563035396812,"length_true":14.588000000000001},"23":{"length_est":5.382139954463649,"length_true":4.1401},"49":{"length_est":15.881836994222725,"length_true":12.21679},"5":{"length_est":16.938021995644263,"length_true":13.029240000000001},"31":{"length_est":3.072990024433418,"length_true":4.39},"43":{"length_est":8.339328003029078,"length_true":11.91334},"39":{"length_est":35.12732000545846,"length_true":50.1819},"34":{"length_est":8.713072808208205,"length_true":12.41835},"44":{"length_est":8.966626009183258,"length_true":12.809479999999999},"55":{"length_est":8.565414003832396,"length_true":12.23632},"17":{"length_est":12.20386005419661,"length_true":17.4341},"37":{"length_est":18.621994018613794,"length_true":16.546871},"47":{"length_est":5.792000015742121,"length_true":8.2743},"9":{"length_est":19.764039970087886,"length_true":15.2031},"12":{"length_est":9.369070004294201,"length_true":13.3844},"20":{"length_est":17.693399996979235,"length_true":13.610299999999999},"6":{"length_est":8.72731001179542,"length_true":12.467600000000001},"14":{"length_est":5.667400036480006,"length_true":8.0963},"7":{"length_est":10.759480003269157,"length_true":15.370700000000001},"57":{"length_est":15.457919992261868,"length_true":11.8907},"8":{"length_est":10.368180013784995,"length_true":14.8117},"19":{"length_est":7.549239923963398,"length_true":5.8071},"4":{"length_est":8.287437004032565,"length_true":11.83921},"22":{"length_est":9.308674003215229,"length_true":13.298119999999997},"11":{"length_est":16.161361697004935,"length_true":12.431809},"35":{"length_est":15.350604991583769,"length_true":11.80815},"13":{"length_est":9.015500010886143,"length_true":12.8793},"15":{"length_est":7.938329987174187,"length_true":6.1064},"16":{"length_est":35.295789958104315,"length_true":27.150599999999997},"40":{"length_est":25.668639994799662,"length_true":19.7451},"46":{"length_est":5.10348002249692,"length_true":7.2907},"21":{"length_est":7.446268019862086,"length_true":10.637540000000001},"38":{"length_est":12.838328925455517,"length_true":9.87563},"45":{"length_est":6.361689984437788,"length_true":4.8936},"56":{"length_est":6.481549968323952,"length_true":4.9858},"36":{"length_est":41.68036520348465,"length_true":59.543393},"48":{"length_est":8.362400015288216,"length_true":11.9463},"18":{"length_est":14.319470003658001,"length_true":20.456400000000002},"30":{"length_est":12.533749003312874,"length_true":17.905369999999998},"3":{"length_est":10.328462002310165,"length_true":14.754960000000002}}