linecode_id,linecode_name,A_p_est,dist_est,x_est,r_est,scenario_id
11,uglv_240al_xlpe/nyl/pvc_ug_4w_bundled,"[300.00000294917174, 300.00000294917174, 300.00000294917174, 272.255970098319]","[21.959354157505896, 16.954493891984367]",[0.7360975826723707 0.6695165915754839 0.6695165915754839 0.6449181131689411; 0.6695165915754839 0.7360975826723707 0.6477406797510126 0.6666334599147985; 0.6695165915754839 0.6477406797510126 0.7360975826723707 0.6666334599147985; 0.6449181131689411 0.6666334599147985 0.6666334599147985 0.7391461848462775],[0.1929363757763577 0.049348 0.049348 0.049348; 0.049348 0.1929363757763577 0.049348 0.049348; 0.049348 0.049348 0.1929363757763577 0.049348; 0.049348 0.049348 0.049348 0.20756863751556298],1
9,uglv_185al_xlpe/nyl/pvc_ug_2w_bundled,"[41.70889290867901, 41.70884761234198]",[99.99995005466218],[0.7980834907056955 0.5742647573668211; 0.5742647573668211 0.7980835248238618],[1.144211178893479 0.049348; 0.049348 1.1442123679287652],1
8,ugsc_16al_xlpe/pvc_ug_2w_bundled,"[150.04965470544803, 7.99505521520492]",[6.373672391480296],[0.7578630968451008 0.7472408681748958; 0.7472408681748958 0.8499793019051232],[0.34360525688797117 0.049348; 0.049348 5.571911459804787],1
