linecode_id,linecode_name,A_p_est,dist_est,x_est,r_est,scenario_id
10,ugsc_16al_xlpe/pvc_ug_2w_bundled,"[299.99843126457904, 7.262021921355969]",[2.0000025361471785],[0.7360977472596109 0.8200648757866708; 0.8200648757866708 0.8530004203152681],[0.19652610224704858 0.049348; 0.049348 6.1293626665445595],1
11,uglv_185al_xlpe/nyl/pvc_ug_2w_bundled,"[17.403594537081677, 299.9997429972645]",[2.0000003881990076],[0.8255422558778368 0.8200649432665612; 0.8200649432665612 0.736097609894546],[2.6732617541859454 0.049348; 0.049348 0.20156656732904063],1
13,uglv_240al_xlpe/nyl/pvc_ug_4w_bundled,"[300.00000295852834, 300.00000295852834, 300.00000295852834, 225.87855083259413]","[99.99999896879795, 99.99999890868236, 99.99999898041027, 99.99999888181257]",[0.736097582671391 0.5742647266330836 0.5742647266330836 0.5742647266708554; 0.5742647266330836 0.736097582671391 0.5742647266257873 0.5742647266877382; 0.5742647266330836 0.5742647266257873 0.736097582671391 0.5742647266877382; 0.5742647266708554 0.5742647266877382 0.5742647266877382 0.7450129727147172],[0.19293637577187936 0.049348 0.049348 0.049348; 0.049348 0.19293637577187936 0.049348 0.049348; 0.049348 0.049348 0.19293637577187936 0.049348; 0.049348 0.049348 0.049348 0.24005452347287048],1
