{"32":{"length_est":14.03615484917213,"length_true":20.051664},"29":{"length_est":3.6764600983321087,"length_true":5.2521},"1":{"length_est":0.1485219968299824,"length_true":0.11424},"54":{"length_est":8.421799933389858,"length_true":6.4783},"2":{"length_est":13.750612145498136,"length_true":13.996288},"41":{"length_est":6.3168399585012,"length_true":4.8591},"53":{"length_est":20.625665706542478,"length_true":29.465251},"51":{"length_est":8.281326023778881,"length_true":11.830480000000001},"27":{"length_est":13.893291996230872,"length_true":10.68714},"42":{"length_est":4.916194883918485,"length_true":4.212621},"33":{"length_est":1.763990004451299,"length_true":2.52},"28":{"length_est":9.833038378033361,"length_true":12.29249},"52":{"length_est":6.862665981857191,"length_true":9.6487},"50":{"length_est":5.301539988140418,"length_true":4.0781},"26":{"length_est":10.4999900111993,"length_true":15.0},"10":{"length_est":5.514520055112937,"length_true":7.8779},"24":{"length_est":7.293220028767511,"length_true":10.4189},"25":{"length_est":10.211590007939614,"length_true":14.588000000000001},"23":{"length_est":5.382139823417371,"length_true":4.1401},"49":{"length_est":15.881836996166744,"length_true":12.21679},"5":{"length_est":16.938021997032955,"length_true":13.029240000000001},"31":{"length_est":5.70700997190256,"length_true":4.39},"43":{"length_est":8.339328002079874,"length_true":11.91334},"39":{"length_est":35.127320014045985,"length_true":50.1819},"34":{"length_est":8.692835006912732,"length_true":12.41835},"44":{"length_est":8.966626006315904,"length_true":12.809479999999999},"55":{"length_est":9.705488944845373,"length_true":12.23632},"17":{"length_est":12.203860059178883,"length_true":17.4341},"37":{"length_est":17.15647074297699,"length_true":16.546871},"47":{"length_est":5.792000014513345,"length_true":8.2743},"9":{"length_est":19.764039940054143,"length_true":15.2031},"12":{"length_est":9.36907001431332,"length_true":13.3844},"20":{"length_est":17.693399997258126,"length_true":13.610299999999999},"6":{"length_est":8.727310008256584,"length_true":12.467600000000001},"14":{"length_est":5.667400070381498,"length_true":8.0963},"7":{"length_est":10.75948000042567,"length_true":15.370700000000001},"57":{"length_est":15.457919993208801,"length_true":11.8907},"8":{"length_est":10.368180016522608,"length_true":14.8117},"19":{"length_est":7.549239930447957,"length_true":5.8071},"4":{"length_est":8.287437003205357,"length_true":11.83921},"22":{"length_est":9.308674002211955,"length_true":13.298119999999997},"11":{"length_est":16.161361697383565,"length_true":12.431809},"35":{"length_est":15.350604973155074,"length_true":11.80815},"13":{"length_est":12.407628520180847,"length_true":12.8793},"15":{"length_est":7.938329950224722,"length_true":6.1064},"16":{"length_est":32.20822774621049,"length_true":27.150599999999997},"40":{"length_est":25.66863999546381,"length_true":19.7451},"46":{"length_est":5.1034805142207045,"length_true":7.2907},"21":{"length_est":13.828811977826566,"length_true":10.637540000000001},"38":{"length_est":12.838328928215907,"length_true":9.87563},"45":{"length_est":6.3616899484266956,"length_true":4.8936},"56":{"length_est":6.481549971335658,"length_true":4.9858},"36":{"length_est":52.14087776188238,"length_true":59.543393},"48":{"length_est":15.530189334564033,"length_true":11.9463},"18":{"length_est":14.319470003184595,"length_true":20.456400000000002},"30":{"length_est":12.533749002677512,"length_true":17.905369999999998},"3":{"length_est":10.328462002017856,"length_true":14.754960000000002}}