linecode_id,linecode_name,A_p_est,dist_est,x_est,r_est,scenario_id
10,ugsc_16al_xlpe/pvc_ug_2w_bundled,"[299.99852091291507, 6.754843223766001]",[2.0000023949935475],[0.7360977378715524 0.8200648802211477; 0.8200648802211477 0.855274892514917],[0.1965260582659252 0.049348; 0.049348 6.585872731657033],1
11,uglv_185al_xlpe/nyl/pvc_ug_2w_bundled,"[21.634440910639004, 299.9999044449505]",[2.000000132413072],[0.8187058275329718 0.820064951302331; 0.820064951302331 0.7360975929877343],[2.1601273479270087 0.049348; 0.049348 0.20156648541122965],1
13,uglv_240al_xlpe/nyl/pvc_ug_4w_bundled,"[300.0000029291378, 300.0000029291378, 300.0000029291378, 228.79909021491076]","[86.16288370471725, 86.16288362945588, 86.16288370101462, 86.16288362989363]",[0.7360975826744687 0.583622338754799 0.583622338754799 0.5836223388096814; 0.583622338754799 0.7360975826744687 0.583622338757499 0.5836223388093621; 0.583622338754799 0.583622338757499 0.7360975826744687 0.5836223388093621; 0.5836223388096814 0.5836223388093621 0.5836223388093621 0.7446093772051173],[0.1929363757859465 0.049348 0.049348 0.049348; 0.049348 0.1929363757859465 0.049348 0.049348; 0.049348 0.049348 0.1929363757859465 0.049348; 0.049348 0.049348 0.049348 0.2376202222186826],1
