{"24":{"Xc_est":0.2080520378061186,"Zc_est":0.2196303878537965,"Rc_est":0.07036943110137005},"4":{"Xc_est":0.04666063709945266,"Zc_est":0.04884981631176319,"Rc_est":0.014459927356877952},"1":{"Xc_est":0.24077224126169994,"Zc_est":0.2516720195876494,"Rc_est":0.07326345119596772},"12":{"Xc_est":0.12526028487071295,"Zc_est":0.13005131660372335,"Rc_est":0.03497436181647535},"29":{"Xc_est":0.23351239403911125,"Zc_est":0.2435972379764812,"Rc_est":0.06936552587484113},"20":{"Xc_est":0.074402485658386,"Zc_est":0.0809314496408509,"Rc_est":0.03184603066040179},"2":{"Xc_est":0.25925181634345446,"Zc_est":0.27203334487706493,"Rc_est":0.08240531807853126},"6":{"Xc_est":0.09252932293023547,"Zc_est":0.09822323435805692,"Rc_est":0.03295645863605457},"25":{"Xc_est":0.19308619506806493,"Zc_est":0.20172661770530517,"Rc_est":0.0584067595827702},"23":{"Xc_est":0.2330690402752928,"Zc_est":0.24139557702141134,"Rc_est":0.0628541730567994},"22":{"Xc_est":0.21059714920608982,"Zc_est":0.21980193066958,"Rc_est":0.0629422709499967},"11":{"Xc_est":0.24982062159942656,"Zc_est":0.2604156861279158,"Rc_est":0.07352541468872717},"13":{"Xc_est":0.26448530085731425,"Zc_est":0.2761417654509924,"Rc_est":0.07938387907381995},"5":{"Xc_est":0.09692154660098953,"Zc_est":0.10120297971035747,"Rc_est":0.02912485032969679},"15":{"Xc_est":0.1606921126433818,"Zc_est":0.16615548068647418,"Rc_est":0.04225740995801791},"27":{"Xc_est":0.12161397181970932,"Zc_est":0.12609622744853646,"Rc_est":0.03332117097264126},"28":{"Xc_est":0.1619813909969692,"Zc_est":0.16787881559829224,"Rc_est":0.04410584652143516},"16":{"Xc_est":0.24784206677288215,"Zc_est":0.2598117948098973,"Rc_est":0.07795177137234537},"14":{"Xc_est":0.08312516885569526,"Zc_est":0.0863248663120229,"Rc_est":0.023284948926308058},"21":{"Xc_est":0.06835210604005874,"Zc_est":0.07645014588468738,"Rc_est":0.034243457852246},"7":{"Xc_est":0.026384526191331192,"Zc_est":0.03313209118528909,"Rc_est":0.02003976656473995},"8":{"Xc_est":0.21198016725304392,"Zc_est":0.22336822713107768,"Rc_est":0.07041145917428666},"26":{"Xc_est":0.12043131810195423,"Zc_est":0.1296851866562802,"Rc_est":0.048109721037438435},"17":{"Xc_est":0.19724569800643338,"Zc_est":0.2060096759493722,"Rc_est":0.05944847519255838},"10":{"Xc_est":0.21623038484703005,"Zc_est":0.22573231925393966,"Rc_est":0.06480355410521718},"19":{"Xc_est":0.05238595010498453,"Zc_est":0.05732532220711353,"Rc_est":0.023278848720404005},"9":{"Xc_est":0.11429513005116196,"Zc_est":0.11877159198774538,"Rc_est":0.03230037631191686},"18":{"Xc_est":0.09955419798448581,"Zc_est":0.10547916188450839,"Rc_est":0.034854199969646824},"30":{"Xc_est":0.27636810304315357,"Zc_est":0.286721438567098,"Rc_est":0.07635348685105997},"3":{"Xc_est":0.03462067591980878,"Zc_est":0.038773519869920454,"Rc_est":0.017458368822965347}}