{"24":{"Xc_est":0.1753844376442729,"Zc_est":0.19932663895371225,"Rc_est":0.09471751701129895},"4":{"Xc_est":0.03748564956436523,"Zc_est":0.061353391605201014,"Rc_est":0.0485702042223291},"1":{"Xc_est":0.2069936703012686,"Zc_est":0.22272775309903575,"Rc_est":0.08222695698951007},"12":{"Xc_est":0.1086751601443865,"Zc_est":0.13073695718114098,"Rc_est":0.0726764166740177},"29":{"Xc_est":0.2007480743245311,"Zc_est":0.21530760306569222,"Rc_est":0.07783042202690546},"20":{"Xc_est":0.0660558847204323,"Zc_est":0.08509990039393296,"Rc_est":0.05365270860691256},"2":{"Xc_est":0.22621796709039352,"Zc_est":0.24885440717851293,"Rc_est":0.10370124077203101},"6":{"Xc_est":0.08644730144606928,"Zc_est":0.0996060971878678,"Rc_est":0.049479679361242764},"25":{"Xc_est":0.1602373718218811,"Zc_est":0.17331003675767168,"Rc_est":0.06603297291930549},"23":{"Xc_est":0.20340081354454087,"Zc_est":0.22683542359198025,"Rc_est":0.10041124660899313},"22":{"Xc_est":0.17758343210119054,"Zc_est":0.19114735382468503,"Rc_est":0.07072082803065285},"11":{"Xc_est":0.22127420492776187,"Zc_est":0.2422755874806214,"Rc_est":0.09866704881908178},"13":{"Xc_est":0.23146300406154457,"Zc_est":0.2489565913611032,"Rc_est":0.09167476279186508},"5":{"Xc_est":0.09241800039625961,"Zc_est":0.1386063766039236,"Rc_est":0.10329879398146748},"15":{"Xc_est":0.1275315838827765,"Zc_est":0.13194862903124102,"Rc_est":0.033854627683293156},"27":{"Xc_est":0.10558815568655369,"Zc_est":0.12166732208026115,"Rc_est":0.06044897551567025},"28":{"Xc_est":0.1288914277870416,"Zc_est":0.1346413157077993,"Rc_est":0.03892664561126635},"16":{"Xc_est":0.2150236602776116,"Zc_est":0.23561975486600262,"Rc_est":0.0963405127863322},"14":{"Xc_est":0.07562343447521024,"Zc_est":0.0915994697542915,"Rc_est":0.051687126225404965},"21":{"Xc_est":0.05991158404332431,"Zc_est":0.0867834791707402,"Rc_est":0.06278514437665955},"7":{"Xc_est":0.02695558653919595,"Zc_est":0.05490958459609459,"Rc_est":0.04783783894412023},"8":{"Xc_est":0.17920335848071903,"Zc_est":0.20174261632652404,"Rc_est":0.09266196388757358},"26":{"Xc_est":0.10703805171639202,"Zc_est":0.1329883706169838,"Rc_est":0.07892250758889524},"17":{"Xc_est":0.16434950159158127,"Zc_est":0.17747603903696155,"Rc_est":0.0669849666630351},"10":{"Xc_est":0.1835999833554776,"Zc_est":0.1976801351936334,"Rc_est":0.07326992535850935},"19":{"Xc_est":0.04475883048223232,"Zc_est":0.060874540948803,"Rc_est":0.041259627114047986},"9":{"Xc_est":0.10153546730920439,"Zc_est":0.12707381235004805,"Rc_est":0.07640878655937886},"18":{"Xc_est":0.09043709812455787,"Zc_est":0.10373715585348198,"Rc_est":0.05081858702658605},"30":{"Xc_est":0.2512981723453269,"Zc_est":0.3046967962893551,"Rc_est":0.17230602498141245},"3":{"Xc_est":0.030407212828980675,"Zc_est":0.045482891424922976,"Rc_est":0.03382447073265752}}