{"32":{"length_est":14.162366370394887,"length_true":20.051664},"29":{"length_est":3.8175810848169416,"length_true":5.2521},"1":{"length_est":0.14582613829529234,"length_true":0.11424},"54":{"length_est":8.22187368188402,"length_true":6.4783},"2":{"length_est":12.621453021170895,"length_true":13.996288},"41":{"length_est":6.204334982588015,"length_true":4.8591},"53":{"length_est":20.646686891485803,"length_true":29.465251},"51":{"length_est":8.393701979620179,"length_true":11.830480000000001},"27":{"length_est":13.883455725219315,"length_true":10.68714},"42":{"length_est":5.4764137742014185,"length_true":4.212621},"33":{"length_est":1.7838260936785548,"length_true":2.52},"28":{"length_est":14.122385932862333,"length_true":12.29249},"52":{"length_est":12.543318635326582,"length_true":9.6487},"50":{"length_est":5.259809317285494,"length_true":4.0781},"26":{"length_est":10.533388194132122,"length_true":15.0},"10":{"length_est":5.514520152664394,"length_true":7.8779},"24":{"length_est":7.4104194443196585,"length_true":10.4189},"25":{"length_est":10.256021225876426,"length_true":14.588000000000001},"23":{"length_est":5.251650903320513,"length_true":4.1401},"49":{"length_est":15.867747621103545,"length_true":12.21679},"5":{"length_est":16.92955566049477,"length_true":13.029240000000001},"31":{"length_est":5.635704507231628,"length_true":4.39},"43":{"length_est":8.344981741699783,"length_true":11.91334},"39":{"length_est":35.18364429046433,"length_true":50.1819},"34":{"length_est":8.731251403429045,"length_true":12.41835},"44":{"length_est":8.980287982914609,"length_true":12.809479999999999},"55":{"length_est":9.712185349831705,"length_true":12.23632},"17":{"length_est":12.37554344391913,"length_true":17.4341},"37":{"length_est":16.35328616056561,"length_true":16.546871},"47":{"length_est":5.836984025032066,"length_true":8.2743},"9":{"length_est":19.45264646168321,"length_true":15.2031},"12":{"length_est":9.416627971561445,"length_true":13.3844},"20":{"length_est":17.6671110731377,"length_true":13.610299999999999},"6":{"length_est":8.753760552932233,"length_true":12.467600000000001},"14":{"length_est":5.920578888343295,"length_true":8.0963},"7":{"length_est":10.765639597557648,"length_true":15.370700000000001},"57":{"length_est":15.420865667247547,"length_true":11.8907},"8":{"length_est":10.424415059574828,"length_true":14.8117},"19":{"length_est":7.403702211336828,"length_true":5.8071},"4":{"length_est":8.301186399039919,"length_true":11.83921},"22":{"length_est":9.314882545590205,"length_true":13.298119999999997},"11":{"length_est":16.15351649540907,"length_true":12.431809},"35":{"length_est":15.276410168653495,"length_true":11.80815},"13":{"length_est":10.63084836063103,"length_true":12.8793},"15":{"length_est":7.792771458520693,"length_true":6.1064},"16":{"length_est":34.527730668693074,"length_true":27.150599999999997},"40":{"length_est":25.653144165975025,"length_true":19.7451},"46":{"length_est":5.305374059871201,"length_true":7.2907},"21":{"length_est":13.70843706898513,"length_true":10.637540000000001},"38":{"length_est":12.555783578482318,"length_true":9.87563},"45":{"length_est":6.228593375112791,"length_true":4.8936},"56":{"length_est":6.38549990370911,"length_true":4.9858},"36":{"length_est":41.68037451498864,"length_true":59.543393},"48":{"length_est":15.529992451729084,"length_true":11.9463},"18":{"length_est":14.335313205265107,"length_true":20.456400000000002},"30":{"length_est":12.569552517855879,"length_true":17.905369999999998},"3":{"length_est":10.33689846365565,"length_true":14.754960000000002}}