{"32":{"length_est":14.036154928956847,"length_true":20.051664},"29":{"length_est":3.6764601057482986,"length_true":5.2521},"1":{"length_est":0.14852199190929072,"length_true":0.11424},"54":{"length_est":8.421799963953122,"length_true":6.4783},"2":{"length_est":18.1951843799747,"length_true":13.996288},"41":{"length_est":6.31683997536057,"length_true":4.8591},"53":{"length_est":20.625665706587572,"length_true":29.465251},"51":{"length_est":8.281326036150988,"length_true":11.830480000000001},"27":{"length_est":13.893291990476524,"length_true":10.68714},"42":{"length_est":5.476417292083428,"length_true":4.212621},"33":{"length_est":1.763990072744612,"length_true":2.52},"28":{"length_est":15.980246922263117,"length_true":12.29249},"52":{"length_est":12.543319989484587,"length_true":9.6487},"50":{"length_est":2.8546600155566404,"length_true":4.0781},"26":{"length_est":10.499990013666308,"length_true":15.0},"10":{"length_est":5.51452002864331,"length_true":7.8779},"24":{"length_est":13.544579988471693,"length_true":10.4189},"25":{"length_est":18.964409983770953,"length_true":14.588000000000001},"23":{"length_est":5.382139880440691,"length_true":4.1401},"49":{"length_est":15.356963516163411,"length_true":12.21679},"5":{"length_est":16.938021985111725,"length_true":13.029240000000001},"31":{"length_est":3.0729900138149584,"length_true":4.39},"43":{"length_est":8.339328005876652,"length_true":11.91334},"39":{"length_est":35.127320006682716,"length_true":50.1819},"34":{"length_est":16.14386354079196,"length_true":12.41835},"44":{"length_est":8.966626016401987,"length_true":12.809479999999999},"55":{"length_est":8.565414007850823,"length_true":12.23632},"17":{"length_est":12.203860052611473,"length_true":17.4341},"37":{"length_est":14.671484219305714,"length_true":16.546871},"47":{"length_est":10.756599942147703,"length_true":8.2743},"9":{"length_est":19.76403984599561,"length_true":15.2031},"12":{"length_est":9.36907000944041,"length_true":13.3844},"20":{"length_est":17.693399989001104,"length_true":13.610299999999999},"6":{"length_est":8.727310031095763,"length_true":12.467600000000001},"14":{"length_est":10.525199950954756,"length_true":8.0963},"7":{"length_est":10.759480007110458,"length_true":15.370700000000001},"57":{"length_est":15.457919980448931,"length_true":11.8907},"8":{"length_est":19.255219941279858,"length_true":14.8117},"19":{"length_est":7.549239913624457,"length_true":5.8071},"4":{"length_est":8.287437070653493,"length_true":11.83921},"22":{"length_est":9.308674009566818,"length_true":13.298119999999997},"11":{"length_est":16.161361695060087,"length_true":12.431809},"35":{"length_est":13.438282560770439,"length_true":11.80815},"13":{"length_est":9.015500011674195,"length_true":12.8793},"15":{"length_est":7.938329967661046,"length_true":6.1064},"16":{"length_est":25.072813687409425,"length_true":27.150599999999997},"40":{"length_est":25.668639994813404,"length_true":19.7451},"46":{"length_est":5.534757514837628,"length_true":7.2907},"21":{"length_est":8.133414831512065,"length_true":10.637540000000001},"38":{"length_est":12.838328990201033,"length_true":9.87563},"45":{"length_est":6.361689943198174,"length_true":4.8936},"56":{"length_est":3.4900500342582643,"length_true":4.9858},"36":{"length_est":57.26991599167,"length_true":59.543393},"48":{"length_est":8.362400047310924,"length_true":11.9463},"18":{"length_est":14.319470030998048,"length_true":20.456400000000002},"30":{"length_est":12.533749009551386,"length_true":17.905369999999998},"3":{"length_est":10.328462001820434,"length_true":14.754960000000002}}