{"24":{"Xc_est":0.191955246994711,"Zc_est":0.20923697323870166,"Rc_est":0.0832664045176243},"4":{"Xc_est":0.0361968090905115,"Zc_est":0.03743095282257219,"Rc_est":0.00953243100529393},"1":{"Xc_est":0.22100724413689743,"Zc_est":0.23325555559949476,"Rc_est":0.0745919047688341},"12":{"Xc_est":0.11625180826420509,"Zc_est":0.12019178230528771,"Rc_est":0.03052182184968926},"29":{"Xc_est":0.2155828121031339,"Zc_est":0.22776305335598776,"Rc_est":0.0734850978072928},"20":{"Xc_est":0.06653760573705628,"Zc_est":0.08496620827091045,"Rc_est":0.05283941304287725},"2":{"Xc_est":0.24146103632981575,"Zc_est":0.25888223568420454,"Rc_est":0.09336262575240394},"6":{"Xc_est":0.0836226087536142,"Zc_est":0.0927093226760544,"Rc_est":0.0400284625771805},"25":{"Xc_est":0.18055211726717788,"Zc_est":0.1914091827456588,"Rc_est":0.06354847118302889},"23":{"Xc_est":0.21562336851921024,"Zc_est":0.22291925957777717,"Rc_est":0.05656464654829237},"22":{"Xc_est":0.1921198015566589,"Zc_est":0.2032927930737274,"Rc_est":0.06646759786202124},"11":{"Xc_est":0.23792688828534825,"Zc_est":0.255621938421222,"Rc_est":0.09345250790147061},"13":{"Xc_est":0.24659762802735452,"Zc_est":0.26102158318054275,"Rc_est":0.0855679656025518},"5":{"Xc_est":0.0807224500771572,"Zc_est":0.083472625650418,"Rc_est":0.02125006556497378},"15":{"Xc_est":0.14798912130859906,"Zc_est":0.1530616416578354,"Rc_est":0.039077949297530445},"27":{"Xc_est":0.11234756793124226,"Zc_est":0.11615082522484205,"Rc_est":0.029479453528630902},"28":{"Xc_est":0.14931171444057245,"Zc_est":0.1552610245716643,"Rc_est":0.04256756607864599},"16":{"Xc_est":0.23001901952566206,"Zc_est":0.24603547059710543,"Rc_est":0.0873195479167879},"14":{"Xc_est":0.06539940222754884,"Zc_est":0.0676179728933043,"Rc_est":0.01717872074628712},"21":{"Xc_est":0.05420246894577119,"Zc_est":0.06903287474840887,"Rc_est":0.04275079129340434},"7":{"Xc_est":0.026673984504163417,"Zc_est":0.04345048939824544,"Rc_est":0.034299323311381656},"8":{"Xc_est":0.19322984260614312,"Zc_est":0.20933696057957893,"Rc_est":0.08052447448509886},"26":{"Xc_est":0.11244939420567172,"Zc_est":0.12933557056399334,"Rc_est":0.06389697610913325},"17":{"Xc_est":0.18277165437686652,"Zc_est":0.19366265845401578,"Rc_est":0.0640292717108357},"10":{"Xc_est":0.2044002923305726,"Zc_est":0.22136313187711434,"Rc_est":0.08498327276365147},"19":{"Xc_est":0.051730125289940615,"Zc_est":0.07226129901410852,"Rc_est":0.05045482605949056},"9":{"Xc_est":0.10194213909525114,"Zc_est":0.10540042027419845,"Rc_est":0.02677776821660331},"18":{"Xc_est":0.08774617693803172,"Zc_est":0.09694864153384972,"Rc_est":0.04122678168397964},"30":{"Xc_est":0.2562448204816856,"Zc_est":0.2649234833382856,"Rc_est":0.06725357983334113},"3":{"Xc_est":0.030252548907773694,"Zc_est":0.039485099709902965,"Rc_est":0.02537432528529064}}