{"24":{"Xc_est":0.16097148750878187,"Zc_est":0.166446151761521,"Rc_est":0.04233794569212541},"4":{"Xc_est":0.037359473866763734,"Zc_est":0.05698400687388776,"Rc_est":0.04302844119651426},"1":{"Xc_est":0.1929171664550854,"Zc_est":0.19945257271348846,"Rc_est":0.05063887487859771},"12":{"Xc_est":0.09766986917479951,"Zc_est":0.11653642314191018,"Rc_est":0.06357149183468865},"29":{"Xc_est":0.18747936046800315,"Zc_est":0.19383143533773578,"Rc_est":0.049214984746471103},"20":{"Xc_est":0.060267282101122824,"Zc_est":0.0623430816961507,"Rc_est":0.0159535119493045},"2":{"Xc_est":0.21280158140149721,"Zc_est":0.2200237808277708,"Rc_est":0.055910205533237646},"6":{"Xc_est":0.07154465483438388,"Zc_est":0.07398180930626015,"Rc_est":0.018832696908746602},"25":{"Xc_est":0.14847753773782368,"Zc_est":0.1535113025636071,"Rc_est":0.03898898308610356},"23":{"Xc_est":0.1910724843418622,"Zc_est":0.2115443795434505,"Rc_est":0.09078728018754754},"22":{"Xc_est":0.16405319177659386,"Zc_est":0.16961296623028668,"Rc_est":0.043070971446538014},"11":{"Xc_est":0.20797105585174985,"Zc_est":0.21502749510738564,"Rc_est":0.054633905041330304},"13":{"Xc_est":0.2183263026251255,"Zc_est":0.2257248235598104,"Rc_est":0.05731772459850139},"5":{"Xc_est":0.07833629049837251,"Zc_est":0.1182639950936286,"Rc_est":0.0885990864877308},"15":{"Xc_est":0.11659116929540367,"Zc_est":0.12052988897055754,"Rc_est":0.030560650804350522},"27":{"Xc_est":0.09327361811161745,"Zc_est":0.10506245959744125,"Rc_est":0.04835444737593558},"28":{"Xc_est":0.117780311511144,"Zc_est":0.12176273565510853,"Rc_est":0.030886275504724114},"16":{"Xc_est":0.2014888155905519,"Zc_est":0.20832544589458135,"Rc_est":0.05293154635085497},"14":{"Xc_est":0.06159024584261608,"Zc_est":0.07542123500194202,"Rc_est":0.04353164718069231},"21":{"Xc_est":0.051131192786955854,"Zc_est":0.05289935691762444,"Rc_est":0.01356256194387237},"7":{"Xc_est":0.025514483361683726,"Zc_est":0.02640732407488493,"Rc_est":0.006808663861754494},"8":{"Xc_est":0.1649650854688466,"Zc_est":0.17057233192682386,"Rc_est":0.04337558063254842},"26":{"Xc_est":0.09465333732455868,"Zc_est":0.09788951003748816,"Rc_est":0.024962009308202793},"17":{"Xc_est":0.15070136142365953,"Zc_est":0.15581013199176943,"Rc_est":0.03957141514209665},"10":{"Xc_est":0.1702143850902463,"Zc_est":0.17598322742557135,"Rc_est":0.04468958987806556},"19":{"Xc_est":0.040561788655477715,"Zc_est":0.041957683151272976,"Rc_est":0.010732589458792106},"9":{"Xc_est":0.09076130371289268,"Zc_est":0.11260177932480983,"Rc_est":0.06664492820499715},"18":{"Xc_est":0.07534577149695211,"Zc_est":0.07791145649862394,"Rc_est":0.01982951767608203},"30":{"Xc_est":0.23966155968554487,"Zc_est":0.28618607156535464,"Rc_est":0.15641228969330484},"3":{"Xc_est":0.02951183231095468,"Zc_est":0.030528440374779708,"Rc_est":0.00781264522211083}}