linecode_id,linecode_name,A_p_est,dist_est,x_est,r_est,scenario_id
10,ugsc_16al_xlpe/pvc_ug_2w_bundled,"[15.659143034723071, 15.658219186896297]",[1999.990510655534],[0.8288604703973045 0.3860371738911673; 0.3860371738911673 0.8288623239125],[2.8689914308509548 0.049348; 0.049348 2.8691577921353884],1
11,uglv_185al_xlpe/nyl/pvc_ug_2w_bundled,"[299.99930528561225, 10.788009555565992]",[2.0000011010408496],[0.736097655731783 0.8200649208719302; 0.8200649208719302 0.8405666901018235],[0.20156678942235695 0.049348; 0.049348 4.282337491056134],1
13,uglv_240al_xlpe/nyl/pvc_ug_4w_bundled,"[300.0000029834014, 300.0000029834014, 300.0000029834014, 207.65901658004307]","[100.0000005372935, 100.0000005285859, 100.00000055556045, 100.0000005017971]",[0.7360975826687862 0.5742647256475664 0.5742647256475664 0.5742647256530377; 0.5742647256475664 0.7360975826687862 0.5742647256360889 0.5742647256698695; 0.5742647256475664 0.5742647256360889 0.7360975826687862 0.5742647256698695; 0.5742647256530377 0.5742647256698695 0.5742647256698695 0.7476550607648761],[0.19293637575997444 0.049348 0.049348 0.049348; 0.049348 0.19293637575997444 0.049348 0.049348; 0.049348 0.049348 0.19293637575997444 0.049348; 0.049348 0.049348 0.049348 0.2567866841746891],1
