{"24":{"Xc_est":0.1783115551248875,"Zc_est":0.20286737494300078,"Rc_est":0.0967479256894341},"4":{"Xc_est":0.037420226058081006,"Zc_est":0.06159423071292476,"Rc_est":0.04892418562305477},"1":{"Xc_est":0.2104101059095886,"Zc_est":0.22648603928955208,"Rc_est":0.08380640383756019},"12":{"Xc_est":0.10383314919443272,"Zc_est":0.12629954611288532,"Rc_est":0.07190446771020226},"29":{"Xc_est":0.20404026867492484,"Zc_est":0.218889881602077,"Rc_est":0.07924865315471157},"20":{"Xc_est":0.06307861876356644,"Zc_est":0.08510663264990936,"Rc_est":0.05713341207986149},"2":{"Xc_est":0.23000119386998735,"Zc_est":0.25322098199883025,"Rc_est":0.10592599559519097},"6":{"Xc_est":0.08206992495131815,"Zc_est":0.09558279551486354,"Rc_est":0.04899590000113503},"25":{"Xc_est":0.16306273252084977,"Zc_est":0.1764289489863815,"Rc_est":0.06736259572843824},"23":{"Xc_est":0.20687961601985852,"Zc_est":0.23071640650465275,"Rc_est":0.10213170274648353},"22":{"Xc_est":0.1805717781485472,"Zc_est":0.1943157719965208,"Rc_est":0.07178058360640227},"11":{"Xc_est":0.22136517580786857,"Zc_est":0.2378676332116063,"Rc_est":0.08705440752335698},"13":{"Xc_est":0.23508005442876764,"Zc_est":0.2529492298083645,"Rc_est":0.09338458582877808},"5":{"Xc_est":0.08810262771542052,"Zc_est":0.1356924053533983,"Rc_est":0.10320056133679203},"15":{"Xc_est":0.13039909369811156,"Zc_est":0.1349157654253415,"Rc_est":0.03461704960011606},"27":{"Xc_est":0.1022392325050106,"Zc_est":0.12143205611223547,"Rc_est":0.06552010064424113},"28":{"Xc_est":0.13174153650534418,"Zc_est":0.13760450668182267,"Rc_est":0.03973874454935444},"16":{"Xc_est":0.21853995207574395,"Zc_est":0.23963103640339978,"Rc_est":0.09830220218539892},"14":{"Xc_est":0.07169460624859186,"Zc_est":0.08799831198635984,"Rc_est":0.05102535004591439},"21":{"Xc_est":0.056458600951614535,"Zc_est":0.08643987376443571,"Rc_est":0.06545439752222865},"7":{"Xc_est":0.026846450842053386,"Zc_est":0.055416809502834424,"Rc_est":0.04847979839746294},"8":{"Xc_est":0.18220492591678947,"Zc_est":0.20532228610865072,"Rc_est":0.09464991360027694},"26":{"Xc_est":0.10242623311655867,"Zc_est":0.12940661814438684,"Rc_est":0.07908817603864389},"17":{"Xc_est":0.1672205277021504,"Zc_est":0.1806307877567243,"Rc_est":0.06829916983850634},"10":{"Xc_est":0.18675712477101045,"Zc_est":0.20111164734506193,"Rc_est":0.07461682816302094},"19":{"Xc_est":0.04050809774203825,"Zc_est":0.057471316657606054,"Rc_est":0.04076820152619322},"9":{"Xc_est":0.09693351151507996,"Zc_est":0.12307910104644397,"Rc_est":0.07584431066175384},"18":{"Xc_est":0.08587677329184419,"Zc_est":0.0994587979834012,"Rc_est":0.05017202711954348},"30":{"Xc_est":0.25299124334825046,"Zc_est":0.303044894754514,"Rc_est":0.1668281721589036},"3":{"Xc_est":0.030362724494331538,"Zc_est":0.04590791456308815,"Rc_est":0.034433146542439605}}