{"32":{"length_est":14.036154922373667,"length_true":20.051664},"29":{"length_est":3.6764601142031244,"length_true":5.2521},"1":{"length_est":0.14852199214288125,"length_true":0.11424},"54":{"length_est":8.42179988771806,"length_true":6.4783},"2":{"length_est":13.199041675636694,"length_true":13.996288},"41":{"length_est":6.316839936850759,"length_true":4.8591},"53":{"length_est":20.625665720314352,"length_true":29.465251},"51":{"length_est":8.28132608708931,"length_true":11.830480000000001},"27":{"length_est":13.893291990653735,"length_true":10.68714},"42":{"length_est":3.790030268713477,"length_true":4.212621},"33":{"length_est":1.7639900092203125,"length_true":2.52},"28":{"length_est":9.482053811817588,"length_true":12.29249},"52":{"length_est":12.543319953988433,"length_true":9.6487},"50":{"length_est":5.30153998489916,"length_true":4.0781},"26":{"length_est":10.752840005213558,"length_true":15.0},"10":{"length_est":10.241279978718145,"length_true":7.8779},"24":{"length_est":7.293220062832648,"length_true":10.4189},"25":{"length_est":10.21159003772064,"length_true":14.588000000000001},"23":{"length_est":5.382139562187351,"length_true":4.1401},"49":{"length_est":15.881836990520245,"length_true":12.21679},"5":{"length_est":16.938021992678603,"length_true":13.029240000000001},"31":{"length_est":5.707009973545463,"length_true":4.39},"43":{"length_est":8.339328005171309,"length_true":11.91334},"39":{"length_est":35.12732002715908,"length_true":50.1819},"34":{"length_est":8.692835017904784,"length_true":12.41835},"44":{"length_est":8.966626015731403,"length_true":12.809479999999999},"55":{"length_est":9.928698789698434,"length_true":12.23632},"17":{"length_est":12.203860077421938,"length_true":17.4341},"37":{"length_est":17.137284209609998,"length_true":16.546871},"47":{"length_est":5.792000026312604,"length_true":8.2743},"9":{"length_est":19.764039867131462,"length_true":15.2031},"12":{"length_est":9.369070025901962,"length_true":13.3844},"20":{"length_est":17.693399991897316,"length_true":13.610299999999999},"6":{"length_est":8.72731002118513,"length_true":12.467600000000001},"14":{"length_est":6.090708703369769,"length_true":8.0963},"7":{"length_est":10.759480005530543,"length_true":15.370700000000001},"57":{"length_est":15.457919978880101,"length_true":11.8907},"8":{"length_est":10.368180027305806,"length_true":14.8117},"19":{"length_est":7.549239886797118,"length_true":5.8071},"4":{"length_est":8.287437012773358,"length_true":11.83921},"22":{"length_est":9.308674005496512,"length_true":13.298119999999997},"11":{"length_est":16.161361694685056,"length_true":12.431809},"35":{"length_est":12.004167162676078,"length_true":11.80815},"13":{"length_est":11.471430872078589,"length_true":12.8793},"15":{"length_est":7.938329884992891,"length_true":6.1064},"16":{"length_est":25.276359743154597,"length_true":27.150599999999997},"40":{"length_est":25.66863999182949,"length_true":19.7451},"46":{"length_est":9.477919892802847,"length_true":7.2907},"21":{"length_est":13.828811973894105,"length_true":10.637540000000001},"38":{"length_est":12.838328909454509,"length_true":9.87563},"45":{"length_est":6.361689890164371,"length_true":4.8936},"56":{"length_est":6.481549958773993,"length_true":4.9858},"36":{"length_est":68.5465454245283,"length_true":59.543393},"48":{"length_est":15.530199654887955,"length_true":11.9463},"18":{"length_est":14.319470006117232,"length_true":20.456400000000002},"30":{"length_est":13.322397355609874,"length_true":17.905369999999998},"3":{"length_est":10.328462002688644,"length_true":14.754960000000002}}