linecode_id,linecode_name,A_p_est,dist_est,x_est,r_est,scenario_id
4,hydrogen,"[260.6649769708182, 143.46098319815954, 300.0000022619648, 120.38084563005465]","[648.3853665362711, 463.5139303984828, 404.8008152528422]",[0.740512991982568 0.4568119237032603 0.4229241323409585 0.40341684688675605; 0.4568119237032603 0.7592737747253336 0.47790140795383335 0.4384606419014724; 0.4229241323409585 0.47790140795383335 0.736097582744335 0.4864114561813749; 0.40341684688675605 0.4384606419014724 0.4864114561813749 0.7647842251120188],[0.14160174749748294 0.049348 0.049348 0.049348; 0.049348 0.21697072522339422 0.049348 0.049348; 0.049348 0.049348 0.12950573595196363 0.049348; 0.049348 0.049348 0.049348 0.24910835922528313],1
1,pluto,"[117.2676004055853, 261.526680638727, 99.33128961416084, 300.0000027461196]","[379.9999984910089, 1200.0000081115516, 380.0012282116653]",[0.7656073847764265 0.49038393920974005 0.4008477811704456 0.38730621269478516; 0.49038393920974005 0.7404093085682242 0.41813307094095825 0.40084773226805454; 0.4008477811704456 0.41813307094095825 0.7708223742643067 0.4903837358789938; 0.38730621269478516 0.40084773226805454 0.4903837358789938 0.7360975826936343],[0.4470308139491754 0.049348 0.049348 0.049348; 0.049348 0.2276675091241289 0.049348 0.049348; 0.049348 0.049348 0.5188406391825704 0.049348; 0.049348 0.049348 0.049348 0.20479902962491167],1
10,tw2x16_lv_oh_2w_bundled,"[9.99999991159607, 9.99999991159607]",[99.99998428003265],[0.842949600201236 0.5742647358623294; 0.5742647358623294 0.842949600201236],[3.6724599115461167 0.049348; 0.049348 3.6724599115461167],1
7,abc2x16_lv_oh_2w_bundled,"[10.004608950271335, 299.99890262418364]",[2.000001752329041],[0.8429351237810669 0.8200649004110749; 0.8200649004110749 0.7360976978986137],[4.520265005617958 0.049348; 0.049348 0.1984477996961338],1
