linecode_id,linecode_name,A_p_est,dist_est,x_est,r_est,scenario_id
4,hydrogen,"[263.99862834050754, 143.64873085189916, 300.00000232968654, 121.88210258621714]","[657.3427285668766, 496.2190319974654, 450.2600964746162]",[0.7401137594084143 0.4559498486631024 0.4206128755888717 0.39990752602879565; 0.4559498486631024 0.7592326874277369 0.4736174601995459 0.43304485902405127; 0.4206128755888717 0.4736174601995459 0.7360975827372432 0.47972422907840545; 0.39990752602879565 0.43304485902405127 0.47972422907840545 0.7643948622928572],[0.14043681026414517 0.049348 0.049348 0.049348; 0.049348 0.21675164376553868 0.049348 0.049348; 0.049348 0.049348 0.1295057359338689 0.049348; 0.049348 0.049348 0.049348 0.24664785335535577],1
1,pluto,"[113.52466049575246, 257.7280618715077, 100.73649615423055, 300.00000273605303]","[379.99999831021995, 1200.0000084553205, 380.00029559241864]",[0.7666264701702689 0.49038393923963297 0.40084778116396436 0.3873062425866572; 0.49038393923963297 0.7408689655586869 0.41813307092295854 0.400847769341918; 0.40084778116396436 0.41813307092295854 0.770381056893321 0.49038389008482275; 0.3873062425866572 0.400847769341918 0.49038389008482275 0.7360975826946885],[0.4601425279088105 0.049348 0.049348 0.049348; 0.049348 0.2302957360583692 0.049348 0.049348; 0.049348 0.049348 0.5122915318353796 0.049348; 0.049348 0.049348 0.049348 0.20479902963012786],1
10,tw2x16_lv_oh_2w_bundled,"[9.99999991278976, 9.99999991278976]",[99.99998193779233],[0.842949600197486 0.5742647373340061; 0.5742647373340061 0.842949600197486],[3.6724599111136302 0.049348; 0.049348 3.6724599111136302],1
7,abc2x16_lv_oh_2w_bundled,"[10.214122043410107, 299.99883507930247]",[2.0000018602489016],[0.8422840147732412 0.8200648970206676; 0.8200648970206676 0.7360977049719403],[4.428557108744129 0.049348; 0.049348 0.198447833266025],1
