linecode_id,linecode_name,A_p_est,dist_est,x_est,r_est,scenario_id
4,hydrogen,"[249.97872751529997, 138.94282685742007, 300.0000027764053, 125.61653997838448]","[554.3004960339492, 506.0359578141756, 507.9789010921987]",[0.7418280703086992 0.4666626159465214 0.42590760709080916 0.4013141724431709; 0.4666626159465214 0.7602791047328723 0.47238656224264286 0.42871423136666464; 0.42590760709080916 0.47238656224264286 0.7360975826904628 0.4721457784703479; 0.4013141724431709 0.42871423136666464 0.4721457784703479 0.7634467359630501],[0.14554546930438814 0.049348 0.049348 0.049348; 0.049348 0.22242149728518104 0.049348 0.049348; 0.049348 0.049348 0.12950573581450903 0.049348; 0.049348 0.049348 0.049348 0.24078235228387143],1
1,pluto,"[120.92244872961092, 295.1017449507615, 102.5604151625606, 300.0000029136493]","[379.9999968574428, 1200.0000108912918, 380.0000235201345]",[0.7646431990096371 0.4903839394798459 0.4008477811248656 0.38730625127699814; 0.4903839394798459 0.7366147619584377 0.41813307079541107 0.400847780064568; 0.4008477811248656 0.41813307079541107 0.7698173318798905 0.49038393507124006; 0.38730625127699814 0.400847780064568 0.49038393507124006 0.7360975826760906],[0.4350109584027005 0.049348 0.049348 0.049348; 0.049348 0.20737928958841584 0.049348 0.049348; 0.049348 0.049348 0.5040586136460405 0.049348; 0.049348 0.049348 0.049348 0.20479902953810278],1
10,tw2x16_lv_oh_2w_bundled,"[9.999999904555173, 9.999999904555173]",[99.9999942185286],[0.8429496002233557 0.5742647296177729; 0.5742647296177729 0.8429496002233557],[3.672459914097113 0.049348; 0.049348 3.672459914097113],1
7,abc2x16_lv_oh_2w_bundled,"[299.999676000191, 10.131552516733763]",[2.000000506592546],[0.7360976169104863 0.8200649395471105; 0.8200649395471105 0.8425390093652052],[0.19844741532835938 0.049348; 0.049348 4.4642465277871155],1
