linecode_id,linecode_name,A_p_est,dist_est,x_est,r_est,scenario_id
4,hydrogen,"[158.75495945461097, 152.63271995041836, 299.99997078894694, 116.67437171825347]","[761.1848142908409, 694.4156503542687, 402.85358296750127]",[0.7560913724475251 0.44673423862217676 0.40600040385518166 0.3906488825293535; 0.44673423862217676 0.7573268809660435 0.45250256082311935 0.42375634553146757; 0.40600040385518166 0.45250256082311935 0.7360975860401896 0.48671442917647; 0.3906488825293535 0.42375634553146757 0.48671442917647 0.7657667141367718],[0.20082245503129842 0.049348 0.049348 0.049348; 0.049348 0.20689823545878414 0.049348 0.049348; 0.049348 0.049348 0.12950574436131734 0.049348; 0.049348 0.049348 0.049348 0.25545428206314924],1
1,pluto,"[188.08716181933664, 200.21047217541044, 96.58797966775977, 300.00000278451836]","[581.561265984636, 1199.9999689716126, 858.446676155964]",[0.7507649905797652 0.46364609098266196 0.3933038428306997 0.3685925302150827; 0.46364609098266196 0.748802631232061 0.4181330729903255 0.3842270338146196; 0.3933038428306997 0.4181330729903255 0.7717022209352218 0.43917879240523555; 0.3685925302150827 0.3842270338146196 0.43917879240523555 0.7360975826896132],[0.2972932019120541 0.049348 0.049348 0.049348; 0.049348 0.28227941865976924 0.049348 0.049348; 0.049348 0.049348 0.5321752573334204 0.049348; 0.049348 0.049348 0.049348 0.2047990296050146],1
10,tw2x16_lv_oh_2w_bundled,"[11.83023044431168, 11.830230346291016]",[3.9932563634838356],[0.8376694165304016 0.7766191502495307; 0.7766191502495307 0.8376694167907022],[3.1119357463430832 0.049348; 0.049348 3.111935771718488],1
7,abc2x16_lv_oh_2w_bundled,"[17.168344245465523, 17.168404898583002]",[5.7652579302213205],[0.8259698128791094 0.75354454660685; 0.75354454660685 0.8259697018914143],[2.6547114323030128 0.049348; 0.049348 2.65470222798757],1
