linecode_id,linecode_name,A_p_est,dist_est,x_est,r_est,scenario_id
4,hydrogen,"[164.76199031636847, 158.9056643069302, 299.99828620151027, 123.95326959214354]","[722.6456282337273, 683.033600748352, 431.641676080208]",[0.7549245799567064 0.44999881493821936 0.40819310763998146 0.3913674609614381; 0.44999881493821936 0.7560615636286693 0.45354096309857694 0.42276746077817773; 0.40819310763998146 0.45354096309857694 0.7360977624506985 0.48237760040000555; 0.3913674609614381 0.42276746077817773 0.48237760040000555 0.7638654891463477],[0.1952998722778749 0.049348 0.049348 0.049348; 0.049348 0.2006787978780107 0.049348 0.049348; 0.049348 0.049348 0.12950619447298567 0.049348; 0.049348 0.049348 0.049348 0.2433511194500032],1
1,pluto,"[190.03646494556847, 202.0094614758338, 98.65943580825525, 300.00000261161546]","[491.5472402174277, 1199.9999674489038, 854.7136151515062]",[0.7504410761497319 0.4742118117545394 0.3965614596405815 0.3708642824202159; 0.4742118117545394 0.7485216037642244 0.4181330730700545 0.38434108521846644; 0.3965614596405815 0.4181330730700545 0.7710355866775325 0.4394526209097448; 0.3708642824202159 0.38434108521846644 0.4394526209097448 0.7360975827077196],[0.29474989867096413 0.049348 0.049348 0.049348; 0.049348 0.28020505478176105 0.049348 0.049348; 0.049348 0.049348 0.5220378033858253 0.049348; 0.049348 0.049348 0.049348 0.2047990296946077],1
10,tw2x16_lv_oh_2w_bundled,"[11.86967213103358, 11.869672483669957]",[4.577222313408254],[0.8375648506006423 0.7680435056847569; 0.7680435056847569 0.8375648496673037],[3.1017590855965933 0.049348; 0.049348 3.101758994912441],1
7,abc2x16_lv_oh_2w_bundled,"[16.96351148006579, 16.963535737242868]",[31.324746743339485],[0.8263468860428475 0.6471977095208294; 0.6471977095208294 0.826346841119193],[2.686170944523527 0.049348; 0.049348 2.686167173972265],1
