{"32":{"Xc_est":0.20928222473335395,"Zc_est":0.2276336113555043,"Rc_est":0.08954334944263984},"29":{"Xc_est":0.11058244413757083,"Zc_est":0.1554979842966869,"Rc_est":0.10932129787417325},"1":{"Xc_est":0.15156760434452723,"Zc_est":0.1987856634637643,"Rc_est":0.12861959925295136},"54":{"Xc_est":0.1093681025641988,"Zc_est":0.11365875142043293,"Rc_est":0.030934283828119507},"2":{"Xc_est":0.17643905125848117,"Zc_est":0.22159093139161154,"Rc_est":0.13405894996608375},"41":{"Xc_est":0.08909587827908173,"Zc_est":0.09354633915201378,"Rc_est":0.02851038481716157},"51":{"Xc_est":0.11190204529881795,"Zc_est":0.14380244591130037,"Rc_est":0.09031653064646451},"53":{"Xc_est":0.11269748438386967,"Zc_est":0.11813324904579572,"Rc_est":0.035422331143834196},"27":{"Xc_est":0.1541657298121393,"Zc_est":0.16466720296953585,"Rc_est":0.057863766601395555},"42":{"Xc_est":0.18360879227432986,"Zc_est":0.19818818669182753,"Rc_est":0.07460810105984922},"33":{"Xc_est":0.09339842187798073,"Zc_est":0.1291424856869924,"Rc_est":0.0891880956188536},"28":{"Xc_est":0.13028727527838535,"Zc_est":0.14796913878205617,"Rc_est":0.07014336698817386},"50":{"Xc_est":0.17478915903198394,"Zc_est":0.19662244889815883,"Rc_est":0.09005074844553435},"52":{"Xc_est":0.05125741533083837,"Zc_est":0.05563973006414674,"Rc_est":0.021643865995081613},"26":{"Xc_est":0.17322922833021603,"Zc_est":0.18285234260359973,"Rc_est":0.05853728425321838},"10":{"Xc_est":0.15300408797674817,"Zc_est":0.16071304291904875,"Rc_est":0.04917754799401357},"24":{"Xc_est":0.10378437657632786,"Zc_est":0.10841851980734823,"Rc_est":0.03135886821744897},"25":{"Xc_est":0.09585186939761638,"Zc_est":0.09932069499314305,"Rc_est":0.026019600052714944},"23":{"Xc_est":0.08708974440489453,"Zc_est":0.0928970408530452,"Rc_est":0.032330119374083505},"49":{"Xc_est":0.1509445582267529,"Zc_est":0.16596006393453677,"Rc_est":0.06898175963895048},"5":{"Xc_est":0.08861377395559693,"Zc_est":0.0982934953753174,"Rc_est":0.042534812782518694},"31":{"Xc_est":0.13882481453899156,"Zc_est":0.14430011844160126,"Rc_est":0.03937251643564005},"43":{"Xc_est":0.133984042795308,"Zc_est":0.13949773931124604,"Rc_est":0.0388316307817922},"39":{"Xc_est":0.06747749436828211,"Zc_est":0.08638338337458369,"Rc_est":0.05393400297603321},"34":{"Xc_est":0.11838599681138674,"Zc_est":0.13429233134689642,"Rc_est":0.06339705054305718},"44":{"Xc_est":0.2258970669527922,"Zc_est":0.23887242533267983,"Rc_est":0.07765662062208481},"55":{"Xc_est":0.0949572409313269,"Zc_est":0.11288830368696443,"Rc_est":0.06104827191682202},"17":{"Xc_est":0.136689386880569,"Zc_est":0.17402840819540266,"Rc_est":0.10771210875867127},"37":{"Xc_est":0.1821723913732102,"Zc_est":0.20994829404361817,"Rc_est":0.10436237824614521},"47":{"Xc_est":0.21092630137919136,"Zc_est":0.22073195654942962,"Rc_est":0.06505914254456348},"9":{"Xc_est":0.020832570635080122,"Zc_est":0.036028820891108156,"Rc_est":0.029395236613062817},"12":{"Xc_est":0.15603366669079966,"Zc_est":0.16659307569929402,"Rc_est":0.05836735157581801},"20":{"Xc_est":0.15873684049517972,"Zc_est":0.17615551060139875,"Rc_est":0.07637656305992946},"6":{"Xc_est":0.10595721014106743,"Zc_est":0.11066793187315037,"Rc_est":0.03194465157427652},"14":{"Xc_est":0.11838599685786902,"Zc_est":0.1342923314834737,"Rc_est":0.06339705074556551},"7":{"Xc_est":0.14194999405386752,"Zc_est":0.15566063236816408,"Rc_est":0.06387825653040088},"8":{"Xc_est":0.10310377500183607,"Zc_est":0.11293305643891195,"Rc_est":0.04608130658960571},"19":{"Xc_est":0.08939531453496187,"Zc_est":0.10050861337592984,"Rc_est":0.04593973336826606},"4":{"Xc_est":0.1912485052984758,"Zc_est":0.20069153891552166,"Rc_est":0.06083669134148577},"22":{"Xc_est":0.07714341597398132,"Zc_est":0.10337332477052671,"Rc_est":0.06881088319428894},"11":{"Xc_est":0.033190058759179,"Zc_est":0.03391563370998847,"Rc_est":0.00697783702248424},"35":{"Xc_est":0.14560050419820042,"Zc_est":0.16370445252101054,"Rc_est":0.074830748709562},"13":{"Xc_est":0.17349302336002204,"Zc_est":0.1855696639590615,"Rc_est":0.0658503684672899},"15":{"Xc_est":0.018512163353108357,"Zc_est":0.019195702088486675,"Rc_est":0.0050768874970560166},"16":{"Xc_est":0.15963098251565974,"Zc_est":0.17867751086356726,"Rc_est":0.08027205185794944},"40":{"Xc_est":0.15573417524281846,"Zc_est":0.16259563389777085,"Rc_est":0.04673549854293886},"21":{"Xc_est":0.19339336119000072,"Zc_est":0.21009730176912328,"Rc_est":0.08209679688209505},"38":{"Xc_est":0.053299022391656466,"Zc_est":0.061427886043052125,"Rc_est":0.03053849039837924},"46":{"Xc_est":0.1285616243444983,"Zc_est":0.1505051705792101,"Rc_est":0.078254169965448},"45":{"Xc_est":0.18491797711699248,"Zc_est":0.19398564005214064,"Rc_est":0.0586154440859925},"36":{"Xc_est":0.17515108412865135,"Zc_est":0.1976702007649672,"Rc_est":0.0916275395228996},"48":{"Xc_est":0.10819374936615875,"Zc_est":0.11368931833493086,"Rc_est":0.03491953180605477},"18":{"Xc_est":0.09120340708916755,"Zc_est":0.09714029793991028,"Rc_est":0.033439139031711314},"30":{"Xc_est":0.22764876005477602,"Zc_est":0.24068252492627176,"Rc_est":0.07812886694691307},"3":{"Xc_est":0.030653951639373584,"Zc_est":0.037232037466804646,"Rc_est":0.021131963061213475}}