linecode_id,linecode_name,A_p_est,dist_est,x_est,r_est,scenario_id
4,hydrogen,"[248.96126376049457, 138.7919797360189, 300.000002413576, 126.54399383116728]","[543.9537158423215, 508.96453500619964, 524.9141523499997]",[0.7419562006898642 0.467846546080349 0.42634872991839345 0.40093403962928614; 0.467846546080349 0.7603132309102156 0.4720239833590805 0.42749529768252725; 0.42634872991839345 0.4720239833590805 0.7360975827284584 0.47008521456286817; 0.40093403962928614 0.42749529768252725 0.47008521456286817 0.7632156369787105],[0.14593861254620338 0.049348 0.049348 0.049348; 0.049348 0.22260960353531134 0.049348 0.049348; 0.049348 0.049348 0.12950573591145428 0.049348; 0.049348 0.049348 0.049348 0.23937931036773324],1
1,pluto,"[120.47741328608998, 298.4404119188626, 102.64695429889204, 300.0000027645378]","[379.9999979506489, 1200.0000090481883, 380.0000683239207]",[0.7647590337844904 0.4903839392990871 0.40084778115468683 0.3873062498647563; 0.4903839392990871 0.7362613290421474 0.4181330708919159 0.40084777835614677; 0.40084778115468683 0.4181330708919159 0.769790834647601 0.49038392766305283; 0.3873062498647563 0.40084777835614677 0.49038392766305283 0.7360975826917056],[0.43643557137421884 0.049348 0.049348 0.049348; 0.049348 0.20561138609611432 0.049348 0.049348; 0.049348 0.049348 0.5036752582503112 0.049348; 0.049348 0.049348 0.049348 0.20479902961536792],1
10,tw2x16_lv_oh_2w_bundled,"[9.999999913400144, 9.999999913400144]",[99.99998070708523],[0.8429496001955684 0.5742647381072841; 0.5742647381072841 0.8429496001955684],[3.672459910892481 0.049348; 0.049348 3.672459910892481],1
7,abc2x16_lv_oh_2w_bundled,"[299.9991574950804, 10.181899024510468]",[2.0000013413407007],[0.736097671208447 0.8200649133226747; 0.8200649133226747 0.8423832811154971],[0.19844767302511254 0.049348; 0.049348 4.442416147960373],1
