{"32":{"Xc_est":0.20883879251324383,"Zc_est":0.22715904027149936,"Rc_est":0.0893733087598247},"29":{"Xc_est":0.10944782500721129,"Zc_est":0.15412900995156867,"Rc_est":0.10852154306791628},"1":{"Xc_est":0.15025604911394438,"Zc_est":0.19775586346688287,"Rc_est":0.12857099688576873},"54":{"Xc_est":0.11181993647134783,"Zc_est":0.17493990634402115,"Rc_est":0.13453725372252337},"2":{"Xc_est":0.17513534449085263,"Zc_est":0.2206634197691076,"Rc_est":0.13423842942416964},"41":{"Xc_est":0.08823171116078278,"Zc_est":0.09607781541234718,"Rc_est":0.03802777616491997},"51":{"Xc_est":0.11085101994448571,"Zc_est":0.1427553992622647,"Rc_est":0.0899508498892358},"53":{"Xc_est":0.11283433920115624,"Zc_est":0.1400162630457359,"Rc_est":0.0829033522502626},"27":{"Xc_est":0.15335126131553248,"Zc_est":0.17210273407467974,"Rc_est":0.07812004690804532},"42":{"Xc_est":0.18320181399219154,"Zc_est":0.19777620443061408,"Rc_est":0.07451524937186013},"33":{"Xc_est":0.09234165639848851,"Zc_est":0.1280059398382509,"Rc_est":0.08864840171970045},"28":{"Xc_est":0.12989662803002547,"Zc_est":0.14744826187009852,"Rc_est":0.06977002189294734},"50":{"Xc_est":0.1736727529125187,"Zc_est":0.19613165534073923,"Rc_est":0.09113397348127507},"52":{"Xc_est":0.052432156407787436,"Zc_est":0.05693005257531549,"Rc_est":0.02217881558283717},"26":{"Xc_est":0.1731019311913259,"Zc_est":0.18615560390621225,"Rc_est":0.06848087531216338},"10":{"Xc_est":0.15365763626278411,"Zc_est":0.1783014330813731,"Rc_est":0.09044739828765283},"24":{"Xc_est":0.10314966570947302,"Zc_est":0.11372769732057736,"Rc_est":0.04789713563319654},"25":{"Xc_est":0.09687844431346958,"Zc_est":0.14630182647969925,"Rc_est":0.10963024883077663},"23":{"Xc_est":0.0863754138361224,"Zc_est":0.09812146326640862,"Rc_est":0.04655222269859703},"49":{"Xc_est":0.15063724410411214,"Zc_est":0.1657626014815069,"Rc_est":0.06917847019582761},"5":{"Xc_est":0.08851577877294836,"Zc_est":0.09817674661136976,"Rc_est":0.04246917097626897},"31":{"Xc_est":0.13863007124780646,"Zc_est":0.14655380848762245,"Rc_est":0.04753653466603157},"43":{"Xc_est":0.1346285031596747,"Zc_est":0.15669599682399954,"Rc_est":0.08017980766784324},"39":{"Xc_est":0.0670274562706393,"Zc_est":0.0858571195037429,"Rc_est":0.05365412449539668},"34":{"Xc_est":0.11829720857084275,"Zc_est":0.1342999480423704,"Rc_est":0.06357866378377196},"44":{"Xc_est":0.2265454254311466,"Zc_est":0.25640739372814614,"Rc_est":0.12009130599123882},"55":{"Xc_est":0.09406880336217392,"Zc_est":0.11238026025229794,"Rc_est":0.0614848203086166},"17":{"Xc_est":0.13629590430795466,"Zc_est":0.17346637433280038,"Rc_est":0.10730335266450944},"37":{"Xc_est":0.1818013894689355,"Zc_est":0.20966887602556927,"Rc_est":0.1044475579465119},"47":{"Xc_est":0.21160671304690287,"Zc_est":0.23865199429251532,"Rc_est":0.11035113671041397},"9":{"Xc_est":0.020828689351397797,"Zc_est":0.03606153014722151,"Rc_est":0.029438064754021},"12":{"Xc_est":0.15549031115805692,"Zc_est":0.17945401150239118,"Rc_est":0.08959076615517353},"20":{"Xc_est":0.15742743764770892,"Zc_est":0.17502382258078816,"Rc_est":0.0764849027355591},"6":{"Xc_est":0.10563786624470585,"Zc_est":0.1221053609189628,"Rc_est":0.06124018599266175},"14":{"Xc_est":0.1182972086531655,"Zc_est":0.13429994828467334,"Rc_est":0.06357866414242565},"7":{"Xc_est":0.14154666999433674,"Zc_est":0.15514508411594455,"Rc_est":0.06351800798874162},"8":{"Xc_est":0.10207202953119567,"Zc_est":0.11189859890207297,"Rc_est":0.04585408622609034},"19":{"Xc_est":0.08929731930244471,"Zc_est":0.10039145128626834,"Rc_est":0.04587409134533811},"4":{"Xc_est":0.1912571032521988,"Zc_est":0.20650214272294243,"Rc_est":0.07787076091026884},"22":{"Xc_est":0.07708107338981694,"Zc_est":0.1033544475383345,"Rc_est":0.06885237796204279},"11":{"Xc_est":0.03403250648609334,"Zc_est":0.05485777620107973,"Rc_est":0.04302515673419174},"35":{"Xc_est":0.14519486484271124,"Zc_est":0.16317588046748505,"Rc_est":0.07446354268798785},"13":{"Xc_est":0.1741557443125731,"Zc_est":0.2269860907930351,"Rc_est":0.14557631035452723},"15":{"Xc_est":0.018997164593006842,"Zc_est":0.03176893934714729,"Rc_est":0.02546317428501268},"16":{"Xc_est":0.1582540965819059,"Zc_est":0.17736456484328503,"Rc_est":0.08008638946220928},"40":{"Xc_est":0.15645696934099956,"Zc_est":0.18139873606059267,"Rc_est":0.09179715784821493},"21":{"Xc_est":0.1928027486919806,"Zc_est":0.2092221198447095,"Rc_est":0.08124651087358122},"38":{"Xc_est":0.054473763468279784,"Zc_est":0.06271323288570352,"Rc_est":0.03107343998623891},"46":{"Xc_est":0.12824025001140596,"Zc_est":0.15017410777094148,"Rc_est":0.07814538324053724},"45":{"Xc_est":0.18519596930139118,"Zc_est":0.20557199258802053,"Rc_est":0.08923170451766202},"36":{"Xc_est":0.17387479722195423,"Zc_est":0.19672076900085297,"Rc_est":0.09201421546321663},"48":{"Xc_est":0.10834587130651127,"Zc_est":0.13623026913857406,"Rc_est":0.0825824339699504},"18":{"Xc_est":0.09108613484513224,"Zc_est":0.11599085299871997,"Rc_est":0.07181360608091654},"30":{"Xc_est":0.22855135983289482,"Zc_est":0.2633571203191378,"Rc_est":0.13084818967537712},"3":{"Xc_est":0.030601387090775,"Zc_est":0.03709924271344225,"Rc_est":0.020974005769796262}}