{"32":{"Xc_est":0.2092633334591013,"Zc_est":0.2275379020158024,"Rc_est":0.08934402119525324},"29":{"Xc_est":0.11033264160848409,"Zc_est":0.15485192675698714,"Rc_est":0.10865462445770599},"1":{"Xc_est":0.15162763705565727,"Zc_est":0.19877909798880158,"Rc_est":0.1285386691939801},"54":{"Xc_est":0.10935272696144821,"Zc_est":0.11362286059332968,"Rc_est":0.030856693852488272},"2":{"Xc_est":0.1764949220470176,"Zc_est":0.22156232907959494,"Rc_est":0.13393807583652942},"41":{"Xc_est":0.0890494476023886,"Zc_est":0.09347070504117395,"Rc_est":0.02840719244493528},"51":{"Xc_est":0.11177969813403063,"Zc_est":0.14363088930698578,"Rc_est":0.09019496354110129},"53":{"Xc_est":0.11257413200009009,"Zc_est":0.11797544907514769,"Rc_est":0.03528840303710351},"27":{"Xc_est":0.1542229971980358,"Zc_est":0.16468441996557126,"Rc_est":0.05776006678191505},"42":{"Xc_est":0.18359389536045234,"Zc_est":0.19810566111250577,"Rc_est":0.07442536228462884},"33":{"Xc_est":0.0932792894388473,"Zc_est":0.1289935703326124,"Rc_est":0.0890972241371098},"28":{"Xc_est":0.130281658009532,"Zc_est":0.14791185542320331,"Rc_est":0.07003289627754905},"50":{"Xc_est":0.17489076859518152,"Zc_est":0.1967433213601791,"Rc_est":0.09011744315070962},"52":{"Xc_est":0.05124906849651212,"Zc_est":0.055619680067644214,"Rc_est":0.02161207507545048},"26":{"Xc_est":0.17321586415382223,"Zc_est":0.1827797938022483,"Rc_est":0.05834995653671906},"10":{"Xc_est":0.15299481448595417,"Zc_est":0.1606573999595096,"Rc_est":0.04902435009419602},"24":{"Xc_est":0.1036789592155765,"Zc_est":0.10828280958929701,"Rc_est":0.031238442159089448},"25":{"Xc_est":0.09573212309826881,"Zc_est":0.09917936935955014,"Rc_est":0.025921186578858252},"23":{"Xc_est":0.08704402770669638,"Zc_est":0.09281366752942309,"Rc_est":0.032213570445670255},"49":{"Xc_est":0.1510363616785459,"Zc_est":0.1661630707024099,"Rc_est":0.0692689217193508},"5":{"Xc_est":0.08859963736610263,"Zc_est":0.09824884019711874,"Rc_est":0.04246102752729952},"31":{"Xc_est":0.13881664950633935,"Zc_est":0.14425818073839292,"Rc_est":0.03924742704668644},"43":{"Xc_est":0.1339776880324083,"Zc_est":0.13945840633577464,"Rc_est":0.038712093810651806},"39":{"Xc_est":0.0674338343528119,"Zc_est":0.0863056473014798,"Rc_est":0.0538641136621123},"34":{"Xc_est":0.11836746111418225,"Zc_est":0.13422104341462124,"Rc_est":0.06328058663359709},"44":{"Xc_est":0.22587603221361746,"Zc_est":0.23877392722012283,"Rc_est":0.07741451021322397},"55":{"Xc_est":0.09495604291704497,"Zc_est":0.11293808847315162,"Rc_est":0.06114214374313135},"17":{"Xc_est":0.13668415677421897,"Zc_est":0.1739588914516344,"Rc_est":0.10760639944725525},"37":{"Xc_est":0.18215902737232245,"Zc_est":0.20984363832527836,"Rc_est":0.10417505119921809},"47":{"Xc_est":0.21090740954844064,"Zc_est":0.22065523007839327,"Rc_est":0.06485981158248154},"9":{"Xc_est":0.020819102054024506,"Zc_est":0.035972219619171915,"Rc_est":0.029335397968905233},"12":{"Xc_est":0.15609093395853954,"Zc_est":0.16661042195627546,"Rc_est":0.058263651107693236},"20":{"Xc_est":0.1587934893163933,"Zc_est":0.17615834143852735,"Rc_est":0.07626525427150471},"6":{"Xc_est":0.10583437983392908,"Zc_est":0.11051424554369875,"Rc_est":0.03181953037460739},"14":{"Xc_est":0.11836746113201757,"Zc_est":0.13422104346698405,"Rc_est":0.06328058671129981},"7":{"Xc_est":0.14194203513036427,"Zc_est":0.15560233981256757,"Rc_est":0.06375379846092456},"8":{"Xc_est":0.10298123079501566,"Zc_est":0.11276697865963903,"Rc_est":0.045948423041136076},"19":{"Xc_est":0.08938117803355332,"Zc_est":0.10046233233625361,"Rc_est":0.045865948499667075},"4":{"Xc_est":0.19123216692218556,"Zc_est":0.20061800867830382,"Rc_est":0.060645228503925605},"22":{"Xc_est":0.07713244480571102,"Zc_est":0.10332249508662526,"Rc_est":0.06874681046579284},"11":{"Xc_est":0.03318539148458071,"Zc_est":0.033908122332966764,"Rc_est":0.006963515790357423},"35":{"Xc_est":0.14559233928830334,"Zc_est":0.16364004668910895,"Rc_est":0.07470565989918919},"13":{"Xc_est":0.1735488931132119,"Zc_est":0.18557905077537395,"Rc_est":0.06572948946909428},"15":{"Xc_est":0.018509633573907794,"Zc_est":0.01919004375001031,"Rc_est":0.005064705725604923},"16":{"Xc_est":0.15973313335756323,"Zc_est":0.17880782889704483,"Rc_est":0.0803589807218196},"40":{"Xc_est":0.15572437489749924,"Zc_est":0.1625450578452214,"Rc_est":0.046592004600462124},"21":{"Xc_est":0.19338047716045859,"Zc_est":0.2100165664808495,"Rc_est":0.08192038360260792},"38":{"Xc_est":0.05329067556496333,"Zc_est":0.06140484360163701,"Rc_est":0.030506699519471485},"46":{"Xc_est":0.12853618501663872,"Zc_est":0.15038375772533588,"Rc_est":0.07806230671047931},"45":{"Xc_est":0.18488167056895916,"Zc_est":0.1938941423962021,"Rc_est":0.05842693165989083},"36":{"Xc_est":0.17522593107469342,"Zc_est":0.19771340552865949,"Rc_est":0.09157763812605646},"48":{"Xc_est":0.1080712045775735,"Zc_est":0.11353191602978985,"Rc_est":0.03478664540520557},"18":{"Xc_est":0.09115769009567522,"Zc_est":0.09705729946243177,"Rc_est":0.03332258866536326},"30":{"Xc_est":0.22762772518535704,"Zc_est":0.2405841391727812,"Rc_est":0.07788675592453272},"3":{"Xc_est":0.030649284814516543,"Zc_est":0.03722006914698701,"Rc_est":0.021117643989449673}}