{"32":{"Xc_est":0.2091003371001049,"Zc_est":0.22774631330352585,"Rc_est":0.090252048441962},"29":{"Xc_est":0.10955710991218087,"Zc_est":0.15421956880202498,"Rc_est":0.10853992384912033},"1":{"Xc_est":0.14874927884676326,"Zc_est":0.19658429759532373,"Rc_est":0.12852641014054142},"54":{"Xc_est":0.11179565406672005,"Zc_est":0.17343853775117288,"Rc_est":0.13259961579529286},"2":{"Xc_est":0.17365068201530298,"Zc_est":0.2196568230141916,"Rc_est":0.1345160233292228},"41":{"Xc_est":0.0880299125454369,"Zc_est":0.09591293167511938,"Rc_est":0.038079193265599096},"51":{"Xc_est":0.11102408554227011,"Zc_est":0.14313431863591933,"Rc_est":0.09033872702707058},"53":{"Xc_est":0.11300902603418565,"Zc_est":0.13985498749689448,"Rc_est":0.08239161099627353},"27":{"Xc_est":0.15185126856977946,"Zc_est":0.17062629545038177,"Rc_est":0.07781082786392698},"42":{"Xc_est":0.18347029318219604,"Zc_est":0.19834944482684919,"Rc_est":0.07537342889081217},"33":{"Xc_est":0.09249785101290099,"Zc_est":0.12821634830191123,"Rc_est":0.08878952376194044},"28":{"Xc_est":0.13013749483594367,"Zc_est":0.14783205421828277,"Rc_est":0.07013236551138166},"50":{"Xc_est":0.17195638955570686,"Zc_est":0.1943231705335462,"Rc_est":0.0905124007922432},"52":{"Xc_est":0.05256429943755984,"Zc_est":0.057097225715379944,"Rc_est":0.022295461624097214},"26":{"Xc_est":0.1733856940232083,"Zc_est":0.18670967228125743,"Rc_est":0.06926689563900593},"10":{"Xc_est":0.15392155127428322,"Zc_est":0.1784627504302871,"Rc_est":0.09031671686050781},"24":{"Xc_est":0.10332135472762184,"Zc_est":0.11390551976927339,"Rc_est":0.04794960991663298},"25":{"Xc_est":0.09702736102910896,"Zc_est":0.14522557618156312,"Rc_est":0.10805627787867736},"23":{"Xc_est":0.08619523281093765,"Zc_est":0.09804332770589419,"Rc_est":0.046721257991556894},"49":{"Xc_est":0.15099247186954007,"Zc_est":0.1665539238392099,"Rc_est":0.07029568254852839},"5":{"Xc_est":0.08851097971203592,"Zc_est":0.09829140772070631,"Rc_est":0.04274350596445839},"31":{"Xc_est":0.1388704961657976,"Zc_est":0.14686184933642024,"Rc_est":0.04778481019297436},"43":{"Xc_est":0.13486957822873263,"Zc_est":0.15667973370883734,"Rc_est":0.07974168184504232},"39":{"Xc_est":0.06703351110284446,"Zc_est":0.08597439819829841,"Rc_est":0.05383405552978901},"34":{"Xc_est":0.11831636435313518,"Zc_est":0.13461184464003348,"Rc_est":0.06419958445074757},"44":{"Xc_est":0.22684074899130763,"Zc_est":0.25687653375279845,"Rc_est":0.1205355888935511},"55":{"Xc_est":0.09383441637678691,"Zc_est":0.1122479068281081,"Rc_est":0.06160109488084951},"17":{"Xc_est":0.1365333651658212,"Zc_est":0.1738500150791536,"Rc_est":0.10762187481882321},"37":{"Xc_est":0.18208663751148382,"Zc_est":0.2104132162228698,"Rc_est":0.10544277121269928},"47":{"Xc_est":0.21186140849145305,"Zc_est":0.23883816077487632,"Rc_est":0.11026518323724556},"9":{"Xc_est":0.020877960238236917,"Zc_est":0.03630215059789113,"Rc_est":0.02969775941586445},"12":{"Xc_est":0.15398866614087944,"Zc_est":0.17788255374663559,"Rc_est":0.0890488272105673},"20":{"Xc_est":0.15593593268949651,"Zc_est":0.1737670509407427,"Rc_est":0.07667446047348156},"6":{"Xc_est":0.10580763375950417,"Zc_est":0.12214309048817566,"Rc_est":0.06102195664035448},"14":{"Xc_est":0.11831636441163536,"Zc_est":0.13461184481300373,"Rc_est":0.06419958470561396},"7":{"Xc_est":0.14178902066326954,"Zc_est":0.15554299845361985,"Rc_est":0.0639491828508677},"8":{"Xc_est":0.10225827839368491,"Zc_est":0.11228551033694874,"Rc_est":0.04638189659326854},"19":{"Xc_est":0.08929252025898124,"Zc_est":0.10051284213592981,"Rc_est":0.04614842640916125},"4":{"Xc_est":0.19152406435372554,"Zc_est":0.20695296906409133,"Rc_est":0.07840959238430423},"22":{"Xc_est":0.07708613688812715,"Zc_est":0.10356039050455194,"Rc_est":0.06915549133019167},"11":{"Xc_est":0.03401251110605318,"Zc_est":0.05421172912658607,"Rc_est":0.04221446035607881},"35":{"Xc_est":0.1454365750431066,"Zc_est":0.16358709039527405,"Rc_est":0.07489284868211646},"13":{"Xc_est":0.17265909766415793,"Zc_est":0.22493328914417618,"Rc_est":0.14416594798708998},"15":{"Xc_est":0.01899191227440758,"Zc_est":0.031447998080782705,"Rc_est":0.025065590985454925},"16":{"Xc_est":0.15672691925063353,"Zc_est":0.1760188262994103,"Rc_est":0.0801205341596483},"40":{"Xc_est":0.15670403460817078,"Zc_est":0.1814253633078784,"Rc_est":0.09142761064862673},"21":{"Xc_est":0.19319284751054452,"Zc_est":0.21013908285240443,"Rc_est":0.0826738036672874},"38":{"Xc_est":0.054605906498058715,"Zc_est":0.06288582106338772,"Rc_est":0.03119008602651951},"46":{"Xc_est":0.12821924374003285,"Zc_est":0.14972828726153734,"Rc_est":0.07732002031173746},"45":{"Xc_est":0.1848414649056739,"Zc_est":0.20394730624444535,"Rc_est":0.08618663803566129},"36":{"Xc_est":0.1723224953739731,"Zc_est":0.1953940035890236,"Rc_est":0.0921074059271804},"48":{"Xc_est":0.10852490521972893,"Zc_est":0.13607749426877985,"Rc_est":0.08209402775792321},"18":{"Xc_est":0.0909023151138144,"Zc_est":0.11563395250618184,"Rc_est":0.07147013417610679},"30":{"Xc_est":0.22884513394768338,"Zc_est":0.26372438347970417,"Rc_est":0.13107423511208033},"3":{"Xc_est":0.030586846263695157,"Zc_est":0.0370632709859813,"Rc_est":0.02093157642943696}}