{"32":{"Xc_est":0.1998935854533112,"Zc_est":0.2153437353824473,"Rc_est":0.08009668446999074},"29":{"Xc_est":0.11120651981099935,"Zc_est":0.1488804168592445,"Rc_est":0.09898731472117134},"1":{"Xc_est":0.14678238583702663,"Zc_est":0.17874229292431446,"Rc_est":0.10199871806955067},"54":{"Xc_est":0.10036042840308618,"Zc_est":0.12047152285341298,"Rc_est":0.06664212053475953},"2":{"Xc_est":0.1731361215665677,"Zc_est":0.2060642916814324,"Rc_est":0.1117424526089218},"41":{"Xc_est":0.08663008245008388,"Zc_est":0.09235853096546227,"Rc_est":0.03202072854870608},"51":{"Xc_est":0.11194149188243559,"Zc_est":0.13780650456796856,"Rc_est":0.0803724772317996},"53":{"Xc_est":0.11163775056615272,"Zc_est":0.12692387886440867,"Rc_est":0.060387777525891445},"27":{"Xc_est":0.15242428613078132,"Zc_est":0.1648748939393497,"Rc_est":0.06285354126088295},"42":{"Xc_est":0.17881221917345363,"Zc_est":0.19097048759494173,"Rc_est":0.06705160256484984},"33":{"Xc_est":0.09543987793100524,"Zc_est":0.12520464532545594,"Rc_est":0.08103969960203479},"28":{"Xc_est":0.13001870142898048,"Zc_est":0.14558340503720632,"Rc_est":0.06549553496956034},"50":{"Xc_est":0.1706128482203225,"Zc_est":0.18472151419511648,"Rc_est":0.07080461728366177},"52":{"Xc_est":0.04852501150263632,"Zc_est":0.0529888797978579,"Rc_est":0.02128719429377309},"26":{"Xc_est":0.16742878007079443,"Zc_est":0.1768069593376817,"Rc_est":0.056818170282420984},"10":{"Xc_est":0.14891825718793708,"Zc_est":0.1637651456553893,"Rc_est":0.06813498079282254},"24":{"Xc_est":0.10446384859205472,"Zc_est":0.11224792782480975,"Rc_est":0.04107190814047923},"25":{"Xc_est":0.0963550982443957,"Zc_est":0.11953852526381907,"Rc_est":0.07074711347158669},"23":{"Xc_est":0.0842663509879551,"Zc_est":0.09141134911757266,"Rc_est":0.03542903948273948},"49":{"Xc_est":0.14513451917307457,"Zc_est":0.15618377632349473,"Rc_est":0.05770046213911882},"5":{"Xc_est":0.08704645606384341,"Zc_est":0.0995079138317792,"Rc_est":0.04821555145259848},"31":{"Xc_est":0.13887929941768504,"Zc_est":0.1459958711969319,"Rc_est":0.04502593252564696},"43":{"Xc_est":0.13454699169126,"Zc_est":0.14850421176966716,"Rc_est":0.06285386177604495},"39":{"Xc_est":0.06642253393465804,"Zc_est":0.08214410719396992,"Rc_est":0.04832909405724075},"34":{"Xc_est":0.11359033681560149,"Zc_est":0.12559484105510862,"Rc_est":0.053584507852328066},"44":{"Xc_est":0.22164075463283314,"Zc_est":0.24012635159126086,"Rc_est":0.09239069549645187},"55":{"Xc_est":0.09037520160822501,"Zc_est":0.10175573358927137,"Rc_est":0.04676058439073929},"17":{"Xc_est":0.13641144199201954,"Zc_est":0.1676575615472317,"Rc_est":0.09747295233869582},"37":{"Xc_est":0.17603329245577665,"Zc_est":0.19749560030698357,"Rc_est":0.08953654051723697},"47":{"Xc_est":0.20252597191809452,"Zc_est":0.21999408023416261,"Rc_est":0.08591056999407218},"9":{"Xc_est":0.02305815327476688,"Zc_est":0.03509087220961986,"Rc_est":0.026451670646468223},"12":{"Xc_est":0.1536596582682744,"Zc_est":0.16757922199326722,"Rc_est":0.06686931332641204},"20":{"Xc_est":0.1556103263922958,"Zc_est":0.16807541856580357,"Rc_est":0.06351986024979307},"6":{"Xc_est":0.10685438502773449,"Zc_est":0.11748817511002656,"Rc_est":0.04884272403366682},"14":{"Xc_est":0.11390982096360332,"Zc_est":0.12639202268256172,"Rc_est":0.05476765547135497},"7":{"Xc_est":0.14176867434438706,"Zc_est":0.15419181752610278,"Rc_est":0.060636289189214994},"8":{"Xc_est":0.09950621809257375,"Zc_est":0.10738433789518856,"Rc_est":0.040372126351000875},"19":{"Xc_est":0.08519065174460166,"Zc_est":0.0946925858781734,"Rc_est":0.041342939852231635},"4":{"Xc_est":0.186876037827701,"Zc_est":0.19807104417383675,"Rc_est":0.06564666804898517},"22":{"Xc_est":0.07257956423739681,"Zc_est":0.09345949244780695,"Rc_est":0.0588802478231136},"11":{"Xc_est":0.03562760890628064,"Zc_est":0.045060957707381576,"Rc_est":0.0275891897874429},"35":{"Xc_est":0.14542427296245386,"Zc_est":0.16139561920481724,"Rc_est":0.07000233376001179},"13":{"Xc_est":0.17195656833124645,"Zc_est":0.1991663251370337,"Rc_est":0.10048961974419045},"15":{"Xc_est":0.021150652567643945,"Zc_est":0.027524333575291923,"Rc_est":0.01761359800627796},"16":{"Xc_est":0.15865181861467748,"Zc_est":0.17539373428725782,"Rc_est":0.07478343718688435},"40":{"Xc_est":0.15206015091621547,"Zc_est":0.1674613171227386,"Rc_est":0.07014986269281075},"21":{"Xc_est":0.18859638133597692,"Zc_est":0.20241223304257924,"Rc_est":0.07349909545197264},"38":{"Xc_est":0.05055357674257471,"Zc_est":0.05818144591213567,"Rc_est":0.028799592479050416},"46":{"Xc_est":0.12747669148928317,"Zc_est":0.145187626881846,"Rc_est":0.06949201484003938},"45":{"Xc_est":0.17923671863983917,"Zc_est":0.19122167345501975,"Rc_est":0.06663277789617764},"36":{"Xc_est":0.1705721816463191,"Zc_est":0.1846262689879962,"Rc_est":0.07065401650892214},"48":{"Xc_est":0.10561583561979379,"Zc_est":0.12090655118973827,"Rc_est":0.05885311705364039},"18":{"Xc_est":0.08888436906588923,"Zc_est":0.1021992603578517,"Rc_est":0.050440635934242084},"30":{"Xc_est":0.22360721396277963,"Zc_est":0.24445503397892665,"Rc_est":0.0987829818412153},"3":{"Xc_est":0.033094282774937596,"Zc_est":0.03918783771132268,"Rc_est":0.0209870215157233}}