{"32":{"Xc_est":0.19693985317686052,"Zc_est":0.21276074989890106,"Rc_est":0.08050981883111738},"29":{"Xc_est":0.10846484377058757,"Zc_est":0.1464403447192469,"Rc_est":0.09838776462199911},"1":{"Xc_est":0.14486784608203482,"Zc_est":0.17799875488336456,"Rc_est":0.10342564436144436},"54":{"Xc_est":0.09942520096596609,"Zc_est":0.12039675930864856,"Rc_est":0.0678970475418623},"2":{"Xc_est":0.17091217611016896,"Zc_est":0.20437680998189053,"Rc_est":0.11206653610985032},"41":{"Xc_est":0.08535260425067849,"Zc_est":0.09117556556561845,"Rc_est":0.03206114008948295},"51":{"Xc_est":0.1101368406623503,"Zc_est":0.1364897440659133,"Rc_est":0.08061840090261388},"53":{"Xc_est":0.10888558518134014,"Zc_est":0.12420624215721436,"Rc_est":0.059758848135934586},"27":{"Xc_est":0.15019997527244425,"Zc_est":0.1627973370460032,"Rc_est":0.06279283699138859},"42":{"Xc_est":0.17583222924986394,"Zc_est":0.18827617029161814,"Rc_est":0.06731228310421276},"33":{"Xc_est":0.09362122523667907,"Zc_est":0.1239449315320794,"Rc_est":0.08122445590876468},"28":{"Xc_est":0.12689467639375226,"Zc_est":0.14279622647993342,"Rc_est":0.065486665817045},"50":{"Xc_est":0.16821578304096235,"Zc_est":0.18233842829581223,"Rc_est":0.07036158589246647},"52":{"Xc_est":0.047429484531478966,"Zc_est":0.05200416991961011,"Rc_est":0.021327861733091737},"26":{"Xc_est":0.16532503471667162,"Zc_est":0.1749891871724589,"Rc_est":0.05734848318141621},"10":{"Xc_est":0.14579948015874147,"Zc_est":0.16079117927111572,"Rc_est":0.06779612759469986},"24":{"Xc_est":0.10184182985300151,"Zc_est":0.10964147604176043,"Rc_est":0.040613974944693806},"25":{"Xc_est":0.0949547252834775,"Zc_est":0.11890047494929186,"Rc_est":0.07156062527330585},"23":{"Xc_est":0.08297135345611305,"Zc_est":0.09019600789042352,"Rc_est":0.03537052932923257},"49":{"Xc_est":0.14181359071472574,"Zc_est":0.15282007208847037,"Rc_est":0.0569462897976816},"5":{"Xc_est":0.08643883962336885,"Zc_est":0.10060325615951607,"Rc_est":0.051471760747644216},"31":{"Xc_est":0.1357720501368802,"Zc_est":0.14301922452295812,"Rc_est":0.04494940472105043},"43":{"Xc_est":0.1314203681694292,"Zc_est":0.14550718258416603,"Rc_est":0.06245820213385522},"39":{"Xc_est":0.06515796704314726,"Zc_est":0.08117565776212793,"Rc_est":0.048414117196518794},"34":{"Xc_est":0.11243552859974727,"Zc_est":0.12509733695128336,"Rc_est":0.05484155013124937},"44":{"Xc_est":0.21868476338220755,"Zc_est":0.23743061549868763,"Rc_est":0.09246767781529687},"55":{"Xc_est":0.08902771483986582,"Zc_est":0.10052207234119162,"Rc_est":0.04667711450121242},"17":{"Xc_est":0.1332874456320794,"Zc_est":0.16517937144713585,"Rc_est":0.09756373090727083},"37":{"Xc_est":0.17395257214928814,"Zc_est":0.19602408855749995,"Rc_est":0.09036562364884825},"47":{"Xc_est":0.1995675165687077,"Zc_est":0.2172769957517225,"Rc_est":0.08591914346344834},"9":{"Xc_est":0.02252979747853783,"Zc_est":0.03477490220866512,"Rc_est":0.026489659288074903},"12":{"Xc_est":0.15142704208152447,"Zc_est":0.16548092226616132,"Rc_est":0.06673669575652924},"20":{"Xc_est":0.15338264730833376,"Zc_est":0.1660745634404922,"Rc_est":0.06367514528163529},"6":{"Xc_est":0.10430230198220677,"Zc_est":0.11503634630120949,"Rc_est":0.04852206479061188},"14":{"Xc_est":0.11248008625991773,"Zc_est":0.12521001885452016,"Rc_est":0.05500708151239038},"7":{"Xc_est":0.13866101314192594,"Zc_est":0.1513580518119485,"Rc_est":0.06068264399944291},"8":{"Xc_est":0.09769324177039324,"Zc_est":0.10573970434295375,"Rc_est":0.04045881346414853},"19":{"Xc_est":0.0837406824148321,"Zc_est":0.0934368721661907,"Rc_est":0.0414481264823791},"4":{"Xc_est":0.18390424208763873,"Zc_est":0.1953168300128246,"Rc_est":0.06578672988095542},"22":{"Xc_est":0.07110152502210891,"Zc_est":0.09234323530321625,"Rc_est":0.05892237474674274},"11":{"Xc_est":0.03489323988319165,"Zc_est":0.04458204071518446,"Rc_est":0.027749237192838432},"35":{"Xc_est":0.14231878879039148,"Zc_est":0.15864066380857428,"Rc_est":0.07008724970250318},"13":{"Xc_est":0.16972363639621366,"Zc_est":0.19701071205269421,"Rc_est":0.10003553324671913},"15":{"Xc_est":0.02060343468347595,"Zc_est":0.02695427235945837,"Rc_est":0.017379047087559253},"16":{"Xc_est":0.1561421093704091,"Zc_est":0.17275847202967742,"Rc_est":0.07392652662872805},"40":{"Xc_est":0.14895356376638755,"Zc_est":0.16450989138144395,"Rc_est":0.0698307969568385},"21":{"Xc_est":0.18526479489509373,"Zc_est":0.19893814728137632,"Rc_est":0.07247994354457943},"38":{"Xc_est":0.04945830308152181,"Zc_est":0.057265230682711714,"Rc_est":0.028864907785068658},"46":{"Xc_est":0.12438400954834496,"Zc_est":0.14253747496671784,"Rc_est":0.06960998447467823},"45":{"Xc_est":0.17631084930190943,"Zc_est":0.18856229215139247,"Rc_est":0.06685972210401771},"36":{"Xc_est":0.16831862249313817,"Zc_est":0.18258099678671647,"Rc_est":0.07074363370398362},"48":{"Xc_est":0.10379830053698537,"Zc_est":0.11917499259200308,"Rc_est":0.05855417717753064},"18":{"Xc_est":0.08758726427489441,"Zc_est":0.10095644081489945,"Rc_est":0.05020631512919564},"30":{"Xc_est":0.2206503253935626,"Zc_est":0.2417541355588301,"Rc_est":0.09878509990637324},"3":{"Xc_est":0.03223274977231486,"Zc_est":0.03847312696878089,"Rc_est":0.021005507393806792}}