{"24":{"Xc_est":0.19735405023515387,"Zc_est":0.22838640436951538,"Rc_est":0.11494228358883495},"4":{"Xc_est":0.043503969532167744,"Zc_est":0.06681146274984509,"Rc_est":0.05070676670542265},"1":{"Xc_est":0.2234295653944433,"Zc_est":0.24455801774060112,"Rc_est":0.09943768575777673},"12":{"Xc_est":0.11394560238497849,"Zc_est":0.1348616814988014,"Rc_est":0.0721392600031948},"29":{"Xc_est":0.21665341199375107,"Zc_est":0.23560346315304906,"Rc_est":0.09257586575979779},"20":{"Xc_est":0.06806292491037935,"Zc_est":0.08898952120796229,"Rc_est":0.05732864151073556},"2":{"Xc_est":0.24104177239451274,"Zc_est":0.26665911322712654,"Rc_est":0.11404361721722706},"6":{"Xc_est":0.08464758698169722,"Zc_est":0.10173557062475369,"Rc_est":0.056435027673602235},"25":{"Xc_est":0.18177897437554075,"Zc_est":0.19903192932253916,"Rc_est":0.08105623581704693},"23":{"Xc_est":0.21703992120918542,"Zc_est":0.2372814683633981,"Rc_est":0.0958966518195546},"22":{"Xc_est":0.19883689801127713,"Zc_est":0.2165632034510627,"Rc_est":0.0858108913730614},"11":{"Xc_est":0.23333504953577872,"Zc_est":0.25272296129921296,"Rc_est":0.09707548519569283},"13":{"Xc_est":0.24853274301889286,"Zc_est":0.2713795803432481,"Rc_est":0.10898785379473444},"5":{"Xc_est":0.09066702753947359,"Zc_est":0.1305622383119772,"Rc_est":0.0939467305987274},"15":{"Xc_est":0.14811515207979492,"Zc_est":0.15418687669238806,"Rc_est":0.04284267345221237},"27":{"Xc_est":0.10908487010591932,"Zc_est":0.122371736738174,"Rc_est":0.055455685608345656},"28":{"Xc_est":0.14959001465939634,"Zc_est":0.15749610893365493,"Rc_est":0.049273236583801644},"16":{"Xc_est":0.23134148635780347,"Zc_est":0.25808705050316116,"Rc_est":0.11441172285733443},"14":{"Xc_est":0.0736856946453452,"Zc_est":0.0883338395854237,"Rc_est":0.04871637938657093},"21":{"Xc_est":0.06561531801379661,"Zc_est":0.1018702078030053,"Rc_est":0.07792412514604076},"7":{"Xc_est":0.02744713782830508,"Zc_est":0.06229899424329833,"Rc_est":0.05592691041672642},"8":{"Xc_est":0.20124203279581185,"Zc_est":0.23051351442750526,"Rc_est":0.1124194136701},"26":{"Xc_est":0.106252004071983,"Zc_est":0.1340394993827869,"Rc_est":0.0817135180094177},"17":{"Xc_est":0.18608973506081744,"Zc_est":0.2034415353444949,"Rc_est":0.0822135561104137},"10":{"Xc_est":0.2050243438115534,"Zc_est":0.2234831874831577,"Rc_est":0.08893679515405399},"19":{"Xc_est":0.05531230482295574,"Zc_est":0.0928309009719002,"Rc_est":0.07455283435542319},"9":{"Xc_est":0.10289233158134178,"Zc_est":0.12583750716727005,"Rc_est":0.07244478112209296},"18":{"Xc_est":0.09366067199946393,"Zc_est":0.11530640195188738,"Rc_est":0.06725507305548817},"30":{"Xc_est":0.2624528131881184,"Zc_est":0.30151260250552175,"Rc_est":0.14841957525641755},"3":{"Xc_est":0.03120689081138216,"Zc_est":0.050629790046356524,"Rc_est":0.03986860426481737}}