{"32":{"length_est":14.036154913666296,"length_true":20.051664},"29":{"length_est":3.6764601034447457,"length_true":5.2521},"1":{"length_est":0.14852049816762403,"length_true":0.11424},"54":{"length_est":8.421799856394324,"length_true":6.4783},"2":{"length_est":14.911443447905336,"length_true":13.996288},"41":{"length_est":6.3168398305603,"length_true":4.8591},"53":{"length_est":20.62566572045401,"length_true":29.465251},"51":{"length_est":8.281326034007877,"length_true":11.830480000000001},"27":{"length_est":13.893291991283057,"length_true":10.68714},"42":{"length_est":2.948824865928634,"length_true":4.212621},"33":{"length_est":1.763990007595882,"length_true":2.52},"28":{"length_est":8.604733057864692,"length_true":12.29249},"52":{"length_est":12.54331997185604,"length_true":9.6487},"50":{"length_est":5.301539949986353,"length_true":4.0781},"26":{"length_est":11.050198342842528,"length_true":15.0},"10":{"length_est":10.241279978639446,"length_true":7.8779},"24":{"length_est":7.293220035518913,"length_true":10.4189},"25":{"length_est":17.18402731929547,"length_true":14.588000000000001},"23":{"length_est":5.38213990768443,"length_true":4.1401},"49":{"length_est":15.881836991118139,"length_true":12.21679},"5":{"length_est":16.9380219931292,"length_true":13.029240000000001},"31":{"length_est":3.072990206829646,"length_true":4.39},"43":{"length_est":8.339328004945115,"length_true":11.91334},"39":{"length_est":35.1273200150861,"length_true":50.1819},"34":{"length_est":8.692835037972863,"length_true":12.41835},"44":{"length_est":8.966626014587538,"length_true":12.809479999999999},"55":{"length_est":12.76803961985011,"length_true":12.23632},"17":{"length_est":12.203860245852166,"length_true":17.4341},"37":{"length_est":21.510942278651207,"length_true":16.546871},"47":{"length_est":5.792000020940118,"length_true":8.2743},"9":{"length_est":16.562160065922427,"length_true":15.2031},"12":{"length_est":14.33453432678173,"length_true":13.3844},"20":{"length_est":17.693399995363972,"length_true":13.610299999999999},"6":{"length_est":8.727310018866481,"length_true":12.467600000000001},"14":{"length_est":10.525199627833667,"length_true":8.0963},"7":{"length_est":10.759480005597462,"length_true":15.370700000000001},"57":{"length_est":15.45791997803617,"length_true":11.8907},"8":{"length_est":10.368180028858765,"length_true":14.8117},"19":{"length_est":7.549239721648893,"length_true":5.8071},"4":{"length_est":8.287437015838893,"length_true":11.83921},"22":{"length_est":9.308674012927517,"length_true":13.298119999999997},"11":{"length_est":16.16136169217855,"length_true":12.431809},"35":{"length_est":12.612895336421067,"length_true":11.80815},"13":{"length_est":9.015500067459449,"length_true":12.8793},"15":{"length_est":7.938329789473621,"length_true":6.1064},"16":{"length_est":29.51862151714269,"length_true":27.150599999999997},"40":{"length_est":25.66863998640249,"length_true":19.7451},"46":{"length_est":5.103480091222124,"length_true":7.2907},"21":{"length_est":13.828811803586015,"length_true":10.637540000000001},"38":{"length_est":6.91293113832495,"length_true":9.87563},"45":{"length_est":6.361689654446437,"length_true":4.8936},"56":{"length_est":6.48154986170982,"length_true":4.9858},"36":{"length_est":69.17147211850904,"length_true":59.543393},"48":{"length_est":8.3624000650624,"length_true":11.9463},"18":{"length_est":14.31947002281056,"length_true":20.456400000000002},"30":{"length_est":12.53374902149107,"length_true":17.905369999999998},"3":{"length_est":10.328462006062137,"length_true":14.754960000000002}}