linecode_id,linecode_name,A_p_est,dist_est,x_est,r_est,scenario_id
4,hydrogen,"[132.59091058830148, 132.59091058830148, 132.59091058830148, 132.59091058830148]","[613.8747072348904, 379.99999698143773, 733.3857756628138]",[0.7617491851355566 0.4602484805844314 0.429974747547043 0.3952487107815636; 0.4602484805844314 0.7617491851355566 0.49038393945934367 0.42284018960755515; 0.429974747547043 0.49038393945934367 0.7617491851355566 0.44907186077920774; 0.3952487107815636 0.42284018960755515 0.44907186077920774 0.7617491851355566],[0.2307127772702209 0.049348 0.049348 0.049348; 0.049348 0.2307127772702209 0.049348 0.049348; 0.049348 0.049348 0.2307127772702209 0.049348; 0.049348 0.049348 0.049348 0.2307127772702209],1
1,pluto,"[299.9999993954759, 299.9999993954759, 299.9999993954759, 299.9999993954759]","[379.9999969743526, 1200.0000093864112, 464.589353899524]",[0.7360975830445138 0.4903839394605151 0.40084778118006115 0.38465144356002917; 0.4903839394605151 0.7360975830445138 0.4181330708742066 0.3975708653496487; 0.40084778118006115 0.4181330708742066 0.7360975830445138 0.477755796919367; 0.38465144356002917 0.3975708653496487 0.477755796919367 0.7360975830445138],[0.20479903136111505 0.049348 0.049348 0.049348; 0.049348 0.20479903136111505 0.049348 0.049348; 0.049348 0.049348 0.20479903136111505 0.049348; 0.049348 0.049348 0.049348 0.20479903136111505],1
10,tw2x16_lv_oh_2w_bundled,"[12.862613986413512, 12.862613986413512]",[99.99987393719063],[0.8350409401661933 0.574264805192993; 0.574264805192993 0.8350409401661933],[2.8661252766432974 0.049348; 0.049348 2.8661252766432974],1
7,abc2x16_lv_oh_2w_bundled,"[12.438355354151, 12.438355354151]",[99.99998365275266],[0.8360946356564177 0.574264736256462; 0.574264736256462 0.8360946356564177],[3.645464610014543 0.049348; 0.049348 3.645464610014543],1
