{"24":{"Xc_est":0.19181463764695028,"Zc_est":0.22219469688391058,"Rc_est":0.11215002500089807},"4":{"Xc_est":0.04217400515025446,"Zc_est":0.06301251896052924,"Rc_est":0.04681806099506222},"1":{"Xc_est":0.22447378527969397,"Zc_est":0.24834439764694716,"Rc_est":0.1062377501871668},"12":{"Xc_est":0.10582719607570434,"Zc_est":0.12648747027840246,"Rc_est":0.06927975684270389},"29":{"Xc_est":0.21553382131529078,"Zc_est":0.2333509101550013,"Rc_est":0.08943052688761144},"20":{"Xc_est":0.0689127011622106,"Zc_est":0.09924855421605501,"Rc_est":0.07142349146117871},"2":{"Xc_est":0.24193285690016827,"Zc_est":0.2702400559386501,"Rc_est":0.12040839084485525},"6":{"Xc_est":0.08023816191283814,"Zc_est":0.09710199143377615,"Rc_est":0.054686690458047534},"25":{"Xc_est":0.1782862537204501,"Zc_est":0.19460397954138625,"Rc_est":0.07800461901497613},"23":{"Xc_est":0.21600829330790233,"Zc_est":0.2357509327430983,"Rc_est":0.09444003129736933},"22":{"Xc_est":0.19402094075528786,"Zc_est":0.21067070419820913,"Rc_est":0.08208544423832037},"11":{"Xc_est":0.23212746237088847,"Zc_est":0.25023278102996427,"Rc_est":0.09345205142340002},"13":{"Xc_est":0.24722275257923515,"Zc_est":0.268634151877465,"Rc_est":0.10509623286336764},"5":{"Xc_est":0.08630308959042324,"Zc_est":0.12921869922504559,"Rc_est":0.0961730157401762},"15":{"Xc_est":0.14487992182094328,"Zc_est":0.1503179446477615,"Rc_est":0.040066104580865486},"27":{"Xc_est":0.10138659687587165,"Zc_est":0.11440568612140123,"Rc_est":0.05300395259636842},"28":{"Xc_est":0.1463567726859457,"Zc_est":0.15363543766589155,"Rc_est":0.04672839389219864},"16":{"Xc_est":0.23019006326582844,"Zc_est":0.25588055548812594,"Rc_est":0.11174700645022129},"14":{"Xc_est":0.07123127172648619,"Zc_est":0.08618190283734693,"Rc_est":0.04851212533886138},"21":{"Xc_est":0.06934935346105467,"Zc_est":0.11756526027811849,"Rc_est":0.09493291104140572},"7":{"Xc_est":0.027340006781295063,"Zc_est":0.0633297319460886,"Rc_est":0.05712424159288398},"8":{"Xc_est":0.19570142973834226,"Zc_est":0.2242470990449382,"Rc_est":0.10948840956210396},"26":{"Xc_est":0.10090434975079765,"Zc_est":0.13521533009626205,"Rc_est":0.09000832013991711},"17":{"Xc_est":0.18056533879226608,"Zc_est":0.19685969648838786,"Rc_est":0.07842128874441152},"10":{"Xc_est":0.2002088504273102,"Zc_est":0.21760922133942928,"Rc_est":0.08526540577823843},"19":{"Xc_est":0.0555474110498437,"Zc_est":0.09394096671496671,"Rc_est":0.0757587641992805},"9":{"Xc_est":0.0952441693867412,"Zc_est":0.11916833999479347,"Rc_est":0.07162151530751386},"18":{"Xc_est":0.08820258102049813,"Zc_est":0.1155933888589329,"Rc_est":0.07471369519181162},"30":{"Xc_est":0.2629283145423196,"Zc_est":0.3052357820828604,"Rc_est":0.15504058847821273},"3":{"Xc_est":0.03144729482293143,"Zc_est":0.05102360524829776,"Rc_est":0.04018054181881758}}