{"32":{"length_est":14.03615485875483,"length_true":20.051664},"29":{"length_est":3.67646005926372,"length_true":5.2521},"1":{"length_est":0.07995806625988926,"length_true":0.11424},"54":{"length_est":8.421799531633807,"length_true":6.4783},"2":{"length_est":10.952661422482505,"length_true":13.996288},"41":{"length_est":6.316839690154983,"length_true":4.8591},"53":{"length_est":20.625665707619316,"length_true":29.465251},"51":{"length_est":8.281326017132248,"length_true":11.830480000000001},"27":{"length_est":13.893291995525107,"length_true":10.68714},"42":{"length_est":5.4764171008343645,"length_true":4.212621},"33":{"length_est":1.763990003886944,"length_true":2.52},"28":{"length_est":8.604733064453498,"length_true":12.29249},"52":{"length_est":12.543319978178253,"length_true":9.6487},"50":{"length_est":5.30153997706844,"length_true":4.0781},"26":{"length_est":10.499990045227708,"length_true":15.0},"10":{"length_est":10.241279983752472,"length_true":7.8779},"24":{"length_est":7.293220073989269,"length_true":10.4189},"25":{"length_est":17.038993977744646,"length_true":14.588000000000001},"23":{"length_est":5.382139766244487,"length_true":4.1401},"49":{"length_est":15.881836993520398,"length_true":12.21679},"5":{"length_est":16.93802199617558,"length_true":13.029240000000001},"31":{"length_est":5.7070099525613225,"length_true":4.39},"43":{"length_est":8.339328003181313,"length_true":11.91334},"39":{"length_est":35.12732001521237,"length_true":50.1819},"34":{"length_est":8.692835030029823,"length_true":12.41835},"44":{"length_est":8.966626007539492,"length_true":12.809479999999999},"55":{"length_est":10.185489858606989,"length_true":12.23632},"17":{"length_est":12.203860176065515,"length_true":17.4341},"37":{"length_est":17.186893788604575,"length_true":16.546871},"47":{"length_est":5.792000020182974,"length_true":8.2743},"9":{"length_est":11.551969537519886,"length_true":15.2031},"12":{"length_est":11.74429677069096,"length_true":13.3844},"20":{"length_est":14.882310359791559,"length_true":13.610299999999999},"6":{"length_est":8.727310010162824,"length_true":12.467600000000001},"14":{"length_est":10.525199964022047,"length_true":8.0963},"7":{"length_est":10.759480003896696,"length_true":15.370700000000001},"57":{"length_est":12.918697206419127,"length_true":11.8907},"8":{"length_est":10.368180068759823,"length_true":14.8117},"19":{"length_est":7.549239638312664,"length_true":5.8071},"4":{"length_est":8.295613459290344,"length_true":11.83921},"22":{"length_est":9.308674009980482,"length_true":13.298119999999997},"11":{"length_est":16.161361693653063,"length_true":12.431809},"35":{"length_est":12.554961378160728,"length_true":11.80815},"13":{"length_est":9.015500049442876,"length_true":12.8793},"15":{"length_est":7.938329722399046,"length_true":6.1064},"16":{"length_est":27.44298223075775,"length_true":27.150599999999997},"40":{"length_est":25.66863996813593,"length_true":19.7451},"46":{"length_est":9.477919848885174,"length_true":7.2907},"21":{"length_est":13.82881181359714,"length_true":10.637540000000001},"38":{"length_est":10.406249540517525,"length_true":9.87563},"45":{"length_est":5.3656088024843855,"length_true":4.8936},"56":{"length_est":6.481549845477777,"length_true":4.9858},"36":{"length_est":63.15975241850767,"length_true":59.543393},"48":{"length_est":8.362400198803316,"length_true":11.9463},"18":{"length_est":14.836450909758495,"length_true":20.456400000000002},"30":{"length_est":14.361858642369436,"length_true":17.905369999999998},"3":{"length_est":10.328462003261611,"length_true":14.754960000000002}}