linecode_id,linecode_name,A_p_est,dist_est,x_est,r_est,scenario_id
4,hydrogen,"[160.29506342187437, 160.29506342187437, 160.29506342187437, 160.29506342187437]","[1080.0305812576182, 379.9999974193068, 909.1456398894235]",[0.7557880702781047 0.42475130416107043 0.40580946533455187 0.3753934411496618; 0.42475130416107043 0.7557880702781047 0.49038393938694314 0.41363064676734596; 0.40580946533455187 0.49038393938694314 0.7557880702781047 0.4355734460233996; 0.3753934411496618 0.41363064676734596 0.4355734460233996 0.7557880702781047],[0.19936709886403586 0.049348 0.049348 0.049348; 0.049348 0.19936709886403586 0.049348 0.049348; 0.049348 0.049348 0.19936709886403586 0.049348; 0.049348 0.049348 0.049348 0.19936709886403586],1
1,pluto,"[300.0000027123887, 300.0000027123887, 300.0000027123887, 300.0000027123887]","[379.99999702529016, 1200.0000094903123, 380.0000154586054]",[0.7360975826971666 0.4903839394520928 0.40084778117390363 0.3873062515749584; 0.4903839394520928 0.7360975826971666 0.4181330708687663 0.4008477804408644; 0.40084778117390363 0.4181330708687663 0.7360975826971666 0.4903839364041927; 0.3873062515749584 0.4008477804408644 0.4903839364041927 0.7360975826971666],[0.20479902964239 0.049348 0.049348 0.049348; 0.049348 0.20479902964239 0.049348 0.049348; 0.049348 0.049348 0.20479902964239 0.049348; 0.049348 0.049348 0.049348 0.20479902964239],1
10,tw2x16_lv_oh_2w_bundled,"[11.999999893503631, 11.999999893503631]",[99.99997933471357],[0.8372217861740748 0.5742647389695728; 0.5742647389695728 0.8372217861740748],[3.068607926392005 0.049348; 0.049348 3.068607926392005],1
7,abc2x16_lv_oh_2w_bundled,"[11.999999882722765, 11.999999882722765]",[99.99999504312817],[0.8372217862022991 0.5742647290996604; 0.5742647290996604 0.8372217862022991],[3.776829393956204 0.049348; 0.049348 3.776829393956204],1
