linecode_id,linecode_name,A_p_est,dist_est,x_est,r_est,scenario_id
4,hydrogen,"[147.5182018254151, 147.5182018254151, 147.5182018254151, 147.5182018254151]","[700.7147872105164, 379.99999919245596, 380.0000001081669]",[0.75839763067018 0.4519351729347362 0.4247115123561006 0.4057800275424471; 0.4519351729347362 0.75839763067018 0.4903839390937576 0.44683211536910994; 0.4247115123561006 0.4903839390937576 0.75839763067018 0.49038393894234716; 0.4057800275424471 0.44683211536910994 0.49038393894234716 0.75839763067018],[0.21236056841079587 0.049348 0.049348 0.049348; 0.049348 0.21236056841079587 0.049348 0.049348; 0.049348 0.049348 0.21236056841079587 0.049348; 0.049348 0.049348 0.049348 0.21236056841079587],1
1,pluto,"[290.6927944180609, 290.6927944180609, 290.6927944180609, 290.6927944180609]","[379.9999976562378, 1200.000009722193, 515.7113096706822]",[0.7370876724967037 0.4903839393477672 0.4008477811395915 0.38309974077749026; 0.4903839393477672 0.7370876724967037 0.41813307085662504 0.39567024172385484; 0.4008477811395915 0.41813307085662504 0.7370876724967037 0.47119656174266256; 0.38309974077749026 0.39567024172385484 0.47119656174266256 0.7370876724967037],[0.20977615718126086 0.049348 0.049348 0.049348; 0.049348 0.20977615718126086 0.049348 0.049348; 0.049348 0.049348 0.20977615718126086 0.049348; 0.049348 0.049348 0.049348 0.20977615718126086],1
10,tw2x16_lv_oh_2w_bundled,"[11.999999883016791, 11.999999883016791]",[99.99999491453612],[0.8372217862015294 0.5742647291804575; 0.5742647291804575 0.8372217862015294],[3.0686079290305464 0.049348; 0.049348 3.0686079290305464],1
7,abc2x16_lv_oh_2w_bundled,"[24.096293970924677, 24.096293970924677]",[2.0000019319983457],[0.8153200774580858 0.8200648947665893; 0.8200648947665893 0.8153200774580858],[1.9056407703446032 0.049348; 0.049348 1.9056407703446032],1
