{"32":{"Xc_est":0.2161805633571698,"Zc_est":0.2310594588629312,"Rc_est":0.08157473601923136},"29":{"Xc_est":0.11720737141562185,"Zc_est":0.15353044889979064,"Rc_est":0.0991666820318785},"1":{"Xc_est":0.16563651209985708,"Zc_est":0.19759646671643472,"Rc_est":0.10774464960364852},"54":{"Xc_est":0.10918861461361953,"Zc_est":0.1259632408785425,"Rc_est":0.06280592719946257},"2":{"Xc_est":0.1899761707981367,"Zc_est":0.21914157960678424,"Rc_est":0.10923409010667753},"41":{"Xc_est":0.09167089102614077,"Zc_est":0.09639703703026925,"Rc_est":0.02981336087542839},"51":{"Xc_est":0.1190380537698515,"Zc_est":0.14373833541319675,"Rc_est":0.08056457547857243},"53":{"Xc_est":0.1205636974512085,"Zc_est":0.13151142199170293,"Rc_est":0.052532361180259377},"27":{"Xc_est":0.16904668367646838,"Zc_est":0.17832661222884164,"Rc_est":0.05677675023285225},"42":{"Xc_est":0.1901719935662253,"Zc_est":0.2016914290989192,"Rc_est":0.06718664625512964},"33":{"Xc_est":0.10160239561516822,"Zc_est":0.13065308873930168,"Rc_est":0.08214123691775457},"28":{"Xc_est":0.13736161511463568,"Zc_est":0.15263020914851808,"Rc_est":0.06654147156337209},"50":{"Xc_est":0.18735193689002538,"Zc_est":0.1992865000329062,"Rc_est":0.06792908684003834},"52":{"Xc_est":0.04955381518445026,"Zc_est":0.05420491143230723,"Rc_est":0.021967972688657866},"26":{"Xc_est":0.17943014737944363,"Zc_est":0.1875418040929145,"Rc_est":0.054559604963894774},"10":{"Xc_est":0.16011025386863278,"Zc_est":0.17142384863276713,"Rc_est":0.06124412205421692},"24":{"Xc_est":0.11187548741110749,"Zc_est":0.1181969660890334,"Rc_est":0.03813657180685281},"25":{"Xc_est":0.1013474627240299,"Zc_est":0.11587458652364227,"Rc_est":0.05617483067554745},"23":{"Xc_est":0.08903359004858277,"Zc_est":0.09422349862374238,"Rc_est":0.030839707131542028},"49":{"Xc_est":0.1580099265341893,"Zc_est":0.1704572735198822,"Rc_est":0.06394173294877173},"5":{"Xc_est":0.09031315575682441,"Zc_est":0.09846182459710717,"Rc_est":0.039220719017313686},"31":{"Xc_est":0.1461714642685984,"Zc_est":0.1528146310331215,"Rc_est":0.04456696636930683},"43":{"Xc_est":0.14170186060368112,"Zc_est":0.15241079682523057,"Rc_est":0.05612159736105729},"39":{"Xc_est":0.06855838270740308,"Zc_est":0.08358352266442812,"Rc_est":0.04781164525029674},"34":{"Xc_est":0.11948179656084003,"Zc_est":0.13084018150637278,"Rc_est":0.053322166002654166},"44":{"Xc_est":0.2324411178298733,"Zc_est":0.24650241965627834,"Rc_est":0.08206442370722472},"55":{"Xc_est":0.09751943405424701,"Zc_est":0.11136527620174959,"Rc_est":0.05377903611288827},"17":{"Xc_est":0.1437950509938777,"Zc_est":0.17426773793131217,"Rc_est":0.0984491127098899},"37":{"Xc_est":0.18812059045021126,"Zc_est":0.20806489879953496,"Rc_est":0.08889120069570783},"47":{"Xc_est":0.21869865235585526,"Zc_est":0.23265626614360213,"Rc_est":0.07937151651326438},"9":{"Xc_est":0.019684891045156878,"Zc_est":0.02861428559757079,"Rc_est":0.02076733985852906},"12":{"Xc_est":0.17058630110205525,"Zc_est":0.1809527419054979,"Rc_est":0.06036728153094755},"20":{"Xc_est":0.17254457057965114,"Zc_est":0.18337046160083575,"Rc_est":0.06207332237916194},"6":{"Xc_est":0.11428195300310943,"Zc_est":0.12236956828246626,"Rc_est":0.043748673801982385},"14":{"Xc_est":0.1194817966426726,"Zc_est":0.13084018170333583,"Rc_est":0.05332216630258909},"7":{"Xc_est":0.1490744767663096,"Zc_est":0.16125088124850617,"Rc_est":0.06147070099056017},"8":{"Xc_est":0.10878151220858491,"Zc_est":0.11627053275539868,"Rc_est":0.041053859609514555},"19":{"Xc_est":0.091089385836597,"Zc_est":0.10033347363894426,"Rc_est":0.0420657784947371},"4":{"Xc_est":0.19816822982154206,"Zc_est":0.2078292673706133,"Rc_est":0.06262872396275011},"22":{"Xc_est":0.07838452913330834,"Zc_est":0.0980560676213177,"Rc_est":0.05891398806655313},"11":{"Xc_est":0.03706659511885582,"Zc_est":0.04439742805469207,"Rc_est":0.024437658320026742},"35":{"Xc_est":0.15273500327627088,"Zc_est":0.16833378697976026,"Rc_est":0.0707692208035727},"13":{"Xc_est":0.18859899714347578,"Zc_est":0.20653393595612604,"Rc_est":0.08418245053456444},"15":{"Xc_est":0.019038652455383744,"Zc_est":0.02320446909588357,"Rc_est":0.013265636008308317},"16":{"Xc_est":0.1738348718038764,"Zc_est":0.18622874622955454,"Rc_est":0.06680256931557105},"40":{"Xc_est":0.1634330057278535,"Zc_est":0.17540220896163053,"Rc_est":0.06368349509393234},"21":{"Xc_est":0.20094657470356972,"Zc_est":0.2152358976710686,"Rc_est":0.07711657254555196},"38":{"Xc_est":0.05158154959219484,"Zc_est":0.05937188680589839,"Rc_est":0.02940007966928586},"46":{"Xc_est":0.13657297434997379,"Zc_est":0.15683338940671726,"Rc_est":0.07710080875062474},"45":{"Xc_est":0.19206276822233898,"Zc_est":0.20318437121123012,"Rc_est":0.0663006920572859},"36":{"Xc_est":0.1882288528579194,"Zc_est":0.2012248829779231,"Rc_est":0.07114318295712226},"48":{"Xc_est":0.11476936106111732,"Zc_est":0.12557337437842964,"Rc_est":0.050957493211579136},"18":{"Xc_est":0.09358956723435678,"Zc_est":0.10236369469226486,"Rc_est":0.04146467045494302},"30":{"Xc_est":0.23438115871945664,"Zc_est":0.24986425185680544,"Rc_est":0.08658877983483759},"3":{"Xc_est":0.03384277376778693,"Zc_est":0.04021651515767495,"Rc_est":0.021726360834937168}}