linecode_id,linecode_name,A_p_est,dist_est,x_est,r_est,scenario_id
4,hydrogen,"[143.8536834633217, 143.8536834633217, 143.8536834633217, 143.8536834633217]","[454.4413342292003, 379.99999792176783, 379.99999722019555]",[0.759187896205063 0.4791434465301978 0.44096084162962534 0.41738143709173287; 0.4791434465301978 0.759187896205063 0.49038393930386254 0.4468321157129216; 0.44096084162962534 0.49038393930386254 0.759187896205063 0.4903839394198657; 0.41738143709173287 0.4468321157129216 0.4903839394198657 0.759187896205063],[0.216513138826872 0.049348 0.049348 0.049348; 0.049348 0.216513138826872 0.049348 0.049348; 0.049348 0.049348 0.216513138826872 0.049348; 0.049348 0.049348 0.049348 0.216513138826872],1
1,pluto,"[253.90855336267558, 253.90855336267558, 253.90855336267558, 253.90855336267558]","[681.1586566423939, 1200.000004788445, 398.1360809261187]",[0.7413380324898318 0.4537136756493264 0.38988591912353054 0.3778235464121202; 0.4537136756493264 0.7413380324898318 0.41813307111495607 0.40013066997117747; 0.38988591912353054 0.41813307111495607 0.7413380324898318 0.4874545473800321; 0.3778235464121202 0.40013066997117747 0.4874545473800321 0.7413380324898318],[0.23301770587142098 0.049348 0.049348 0.049348; 0.049348 0.23301770587142098 0.049348 0.049348; 0.049348 0.049348 0.23301770587142098 0.049348; 0.049348 0.049348 0.049348 0.23301770587142098],1
10,tw2x16_lv_oh_2w_bundled,"[12.498050673629045, 12.498050673629045]",[99.9998788641563],[0.8359442217004461 0.5742648020972781; 0.5742648020972781 0.8359442217004461],[2.948289582275042 0.049348; 0.049348 2.948289582275042],1
7,abc2x16_lv_oh_2w_bundled,"[17.661486118140566, 17.661486118140566]",[32.25354585013356],[0.8250801398443488 0.6453617854923474; 0.6453617854923474 0.8250801398443488],[2.581964790632507 0.049348; 0.049348 2.581964790632507],1
