{"32":{"Xc_est":0.20966949772254911,"Zc_est":0.22484482871377323,"Rc_est":0.08120282460666009},"29":{"Xc_est":0.10976952133519724,"Zc_est":0.14018771582175882,"Rc_est":0.08719660459653165},"1":{"Xc_est":0.15367467144696437,"Zc_est":0.1834278338118579,"Rc_est":0.100149216535019},"54":{"Xc_est":0.10371775576344851,"Zc_est":0.1218225879533395,"Rc_est":0.06390125253109506},"2":{"Xc_est":0.17928974672073134,"Zc_est":0.2085736169875222,"Rc_est":0.10657457681864661},"41":{"Xc_est":0.09136018713761572,"Zc_est":0.09695979493561434,"Rc_est":0.032473343531829575},"51":{"Xc_est":0.11440734855257258,"Zc_est":0.13866736788348435,"Rc_est":0.07835558380169058},"53":{"Xc_est":0.116098963478566,"Zc_est":0.13070372361407515,"Rc_est":0.060037438701090004},"27":{"Xc_est":0.15873709766583227,"Zc_est":0.17002392920021842,"Rc_est":0.06091527169198965},"42":{"Xc_est":0.18401411043353721,"Zc_est":0.19584885399915813,"Rc_est":0.06704909226930317},"33":{"Xc_est":0.09660449870719524,"Zc_est":0.1220260996343549,"Rc_est":0.07455159167653647},"28":{"Xc_est":0.1335401518075798,"Zc_est":0.1487615640793432,"Rc_est":0.06555174141501566},"50":{"Xc_est":0.17682837618458225,"Zc_est":0.18931184435785833,"Rc_est":0.0676069507528467},"52":{"Xc_est":0.049031881532742905,"Zc_est":0.05364564837285895,"Rc_est":0.021765343615562077},"26":{"Xc_est":0.17294206264515852,"Zc_est":0.18195723851587414,"Rc_est":0.05656394272291118},"10":{"Xc_est":0.15398563100950444,"Zc_est":0.16826172526771682,"Rc_est":0.06782649653839828},"24":{"Xc_est":0.10857802802734491,"Zc_est":0.11609110968349273,"Rc_est":0.04108476088816683},"25":{"Xc_est":0.09476664132510339,"Zc_est":0.11066316762819935,"Rc_est":0.0571456066681084},"23":{"Xc_est":0.08878298164415584,"Zc_est":0.09524301892268856,"Rc_est":0.034479194072383715},"49":{"Xc_est":0.1499959886006972,"Zc_est":0.16042319001004943,"Rc_est":0.05689291077717796},"5":{"Xc_est":0.0899312861295522,"Zc_est":0.09821679306351186,"Rc_est":0.03948293574147344},"31":{"Xc_est":0.14346041935222187,"Zc_est":0.15083470163761456,"Rc_est":0.04658556962614979},"43":{"Xc_est":0.1380142038715129,"Zc_est":0.15172051930382296,"Rc_est":0.0630174222539624},"39":{"Xc_est":0.06811420754593957,"Zc_est":0.08283886929236307,"Rc_est":0.047145869342137325},"34":{"Xc_est":0.11585892109295831,"Zc_est":0.12481235516189315,"Rc_est":0.04642019392715002},"44":{"Xc_est":0.22655090779111195,"Zc_est":0.2437906508139831,"Rc_est":0.09004758521653165},"55":{"Xc_est":0.09581106576281039,"Zc_est":0.10758414478652781,"Rc_est":0.0489345265313051},"17":{"Xc_est":0.1399460937306625,"Zc_est":0.16976747009838905,"Rc_est":0.09610455115724774},"37":{"Xc_est":0.1815939727099294,"Zc_est":0.20171731416018895,"Rc_est":0.087826555821265},"47":{"Xc_est":0.21230028494536252,"Zc_est":0.22944672312493336,"Rc_est":0.08703095865775418},"9":{"Xc_est":0.023018012674641014,"Zc_est":0.03435646725321522,"Rc_est":0.025505645152226895},"12":{"Xc_est":0.15994560705014932,"Zc_est":0.1725349665092188,"Rc_est":0.06469712090732074},"20":{"Xc_est":0.1618492340147399,"Zc_est":0.1729821644217403,"Rc_est":0.06105452200183011},"6":{"Xc_est":0.11101352439768479,"Zc_est":0.12122831569260514,"Rc_est":0.048706282207437876},"14":{"Xc_est":0.11789821680735754,"Zc_est":0.12951562976921663,"Rc_est":0.05361258087578053},"7":{"Xc_est":0.14529039754085263,"Zc_est":0.15758393162007173,"Rc_est":0.061019635259975516},"8":{"Xc_est":0.10533649614338415,"Zc_est":0.11300752579144256,"Rc_est":0.04092582883385956},"19":{"Xc_est":0.09070633176288445,"Zc_est":0.10004932092571933,"Rc_est":0.042216442244925365},"4":{"Xc_est":0.19207643217514958,"Zc_est":0.20305803991107518,"Rc_est":0.06587269370075098},"22":{"Xc_est":0.07797824108583998,"Zc_est":0.09725698513154715,"Rc_est":0.05812327480481981},"11":{"Xc_est":0.03560815953415707,"Zc_est":0.04493373875092,"Rc_est":0.027406200990395375},"35":{"Xc_est":0.149992073135111,"Zc_est":0.16563643494143732,"Rc_est":0.07026952808110007},"13":{"Xc_est":0.17811858978770653,"Zc_est":0.20253517775957292,"Rc_est":0.09640677466931735},"15":{"Xc_est":0.021099445162824554,"Zc_est":0.027215406674094365,"Rc_est":0.017189874178053184},"16":{"Xc_est":0.16488484172713705,"Zc_est":0.17982386754584695,"Rc_est":0.07176079924139138},"40":{"Xc_est":0.15728107988349585,"Zc_est":0.17243656888973707,"Rc_est":0.07068968949674656},"21":{"Xc_est":0.19432774938762717,"Zc_est":0.20833887208398913,"Rc_est":0.07511199264543808},"38":{"Xc_est":0.05105652170532758,"Zc_est":0.05867135306983185,"Rc_est":0.02890604197046494},"46":{"Xc_est":0.1309980542845785,"Zc_est":0.14826542368296047,"Rc_est":0.0694416707283343},"45":{"Xc_est":0.1844733958261039,"Zc_est":0.19623285818575592,"Rc_est":0.06690964701847249},"36":{"Xc_est":0.17695896709578834,"Zc_est":0.1895986943033926,"Rc_est":0.06806753151057421},"48":{"Xc_est":0.11143797286071364,"Zc_est":0.12600432720795263,"Rc_est":0.058810447029619184},"18":{"Xc_est":0.09339392054831044,"Zc_est":0.10542513751732012,"Rc_est":0.04890843715721998},"30":{"Xc_est":0.22851435264587222,"Zc_est":0.24793484919990955,"Rc_est":0.09619189197962494},"3":{"Xc_est":0.033142967925439575,"Zc_est":0.03930188845388467,"Rc_est":0.021123023295325814}}