{"32":{"Xc_est":0.21212648870477557,"Zc_est":0.2269539905049377,"Rc_est":0.08068746244552542},"29":{"Xc_est":0.11222325366313751,"Zc_est":0.14242378154246232,"Rc_est":0.08769535270534082},"1":{"Xc_est":0.15558700047654797,"Zc_est":0.18431636464436724,"Rc_est":0.09881906475182817},"54":{"Xc_est":0.10240678215600657,"Zc_est":0.1198238808410738,"Rc_est":0.062214253899472806},"2":{"Xc_est":0.18143861841181305,"Zc_est":0.2101490299724867,"Rc_est":0.10603132814026991},"41":{"Xc_est":0.09258440072913783,"Zc_est":0.0980924183834339,"Rc_est":0.03240758068626941},"51":{"Xc_est":0.11635370917669559,"Zc_est":0.1401335170064587,"Rc_est":0.07809748363055236},"53":{"Xc_est":0.11804640352824994,"Zc_est":0.13256131114173914,"Rc_est":0.06031208689526964},"27":{"Xc_est":0.1608033911719271,"Zc_est":0.17183844606683443,"Rc_est":0.06058647484606253},"42":{"Xc_est":0.18661912442468137,"Zc_est":0.19819690289239594,"Rc_est":0.06674814390755084},"33":{"Xc_est":0.09699767455559896,"Zc_est":0.11936544618200111,"Rc_est":0.06956695244894887},"28":{"Xc_est":0.1363302467775621,"Zc_est":0.15125292163218265,"Rc_est":0.06550961849866174},"50":{"Xc_est":0.1792452649738039,"Zc_est":0.1917845639826996,"Rc_est":0.0682088994670419},"52":{"Xc_est":0.04994682090602899,"Zc_est":0.0544614656072944,"Rc_est":0.021710972283054852},"26":{"Xc_est":0.17308886196904408,"Zc_est":0.1818294016135651,"Rc_est":0.05569719161150186},"10":{"Xc_est":0.15663136098252456,"Zc_est":0.17077689596307555,"Rc_est":0.06805413250894624},"24":{"Xc_est":0.110827428276751,"Zc_est":0.11825935415778731,"Rc_est":0.041262040513995166},"25":{"Xc_est":0.09669437791156846,"Zc_est":0.11247351407812888,"Rc_est":0.05744987945485906},"23":{"Xc_est":0.0900147959823063,"Zc_est":0.09639048226323575,"Rc_est":0.034474071056417754},"49":{"Xc_est":0.1527673147787948,"Zc_est":0.16314035585498868,"Rc_est":0.05724441670389319},"5":{"Xc_est":0.09115552418078504,"Zc_est":0.09926191145299904,"Rc_est":0.03928864309987473},"31":{"Xc_est":0.1451924854253068,"Zc_est":0.15241723025210593,"Rc_est":0.046369755808560655},"43":{"Xc_est":0.14080517652961763,"Zc_est":0.15440742697887375,"Rc_est":0.06336841302020625},"39":{"Xc_est":0.06936557378258522,"Zc_est":0.08379859450841402,"Rc_est":0.04701724806279417},"34":{"Xc_est":0.11498883714734222,"Zc_est":0.12372267709363736,"Rc_est":0.04566035653297588},"44":{"Xc_est":0.2291240006478211,"Zc_est":0.24612311895248515,"Rc_est":0.08988204498138895},"55":{"Xc_est":0.09736988032050783,"Zc_est":0.10939506678595541,"Rc_est":0.04986368461589682},"17":{"Xc_est":0.14273641790301622,"Zc_est":0.17196140394858414,"Rc_est":0.09590119630215069},"37":{"Xc_est":0.1817377877561014,"Zc_est":0.20135633513495,"Rc_est":0.08669342651260553},"47":{"Xc_est":0.21476201254243818,"Zc_est":0.23168229208111477,"Rc_est":0.08691353423190543},"9":{"Xc_est":0.023496150698817643,"Zc_est":0.0346232285956391,"Rc_est":0.025430274491722107},"12":{"Xc_est":0.16210794465176487,"Zc_est":0.17454592309195024,"Rc_est":0.06470930032693405},"20":{"Xc_est":0.16400499795541038,"Zc_est":0.17490498373743465,"Rc_est":0.060779223274389775},"6":{"Xc_est":0.11334132746112179,"Zc_est":0.12356199244554861,"Rc_est":0.049206803050641},"14":{"Xc_est":0.11698336510269458,"Zc_est":0.12828837992915326,"Rc_est":0.05265738992863615},"7":{"Xc_est":0.14806597875208713,"Zc_est":0.16011806555483826,"Rc_est":0.06094473605825167},"8":{"Xc_est":0.10728539224709353,"Zc_est":0.11480881916618775,"Rc_est":0.040876760741547065},"19":{"Xc_est":0.09193040528738317,"Zc_est":0.10107318504585747,"Rc_est":0.04200701511666377},"4":{"Xc_est":0.19467434966386649,"Zc_est":0.20546340295359325,"Rc_est":0.0657046994987518},"22":{"Xc_est":0.07922276120451041,"Zc_est":0.09813171206386197,"Rc_est":0.05791016335426651},"11":{"Xc_est":0.0361154935716715,"Zc_est":0.045340778574567676,"Rc_est":0.02741272197032848},"35":{"Xc_est":0.15172175946908234,"Zc_est":0.16702507903711344,"Rc_est":0.0698418551511908},"13":{"Xc_est":0.1802769748725586,"Zc_est":0.20456141594588167,"Rc_est":0.09667256707351315},"15":{"Xc_est":0.021580368851960217,"Zc_est":0.02769229877174875,"Rc_est":0.01735370541057853},"16":{"Xc_est":0.1670399622379191,"Zc_est":0.18167018158860906,"Rc_est":0.07142622693375843},"40":{"Xc_est":0.15992177604815452,"Zc_est":0.17494068961432688,"Rc_est":0.07091734927604222},"21":{"Xc_est":0.19700858179631076,"Zc_est":0.2108125791572716,"Rc_est":0.07503040869905507},"38":{"Xc_est":0.05197103140442155,"Zc_est":0.05942328882328966,"Rc_est":0.028812135452561158},"46":{"Xc_est":0.13350234266041433,"Zc_est":0.15044736456646482,"Rc_est":0.06936522189956645},"45":{"Xc_est":0.18709846158233776,"Zc_est":0.19869398595706625,"Rc_est":0.0668839721385425},"36":{"Xc_est":0.1791641662379172,"Zc_est":0.19160772950324306,"Rc_est":0.06792439577692194},"48":{"Xc_est":0.11339115184494183,"Zc_est":0.12787572324190633,"Rc_est":0.05911554176287288},"18":{"Xc_est":0.09462756937873326,"Zc_est":0.10658552184585585,"Rc_est":0.0490519783558873},"30":{"Xc_est":0.231088226670509,"Zc_est":0.2502698355287242,"Rc_est":0.09608965641448686},"3":{"Xc_est":0.033702705615838956,"Zc_est":0.039730668794048345,"Rc_est":0.021039336420012496}}