linecode_id,linecode_name,A_p_est,dist_est,x_est,r_est,scenario_id
4,hydrogen,"[139.37048906727455, 139.37048906727455, 139.37048906727455, 139.37048906727455]","[916.6586144659002, 379.99999810096296, 379.9999977369548]",[0.7601825556582105 0.4350563501936427 0.4132655328266654 0.3971169402097661; 0.4350563501936427 0.7601825556582105 0.4903839392742331 0.4468321156553845; 0.4132655328266654 0.4903839392742331 0.7601825556582105 0.49038393933442087; 0.3971169402097661 0.4468321156553845 0.49038393933442087 0.7601825556582105],[0.2218904164601687 0.049348 0.049348 0.049348; 0.049348 0.2218904164601687 0.049348 0.049348; 0.049348 0.049348 0.2218904164601687 0.049348; 0.049348 0.049348 0.049348 0.2218904164601687],1
1,pluto,"[282.4364062341488, 282.4364062341488, 282.4364062341488, 282.4364062341488]","[379.9999976666954, 1200.0000096972853, 479.4536980107445]",[0.7379928807328853 0.49038393934603813 0.4008477811401661 0.3841963018369977; 0.49038393934603813 0.7379928807328853 0.4181330708579292 0.3970122824486038; 0.4008477811401661 0.4181330708579292 0.7379928807328853 0.4757770022864299; 0.3841963018369977 0.3970122824486038 0.4757770022864299 0.7379928807328853],[0.2144659107402268 0.049348 0.049348 0.049348; 0.049348 0.2144659107402268 0.049348 0.049348; 0.049348 0.049348 0.2144659107402268 0.049348; 0.049348 0.049348 0.049348 0.2144659107402268],1
10,tw2x16_lv_oh_2w_bundled,"[11.999999883265584, 11.999999883265584]",[99.99999462801046],[0.8372217862008781 0.5742647293604872; 0.5742647293604872 0.8372217862008781],[3.0686079289679484 0.049348; 0.049348 3.0686079289679484],1
7,abc2x16_lv_oh_2w_bundled,"[24.10089884423639, 24.10089884423639]",[3.645368638951692],[0.8153140743408129 0.782346257731184; 0.782346257731184 0.8153140743408129],[1.9052860950649744 0.049348; 0.049348 1.9052860950649744],1
