linecode_id,linecode_name,A_p_est,dist_est,x_est,r_est,scenario_id
4,hydrogen,"[147.93753586163496, 147.93753586163496, 147.93753586163496, 147.93753586163496]","[411.7564963430693, 380.00000440285856, 379.99999883453637]",[0.7583084544908268 0.48534098649296004 0.4442600583183622 0.41962958208169293; 0.48534098649296004 0.7583084544908268 0.49038393823223125 0.4468321150436425; 0.4442600583183622 0.49038393823223125 0.7583084544908268 0.49038393915293865; 0.41962958208169293 0.4468321150436425 0.49038393915293865 0.7583084544908268],[0.21189850367605406 0.049348 0.049348 0.049348; 0.049348 0.21189850367605406 0.049348 0.049348; 0.049348 0.049348 0.21189850367605406 0.049348; 0.049348 0.049348 0.049348 0.21189850367605406],1
1,pluto,"[259.0736674535595, 259.0736674535595, 259.0736674535595, 259.0736674535595]","[589.8925893037671, 1200.000001218231, 431.4665659771895]",[0.7407053684261847 0.46275235960701416 0.39301069796139015 0.3794412712588569; 0.46275235960701416 0.7407053684261847 0.4181330713018925 0.39883373323119453; 0.39301069796139015 0.4181330713018925 0.7407053684261847 0.482403095506199; 0.3794412712588569 0.39883373323119453 0.482403095506199 0.7407053684261847],[0.22935590961404936 0.049348 0.049348 0.049348; 0.049348 0.22935590961404936 0.049348 0.049348; 0.049348 0.049348 0.22935590961404936 0.049348; 0.049348 0.049348 0.049348 0.22935590961404936],1
10,tw2x16_lv_oh_2w_bundled,"[12.568823683894841, 12.568823683894841]",[99.99983782434197],[0.8357668233725402 0.5742648278834508; 0.5742648278834508 0.8357668233725402],[2.9319661117958447 0.049348; 0.049348 2.9319661117958447],1
7,abc2x16_lv_oh_2w_bundled,"[17.47790285397353, 17.47790285397353]",[99.99994625723674],[0.8254084041921527 0.5742647597528208; 0.5742647597528208 0.8254084041921527],[2.608566726871262 0.049348; 0.049348 2.608566726871262],1
