{"32":{"Xc_est":0.21684715354506048,"Zc_est":0.23166198133201513,"Rc_est":0.08151432753865966},"29":{"Xc_est":0.11773135217529858,"Zc_est":0.15432526879093594,"Rc_est":0.09977783973593757},"1":{"Xc_est":0.16620486980359328,"Zc_est":0.19807754610239833,"Rc_est":0.10775275181413396},"54":{"Xc_est":0.10906909566152187,"Zc_est":0.12534571002222736,"Rc_est":0.06176956688009153},"2":{"Xc_est":0.1905402220781517,"Zc_est":0.21962372073272418,"Rc_est":0.10921997289367111},"41":{"Xc_est":0.09202606781114564,"Zc_est":0.09673773260698187,"Rc_est":0.029822671797784146},"51":{"Xc_est":0.11961138072703209,"Zc_est":0.1442322233526308,"Rc_est":0.08059808840050832},"53":{"Xc_est":0.12113710269297394,"Zc_est":0.1320685234707162,"Rc_est":0.05261080918297113},"27":{"Xc_est":0.16962801784550796,"Zc_est":0.1788942153532372,"Rc_est":0.05682847744445074},"42":{"Xc_est":0.19084508134058822,"Zc_est":0.20231736263249037,"Rc_est":0.06716003387931599},"33":{"Xc_est":0.10195546394242597,"Zc_est":0.1309207986197336,"Rc_est":0.0821300120754497},"28":{"Xc_est":0.13804611293290087,"Zc_est":0.15326062525368284,"Rc_est":0.06657394353098356},"50":{"Xc_est":0.1879916668568842,"Zc_est":0.19997711549635488,"Rc_est":0.06819076121156536},"52":{"Xc_est":0.04976728021362318,"Zc_est":0.054398231316806475,"Rc_est":0.021963273675285635},"26":{"Xc_est":0.18010706831043122,"Zc_est":0.18819030209388896,"Rc_est":0.05456220071451348},"10":{"Xc_est":0.16079250532487205,"Zc_est":0.17208243231391981,"Rc_est":0.0613036193256629},"24":{"Xc_est":0.11246733136342085,"Zc_est":0.11877486517649481,"Rc_est":0.03819120283108419},"25":{"Xc_est":0.10164308996943579,"Zc_est":0.11609638473838046,"Rc_est":0.05609859900913072},"23":{"Xc_est":0.08939175699883259,"Zc_est":0.09457152408465154,"Rc_est":0.0308688669755709},"49":{"Xc_est":0.15864106717243873,"Zc_est":0.1709799719055837,"Rc_est":0.0637743098686609},"5":{"Xc_est":0.09066776788942563,"Zc_est":0.0987859667463026,"Rc_est":0.03921763751108478},"31":{"Xc_est":0.146852416291918,"Zc_est":0.1534724999272489,"Rc_est":0.0445889679533473},"43":{"Xc_est":0.14238653053527583,"Zc_est":0.15307405613537414,"Rc_est":0.056193794887537465},"39":{"Xc_est":0.06891935587900387,"Zc_est":0.08389694237958803,"Rc_est":0.047841606639693106},"34":{"Xc_est":0.11983190470546731,"Zc_est":0.131149278153391,"Rc_est":0.05329585138465584},"44":{"Xc_est":0.233108634286727,"Zc_est":0.2471266310237788,"Rc_est":0.08204837830292488},"55":{"Xc_est":0.09787443682471933,"Zc_est":0.11167581185120148,"Rc_est":0.053778077028367025},"17":{"Xc_est":0.14447983696027145,"Zc_est":0.17485232635231177,"Rc_est":0.09848305815087546},"37":{"Xc_est":0.1887973408216443,"Zc_est":0.20867379679242828,"Rc_est":0.08888373060602003},"47":{"Xc_est":0.21936602906950206,"Zc_est":0.2332789569136538,"Rc_est":0.07935752660586597},"9":{"Xc_est":0.019851702999342108,"Zc_est":0.02916991365099282,"Rc_est":0.02137273380810908},"12":{"Xc_est":0.17115193111473412,"Zc_est":0.18149372639222272,"Rc_est":0.06039030713146194},"20":{"Xc_est":0.17310920074151126,"Zc_est":0.18389809065738957,"Rc_est":0.062062165334998046},"6":{"Xc_est":0.11487401765442701,"Zc_est":0.12294678015129212,"Rc_est":0.043816330488763565},"14":{"Xc_est":0.11983190476300407,"Zc_est":0.1311492782916613,"Rc_est":0.05329585159554109},"7":{"Xc_est":0.14975563829732616,"Zc_est":0.1618865686977317,"Rc_est":0.06148585140408988},"8":{"Xc_est":0.10913224795637623,"Zc_est":0.1165905940581832,"Rc_est":0.0410307089730129},"19":{"Xc_est":0.09144399796918762,"Zc_est":0.10065423608836836,"Rc_est":0.04206269698847433},"4":{"Xc_est":0.19883957265829044,"Zc_est":0.20846357396020712,"Rc_est":0.06260899307073371},"22":{"Xc_est":0.07874464029330287,"Zc_est":0.09835948313304552,"Rc_est":0.05893954145799073},"11":{"Xc_est":0.037058349352429354,"Zc_est":0.04438546154710957,"Rc_est":0.02442842483712859},"35":{"Xc_est":0.15341580770335256,"Zc_est":0.168957314167342,"Rc_est":0.07078251166333285},"13":{"Xc_est":0.1891644246343146,"Zc_est":0.20707768302596524,"Rc_est":0.08424955347164068},"15":{"Xc_est":0.019035086680306026,"Zc_est":0.02320181110334261,"Rc_est":0.013266103932520226},"16":{"Xc_est":0.17441642475761937,"Zc_est":0.18678991251442412,"Rc_est":0.06685343814581207},"40":{"Xc_est":0.16411319276972489,"Zc_est":0.1760550998363583,"Rc_est":0.06373584656468609},"21":{"Xc_est":0.2016426206627038,"Zc_est":0.21590532300041354,"Rc_est":0.07717099216797615},"38":{"Xc_est":0.05179501462137095,"Zc_est":0.05955511685435216,"Rc_est":0.029395380655938275},"46":{"Xc_est":0.13725793755166824,"Zc_est":0.15744729766786825,"Rc_est":0.07713566050781348},"45":{"Xc_est":0.19268064137943755,"Zc_est":0.20372782585197882,"Rc_est":0.06617550501494328},"36":{"Xc_est":0.18882651247544424,"Zc_est":0.20182197193685367,"Rc_est":0.07125065994670543},"48":{"Xc_est":0.11512092534234139,"Zc_est":0.12590519546705675,"Rc_est":0.05098324032386359},"18":{"Xc_est":0.09394815203793735,"Zc_est":0.1027133893550309,"Rc_est":0.04151849083787584},"30":{"Xc_est":0.23504885310788046,"Zc_est":0.2504887622432178,"Rc_est":0.08658323546050552},"3":{"Xc_est":0.0338339016241865,"Zc_est":0.04018410444261876,"Rc_est":0.0216801603024554}}