{"32":{"Xc_est":0.21488898988134605,"Zc_est":0.22993411102048525,"Rc_est":0.08180719674060219},"29":{"Xc_est":0.11603578193266907,"Zc_est":0.15279251447158113,"Rc_est":0.09940447570317142},"1":{"Xc_est":0.1632889715532158,"Zc_est":0.19554148068034197,"Rc_est":0.1075787266877315},"54":{"Xc_est":0.10856015269692908,"Zc_est":0.12569411828560648,"Rc_est":0.06335380507921742},"2":{"Xc_est":0.18765058389004377,"Zc_est":0.21710246430607874,"Rc_est":0.10918213394826937},"41":{"Xc_est":0.09073514241069801,"Zc_est":0.09550339033631311,"Rc_est":0.029799857339264824},"51":{"Xc_est":0.11664721406969959,"Zc_est":0.141543226125854,"Rc_est":0.08017426215371307},"53":{"Xc_est":0.1181777171818948,"Zc_est":0.12914382655492498,"Rc_est":0.05207835537845479},"27":{"Xc_est":0.16618217230258894,"Zc_est":0.17517407807918883,"Rc_est":0.05540255625588394},"42":{"Xc_est":0.1888690828880498,"Zc_est":0.20052149773580122,"Rc_est":0.06735978461393649},"33":{"Xc_est":0.1003282269357056,"Zc_est":0.12956977094165292,"Rc_est":0.0819912947928618},"28":{"Xc_est":0.13601727996030002,"Zc_est":0.15140292179652595,"Rc_est":0.0664992051134923},"50":{"Xc_est":0.1856782131308607,"Zc_est":0.19853411994613274,"Rc_est":0.0702808505306822},"52":{"Xc_est":0.049094218032315846,"Zc_est":0.05377511744105294,"Rc_est":0.02194358702661144},"26":{"Xc_est":0.17812745761287588,"Zc_est":0.18634145220525702,"Rc_est":0.05471513185890341},"10":{"Xc_est":0.15878719113493772,"Zc_est":0.17018555079202696,"Rc_est":0.06123519927184319},"24":{"Xc_est":0.11051855051810114,"Zc_est":0.11687568224303177,"Rc_est":0.03802071923507046},"25":{"Xc_est":0.10018967091710597,"Zc_est":0.11485674970390355,"Rc_est":0.05616139950239096},"23":{"Xc_est":0.08810297621398813,"Zc_est":0.09334609522899395,"Rc_est":0.03084410927126684},"49":{"Xc_est":0.15658087239306145,"Zc_est":0.1690133477087724,"Rc_est":0.06362343989721253},"5":{"Xc_est":0.08937135075781547,"Zc_est":0.09758822037856,"Rc_est":0.039194673367409394},"31":{"Xc_est":0.14483586499484719,"Zc_est":0.15153389424423616,"Rc_est":0.0445543860469174},"43":{"Xc_est":0.1403608594001168,"Zc_est":0.15112679750395389,"Rc_est":0.056019086678218234},"39":{"Xc_est":0.06760163123498586,"Zc_est":0.0827405503149843,"Rc_est":0.04770763168294389},"34":{"Xc_est":0.11856340278687402,"Zc_est":0.13004124413265175,"Rc_est":0.053417644043568684},"44":{"Xc_est":0.23116932615920754,"Zc_est":0.24538936176550621,"Rc_est":0.08232060198261673},"55":{"Xc_est":0.09658403442490518,"Zc_est":0.11055051352863657,"Rc_est":0.05378606079323889},"17":{"Xc_est":0.14244820507574046,"Zc_est":0.17312665257833004,"Rc_est":0.09839383468326449},"37":{"Xc_est":0.18681824279486622,"Zc_est":0.20696366648857262,"Rc_est":0.08906684795944857},"47":{"Xc_est":0.21740550107219134,"Zc_est":0.23148905270367506,"Rc_est":0.07951119182350536},"9":{"Xc_est":0.01920176718843157,"Zc_est":0.02701938733384558,"Rc_est":0.01900893023654008},"12":{"Xc_est":0.16825057523037643,"Zc_est":0.17869770640156538,"Rc_est":0.06020476897910588},"20":{"Xc_est":0.17021393960313633,"Zc_est":0.18115240357429876,"Rc_est":0.06199522631239816},"6":{"Xc_est":0.11292457341171083,"Zc_est":0.12105168703815701,"Rc_est":0.04360678450157777},"14":{"Xc_est":0.11856340286036601,"Zc_est":0.13004124431030537,"Rc_est":0.053417644312933506},"7":{"Xc_est":0.14773869070032394,"Zc_est":0.160017655537702,"Rc_est":0.06147299694936523},"8":{"Xc_est":0.10752766451923361,"Zc_est":0.11508238526555473,"Rc_est":0.04100922775972156},"19":{"Xc_est":0.0901475808376057,"Zc_est":0.09946821335746077,"Rc_est":0.04203973284468736},"4":{"Xc_est":0.19687003795356592,"Zc_est":0.20664214419598284,"Rc_est":0.06279461691956463},"22":{"Xc_est":0.07743528858265143,"Zc_est":0.09725953365977592,"Rc_est":0.05884889947856781},"11":{"Xc_est":0.03707733554015982,"Zc_est":0.04440039813343421,"Rc_est":0.024426758762673965},"35":{"Xc_est":0.15139970008757625,"Zc_est":0.16712520951128523,"Rc_est":0.07077405221960201},"13":{"Xc_est":0.18627064949407557,"Zc_est":0.20432181521219642,"Rc_est":0.08396814460652435},"15":{"Xc_est":0.019045866345818153,"Zc_est":0.023210231972880024,"Rc_est":0.013265362542054158},"16":{"Xc_est":0.17048048507020463,"Zc_est":0.18173907322204272,"Rc_est":0.06297217596553846},"40":{"Xc_est":0.1621059698719271,"Zc_est":0.17415301281922368,"Rc_est":0.063646888422723},"21":{"Xc_est":0.19959310558877713,"Zc_est":0.2139714091708247,"Rc_est":0.07711261987493188},"38":{"Xc_est":0.0511219524400122,"Zc_est":0.05896088041780924,"Rc_est":0.029375694006513818},"46":{"Xc_est":0.13522458404412438,"Zc_est":0.1556292669965214,"Rc_est":0.07703752732252045},"45":{"Xc_est":0.19037464658263012,"Zc_est":0.20133352239391272,"Rc_est":0.06551855598285747},"36":{"Xc_est":0.1862900653774934,"Zc_est":0.19990906947147388,"Rc_est":0.07252342792918579},"48":{"Xc_est":0.11351385129449387,"Zc_est":0.12436868935978512,"Rc_est":0.05081512036158391},"18":{"Xc_est":0.09265811516398859,"Zc_est":0.10149445501017197,"Rc_est":0.041419778995895815},"30":{"Xc_est":0.23310901010964044,"Zc_est":0.24875331549708293,"Rc_est":0.08682396775369593},"3":{"Xc_est":0.033854770731332424,"Zc_est":0.040260668855319016,"Rc_est":0.021789354175986313}}