linecode_id,linecode_name,A_p_est,dist_est,x_est,r_est,scenario_id
4,hydrogen,"[146.4766515413606, 146.4766515413606, 146.4766515413606, 146.4766515413606]","[725.1715390047352, 379.99999869924636, 380.00000028757455]",[0.7586202296731561 0.44977957705352245 0.42330546419459525 0.40473674090799655; 0.44977957705352245 0.7586202296731561 0.4903839391753085 0.4468321153950531; 0.42330546419459525 0.4903839391753085 0.7586202296731561 0.4903839389126826; 0.40473674090799655 0.4468321153950531 0.4903839389126826 0.7586202296731561],[0.21351970049871621 0.049348 0.049348 0.049348; 0.049348 0.21351970049871621 0.049348 0.049348; 0.049348 0.049348 0.21351970049871621 0.049348; 0.049348 0.049348 0.049348 0.21351970049871621],1
1,pluto,"[289.8961275300712, 289.8961275300712, 289.8961275300712, 289.8961275300712]","[379.9999976549376, 1200.0000096951856, 514.620248659353]",[0.7371738887563961 0.49038393934798225 0.4008477811407172 0.3831324606458808; 0.49038393934798225 0.7371738887563961 0.41813307085803914 0.3957102107751951; 0.4008477811407172 0.41813307085803914 0.7371738887563961 0.4713296326372381; 0.3831324606458808 0.3957102107751951 0.4713296326372381 0.7371738887563961],[0.21021703164832062 0.049348 0.049348 0.049348; 0.049348 0.21021703164832062 0.049348 0.049348; 0.049348 0.049348 0.21021703164832062 0.049348; 0.049348 0.049348 0.049348 0.21021703164832062],1
10,tw2x16_lv_oh_2w_bundled,"[11.999999883038901, 11.999999883038901]",[99.99999493686657],[0.8372217862014716 0.5742647291664268; 0.5742647291664268 0.8372217862014716],[3.0686079290249832 0.049348; 0.049348 3.0686079290249832],1
7,abc2x16_lv_oh_2w_bundled,"[24.153711794827206, 24.153711794827206]",[2.0000019526394466],[0.8152453069299321 0.820064894118129; 0.820064894118129 0.8152453069299321],[1.901228020357994 0.049348; 0.049348 1.901228020357994],1
