linecode_id,linecode_name,A_p_est,dist_est,x_est,r_est,scenario_id
4,hydrogen,"[145.07999702305278, 145.07999702305278, 145.07999702305278, 145.07999702305278]","[935.1977502179539, 379.9999975549094, 379.99999961607784]",[0.7589212184119907 0.433798272173327 0.4123735461735912 0.3964260075745261; 0.433798272173327 0.7589212184119907 0.4903839393645216 0.44683211554517477; 0.4123735461735912 0.4903839393645216 0.7589212184119907 0.4903839390237128; 0.3964260075745261 0.44683211554517477 0.4903839390237128 0.7589212184119907],[0.215100146817883 0.049348 0.049348 0.049348; 0.049348 0.215100146817883 0.049348 0.049348; 0.049348 0.049348 0.215100146817883 0.049348; 0.049348 0.049348 0.049348 0.215100146817883],1
1,pluto,"[283.0461791956206, 283.0461791956206, 283.0461791956206, 283.0461791956206]","[379.9999979051291, 1200.0000093441317, 452.0035374806042]",[0.73792512750661 0.4903839393066137 0.40084778114472824 0.38503941189160873; 0.4903839393066137 0.73792512750661 0.4181330708764203 0.3980477377529234; 0.40084778114472824 0.4181330708764203 0.73792512750661 0.4794814086487588; 0.38503941189160873 0.3980477377529234 0.4794814086487588 0.73792512750661],[0.21411019338799037 0.049348 0.049348 0.049348; 0.049348 0.21411019338799037 0.049348 0.049348; 0.049348 0.049348 0.21411019338799037 0.049348; 0.049348 0.049348 0.049348 0.21411019338799037],1
10,tw2x16_lv_oh_2w_bundled,"[11.999999883975304, 11.999999883975304]",[99.99999286118008],[0.8372217861990201 0.5742647304706222; 0.5742647304706222 0.8372217861990201],[3.0686079287893793 0.049348; 0.049348 3.0686079287893793],1
7,abc2x16_lv_oh_2w_bundled,"[24.269307521207903, 24.269307521207903]",[2.000007514261102],[0.8150953137122466 0.8200647193946367; 0.8200647193946367 0.8150953137122466],[1.8924074383971732 0.049348; 0.049348 1.8924074383971732],1
