{"32":{"Xc_est":0.21172693011959995,"Zc_est":0.22710845456700973,"Rc_est":0.08215812314035391},"29":{"Xc_est":0.1145720232921747,"Zc_est":0.15192617371401537,"Rc_est":0.09977381288754357},"1":{"Xc_est":0.16178749735205275,"Zc_est":0.19441911759399924,"Rc_est":0.1078127960243534},"54":{"Xc_est":0.10903900318058067,"Zc_est":0.12880057880132606,"Rc_est":0.06855716508828177},"2":{"Xc_est":0.18616281692802847,"Zc_est":0.2159736167554783,"Rc_est":0.10948976540235886},"41":{"Xc_est":0.08912677759816873,"Zc_est":0.09399420129177721,"Rc_est":0.029855106622581395},"51":{"Xc_est":0.11514183473054078,"Zc_est":0.14042736610776907,"Rc_est":0.08038782897211644},"53":{"Xc_est":0.11667534284358615,"Zc_est":0.12791718982012126,"Rc_est":0.05243731327793755},"27":{"Xc_est":0.1646946113133019,"Zc_est":0.17387976795537385,"Rc_est":0.05576610716712313},"42":{"Xc_est":0.18567190424761507,"Zc_est":0.1975683042224774,"Rc_est":0.0675216913769926},"33":{"Xc_est":0.09881226364868227,"Zc_est":0.12849966402469556,"Rc_est":0.08214803836418097},"28":{"Xc_est":0.1327726829923291,"Zc_est":0.1484532588737251,"Rc_est":0.06640620995997074},"50":{"Xc_est":0.18339083419528554,"Zc_est":0.19547365623176557,"Rc_est":0.06765908818312397},"52":{"Xc_est":0.04801599908284071,"Zc_est":0.052811950274539166,"Rc_est":0.021990132420634433},"26":{"Xc_est":0.17490636741993315,"Zc_est":0.18328265027728097,"Rc_est":0.05477492609422149},"10":{"Xc_est":0.15554906814702207,"Zc_est":0.1671879748419238,"Rc_est":0.06128871291140664},"24":{"Xc_est":0.1080780401311146,"Zc_est":0.11457273685022032,"Rc_est":0.03802695452921537},"25":{"Xc_est":0.09873642447507462,"Zc_est":0.11384417737493456,"Rc_est":0.056671114371021916},"23":{"Xc_est":0.08647221372508601,"Zc_est":0.09179059971260393,"Rc_est":0.0307907526553433},"49":{"Xc_est":0.1532115494628153,"Zc_est":0.16568927456171553,"Rc_est":0.06308055814584121},"5":{"Xc_est":0.08776928724608568,"Zc_est":0.09614851626524887,"Rc_est":0.03925671148126046},"31":{"Xc_est":0.14160995096895487,"Zc_est":0.14846279408719326,"Rc_est":0.044585008856638665},"43":{"Xc_est":0.13711880193262166,"Zc_est":0.14813320496379928,"Rc_est":0.05605248049292234},"39":{"Xc_est":0.0659677305964887,"Zc_est":0.08134707206480528,"Rc_est":0.0475983681807025},"34":{"Xc_est":0.11697537635956297,"Zc_est":0.12865215554930368,"Rc_est":0.053555003996086384},"44":{"Xc_est":0.2279940338809733,"Zc_est":0.24253436586114938,"Rc_est":0.08271420155179794},"55":{"Xc_est":0.09497515864475416,"Zc_est":0.10916015764776796,"Rc_est":0.05381133020182027},"17":{"Xc_est":0.1392033816692269,"Zc_est":0.17041244904526878,"Rc_est":0.09829965066803581},"37":{"Xc_est":0.1835966536331008,"Zc_est":0.2040736481374138,"Rc_est":0.08909726504691484},"47":{"Xc_est":0.21424574249615191,"Zc_est":0.22869379701501014,"Rc_est":0.07999759131008397},"9":{"Xc_est":0.01855904255051624,"Zc_est":0.024958732109734656,"Rc_est":0.016688326702627418},"12":{"Xc_est":0.16676356928335612,"Zc_est":0.17743328138140246,"Rc_est":0.060601000830408945},"20":{"Xc_est":0.16872571773974568,"Zc_est":0.1798602688493803,"Rc_est":0.06230046937045521},"6":{"Xc_est":0.11048470881876861,"Zc_est":0.11879513367402257,"Rc_est":0.0436510355187687},"14":{"Xc_est":0.11697537701469715,"Zc_est":0.12865215714454842,"Rc_est":0.053555006397301874},"7":{"Xc_est":0.14451032135518674,"Zc_est":0.1570396842966842,"Rc_est":0.061467304039000234},"8":{"Xc_est":0.10601353462257022,"Zc_est":0.11372905978630264,"Rc_est":0.04117559370191891},"19":{"Xc_est":0.08854551732589525,"Zc_est":0.09804523321597546,"Rc_est":0.04210177095876849},"4":{"Xc_est":0.1936835987390456,"Zc_est":0.20369089679892266,"Rc_est":0.06306064555839674},"22":{"Xc_est":0.07580206532482671,"Zc_est":0.09589950874271633,"Rc_est":0.05874319253824251},"11":{"Xc_est":0.037129441868805374,"Zc_est":0.04465308532004592,"Rc_est":0.02480529328813314},"35":{"Xc_est":0.14817335423053613,"Zc_est":0.16421036969544064,"Rc_est":0.07077925269162817},"13":{"Xc_est":0.1847869089908109,"Zc_est":0.20319600912358282,"Rc_est":0.08451281789984832},"15":{"Xc_est":0.019067366446232345,"Zc_est":0.023325940273534518,"Rc_est":0.013436332328786472},"16":{"Xc_est":0.16919265102300798,"Zc_est":0.18089686203003286,"Rc_est":0.064011885865981},"40":{"Xc_est":0.15888458904778166,"Zc_est":0.1712160210759813,"Rc_est":0.06380135763609118},"21":{"Xc_est":0.19638407758308085,"Zc_est":0.2110307157421463,"Rc_est":0.07724802300696783},"38":{"Xc_est":0.05004373349055254,"Zc_est":0.0580520751829232,"Rc_est":0.029422239401009524},"46":{"Xc_est":0.13197962140175012,"Zc_est":0.1527703702691977,"Rc_est":0.0769426121654215},"45":{"Xc_est":0.18742388296038978,"Zc_est":0.1988180830588954,"Rc_est":0.06633941699520687},"36":{"Xc_est":0.18429685479418081,"Zc_est":0.19749296474742534,"Rc_est":0.07097985938067519},"48":{"Xc_est":0.11200214548804245,"Zc_est":0.12311849534981137,"Rc_est":0.05112419489123419},"18":{"Xc_est":0.0910285752137705,"Zc_est":0.10001670879146601,"Rc_est":0.04143839441903898},"30":{"Xc_est":0.22993423841648294,"Zc_est":0.24593089468870982,"Rc_est":0.08724821468787348},"3":{"Xc_est":0.03390504443061729,"Zc_est":0.04044991516843463,"Rc_est":0.022059999983939843}}