{"32":{"Xc_est":0.22645097055906505,"Zc_est":0.24624116528020665,"Rc_est":0.09671953996691413},"29":{"Xc_est":0.10422048922609989,"Zc_est":0.12938829709814828,"Rc_est":0.07667738291980944},"1":{"Xc_est":0.15188925537527256,"Zc_est":0.18428689485791488,"Rc_est":0.10436145705152554},"54":{"Xc_est":0.09979847170982699,"Zc_est":0.1052699131101502,"Rc_est":0.0334965617728363},"2":{"Xc_est":0.1769191856678364,"Zc_est":0.20759274961798477,"Rc_est":0.10860180217926842},"41":{"Xc_est":0.09030528212877285,"Zc_est":0.09562143567814037,"Rc_est":0.031439067746857154},"51":{"Xc_est":0.10682404037103103,"Zc_est":0.13161095676888673,"Rc_est":0.07687696885563389},"53":{"Xc_est":0.1045497843809883,"Zc_est":0.1103774656417689,"Rc_est":0.03539106536103043},"27":{"Xc_est":0.15761563120832045,"Zc_est":0.16671198719259125,"Rc_est":0.05431573871821525},"42":{"Xc_est":0.18350362308035445,"Zc_est":0.19851224928050504,"Rc_est":0.07572009925236872},"33":{"Xc_est":0.09382642682450235,"Zc_est":0.12187652061259815,"Rc_est":0.07778488224571256},"28":{"Xc_est":0.129502276390954,"Zc_est":0.14662587443958244,"Rc_est":0.06876268948152883},"50":{"Xc_est":0.1719199465558307,"Zc_est":0.18577578150563048,"Rc_est":0.07040009211832092},"52":{"Xc_est":0.04302743881440006,"Zc_est":0.048244863906080904,"Rc_est":0.021822153935606985},"26":{"Xc_est":0.17408709357501054,"Zc_est":0.1843475989078877,"Rc_est":0.0606442171497742},"10":{"Xc_est":0.15220994318790915,"Zc_est":0.16094800873517798,"Rc_est":0.05231056022021176},"24":{"Xc_est":0.10830822002470906,"Zc_est":0.11451075045376248,"Rc_est":0.03717581800798841},"25":{"Xc_est":0.09377491072363811,"Zc_est":0.09867122235029159,"Rc_est":0.030696518351017985},"23":{"Xc_est":0.08787929620671726,"Zc_est":0.09300925623836605,"Rc_est":0.03046228888685292},"49":{"Xc_est":0.15090987108121826,"Zc_est":0.16600973393932783,"Rc_est":0.0691768933449349},"5":{"Xc_est":0.08699257635548402,"Zc_est":0.09662096598640345,"Rc_est":0.042046435368304574},"31":{"Xc_est":0.13832782679422212,"Zc_est":0.14653416918572154,"Rc_est":0.04834950954598557},"43":{"Xc_est":0.13318844160660354,"Zc_est":0.14078491092740789,"Rc_est":0.0456205016110359},"39":{"Xc_est":0.0668084939794654,"Zc_est":0.0818641911790143,"Rc_est":0.04731142493721721},"34":{"Xc_est":0.11692356483777233,"Zc_est":0.1302685354842376,"Rc_est":0.05743493120771821},"44":{"Xc_est":0.24271333426650632,"Zc_est":0.2568629260503282,"Rc_est":0.08407615683635597},"55":{"Xc_est":0.0963256284735633,"Zc_est":0.11122884615654227,"Rc_est":0.055616809657591845},"17":{"Xc_est":0.1359099574716765,"Zc_est":0.16653718791101046,"Rc_est":0.0962450955496138},"37":{"Xc_est":0.18163382365157926,"Zc_est":0.20438657754020148,"Rc_est":0.09371780612190941},"47":{"Xc_est":0.22809504723306412,"Zc_est":0.24133936597971964,"Rc_est":0.07885010462414942},"9":{"Xc_est":0.01852457194813025,"Zc_est":0.0240902084037728,"Rc_est":0.015400596581813038},"12":{"Xc_est":0.15653389227726544,"Zc_est":0.1656232683712549,"Rc_est":0.05411291522830927},"20":{"Xc_est":0.15922816414250984,"Zc_est":0.1727462349135489,"Rc_est":0.06698995014636872},"6":{"Xc_est":0.10806177493888167,"Zc_est":0.11426265860685958,"Rc_est":0.03712961013754693},"14":{"Xc_est":0.11692356485063596,"Zc_est":0.13026853551375028,"Rc_est":0.057434931248468865},"7":{"Xc_est":0.14141909802199207,"Zc_est":0.1560287185340589,"Rc_est":0.06592116292987234},"8":{"Xc_est":0.09785108402802227,"Zc_est":0.1068855466783023,"Rc_est":0.04300796953194216},"19":{"Xc_est":0.08777411696200821,"Zc_est":0.09842016423300291,"Rc_est":0.04452227666226166},"4":{"Xc_est":0.1990841814279304,"Zc_est":0.21085042148647917,"Rc_est":0.06945062236003939},"22":{"Xc_est":0.075000070301774,"Zc_est":0.09429446616946008,"Rc_est":0.05715274100961745},"11":{"Xc_est":0.036581807610876135,"Zc_est":0.0384500085381496,"Rc_est":0.011839531599882757},"35":{"Xc_est":0.1451035164257879,"Zc_est":0.1629493576331664,"Rc_est":0.07414487624868404},"13":{"Xc_est":0.1739731578674585,"Zc_est":0.18366982041413596,"Rc_est":0.05888924581437018},"15":{"Xc_est":0.01884354911975331,"Zc_est":0.019790793307854625,"Rc_est":0.006049475706676376},"16":{"Xc_est":0.16221537962435445,"Zc_est":0.17932906302381002,"Rc_est":0.07645314550967929},"40":{"Xc_est":0.1552468844334241,"Zc_est":0.1641308655837782,"Rc_est":0.0532667430109569},"21":{"Xc_est":0.20181194796246993,"Zc_est":0.21967936046999373,"Rc_est":0.08678109861080796},"38":{"Xc_est":0.04400277075270272,"Zc_est":0.05056527384539307,"Rc_est":0.024911906493576167},"46":{"Xc_est":0.12705198907210333,"Zc_est":0.1463329276536131,"Rc_est":0.07260246406630912},"45":{"Xc_est":0.18501251623792356,"Zc_est":0.19579661211986796,"Rc_est":0.06408339997948057},"36":{"Xc_est":0.17242325559141378,"Zc_est":0.18685018212729076,"Rc_est":0.07199452404356685},"48":{"Xc_est":0.10294105841297384,"Zc_est":0.10867128916949044,"Rc_est":0.03482222828274661},"18":{"Xc_est":0.09199295889179578,"Zc_est":0.09715061341325854,"Rc_est":0.031233590906342857},"30":{"Xc_est":0.2444650273804068,"Zc_est":0.25862576301401835,"Rc_est":0.08440459515026509},"3":{"Xc_est":0.03404570045710168,"Zc_est":0.040635521289389694,"Rc_est":0.022184135566790733}}