linecode_id,linecode_name,A_p_est,dist_est,x_est,r_est,scenario_id
5,ugsc_25cu_xlpe/nyl/pvc_ug_2w_bundled,"[14.979348994373419, 14.979349811586966]",[8.684584752868982],[0.8302547893535944 0.7278022954884067; 0.7278022954884067 0.8302547876396628],[1.7991107913432571 0.049348; 0.049348 1.7991106958831822],1
2,uglv_120cu_xlpe/nyl/pvc_ug_4w_bundled,"[139.55214518114306, 137.48731287336844, 142.25566145759896, 137.79125855728782]","[21.814297806465387, 15.179982661527214]",[0.7601416345669867 0.6699330162328418 0.6699330162328418 0.6486581984957017; 0.6699330162328418 0.7606099431136204 0.6481571044083705 0.670432096226722; 0.6699330162328418 0.6481571044083705 0.7595388388239235 0.670432096226722; 0.6486581984957017 0.670432096226722 0.670432096226722 0.7605405678517776],[0.2484287129851579 0.049348 0.049348 0.049348; 0.049348 0.2514185764091756 0.049348 0.049348; 0.049348 0.049348 0.2446452576037055 0.049348; 0.049348 0.049348 0.049348 0.25097284073486836],1
3,ugsc_16cu_xlpe/nyl/pvc_ug_2w_bundled,"[63.978641208544246, 10.000011698294125]",[2.0000031643036227],[0.784642628504621 0.820064856052536; 0.820064856052536 0.842949563172167],[0.4651194639447992 0.049348; 0.049348 2.709394219847243],1
