linecode_id,linecode_name,A_p_est,dist_est,x_est,r_est,scenario_id
3,uglv_120cu_xlpe/nyl/pvc_ug_4w_bundled,"[130.1504250822691, 138.14603343220023, 208.50382162966977, 133.03626569628184]","[30.801090134337088, 30.801090043747624, 30.80109013562814, 30.80109004279097]",[0.7623328199681959 0.648256952275676 0.648256952275676 0.6482569524604719; 0.648256952275676 0.760459784181464 0.6482569522730424 0.6482569524624234; 0.648256952275676 0.6482569522730424 0.7475275124618626 0.6482569524624234; 0.6482569524604719 0.6482569524624234 0.6482569524624234 0.7616438398212851],[0.26280977351098866 0.049348 0.049348 0.049348; 0.049348 0.2504550449945654 0.049348 0.049348; 0.049348 0.049348 0.18259323427975802 0.049348; 0.049348 0.049348 0.049348 0.2581793319369329],1
5,ugsc_16cu_xlpe/nyl/pvc_ug_2w_bundled,"[50.84676408729565, 10.000006404845761]",[2.0000013085217256],[0.7918599145425632 0.8200649143537149; 0.8200649143537149 0.8429495798020492],[0.5724981707917296 0.049348; 0.049348 2.7093956279280724],1
8,ugsc_25cu_xlpe/nyl/pvc_ug_2w_bundled,"[29.846489895834484, 10.000189639092504]",[2.000018809662808],[0.8085967647462039 0.820064364540632; 0.820064364540632 0.8429490041589822],[0.9275185185559418 0.049348; 0.049348 2.6703290468432455],1
