{"32":{"Zc_true":0.22693681882202044,"Rc_true":0.07663238796752801,"Xc_true":0.21360664046665964},"29":{"Zc_true":0.12215260362830348,"Rc_true":0.05112285867246001,"Xc_true":0.11094012752078979},"1":{"Zc_true":0.16132847282315185,"Rc_true":0.060308018694228006,"Xc_true":0.14963227935384496},"54":{"Zc_true":0.11402787187088656,"Rc_true":0.05542225966422801,"Xc_true":0.09965304158486187},"2":{"Zc_true":0.19946336228704262,"Rc_true":0.071156949313988,"Xc_true":0.18633926440548854},"41":{"Zc_true":0.10474013653666778,"Rc_true":0.036047500953816,"Xc_true":0.09834161823309825},"51":{"Zc_true":0.12178464759573746,"Rc_true":0.045699050459908006,"Xc_true":0.11288532755447335},"53":{"Zc_true":0.13423706427646073,"Rc_true":0.058877445513003994,"Xc_true":0.12063596410451527},"27":{"Zc_true":0.17082569668048922,"Rc_true":0.060195167625228,"Xc_true":0.15986857239915922},"42":{"Zc_true":0.19433004012974783,"Rc_true":0.064294661965328,"Xc_true":0.1833858253507986},"33":{"Zc_true":0.10151596329207115,"Rc_true":0.040539898018132,"Xc_true":0.09306990637040845},"28":{"Zc_true":0.1469182403992171,"Rc_true":0.054260407497288006,"Xc_true":0.13653123283787635},"50":{"Zc_true":0.19469021971295103,"Rc_true":0.063923138194948,"Xc_true":0.18389702024553503},"52":{"Zc_true":0.05623209799448444,"Rc_true":0.019928968901308002,"Xc_true":0.05258217419803027},"26":{"Zc_true":0.18014515250202742,"Rc_true":0.05923900147078001,"Xc_true":0.1701264725864956},"10":{"Zc_true":0.1646640649770613,"Rc_true":0.059049583398648006,"Xc_true":0.15371207172898288},"24":{"Zc_true":0.12013538154475166,"Rc_true":0.04332123787889201,"Xc_true":0.11205257804951883},"25":{"Zc_true":0.1089375401576278,"Rc_true":0.050103507497988004,"Xc_true":0.09673172278003649},"23":{"Zc_true":0.09426584226351623,"Rc_true":0.034460429892428,"Xc_true":0.08774125477379029},"49":{"Zc_true":0.16219425953005676,"Rc_true":0.054175005463768,"Xc_true":0.15287918958283406},"5":{"Zc_true":0.09494260934991204,"Rc_true":0.033710579806228005,"Xc_true":0.08875638500580078},"31":{"Zc_true":0.15854798182603463,"Rc_true":0.05208294794728801,"Xc_true":0.14974922061309265},"43":{"Zc_true":0.156966167202092,"Rc_true":0.063745886560928,"Xc_true":0.1434393237319404},"39":{"Zc_true":0.08224430696736468,"Rc_true":0.034451741651588,"Xc_true":0.0746806770571501},"34":{"Zc_true":0.11127439817381042,"Rc_true":0.037724859435828005,"Xc_true":0.10468441464463907},"44":{"Zc_true":0.2375426861549019,"Rc_true":0.08171717926980801,"Xc_true":0.22304445825411642},"55":{"Zc_true":0.10823674377063863,"Rc_true":0.037944493467868,"Xc_true":0.10136768773893289},"17":{"Zc_true":0.1450237780437397,"Rc_true":0.054754848454432015,"Xc_true":0.13428999504360725},"37":{"Zc_true":0.1865276065992351,"Rc_true":0.06375193621158001,"Xc_true":0.17529471940966632},"47":{"Zc_true":0.22609080866049713,"Rc_true":0.07883463995976801,"Xc_true":0.21190128197623362},"9":{"Zc_true":0.02894364999008764,"Rc_true":0.012311729686268,"Xc_true":0.026194583159137454},"12":{"Zc_true":0.16935324854695935,"Rc_true":0.058477651065588,"Xc_true":0.15893673936273994},"20":{"Zc_true":0.18259541052373424,"Rc_true":0.06059602230642801,"Xc_true":0.17224751384263842},"6":{"Zc_true":0.12577662186312843,"Rc_true":0.04972817646009201,"Xc_true":0.1155286417874561},"14":{"Zc_true":0.11127439817381042,"Rc_true":0.037724859435828005,"Xc_true":0.10468441464463907},"7":{"Zc_true":0.1637628285572815,"Rc_true":0.056778676996728006,"Xc_true":0.15360483669332423},"8":{"Zc_true":0.1110555376429899,"Rc_true":0.03759028965314801,"Xc_true":0.10450025150671159},"19":{"Zc_true":0.09640862973842283,"Rc_true":0.035003752732228,"Xc_true":0.08982962308003607},"4":{"Zc_true":0.20748302437444185,"Rc_true":0.07036811031232801,"Xc_true":0.19518589717148438},"22":{"Zc_true":0.08841864399584173,"Rc_true":0.038962686480228,"Xc_true":0.0793710631672958},"11":{"Zc_true":0.04170331020389035,"Rc_true":0.019943368399187998,"Xc_true":0.036625512130974695},"35":{"Zc_true":0.16310852887546468,"Rc_true":0.05512988135408801,"Xc_true":0.1535092452388535},"13":{"Zc_true":0.21826460632891875,"Rc_true":0.09641071505694801,"Xc_true":0.195817293409254},"15":{"Zc_true":0.03244201142624558,"Rc_true":0.017338256856631998,"Xc_true":0.027420228929644304},"16":{"Zc_true":0.18229250495744778,"Rc_true":0.060324216786708004,"Xc_true":0.1720219353243399},"40":{"Zc_true":0.176776300965058,"Rc_true":0.07120874397216802,"Xc_true":0.16179980026191315},"21":{"Zc_true":0.20798349552688572,"Rc_true":0.06873184189856801,"Xc_true":0.19629841650103125},"38":{"Zc_true":0.05623209799448444,"Rc_true":0.019928968901308002,"Xc_true":0.05258217419803027},"46":{"Zc_true":0.1368495897670292,"Rc_true":0.04891218514774001,"Xc_true":0.12781004797541307},"45":{"Zc_true":0.1943421631950776,"Rc_true":0.066422770039172,"Xc_true":0.1826386925480618},"36":{"Zc_true":0.19395408135844744,"Rc_true":0.063260832529148,"Xc_true":0.18334735543039157},"48":{"Zc_true":0.11654945853162571,"Rc_true":0.045466610642548005,"Xc_true":0.10731525334589712},"18":{"Zc_true":0.0970479007635916,"Rc_true":0.03762435055458801,"Xc_true":0.08945782966272654},"30":{"Zc_true":0.23992543008459807,"Rc_true":0.08449840655772801,"Xc_true":0.2245534040946257},"3":{"Zc_true":0.03973347269255386,"Rc_true":0.016159631850668,"Xc_true":0.036298969002725126}}