{"32":{"Xc_est":0.21989292179294126,"Zc_est":0.23736246267120772,"Rc_est":0.08937584478316223},"29":{"Xc_est":0.10332141160283913,"Zc_est":0.12787559680786853,"Rc_est":0.07534490137604043},"1":{"Xc_est":0.1571211828848135,"Zc_est":0.1878297124331206,"Rc_est":0.10292198385955145},"54":{"Xc_est":0.10161445022102968,"Zc_est":0.10642451833574329,"Rc_est":0.03163355195473376},"2":{"Xc_est":0.18205183871054226,"Zc_est":0.21091578402447908,"Rc_est":0.10650162427292559},"41":{"Xc_est":0.09052935615127947,"Zc_est":0.0951910298924369,"Rc_est":0.029423933231599295},"51":{"Xc_est":0.11220845068978527,"Zc_est":0.13577810361386766,"Rc_est":0.07645231857031029},"53":{"Xc_est":0.10992091806699991,"Zc_est":0.11532166335687705,"Rc_est":0.03487804195629066},"27":{"Xc_est":0.16278256333997335,"Zc_est":0.1710219388108135,"Rc_est":0.05244369005969363},"42":{"Xc_est":0.18485542284661186,"Zc_est":0.1983573286838189,"Rc_est":0.07193123443109323},"33":{"Xc_est":0.09551228878370484,"Zc_est":0.12237209939654822,"Rc_est":0.07650054510927912},"28":{"Xc_est":0.13107115345225973,"Zc_est":0.1469390104668041,"Rc_est":0.06641856314056901},"50":{"Xc_est":0.17252504963344256,"Zc_est":0.18494415001530307,"Rc_est":0.0666291668405144},"52":{"Xc_est":0.04267736440671408,"Zc_est":0.047454059115099326,"Rc_est":0.02074922393237577},"26":{"Xc_est":0.1740741024888766,"Zc_est":0.1831078920592277,"Rc_est":0.05680411056486914},"10":{"Xc_est":0.15368966920966426,"Zc_est":0.1614255710258762,"Rc_est":0.04937307524607093},"24":{"Xc_est":0.1061841823030156,"Zc_est":0.11154449437116246,"Rc_est":0.034162752423630045},"25":{"Xc_est":0.09548505695458127,"Zc_est":0.09989825885524019,"Rc_est":0.029364366512644964},"23":{"Xc_est":0.0881152452735712,"Zc_est":0.09261770725757844,"Rc_est":0.028526185304538824},"49":{"Xc_est":0.15272785230671376,"Zc_est":0.16690285562039817,"Rc_est":0.06731096748689701},"5":{"Xc_est":0.08648502538179967,"Zc_est":0.09525597609173733,"Rc_est":0.03992544759798068},"31":{"Xc_est":0.13983844960504566,"Zc_est":0.14709100802534622,"Rc_est":0.045617679182193935},"43":{"Xc_est":0.134739233230089,"Zc_est":0.14148180542689828,"Rc_est":0.043155999529872924},"39":{"Xc_est":0.06714526766778146,"Zc_est":0.08141715409933496,"Rc_est":0.04604634634210231},"34":{"Xc_est":0.11631094846422699,"Zc_est":0.12849514405316817,"Rc_est":0.05461469868630943},"44":{"Xc_est":0.23609874668031325,"Zc_est":0.24813883420871694,"Rc_est":0.0763561579602221},"55":{"Xc_est":0.0966150960020799,"Zc_est":0.11058873150072773,"Rc_est":0.053808835328865226},"17":{"Xc_est":0.13748833650243408,"Zc_est":0.16653022258598008,"Rc_est":0.09396420786836615},"37":{"Xc_est":0.1830172648157945,"Zc_est":0.20401091455151876,"Rc_est":0.090139525378673},"47":{"Xc_est":0.22153700167997523,"Zc_est":0.23279134650295089,"Rc_est":0.07150641854619487},"9":{"Xc_est":0.018467319084836842,"Zc_est":0.023803971482524007,"Rc_est":0.015019560052133254},"12":{"Xc_est":0.16170082397173619,"Zc_est":0.16993017531025817,"Rc_est":0.05224086530520589},"20":{"Xc_est":0.1643799062979706,"Zc_est":0.17677086896055685,"Rc_est":0.06501681719786631},"6":{"Xc_est":0.10673263158679779,"Zc_est":0.11209810447571156,"Rc_est":0.034265585966162},"14":{"Xc_est":0.11631094847035883,"Zc_est":0.12849514406697485,"Rc_est":0.05461469870573449},"7":{"Xc_est":0.1429342811537534,"Zc_est":0.1562911942950713,"Rc_est":0.06321968589956381},"8":{"Xc_est":0.1032282942037428,"Zc_est":0.11164829062482307,"Rc_est":0.04253539790845355},"19":{"Xc_est":0.08726656598900949,"Zc_est":0.09702228011645989,"Rc_est":0.04240128888940357},"4":{"Xc_est":0.192616234507748,"Zc_est":0.20256635451699487,"Rc_est":0.0627065721145804},"22":{"Xc_est":0.07456275360783804,"Zc_est":0.09295032962318285,"Rc_est":0.05549918514244311},"11":{"Xc_est":0.036468491308279206,"Zc_est":0.03811608874240748,"Rc_est":0.011085367053780689},"35":{"Xc_est":0.14661413863339504,"Zc_est":0.1630813555240391,"Rc_est":0.07141304413302696},"13":{"Xc_est":0.17910581653142085,"Zc_est":0.18789330366696427,"Rc_est":0.056789083876208665},"15":{"Xc_est":0.018786297699449058,"Zc_est":0.019622849699684648,"Rc_est":0.005668443268137104},"16":{"Xc_est":0.1667654386102445,"Zc_est":0.18187272604306715,"Rc_est":0.07257394135272885},"40":{"Xc_est":0.15671781097477522,"Zc_est":0.16458315499155535,"Rc_est":0.05027069355249591},"21":{"Xc_est":0.1955386251348723,"Zc_est":0.21151916416118233,"Rc_est":0.08065359810826223},"38":{"Xc_est":0.04403396716419462,"Zc_est":0.050658983815388955,"Rc_est":0.025046803728030247},"46":{"Xc_est":0.12843344530013845,"Zc_est":0.14613612546986693,"Rc_est":0.06971812745391999},"45":{"Xc_est":0.1863643183285489,"Zc_est":0.1958751921447805,"Rc_est":0.06029454164093099},"36":{"Xc_est":0.17305999061426958,"Zc_est":0.18605886906227728,"Rc_est":0.0683238055535739},"48":{"Xc_est":0.10831827197292657,"Zc_est":0.11363427129758587,"Rc_est":0.034349666230291905},"18":{"Xc_est":0.09222890963365929,"Zc_est":0.09677042325852797,"Rc_est":0.029297492135351075},"30":{"Xc_est":0.2378504405210247,"Zc_est":0.24990670194370612,"Rc_est":0.07668459832544518},"3":{"Xc_est":0.03393238159570078,"Zc_est":0.04013290256415834,"Rc_est":0.021429963776637008}}