linecode_id,linecode_name,A_p_est,dist_est,x_est,r_est,scenario_id
5,ugsc_25cu_xlpe/nyl/pvc_ug_2w_bundled,"[10.000000022184093, 10.000000022184093]",[99.99947852863849],[0.8429495998538127 0.574265053636899; 0.574265053636899 0.8429495998538127],[2.6703787450754457 0.049348; 0.049348 2.6703787450754457],1
2,uglv_120cu_xlpe/nyl/pvc_ug_4w_bundled,"[139.07365588262857, 135.598145286709, 146.12285855268266, 135.17028277169362]","[21.795976341542485, 15.970355521820874]",[0.7602495372416309 0.6699858099551584 0.6699858099551584 0.6470820969208105; 0.6699858099551584 0.7610446131696413 0.6482098981306873 0.6688480683918329; 0.6699858099551584 0.6482098981306873 0.7586962022265378 0.6688480683918329; 0.6470820969208105 0.6688480683918329 0.6688480683918329 0.7611438990432271],[0.24911365931880733 0.049348 0.049348 0.049348; 0.049348 0.2542338448803087 0.049348 0.049348; 0.049348 0.049348 0.23947664131215818 0.049348; 0.049348 0.049348 0.049348 0.2548823821999325],1
3,ugsc_16cu_xlpe/nyl/pvc_ug_2w_bundled,"[299.99619939504976, 11.969082952455736]",[2.0000060636488124],[0.7360979809830681 0.8200647649669176; 0.8200647649669176 0.8373028311739913],[0.13801743437988911 0.049348; 0.049348 2.2717817004045733],1
