linecode_id,linecode_name,A_p_est,dist_est,x_est,r_est,scenario_id
3,uglv_120cu_xlpe/nyl/pvc_ug_4w_bundled,"[127.04056347630046, 136.1641986518051, 216.23030319227965, 127.93539049698748]","[31.798678921691877, 31.79867867964719, 31.798678952047258, 31.798678652563428]",[0.7630925991086038 0.6462542034968699 0.6462542034968699 0.6462542039751334; 0.6462542034968699 0.7609137403049365 0.6462542034368897 0.6462542040286491; 0.6462542034968699 0.6462542034368897 0.7463843882738612 0.6462542040286491; 0.6462542039751334 0.6462542040286491 0.6462542040286491 0.762872092032105],[0.26803516417062345 0.049348 0.049348 0.049348; 0.049348 0.25338210614793 0.049348 0.049348; 0.049348 0.049348 0.1778320290704553 0.049348; 0.049348 0.049348 0.049348 0.26650558597637153],1
5,ugsc_16cu_xlpe/nyl/pvc_ug_2w_bundled,"[299.9991158472475, 11.91232740049985]",[2.0000013998755164],[0.7360976755698206 0.8200649114837462; 0.8200649114837462 0.8374521553345641],[0.13801657237679277 0.049348; 0.049348 2.2823703492144216],1
8,ugsc_25cu_xlpe/nyl/pvc_ug_2w_bundled,"[10.0000000020534, 10.0000000020534]",[52.6151067872259],[0.8429495999170553 0.6146133570355649; 0.6146133570355649 0.8429495999170553],[2.6703787503517624 0.049348; 0.049348 2.6703787503517624],1
