{"32":{"Xc_est":0.21877509994220973,"Zc_est":0.2329829020988711,"Rc_est":0.08011546864175671},"29":{"Xc_est":0.10578437842429146,"Zc_est":0.11617931708525986,"Rc_est":0.04803435228858252},"1":{"Xc_est":0.15341907405135327,"Zc_est":0.1673423925580686,"Rc_est":0.06682861710587845},"54":{"Xc_est":0.10332909984435633,"Zc_est":0.11074242509965562,"Rc_est":0.03983694067455325},"2":{"Xc_est":0.17848832656626967,"Zc_est":0.19330752373518348,"Rc_est":0.07422746130780167},"41":{"Xc_est":0.09233537018152883,"Zc_est":0.09789773019628285,"Rc_est":0.03252914064380163},"51":{"Xc_est":0.10918411480117773,"Zc_est":0.11942847845875422,"Rc_est":0.04839411681244282},"53":{"Xc_est":0.10809188238781117,"Zc_est":0.11545590640272808,"Rc_est":0.04057352936503186},"27":{"Xc_est":0.15837081028659708,"Zc_est":0.1681303502705763,"Rc_est":0.05644910212991304},"42":{"Xc_est":0.1808812091236828,"Zc_est":0.1923534466568466,"Rc_est":0.06543574425895113},"33":{"Xc_est":0.09612218565136425,"Zc_est":0.10629873629472482,"Rc_est":0.045386636397293324},"28":{"Xc_est":0.13109349737718112,"Zc_est":0.1408661382740569,"Rc_est":0.05155350480486002},"50":{"Xc_est":0.17626630731615858,"Zc_est":0.18749155171688048,"Rc_est":0.06390047629188066},"52":{"Xc_est":0.04487841908285973,"Zc_est":0.048099122726968195,"Rc_est":0.01730471345406101},"26":{"Xc_est":0.1719151621028051,"Zc_est":0.18226183679048552,"Rc_est":0.06053556136196165},"10":{"Xc_est":0.1503180793201754,"Zc_est":0.15995655653658405,"Rc_est":0.05468615006137169},"24":{"Xc_est":0.10978711429638857,"Zc_est":0.11662645821155074,"Rc_est":0.039351242540005056},"25":{"Xc_est":0.09342309179992815,"Zc_est":0.100169457839001,"Rc_est":0.036139261230711366},"23":{"Xc_est":0.08997022505609484,"Zc_est":0.09549945946748832,"Rc_est":0.032023512642089864},"49":{"Xc_est":0.1473722659487665,"Zc_est":0.15713350799524298,"Rc_est":0.05451930450782665},"5":{"Xc_est":0.08873228937311735,"Zc_est":0.09492684614088037,"Rc_est":0.033729615189914956},"31":{"Xc_est":0.14035031454772112,"Zc_est":0.1486501822226512,"Rc_est":0.04897617666971509},"43":{"Xc_est":0.13564903159077304,"Zc_est":0.1444502420561427,"Rc_est":0.049650907932923816},"39":{"Xc_est":0.06839391618839498,"Zc_est":0.07472195322114608,"Rc_est":0.030093895088505032},"34":{"Xc_est":0.11856466055265671,"Zc_est":0.12694039709210803,"Rc_est":0.045346286308091},"44":{"Xc_est":0.24074241558548268,"Zc_est":0.2556145867760776,"Rc_est":0.08591802087322346},"55":{"Xc_est":0.09797350254474488,"Zc_est":0.10574072605970068,"Rc_est":0.0397780586095844},"17":{"Xc_est":0.13713864880812174,"Zc_est":0.14990371383294548,"Rc_est":0.06053192896308737},"37":{"Xc_est":0.17874996052950806,"Zc_est":0.19189408331003002,"Rc_est":0.0697982150208446},"47":{"Xc_est":0.22125430695174178,"Zc_est":0.23507886393178626,"Rc_est":0.07942672045831743},"9":{"Xc_est":0.018380589406516455,"Zc_est":0.020364249384545462,"Rc_est":0.008766788811475686},"12":{"Xc_est":0.1591865877058636,"Zc_est":0.1690970281344819,"Rc_est":0.05703889215681835},"20":{"Xc_est":0.16131456645207368,"Zc_est":0.17164036308754585,"Rc_est":0.05863467311415729},"6":{"Xc_est":0.1112464643916034,"Zc_est":0.11835728414579232,"Rc_est":0.04040632216294299},"14":{"Xc_est":0.11856466158766132,"Zc_est":0.12694039848292768,"Rc_est":0.04534628749531558},"7":{"Xc_est":0.1430976453533858,"Zc_est":0.15286704144850496,"Rc_est":0.05377170497143981},"8":{"Xc_est":0.1006536758513006,"Zc_est":0.10725953257593011,"Rc_est":0.03706001708078829},"19":{"Xc_est":0.08948197977755737,"Zc_est":0.095934678999399,"Rc_est":0.03458956388575232},"4":{"Xc_est":0.19682901652459786,"Zc_est":0.2085867849131272,"Rc_est":0.06904190824676541},"22":{"Xc_est":0.07647903784096716,"Zc_est":0.08401770445871826,"Rc_est":0.03478406867277663},"11":{"Xc_est":0.036577150859445046,"Zc_est":0.03957862319719988,"Rc_est":0.01511884417511229},"35":{"Xc_est":0.14668058321498006,"Zc_est":0.15733036666097952,"Rc_est":0.056900358359078626},"13":{"Xc_est":0.17724084879264937,"Zc_est":0.18934607499936443,"Rc_est":0.06661544593355313},"15":{"Xc_est":0.019091613333955967,"Zc_est":0.020698563226094254,"Rc_est":0.007996300390263989},"16":{"Xc_est":0.16425086668122446,"Zc_est":0.17556393968739484,"Rc_est":0.06200282020219595},"40":{"Xc_est":0.1534038057405924,"Zc_est":0.16331406430576972,"Rc_est":0.05602460159940167},"21":{"Xc_est":0.1989167343669754,"Zc_est":0.21180856305574483,"Rc_est":0.07276675183432044},"38":{"Xc_est":0.04683682426109604,"Zc_est":0.05075367343838879,"Rc_est":0.019551144739524004},"46":{"Xc_est":0.12779707123881692,"Zc_est":0.13762495514155515,"Rc_est":0.05107383733865922},"45":{"Xc_est":0.18164185492641588,"Zc_est":0.19270653036703428,"Rc_est":0.06435870869580584},"36":{"Xc_est":0.1765562465054967,"Zc_est":0.18787760333951248,"Rc_est":0.06423305734969706},"48":{"Xc_est":0.1064865315276404,"Zc_est":0.11376176899991258,"Rc_est":0.04002947275698643},"18":{"Xc_est":0.0943955135883625,"Zc_est":0.10075299467524351,"Rc_est":0.03522290377607898},"30":{"Xc_est":0.24262680620702004,"Zc_est":0.25784808434665313,"Rc_est":0.08728039591466047},"3":{"Xc_est":0.033425954058840086,"Zc_est":0.0363632342522051,"Rc_est":0.014317485831564638}}