{"32":{"Xc_est":0.2182347070661363,"Zc_est":0.23326465554167006,"Rc_est":0.08237725509345203},"29":{"Xc_est":0.10531087295283989,"Zc_est":0.12234156510453255,"Rc_est":0.0622661913893679},"1":{"Xc_est":0.15656988838511124,"Zc_est":0.177676720872235,"Rc_est":0.08399337587562439},"54":{"Xc_est":0.10368248770669199,"Zc_est":0.11007639840073839,"Rc_est":0.036969652795634245},"2":{"Xc_est":0.18152111159770826,"Zc_est":0.20226218585027125,"Rc_est":0.08921926848647671},"41":{"Xc_est":0.09229415388149757,"Zc_est":0.09725009964576799,"Rc_est":0.03064916051721889},"51":{"Xc_est":0.11172526215983757,"Zc_est":0.12769655511508032,"Rc_est":0.061837496582367535},"53":{"Xc_est":0.11018405256974247,"Zc_est":0.11665612344238974,"Rc_est":0.03831612840455441},"27":{"Xc_est":0.1612127596552574,"Zc_est":0.17003042826554526,"Rc_est":0.0540443582670842},"42":{"Xc_est":0.18323350369684022,"Zc_est":0.19514431442814079,"Rc_est":0.0671326044229562},"33":{"Xc_est":0.09360114900161702,"Zc_est":0.10752187887828775,"Rc_est":0.05291294116843505},"28":{"Xc_est":0.13027136451179916,"Zc_est":0.1424178542608302,"Rc_est":0.05755186183341962},"50":{"Xc_est":0.17790834888473606,"Zc_est":0.18926931838234884,"Rc_est":0.06458710612828206},"52":{"Xc_est":0.04498231600809719,"Zc_est":0.04883739545325926,"Rc_est":0.019017950499612496},"26":{"Xc_est":0.17415851281649575,"Zc_est":0.18350013634491813,"Rc_est":0.05780235680445938},"10":{"Xc_est":0.15259717581200405,"Zc_est":0.16117122043392712,"Rc_est":0.051867757136412354},"24":{"Xc_est":0.10690999969359885,"Zc_est":0.11278991215314875,"Rc_est":0.035941845375964},"25":{"Xc_est":0.09363407664123458,"Zc_est":0.09936601961964593,"Rc_est":0.03326057044903577},"23":{"Xc_est":0.08993069689496025,"Zc_est":0.09483191377572318,"Rc_est":0.030092551011055586},"49":{"Xc_est":0.1498868845104982,"Zc_est":0.16064864249086397,"Rc_est":0.05780923962390441},"5":{"Xc_est":0.08875843412683232,"Zc_est":0.09593297278494907,"Rc_est":0.03640158840916897},"31":{"Xc_est":0.13925672321977958,"Zc_est":0.14663362252081433,"Rc_est":0.04592367898662267},"43":{"Xc_est":0.13453108322241378,"Zc_est":0.14217118585782756,"Rc_est":0.04597862258947012},"39":{"Xc_est":0.06867386832261377,"Zc_est":0.07838354485112567,"Rc_est":0.037787298302958024},"34":{"Xc_est":0.11855430274878194,"Zc_est":0.12838728996877313,"Rc_est":0.04927650074098186},"44":{"Xc_est":0.23500407597750073,"Zc_est":0.24787653566107812,"Rc_est":0.07884073316058648},"55":{"Xc_est":0.09814946199386645,"Zc_est":0.10848435440449337,"Rc_est":0.04621188441163469},"17":{"Xc_est":0.1365539999407352,"Zc_est":0.15620122038472956,"Rc_est":0.07584079607878959},"37":{"Xc_est":0.18129680542425086,"Zc_est":0.19756332622449563,"Rc_est":0.0785030968296653},"47":{"Xc_est":0.22048128957343854,"Zc_est":0.23264878076611692,"Rc_est":0.07425265072705665},"9":{"Xc_est":0.018417592663013634,"Zc_est":0.021842258567268,"Rc_est":0.011742084134373196},"12":{"Xc_est":0.16176993922119276,"Zc_est":0.17066374828533565,"Rc_est":0.054374642464774},"20":{"Xc_est":0.1640391682657945,"Zc_est":0.1749194542940712,"Rc_est":0.06072863216969425},"6":{"Xc_est":0.10852687969271567,"Zc_est":0.1146285983866664,"Rc_est":0.036900297454823816},"14":{"Xc_est":0.11855430277703402,"Zc_est":0.12838729001835855,"Rc_est":0.049276500802202375},"7":{"Xc_est":0.14217002769711104,"Zc_est":0.15314066659672165,"Rc_est":0.05691877537588927},"8":{"Xc_est":0.10290907513770897,"Zc_est":0.11011901469374487,"Rc_est":0.039190810803332025},"19":{"Xc_est":0.08952820476974332,"Zc_est":0.09728615763090542,"Rc_est":0.038069633795090374},"4":{"Xc_est":0.19124555813577185,"Zc_est":0.20145831254060276,"Rc_est":0.06332920483508608},"22":{"Xc_est":0.07673553554781323,"Zc_est":0.08890798903636991,"Rc_est":0.04490309676048597},"11":{"Xc_est":0.03687087075075944,"Zc_est":0.03936819076015569,"Rc_est":0.013798309092377958},"35":{"Xc_est":0.1458126609084342,"Zc_est":0.1586698078145027,"Rc_est":0.06256816946893376},"13":{"Xc_est":0.17971699875252525,"Zc_est":0.19029961620057162,"Rc_est":0.06257590818733436},"15":{"Xc_est":0.019013400625356277,"Zc_est":0.020330836635546596,"Rc_est":0.007199549635983156},"16":{"Xc_est":0.16705411644994075,"Zc_est":0.18008673670224576,"Rc_est":0.06726183846129705},"40":{"Xc_est":0.15566950140899943,"Zc_est":0.16446488838414422,"Rc_est":0.053063224951773666},"21":{"Xc_est":0.19343485420392148,"Zc_est":0.20673891604246036,"Rc_est":0.07296531083685667},"38":{"Xc_est":0.04699317648745292,"Zc_est":0.05248586600105467,"Rc_est":0.023375360820739616},"46":{"Xc_est":0.12764689812970306,"Zc_est":0.14079732277125334,"Rc_est":0.05941511169237758},"45":{"Xc_est":0.1837977549215809,"Zc_est":0.19373996721400452,"Rc_est":0.06126630543675728},"36":{"Xc_est":0.17828272172027737,"Zc_est":0.18989911243790616,"Rc_est":0.06539834891428574},"48":{"Xc_est":0.10858316189922941,"Zc_est":0.11497435515346921,"Rc_est":0.03779946156920502},"18":{"Xc_est":0.09431565180507208,"Zc_est":0.09982083861765015,"Rc_est":0.03269185903119244},"30":{"Xc_est":0.23687129160949608,"Zc_est":0.24999924831359066,"Rc_est":0.07994757887897191},"3":{"Xc_est":0.03387341251111657,"Zc_est":0.038196078927325,"Rc_est":0.017650279608951595}}