{"24":{"Xc_est":0.1967361442005905,"Zc_est":0.23115042188068158,"Rc_est":0.12134828841274006},"4":{"Xc_est":0.04847835877704823,"Zc_est":0.07369880978018117,"Rc_est":0.055510028763270505},"1":{"Xc_est":0.2192870503661574,"Zc_est":0.2372733135343179,"Rc_est":0.09061906453536736},"12":{"Xc_est":0.10949614638891006,"Zc_est":0.1331310744491609,"Rc_est":0.0757263290406078},"29":{"Xc_est":0.215547730865421,"Zc_est":0.23368786204611233,"Rc_est":0.09027287846552173},"20":{"Xc_est":0.06578433207475823,"Zc_est":0.08727362455076834,"Rc_est":0.0573507384059387},"2":{"Xc_est":0.24011511483148712,"Zc_est":0.27071274737852047,"Rc_est":0.12502049121119463},"6":{"Xc_est":0.08324746764057725,"Zc_est":0.10253239156999268,"Rc_est":0.059856081165520256},"25":{"Xc_est":0.1832371789405031,"Zc_est":0.20038932018386404,"Rc_est":0.08111729715465889},"23":{"Xc_est":0.2151675000521005,"Zc_est":0.23423309812232332,"Rc_est":0.09256398423421106},"22":{"Xc_est":0.19452951291712062,"Zc_est":0.21173898704645996,"Rc_est":0.08361619005724158},"11":{"Xc_est":0.23032102677200997,"Zc_est":0.24844973533554107,"Rc_est":0.09316381065085017},"13":{"Xc_est":0.24526345490352425,"Zc_est":0.2670833564644746,"Rc_est":0.10573247840241212},"5":{"Xc_est":0.08940610204618504,"Zc_est":0.14167602084793776,"Rc_est":0.10990288349362104},"15":{"Xc_est":0.1500561250367452,"Zc_est":0.15482350910184525,"Rc_est":0.03812451061411605},"27":{"Xc_est":0.10502516697414416,"Zc_est":0.11913895574803962,"Rc_est":0.056247711764892995},"28":{"Xc_est":0.1515430797073973,"Zc_est":0.15840039579091558,"Rc_est":0.04610184789697844},"16":{"Xc_est":0.22849303444493738,"Zc_est":0.2561289042323728,"Rc_est":0.11572790844658278},"14":{"Xc_est":0.07238754009831608,"Zc_est":0.08953155189868804,"Rc_est":0.05268721689273549},"21":{"Xc_est":0.07056967308012438,"Zc_est":0.12977255198387858,"Rc_est":0.10890746755743076},"7":{"Xc_est":0.02722664458569929,"Zc_est":0.07212477089470141,"Rc_est":0.06678841517222264},"8":{"Xc_est":0.19841485091607777,"Zc_est":0.23048776052843004,"Rc_est":0.1172866347431008},"26":{"Xc_est":0.10537505176560065,"Zc_est":0.14413855243790785,"Rc_est":0.09834643239229626},"17":{"Xc_est":0.18814728422918184,"Zc_est":0.2110636994403677,"Rc_est":0.09564771120438448},"10":{"Xc_est":0.1980228214545323,"Zc_est":0.21603195375004305,"Rc_est":0.08635257508752807},"19":{"Xc_est":0.06294189482224109,"Zc_est":0.11468224074845927,"Rc_est":0.09586623085984715},"9":{"Xc_est":0.10032466299171382,"Zc_est":0.12817883384329629,"Rc_est":0.07977954274766438},"18":{"Xc_est":0.08914953571947586,"Zc_est":0.11485213186839999,"Rc_est":0.0724111350257558},"30":{"Xc_est":0.2584162716775807,"Zc_est":0.3007680074408986,"Rc_est":0.15389095110573348},"3":{"Xc_est":0.037507977873891374,"Zc_est":0.06012718304218808,"Rc_est":0.04699393297437942}}