{"32":{"length_est":14.036154949776897,"length_true":20.051664},"29":{"length_est":3.6764601097093634,"length_true":5.2521},"1":{"length_est":0.07995801071014465,"length_true":0.11424},"54":{"length_est":8.421797724493072,"length_true":6.4783},"2":{"length_est":9.797391605516125,"length_true":13.996288},"41":{"length_est":6.316839909501132,"length_true":4.8591},"53":{"length_est":20.62566575002653,"length_true":29.465251},"51":{"length_est":8.281326014142612,"length_true":11.830480000000001},"27":{"length_est":13.8932919958719,"length_true":10.68714},"42":{"length_est":5.476417275066933,"length_true":4.212621},"33":{"length_est":1.7639900036812197,"length_true":2.52},"28":{"length_est":8.604733186263207,"length_true":12.29249},"52":{"length_est":12.543319984431228,"length_true":9.6487},"50":{"length_est":5.301539845087101,"length_true":4.0781},"26":{"length_est":15.421683253000552,"length_true":15.0},"10":{"length_est":10.24127998164091,"length_true":7.8779},"24":{"length_est":13.544579895655598,"length_true":10.4189},"25":{"length_est":18.964409988078046,"length_true":14.588000000000001},"23":{"length_est":2.898062643478138,"length_true":4.1401},"49":{"length_est":15.881836978835446,"length_true":12.21679},"5":{"length_est":16.9380219959275,"length_true":13.029240000000001},"31":{"length_est":5.707009877782155,"length_true":4.39},"43":{"length_est":8.339328003909166,"length_true":11.91334},"39":{"length_est":35.127320039939136,"length_true":50.1819},"34":{"length_est":8.692835016306242,"length_true":12.41835},"44":{"length_est":8.966626006991289,"length_true":12.809479999999999},"55":{"length_est":9.706640506820179,"length_true":12.23632},"17":{"length_est":12.203860170860386,"length_true":17.4341},"37":{"length_est":18.53013352433267,"length_true":16.546871},"47":{"length_est":5.792000027663967,"length_true":8.2743},"9":{"length_est":18.78448781147203,"length_true":15.2031},"12":{"length_est":11.365631721126414,"length_true":13.3844},"20":{"length_est":13.458715252020356,"length_true":13.610299999999999},"6":{"length_est":8.727310010571221,"length_true":12.467600000000001},"14":{"length_est":10.525199441791058,"length_true":8.0963},"7":{"length_est":10.759480006835954,"length_true":15.370700000000001},"57":{"length_est":13.472816658988304,"length_true":11.8907},"8":{"length_est":13.077639065675047,"length_true":14.8117},"19":{"length_est":4.064961435996312,"length_true":5.8071},"4":{"length_est":10.124886209886666,"length_true":11.83921},"22":{"length_est":9.308674020901654,"length_true":13.298119999999997},"11":{"length_est":16.16136169380496,"length_true":12.431809},"35":{"length_est":12.337647660083865,"length_true":11.80815},"13":{"length_est":12.578746330584437,"length_true":12.8793},"15":{"length_est":7.459686170704997,"length_true":6.1064},"16":{"length_est":28.171608916830778,"length_true":27.150599999999997},"40":{"length_est":24.482146002482292,"length_true":19.7451},"46":{"length_est":6.2216133802526645,"length_true":7.2907},"21":{"length_est":10.922087165289028,"length_true":10.637540000000001},"38":{"length_est":7.100207510160256,"length_true":9.87563},"45":{"length_est":3.4255100749119958,"length_true":4.8936},"56":{"length_est":3.4900500544926794,"length_true":4.9858},"36":{"length_est":56.37731023071746,"length_true":59.543393},"48":{"length_est":8.362401366806075,"length_true":11.9463},"18":{"length_est":14.319470052210491,"length_true":20.456400000000002},"30":{"length_est":17.05731068826612,"length_true":17.905369999999998},"3":{"length_est":10.328462004450158,"length_true":14.754960000000002}}