{"24":{"shunt_est":{"gs":11.537066511607584},"shunt_true":{"gs":1.1537066666666667}},"4":{"shunt_est":{"gs":0.5768563942552061},"shunt_true":{"gs":5.768533333333333}},"1":{"shunt_est":{"gs":11.537065676667746},"shunt_true":{"gs":0.7210666666666666}},"12":{"shunt_est":{"gs":11.537065897887754},"shunt_true":{"gs":1.9228444444444444}},"29":{"shunt_est":{"gs":0.5768548389447967},"shunt_true":{"gs":0.7210666666666666}},"20":{"shunt_est":{"gs":11.537064196636203},"shunt_true":{"gs":1.1537066666666667}},"2":{"shunt_est":{"gs":0.5768539044225173},"shunt_true":{"gs":0.7210666666666666}},"6":{"shunt_est":{"gs":0.5768583876784644},"shunt_true":{"gs":0.8240761904761905}},"25":{"shunt_est":{"gs":4.215638392907531},"shunt_true":{"gs":0.7210666666666666}},"23":{"shunt_est":{"gs":0.5768537691699521},"shunt_true":{"gs":2.8842666666666665}},"22":{"shunt_est":{"gs":0.5768535169268981},"shunt_true":{"gs":1.4421333333333333}},"11":{"shunt_est":{"gs":0.5768543460839509},"shunt_true":{"gs":0.9614222222222222}},"13":{"shunt_est":{"gs":0.5768610123808734},"shunt_true":{"gs":2.8842666666666665}},"5":{"shunt_est":{"gs":0.5768539322129816},"shunt_true":{"gs":0.9614222222222222}},"15":{"shunt_est":{"gs":0.5768578380111999},"shunt_true":{"gs":1.9228444444444444}},"27":{"shunt_est":{"gs":11.53706074446745},"shunt_true":{"gs":2.8842666666666665}},"28":{"shunt_est":{"gs":11.537065273727201},"shunt_true":{"gs":1.1537066666666667}},"16":{"shunt_est":{"gs":0.576853691442105},"shunt_true":{"gs":1.4421333333333333}},"14":{"shunt_est":{"gs":0.5768544532046386},"shunt_true":{"gs":1.1537066666666667}},"21":{"shunt_est":{"gs":11.537065670789385},"shunt_true":{"gs":1.1537066666666667}},"7":{"shunt_est":{"gs":7.21801894983889},"shunt_true":{"gs":5.768533333333333}},"8":{"shunt_est":{"gs":0.576855522823964},"shunt_true":{"gs":2.8842666666666665}},"26":{"shunt_est":{"gs":0.5768541862009487},"shunt_true":{"gs":0.7210666666666666}},"17":{"shunt_est":{"gs":0.5768549796065504},"shunt_true":{"gs":1.1537066666666667}},"10":{"shunt_est":{"gs":0.5768546265913407},"shunt_true":{"gs":0.7210666666666666}}}