linecode_id,linecode_name,A_p_est,dist_est,x_est,r_est,scenario_id
4,hydrogen,"[153.988231596691, 151.0971369561457, 299.99999025586015, 127.82550782852432]","[2539.3909337461614, 1750.8680809309835, 1255.3805828019133, 2916.7002747442903, 2042.8849183518507, 1334.1653464222231]",[0.757049111093591 0.37103403416625197 0.39439576038457685 0.36233000064765347; 0.37103403416625197 0.7576445467159746 0.415298266007225 0.38470384437916505; 0.39439576038457685 0.415298266007225 0.7360975840016143 0.4114738638890003; 0.36233000064765347 0.38470384437916505 0.4114738638890003 0.7628990865738621],[0.20551136857406846 0.049348 0.049348 0.049348; 0.049348 0.2084994005581889 0.049348 0.049348; 0.049348 0.049348 0.12950573915990432 0.049348; 0.049348 0.049348 0.049348 0.23747415240427702],1
1,pluto,"[285.512672791596, 300.00000160425276, 184.97843461894905, 256.5726377873471]","[108.90642883288982, 2112.8401051488563, 2114.6458898291226, 2999.9998624299583, 2999.379762213588, 887.927391547826]",[0.7376525511545295 0.5689039703377582 0.38258828595679595 0.3605606949818292; 0.5689039703377582 0.7360975828132106 0.38253460815865964 0.36057368370378756; 0.38258828595679595 0.38253460815865964 0.7512885769692222 0.4370572443041176; 0.3605606949818292 0.36057368370378756 0.4370572443041176 0.7410101236948564],[0.21268684187480913 0.049348 0.049348 0.049348; 0.049348 0.20479903021659293 0.049348 0.049348; 0.049348 0.049348 0.3014601416689907 0.049348; 0.049348 0.049348 0.049348 0.23111059836800277],1
10,tw2x16_lv_oh_2w_bundled,"[15.613364202431407, 10.000000648424878]",[2.000001736007378],[0.8289524482366126 0.8200649009238359; 0.8200649009238359 0.8429495978864147],[2.369867673109381 0.049348; 0.049348 3.6724596445848112],1
7,abc2x16_lv_oh_2w_bundled,"[13.220592595906412, 10.000000019386638]",[4.079236923498855],[0.8341785490977657 0.7752806456121802; 0.7752806456121802 0.8429495998626012],[3.432689250843456 0.049348; 0.049348 4.522325620360974],1
