{"24":{"Xc_est":0.1954294740378658,"Zc_est":0.2236547102095394,"Rc_est":0.10876005735653219},"4":{"Xc_est":0.04918246488195467,"Zc_est":0.07008965518503087,"Rc_est":0.04993640868236141},"1":{"Xc_est":0.2200037176577177,"Zc_est":0.23864880179197082,"Rc_est":0.0924749415437858},"12":{"Xc_est":0.11665631326956485,"Zc_est":0.13261902153937824,"Rc_est":0.06308018269167597},"29":{"Xc_est":0.21618825199166208,"Zc_est":0.23350628009398286,"Rc_est":0.08824864046612388},"20":{"Xc_est":0.066005640230396,"Zc_est":0.08253760631503636,"Rc_est":0.049555140136936945},"2":{"Xc_est":0.23649722928366443,"Zc_est":0.2604188092756542,"Rc_est":0.1090275963492703},"6":{"Xc_est":0.08555917985668672,"Zc_est":0.10094240321203561,"Rc_est":0.05356300503586697},"25":{"Xc_est":0.1799226151773405,"Zc_est":0.1956993269154814,"Rc_est":0.0769810307992761},"23":{"Xc_est":0.2163521795647981,"Zc_est":0.2331049377743904,"Rc_est":0.08677353520724956},"22":{"Xc_est":0.19330952451591796,"Zc_est":0.20940693173349154,"Rc_est":0.08051515875575788},"11":{"Xc_est":0.2302424027273611,"Zc_est":0.2478394199469439,"Rc_est":0.0917213937201636},"13":{"Xc_est":0.24347274354621853,"Zc_est":0.26406103396153013,"Rc_est":0.10222158679510744},"5":{"Xc_est":0.08844186471487746,"Zc_est":0.11716424085068065,"Rc_est":0.07684722441228192},"15":{"Xc_est":0.14643971948861614,"Zc_est":0.1521820922442269,"Rc_est":0.04141011658913563},"27":{"Xc_est":0.1152133360788194,"Zc_est":0.12942099051894015,"Rc_est":0.058954897815979734},"28":{"Xc_est":0.1479112021105099,"Zc_est":0.15534053814583582,"Rc_est":0.04746534611336747},"16":{"Xc_est":0.2282782905608412,"Zc_est":0.2525989546981674,"Rc_est":0.10814459752214628},"14":{"Xc_est":0.07256321688307434,"Zc_est":0.08393165224811558,"Rc_est":0.042179400240858346},"21":{"Xc_est":0.06805282003028336,"Zc_est":0.10353061843311927,"Rc_est":0.07802180874005676},"7":{"Xc_est":0.027323301292687424,"Zc_est":0.05911411540180353,"Rc_est":0.052420567015311566},"8":{"Xc_est":0.1971228714790827,"Zc_est":0.22375728177524237,"Rc_est":0.10587679012553343},"26":{"Xc_est":0.10824918485433702,"Zc_est":0.13062299123663568,"Rc_est":0.07310594926528054},"17":{"Xc_est":0.18573257628590975,"Zc_est":0.2039613681995178,"Rc_est":0.08428315267013914},"10":{"Xc_est":0.19915545303291615,"Zc_est":0.21595725467495527,"Rc_est":0.08351431837713472},"19":{"Xc_est":0.06035837867931018,"Zc_est":0.09798654066845218,"Rc_est":0.07718956066318312},"9":{"Xc_est":0.10603438516320668,"Zc_est":0.12386032939869927,"Rc_est":0.06401632886861777},"18":{"Xc_est":0.09186443882885623,"Zc_est":0.11079948272585609,"Rc_est":0.06194715692408018},"30":{"Xc_est":0.257850340307441,"Zc_est":0.28969667658529746,"Rc_est":0.13205062070245382},"3":{"Xc_est":0.03476938059283638,"Zc_est":0.05164510068218866,"Rc_est":0.03818778073761156}}