{"24":{"shunt_est":{"gs":11.537066136157575},"shunt_true":{"gs":5.768533333333333}},"4":{"shunt_est":{"gs":0.5768626377254095},"shunt_true":{"gs":1.1537066666666667}},"1":{"shunt_est":{"gs":11.537064668147535},"shunt_true":{"gs":2.8842666666666665}},"12":{"shunt_est":{"gs":11.537001863355764},"shunt_true":{"gs":1.4421333333333333}},"29":{"shunt_est":{"gs":11.537065765965771},"shunt_true":{"gs":1.9228444444444444}},"20":{"shunt_est":{"gs":0.8460155183982552},"shunt_true":{"gs":5.768533333333333}},"2":{"shunt_est":{"gs":0.5768538324044457},"shunt_true":{"gs":1.1537066666666667}},"6":{"shunt_est":{"gs":0.5768685853890113},"shunt_true":{"gs":1.1537066666666667}},"25":{"shunt_est":{"gs":11.537066206254828},"shunt_true":{"gs":0.9614222222222222}},"23":{"shunt_est":{"gs":0.5768553246346838},"shunt_true":{"gs":5.768533333333333}},"22":{"shunt_est":{"gs":0.5768540467799557},"shunt_true":{"gs":0.7210666666666666}},"11":{"shunt_est":{"gs":0.5768668608622866},"shunt_true":{"gs":0.7210666666666666}},"13":{"shunt_est":{"gs":11.53706618518819},"shunt_true":{"gs":1.9228444444444444}},"5":{"shunt_est":{"gs":0.5768536273189057},"shunt_true":{"gs":1.9228444444444444}},"15":{"shunt_est":{"gs":8.407676840856286},"shunt_true":{"gs":0.8240761904761905}},"27":{"shunt_est":{"gs":0.5768547309270895},"shunt_true":{"gs":0.7210666666666666}},"28":{"shunt_est":{"gs":11.537062942985182},"shunt_true":{"gs":2.8842666666666665}},"16":{"shunt_est":{"gs":0.576853887941665},"shunt_true":{"gs":1.4421333333333333}},"14":{"shunt_est":{"gs":0.5768551392046297},"shunt_true":{"gs":0.7210666666666666}},"21":{"shunt_est":{"gs":11.537053015304414},"shunt_true":{"gs":1.9228444444444444}},"7":{"shunt_est":{"gs":11.537054632279785},"shunt_true":{"gs":1.4421333333333333}},"8":{"shunt_est":{"gs":11.537066227719755},"shunt_true":{"gs":0.8240761904761905}},"26":{"shunt_est":{"gs":0.5768538278208905},"shunt_true":{"gs":1.1537066666666667}},"17":{"shunt_est":{"gs":11.537065352454412},"shunt_true":{"gs":1.9228444444444444}},"10":{"shunt_est":{"gs":11.53706452020519},"shunt_true":{"gs":1.9228444444444444}}}