{"32":{"length_est":14.036154896220504,"length_true":20.051664},"29":{"length_est":3.6764602536325213,"length_true":5.2521},"1":{"length_est":0.07995801973143142,"length_true":0.11424},"54":{"length_est":8.421799804972434,"length_true":6.4783},"2":{"length_est":9.797391608628475,"length_true":13.996288},"41":{"length_est":6.316839899212119,"length_true":4.8591},"53":{"length_est":20.625665811669357,"length_true":29.465251},"51":{"length_est":8.281326024717568,"length_true":11.830480000000001},"27":{"length_est":13.893291992734154,"length_true":10.68714},"42":{"length_est":5.476417275871813,"length_true":4.212621},"33":{"length_est":1.7639900064168232,"length_true":2.52},"28":{"length_est":8.604733097498176,"length_true":12.29249},"52":{"length_est":12.543319982196707,"length_true":9.6487},"50":{"length_est":5.30153985629164,"length_true":4.0781},"26":{"length_est":19.50000994956033,"length_true":15.0},"10":{"length_est":10.241279975466625,"length_true":7.8779},"24":{"length_est":10.107350284562315,"length_true":10.4189},"25":{"length_est":18.964409987354934,"length_true":14.588000000000001},"23":{"length_est":5.382139815143078,"length_true":4.1401},"49":{"length_est":15.881836991083485,"length_true":12.21679},"5":{"length_est":16.938021993761158,"length_true":13.029240000000001},"31":{"length_est":3.072990902380359,"length_true":4.39},"43":{"length_est":8.339328005320851,"length_true":11.91334},"39":{"length_est":35.12732002417799,"length_true":50.1819},"34":{"length_est":8.692835015628559,"length_true":12.41835},"44":{"length_est":8.966626012185369,"length_true":12.809479999999999},"55":{"length_est":8.565414014395895,"length_true":12.23632},"17":{"length_est":12.203860203144655,"length_true":17.4341},"37":{"length_est":21.510942251487812,"length_true":16.546871},"47":{"length_est":5.792000030275796,"length_true":8.2743},"9":{"length_est":19.764039630085254,"length_true":15.2031},"12":{"length_est":11.853795074384369,"length_true":13.3844},"20":{"length_est":17.024135266441743,"length_true":13.610299999999999},"6":{"length_est":8.727310019603395,"length_true":12.467600000000001},"14":{"length_est":8.6958457863023,"length_true":8.0963},"7":{"length_est":10.759480007624738,"length_true":15.370700000000001},"57":{"length_est":15.457919973208346,"length_true":11.8907},"8":{"length_est":10.368180123137007,"length_true":14.8117},"19":{"length_est":5.26532047312215,"length_true":5.8071},"4":{"length_est":11.443242265122787,"length_true":11.83921},"22":{"length_est":9.30867405989496,"length_true":13.298119999999997},"11":{"length_est":16.161361690365446,"length_true":12.431809},"35":{"length_est":11.531578626248907,"length_true":11.80815},"13":{"length_est":9.015500047426078,"length_true":12.8793},"15":{"length_est":4.274470221106287,"length_true":6.1064},"16":{"length_est":26.362805250245717,"length_true":27.150599999999997},"40":{"length_est":25.668639983489964,"length_true":19.7451},"46":{"length_est":5.103480060834477,"length_true":7.2907},"21":{"length_est":7.446268037131983,"length_true":10.637540000000001},"38":{"length_est":6.91293103508431,"length_true":9.87563},"45":{"length_est":3.4255100680709334,"length_true":4.8936},"56":{"length_est":3.490050097718972,"length_true":4.9858},"36":{"length_est":71.40788240747779,"length_true":59.543393},"48":{"length_est":8.362400024582556,"length_true":11.9463},"18":{"length_est":14.319470075911132,"length_true":20.456400000000002},"30":{"length_est":12.912711125285961,"length_true":17.905369999999998},"3":{"length_est":10.328462005056169,"length_true":14.754960000000002}}