linecode_id,linecode_name,A_p_est,dist_est,x_est,r_est,scenario_id
4,hydrogen,"[216.16408429889628, 163.79637727026278, 300.00000208905556, 97.80031609212892]","[2453.190743401993, 1807.1280640800705, 652.7084193503863, 2695.498469590513, 1998.2872765309944, 1999.9999530030302]",[0.7463940106594934 0.37320392100804395 0.39240856210142006 0.3672855470579214; 0.37320392100804395 0.7551092399123781 0.4563943872321135 0.3860907057459722; 0.39240856210142006 0.4563943872321135 0.7360975827624421 0.3860368772496712; 0.3672855470579214 0.3860907057459722 0.3860368772496712 0.7713103531555341],[0.16059368193138018 0.049348 0.049348 0.049348; 0.049348 0.19616028832811835 0.049348 0.049348; 0.049348 0.049348 0.1295057359981637 0.049348; 0.049348 0.049348 0.049348 0.295229832777005],1
1,pluto,"[300.00000052216757, 300.00000262675826, 141.81613491372713, 299.9999987820367]","[2.4409012220793156, 502.2366374934094, 501.24157743396836, 1064.560580562828, 1063.082947968051, 586.6259229937131]",[0.7360975829265266 0.8075475553830692 0.47286008502877563 0.42565779669994347; 0.8075475553830692 0.7360975827061339 0.472984694877235 0.42574506942667295; 0.47286008502877563 0.472984694877235 0.7596360549298337 0.4631012732924249; 0.42565779669994347 0.42574506942667295 0.4631012732924249 0.7360975831087531],[0.2047990307772971 0.049348 0.049348 0.049348; 0.049348 0.20479902968676114 0.049348 0.049348; 0.049348 0.049348 0.3781914658209441 0.049348; 0.049348 0.049348 0.049348 0.2047990316789809],1
10,tw2x16_lv_oh_2w_bundled,"[9.999999925093928, 9.999999924939328]",[99.99996743213374],[0.8429496001588311 0.5742647464482038; 0.5742647464482038 0.8429496001593169],[3.672459906655692 0.049348; 0.049348 3.6724599067117056],1
7,abc2x16_lv_oh_2w_bundled,"[9.999999914469209, 9.999999913002958]",[99.99998068193426],[0.8429496001922099 0.5742647381230869; 0.5742647381230869 0.8429496001968162],[4.522325667290305 0.049348; 0.049348 4.522325667946156],1
