linecode_id,linecode_name,A_p_est,dist_est,x_est,r_est,scenario_id
4,hydrogen,"[153.01609305948645, 152.5429390802484, 233.37764808166017, 110.63025451948677]","[58.674751332332285, 55.9293005427941, 60.457658383516495, 183.8279637510868, 185.25593408856474, 132.03368752504096]",[0.7572480711987686 0.6077642779761495 0.6107752565854512 0.5360107097087456; 0.6077642779761495 0.7573453657685837 0.6058834802874368 0.5355245184635957; 0.6107752565854512 0.6058834802874368 0.7439869110888773 0.5568045354951159; 0.5360107097087456 0.5355245184635957 0.5568045354951159 0.7674378350460029],[0.2065035023140896 0.049348 0.049348 0.049348; 0.049348 0.2069909634298083 0.049348 0.049348; 0.049348 0.049348 0.15238837753645018 0.049348; 0.049348 0.049348 0.049348 0.26671458811236215],1
1,pluto,"[300.00000249293356, 299.9999974641871, 299.9999989401925, 74.1469526479883]","[3.5648645264394228, 50.17597364588144, 46.744276876599365, 62.66360003777427, 61.75845452374096, 79.49230853670389]",[0.736097582720148 0.78374938700276 0.6175958023413394 0.6036317398190326; 0.78374938700276 0.7360975832467583 0.6220471021435479 0.6045459363647381; 0.6175958023413394 0.6220471021435479 0.7360975830921911 0.5886852930884804; 0.6036317398190326 0.6045459363647381 0.5886852930884804 0.780008778744266],[0.2047990297561051 0.049348 0.049348 0.049348; 0.049348 0.20479903236185118 0.049348 0.049348; 0.049348 0.049348 0.2047990315970293 0.049348; 0.049348 0.049348 0.049348 0.6783058687847248],1
10,tw2x16_lv_oh_2w_bundled,"[10.000000850441882, 33.926664225409375]",[99.99998130938084],[0.8429495972517582 0.5742647377288497; 0.5742647377288497 0.804571306404018],[3.6724595713918013 0.049348; 0.049348 1.1172725844638194],1
7,abc2x16_lv_oh_2w_bundled,"[9.999999934657337, 18.99730946563894]",[99.99999543573539],[0.8429496001287867 0.5742647288529775; 0.5742647288529775 0.8227895672782887],[4.5223256582602005 0.049348; 0.049348 2.4038801705281454],1
