{"24":{"shunt_est":{"gs":0.5768537120928063},"shunt_true":{"gs":0.028277124183006534}},"4":{"shunt_est":{"gs":11.537064384221578},"shunt_true":{"gs":0.16966274509803922}},"1":{"shunt_est":{"gs":11.537066320067964},"shunt_true":{"gs":0.22621699346405227}},"12":{"shunt_est":{"gs":11.537066052686937},"shunt_true":{"gs":0.16966274509803922}},"29":{"shunt_est":{"gs":11.537066207665141},"shunt_true":{"gs":0.05655424836601307}},"20":{"shunt_est":{"gs":11.537065250395775},"shunt_true":{"gs":0.08483137254901961}},"2":{"shunt_est":{"gs":11.537066340183257},"shunt_true":{"gs":0.05655424836601307}},"6":{"shunt_est":{"gs":11.537066231378317},"shunt_true":{"gs":0.16966274509803922}},"25":{"shunt_est":{"gs":11.537066062280372},"shunt_true":{"gs":0.14138562091503268}},"23":{"shunt_est":{"gs":11.537066284663766},"shunt_true":{"gs":0.19793986928104573}},"22":{"shunt_est":{"gs":11.53706632418124},"shunt_true":{"gs":0.19793986928104573}},"11":{"shunt_est":{"gs":11.537066279006215},"shunt_true":{"gs":0.11310849673202614}},"13":{"shunt_est":{"gs":11.537066389438275},"shunt_true":{"gs":0.08483137254901961}},"5":{"shunt_est":{"gs":0.576855994939378},"shunt_true":{"gs":0.22621699346405227}},"15":{"shunt_est":{"gs":11.537065512389175},"shunt_true":{"gs":0.05655424836601307}},"27":{"shunt_est":{"gs":11.537065640542078},"shunt_true":{"gs":0.14138562091503268}},"28":{"shunt_est":{"gs":11.537065440186673},"shunt_true":{"gs":0.11310849673202614}},"16":{"shunt_est":{"gs":11.537062508144171},"shunt_true":{"gs":0.14138562091503268}},"14":{"shunt_est":{"gs":11.537066381354936},"shunt_true":{"gs":0.028277124183006534}},"21":{"shunt_est":{"gs":11.53706566264728},"shunt_true":{"gs":0.028277124183006534}},"7":{"shunt_est":{"gs":0.5768559253831497},"shunt_true":{"gs":0.05655424836601307}},"8":{"shunt_est":{"gs":0.576857293193299},"shunt_true":{"gs":0.19793986928104573}},"26":{"shunt_est":{"gs":0.5768541331163234},"shunt_true":{"gs":0.14138562091503268}},"17":{"shunt_est":{"gs":11.537065439608261},"shunt_true":{"gs":0.11310849673202614}},"10":{"shunt_est":{"gs":11.537066096899437},"shunt_true":{"gs":0.05655424836601307}}}