{"32":{"length_est":14.036154850996995,"length_true":20.051664},"29":{"length_est":6.827739907656521,"length_true":5.2521},"1":{"length_est":0.079958002660924,"length_true":0.11424},"54":{"length_est":8.421799894878422,"length_true":6.4783},"2":{"length_est":9.79739160874931,"length_true":13.996288},"41":{"length_est":6.316839961163645,"length_true":4.8591},"53":{"length_est":38.30483604284033,"length_true":29.465251},"51":{"length_est":8.281326019922183,"length_true":11.830480000000001},"27":{"length_est":13.893291996373828,"length_true":10.68714},"42":{"length_est":5.476417288146184,"length_true":4.212621},"33":{"length_est":1.7639900029274047,"length_true":2.52},"28":{"length_est":11.139440858888223,"length_true":12.29249},"52":{"length_est":12.543319993878281,"length_true":9.6487},"50":{"length_est":5.301539974503944,"length_true":4.0781},"26":{"length_est":19.50000998809716,"length_true":15.0},"10":{"length_est":10.241279993202303,"length_true":7.8779},"24":{"length_est":13.544579985490397,"length_true":10.4189},"25":{"length_est":18.964409993836252,"length_true":14.588000000000001},"23":{"length_est":5.382139806601528,"length_true":4.1401},"49":{"length_est":15.11660327853162,"length_true":12.21679},"5":{"length_est":16.93802199224131,"length_true":13.029240000000001},"31":{"length_est":5.707009981856609,"length_true":4.39},"43":{"length_est":8.339328002595568,"length_true":11.91334},"39":{"length_est":65.23647996349386,"length_true":50.1819},"34":{"length_est":9.324815139516755,"length_true":12.41835},"44":{"length_est":8.966626005693561,"length_true":12.809479999999999},"55":{"length_est":10.903476575964913,"length_true":12.23632},"17":{"length_est":14.960190654423181,"length_true":17.4341},"37":{"length_est":13.523235512834109,"length_true":16.546871},"47":{"length_est":10.756599972946997,"length_true":8.2743},"9":{"length_est":19.764039948820397,"length_true":15.2031},"12":{"length_est":10.928956582101517,"length_true":13.3844},"20":{"length_est":11.791662248815722,"length_true":13.610299999999999},"6":{"length_est":8.727310013400228,"length_true":12.467600000000001},"14":{"length_est":10.525199983232019,"length_true":8.0963},"7":{"length_est":10.759480015234907,"length_true":15.370700000000001},"57":{"length_est":13.512141101253526,"length_true":11.8907},"8":{"length_est":19.255219985367884,"length_true":14.8117},"19":{"length_est":6.820831697336801,"length_true":5.8071},"4":{"length_est":8.28743707715636,"length_true":11.83921},"22":{"length_est":12.213744278378739,"length_true":13.298119999999997},"11":{"length_est":16.1613616889009,"length_true":12.431809},"35":{"length_est":14.736927725423222,"length_true":11.80815},"13":{"length_est":12.848034849499582,"length_true":12.8793},"15":{"length_est":7.938329951259366,"length_true":6.1064},"16":{"length_est":33.32287838877306,"length_true":27.150599999999997},"40":{"length_est":23.941850591691534,"length_true":19.7451},"46":{"length_est":9.477919986212218,"length_true":7.2907},"21":{"length_est":13.828811984298992,"length_true":10.637540000000001},"38":{"length_est":12.83832898363422,"length_true":9.87563},"45":{"length_est":6.3616899621327745,"length_true":4.8936},"56":{"length_est":6.481549929513335,"length_true":4.9858},"36":{"length_est":77.40642087070441,"length_true":59.543393},"48":{"length_est":15.530199985548572,"length_true":11.9463},"18":{"length_est":23.75957586096306,"length_true":20.456400000000002},"30":{"length_est":14.852558138317336,"length_true":17.905369999999998},"3":{"length_est":10.328462007261853,"length_true":14.754960000000002}}