{"24":{"Xc_est":0.23318756507663865,"Zc_est":0.26915067885983457,"Rc_est":0.13440850949377497},"4":{"Xc_est":0.06290039469897639,"Zc_est":0.08630200871350618,"Rc_est":0.059089568069999286},"1":{"Xc_est":0.2647946073014517,"Zc_est":0.28550838210996976,"Rc_est":0.10676540731492795},"12":{"Xc_est":0.14077746358680454,"Zc_est":0.16552907792366356,"Rc_est":0.08707227678385474},"29":{"Xc_est":0.25934504226739513,"Zc_est":0.28009494198611073,"Rc_est":0.10579851406104798},"20":{"Xc_est":0.08152024706482278,"Zc_est":0.10237254100046464,"Rc_est":0.06192403789629732},"2":{"Xc_est":0.2856734011799272,"Zc_est":0.31873219176718925,"Rc_est":0.1413538748213457},"6":{"Xc_est":0.10699333181739047,"Zc_est":0.13014320654554906,"Rc_est":0.07409238258128313},"25":{"Xc_est":0.21769482843113158,"Zc_est":0.23698474332820632,"Rc_est":0.09365217693506125},"23":{"Xc_est":0.25736144944529604,"Zc_est":0.2786858977732934,"Rc_est":0.10691545237767489},"22":{"Xc_est":0.2331801696595602,"Zc_est":0.25273469499791523,"Rc_est":0.09747735395068927},"11":{"Xc_est":0.2763768745973506,"Zc_est":0.2982794335007332,"Rc_est":0.11218932051366867},"13":{"Xc_est":0.29085251026850306,"Zc_est":0.31547260741064337,"Rc_est":0.1221793079738964},"5":{"Xc_est":0.10511130905712902,"Zc_est":0.1494630381650043,"Rc_est":0.10625823490821895},"15":{"Xc_est":0.18442520963559245,"Zc_est":0.19117022188805163,"Rc_est":0.05033284998482282},"27":{"Xc_est":0.13465385423877713,"Zc_est":0.14853408116339545,"Rc_est":0.06269539700565195},"28":{"Xc_est":0.18591216430621355,"Zc_est":0.1948420149160599,"Rc_est":0.05831018727057534},"16":{"Xc_est":0.2740165177229429,"Zc_est":0.3041239238661904,"Rc_est":0.13193297193181283},"14":{"Xc_est":0.08812477946636213,"Zc_est":0.10337172159842116,"Rc_est":0.05403458216944525},"21":{"Xc_est":0.08399714799262518,"Zc_est":0.14051615796693173,"Rc_est":0.11264665897794189},"7":{"Xc_est":0.04051884752563701,"Zc_est":0.08086710813075823,"Rc_est":0.06998365646796346},"8":{"Xc_est":0.234879705825507,"Zc_est":0.2686581826630052,"Rc_est":0.13041757129739823},"26":{"Xc_est":0.13227828564660057,"Zc_est":0.16573058838940385,"Rc_est":0.09984529570437631},"17":{"Xc_est":0.22363541943186555,"Zc_est":0.2464507676198765,"Rc_est":0.10356244510419757},"10":{"Xc_est":0.23940099212903476,"Zc_est":0.2598828362755456,"Rc_est":0.10112494033746511},"19":{"Xc_est":0.07634070787883604,"Zc_est":0.1253758764737131,"Rc_est":0.09945454601027541},"9":{"Xc_est":0.1285302975128494,"Zc_est":0.15312846542054018,"Rc_est":0.08323634748899059},"18":{"Xc_est":0.11441744914473674,"Zc_est":0.13871790579819035,"Rc_est":0.07843025385810753},"30":{"Xc_est":0.30661395297659466,"Zc_est":0.3517432230511077,"Rc_est":0.17236930934028805},"3":{"Xc_est":0.05084934524119129,"Zc_est":0.07157400084611501,"Rc_est":0.05037044456486172}}