{"32":{"length_est":14.036154860416959,"length_true":20.051664},"29":{"length_est":6.827739800943679,"length_true":5.2521},"1":{"length_est":0.0799580041759315,"length_true":0.11424},"54":{"length_est":8.421799822590742,"length_true":6.4783},"2":{"length_est":9.797391606724865,"length_true":13.996288},"41":{"length_est":6.316839928199861,"length_true":4.8591},"53":{"length_est":38.304836240278064,"length_true":29.465251},"51":{"length_est":8.28132601933679,"length_true":11.830480000000001},"27":{"length_est":13.89329199609873,"length_true":10.68714},"42":{"length_est":5.476417282071572,"length_true":4.212621},"33":{"length_est":1.7639900033898321,"length_true":2.52},"28":{"length_est":12.577003927532324,"length_true":12.29249},"52":{"length_est":12.543319990068102,"length_true":9.6487},"50":{"length_est":5.3015399585025005,"length_true":4.0781},"26":{"length_est":19.500009982677987,"length_true":15.0},"10":{"length_est":10.241279988724175,"length_true":7.8779},"24":{"length_est":13.544579972586575,"length_true":10.4189},"25":{"length_est":18.964409993652676,"length_true":14.588000000000001},"23":{"length_est":5.382139151246274,"length_true":4.1401},"49":{"length_est":15.740284517931864,"length_true":12.21679},"5":{"length_est":16.93802199519291,"length_true":13.029240000000001},"31":{"length_est":5.707009966729988,"length_true":4.39},"43":{"length_est":8.339328002656494,"length_true":11.91334},"39":{"length_est":65.23647530434337,"length_true":50.1819},"34":{"length_est":8.692835020052199,"length_true":12.41835},"44":{"length_est":8.966626006728312,"length_true":12.809479999999999},"55":{"length_est":10.146994853479915,"length_true":12.23632},"17":{"length_est":12.203860220676727,"length_true":17.4341},"37":{"length_est":15.353330813547327,"length_true":16.546871},"47":{"length_est":10.756599733949237,"length_true":8.2743},"9":{"length_est":19.764039916769033,"length_true":15.2031},"12":{"length_est":10.443827142660849,"length_true":13.3844},"20":{"length_est":12.014910639820965,"length_true":13.610299999999999},"6":{"length_est":8.727310020169233,"length_true":12.467600000000001},"14":{"length_est":10.525199970749776,"length_true":8.0963},"7":{"length_est":10.759480005339743,"length_true":15.370700000000001},"57":{"length_est":14.766762097789124,"length_true":11.8907},"8":{"length_est":19.255219973038994,"length_true":14.8117},"19":{"length_est":4.064973756069307,"length_true":5.8071},"4":{"length_est":8.488131461415541,"length_true":11.83921},"22":{"length_est":10.542599052082636,"length_true":13.298119999999997},"11":{"length_est":16.161361691925606,"length_true":12.431809},"35":{"length_est":14.490453328647684,"length_true":11.80815},"13":{"length_est":14.87898705277154,"length_true":12.8793},"15":{"length_est":7.9383298898636925,"length_true":6.1064},"16":{"length_est":33.307537442542014,"length_true":27.150599999999997},"40":{"length_est":25.66863995086683,"length_true":19.7451},"46":{"length_est":9.477919975603017,"length_true":7.2907},"21":{"length_est":13.828811972467559,"length_true":10.637540000000001},"38":{"length_est":12.838328974646275,"length_true":9.87563},"45":{"length_est":6.361689921126593,"length_true":4.8936},"56":{"length_est":5.97416931003084,"length_true":4.9858},"36":{"length_est":77.40642082200802,"length_true":59.543393},"48":{"length_est":15.530199971210678,"length_true":11.9463},"18":{"length_est":21.145553067725178,"length_true":20.456400000000002},"30":{"length_est":16.247506733100003,"length_true":17.905369999999998},"3":{"length_est":10.328462004162438,"length_true":14.754960000000002}}