{"24":{"Xc_est":0.2309281796917091,"Zc_est":0.2671320155866234,"Rc_est":0.1342821267914897},"4":{"Xc_est":0.06302273268552461,"Zc_est":0.08747361466256377,"Rc_est":0.06066109483831956},"1":{"Xc_est":0.2625406766620192,"Zc_est":0.2834124493236352,"Rc_est":0.10674740994268278},"12":{"Xc_est":0.13953600405682165,"Zc_est":0.1671552037966669,"Rc_est":0.09203567638780027},"29":{"Xc_est":0.25707801686373105,"Zc_est":0.2779616872245051,"Rc_est":0.10570521656997253},"20":{"Xc_est":0.07914670700415065,"Zc_est":0.09988676241945192,"Rc_est":0.06093573727328787},"2":{"Xc_est":0.28339034059947216,"Zc_est":0.3166307793286861,"Rc_est":0.14122664505399207},"6":{"Xc_est":0.1054673363158,"Zc_est":0.13098818132007803,"Rc_est":0.0776823314273688},"25":{"Xc_est":0.21545138050709495,"Zc_est":0.2348990293496102,"Rc_est":0.09358555779059086},"23":{"Xc_est":0.2550427054196655,"Zc_est":0.27678193676948837,"Rc_est":0.10752422487089498},"22":{"Xc_est":0.2309378726979864,"Zc_est":0.25065644809120713,"Rc_est":0.09744923767494879},"11":{"Xc_est":0.27439061473501186,"Zc_est":0.2969927095149328,"Rc_est":0.11364180590946074},"13":{"Xc_est":0.2885517817137139,"Zc_est":0.3132773090322712,"Rc_est":0.12198582550584453},"5":{"Xc_est":0.10276280143613833,"Zc_est":0.14855792454531708,"Rc_est":0.10728123594650152},"15":{"Xc_est":0.1822326167227111,"Zc_est":0.1890889433459855,"Rc_est":0.05045693112045943},"27":{"Xc_est":0.13233347572171988,"Zc_est":0.14645075352889497,"Rc_est":0.06273495367488618},"28":{"Xc_est":0.18371957139331585,"Zc_est":0.19278860090024075,"Rc_est":0.058434268405864624},"16":{"Xc_est":0.27175344197982404,"Zc_est":0.3020636479005912,"Rc_est":0.1318806815084405},"14":{"Xc_est":0.08577317075638827,"Zc_est":0.10131200403564632,"Rc_est":0.0539173936695226},"21":{"Xc_est":0.08389339241374516,"Zc_est":0.14016300860437395,"Rc_est":0.1122834257152104},"7":{"Xc_est":0.040463392394021205,"Zc_est":0.08065937808560318,"Rc_est":0.06977570600949695},"8":{"Xc_est":0.23262637400209984,"Zc_est":0.2666456378636351,"Rc_est":0.13032600013174653},"26":{"Xc_est":0.12993747618211948,"Zc_est":0.16342463911358562,"Rc_est":0.0991154122870244},"17":{"Xc_est":0.2214272439046624,"Zc_est":0.24450640660733147,"Rc_est":0.10369840176596196},"10":{"Xc_est":0.23717246484481008,"Zc_est":0.25785143417228273,"Rc_est":0.10117600517978742},"19":{"Xc_est":0.07622403591275026,"Zc_est":0.12495790401246638,"Rc_est":0.09901703956572586},"9":{"Xc_est":0.12620518526638266,"Zc_est":0.15146407601986606,"Rc_est":0.08374734345894079},"18":{"Xc_est":0.11218104157129417,"Zc_est":0.1367560364042376,"Rc_est":0.07821526324814572},"30":{"Xc_est":0.30422979697501096,"Zc_est":0.3504758865150004,"Rc_est":0.1740045334496175},"3":{"Xc_est":0.05076565929885227,"Zc_est":0.07129388863600179,"Rc_est":0.05005663185628333}}