{"24":{"shunt_est":{"gs":0.5768540333200474},"shunt_true":{"gs":0.028277124183006534}},"4":{"shunt_est":{"gs":11.537064947047467},"shunt_true":{"gs":0.16966274509803922}},"1":{"shunt_est":{"gs":11.537066465215526},"shunt_true":{"gs":0.22621699346405227}},"12":{"shunt_est":{"gs":11.537066484603656},"shunt_true":{"gs":0.16966274509803922}},"29":{"shunt_est":{"gs":11.53706649344956},"shunt_true":{"gs":0.05655424836601307}},"20":{"shunt_est":{"gs":11.537065992249111},"shunt_true":{"gs":0.08483137254901961}},"2":{"shunt_est":{"gs":11.537066510156915},"shunt_true":{"gs":0.05655424836601307}},"6":{"shunt_est":{"gs":11.537066499038946},"shunt_true":{"gs":0.16966274509803922}},"25":{"shunt_est":{"gs":11.537066506862933},"shunt_true":{"gs":0.14138562091503268}},"23":{"shunt_est":{"gs":11.537066523072633},"shunt_true":{"gs":0.19793986928104573}},"22":{"shunt_est":{"gs":11.53706651728733},"shunt_true":{"gs":0.19793986928104573}},"11":{"shunt_est":{"gs":11.537066493408936},"shunt_true":{"gs":0.11310849673202614}},"13":{"shunt_est":{"gs":11.537066574894245},"shunt_true":{"gs":0.08483137254901961}},"5":{"shunt_est":{"gs":5.21261337420175},"shunt_true":{"gs":0.22621699346405227}},"15":{"shunt_est":{"gs":11.537066147525355},"shunt_true":{"gs":0.05655424836601307}},"27":{"shunt_est":{"gs":11.537066297618757},"shunt_true":{"gs":0.14138562091503268}},"28":{"shunt_est":{"gs":11.537066126309366},"shunt_true":{"gs":0.11310849673202614}},"16":{"shunt_est":{"gs":11.53706561422385},"shunt_true":{"gs":0.14138562091503268}},"14":{"shunt_est":{"gs":11.537066546308594},"shunt_true":{"gs":0.028277124183006534}},"21":{"shunt_est":{"gs":11.537066170732707},"shunt_true":{"gs":0.028277124183006534}},"7":{"shunt_est":{"gs":0.5768562390097686},"shunt_true":{"gs":0.05655424836601307}},"8":{"shunt_est":{"gs":11.537066408612361},"shunt_true":{"gs":0.19793986928104573}},"26":{"shunt_est":{"gs":5.940954096602313},"shunt_true":{"gs":0.14138562091503268}},"17":{"shunt_est":{"gs":11.53706637664135},"shunt_true":{"gs":0.11310849673202614}},"10":{"shunt_est":{"gs":11.537066472222266},"shunt_true":{"gs":0.05655424836601307}}}