linecode_id,linecode_name,A_p_est,dist_est,x_est,r_est,scenario_id
4,hydrogen,"[167.87738758695525, 168.81482231823546, 300.0000008867088, 117.47005353878104]","[28.212087301717364, 19.39205241406756, 19.26506568983673, 85.5832466876288, 85.55456196883632, 71.18418379755222]",[0.7543360977204148 0.6537735748262009 0.6773284874442097 0.5840464518483953; 0.6537735748262009 0.7541611573757784 0.67774128896424 0.584067514619763; 0.6773284874442097 0.67774128896424 0.7360975828883519 0.5956212932491687; 0.5840464518483953 0.584067514619763 0.5956212932491687 0.7655531943293261],[0.19259135940983899 0.049348 0.049348 0.049348; 0.049348 0.1917959239244235 0.049348 0.049348; 0.049348 0.049348 0.1295057363194217 0.049348; 0.049348 0.049348 0.049348 0.25405822394626043],1
1,pluto,"[300.0000024777269, 300.00000162196795, 249.9253364718632, 73.4752547928272]","[4.567156034112598, 120.08549983780681, 120.13430657420496, 117.3726373510695, 112.8054813169569, 167.2187529938128]",[0.7360975827217404 0.7681818387003319 0.5627643461545021 0.5642000686304782; 0.7681818387003319 0.7360975828113555 0.56273881433055 0.5666938001591073; 0.5627643461545021 0.56273881433055 0.7418347809283894 0.5419607422253818; 0.5642000686304782 0.5666938001591073 0.5419607422253818 0.7802946734726334],[0.20479902976398473 0.049348 0.049348 0.049348; 0.049348 0.20479903020741344 0.049348 0.049348; 0.049348 0.049348 0.23594496520849081 0.049348; 0.049348 0.049348 0.049348 0.6840556909886844],1
10,tw2x16_lv_oh_2w_bundled,"[19.30302671971836, 10.000000189412905]",[99.99993199442147],[0.8222880250884828 0.5742647687144383; 0.5742647687144383 0.8429495993284466],[1.9263136863269608 0.049348; 0.049348 3.6724598108899706],1
7,abc2x16_lv_oh_2w_bundled,"[10.000002134798217, 11.555933810181514]",[99.99998986320153],[0.8429495932168248 0.5742647323543122; 0.5742647323543122 0.8384064076980652],[4.52232467414231 0.049348; 0.049348 3.9200673226492824],1
