linecode_id,linecode_name,A_p_est,dist_est,x_est,r_est,scenario_id
4,hydrogen,"[199.49397559545778, 132.0702244509652, 300.0000020851869, 83.11366515890022]","[7.352405586442272, 4.635898626750893, 2.7573231720365814, 31.293430662239707, 31.15685774948605, 30.629781058906165]",[0.7489152618557335 0.7382652080676182 0.7672431688626116 0.6472605555586168; 0.7382652080676182 0.761872799029926 0.7998887731831531 0.6475353713569859; 0.7672431688626116 0.7998887731831531 0.7360975827628472 0.648607385844988; 0.6472605555586168 0.6475353713569859 0.648607385844988 0.7764223231553252],[0.1698895897654335 0.049348 0.049348 0.049348; 0.049348 0.23142780691235454 0.049348 0.049348; 0.049348 0.049348 0.12950573599919737 0.049348; 0.049348 0.049348 0.049348 0.3386785321204207],1
1,pluto,"[265.4060965169129, 300.00000230273474, 139.19027365591904, 71.69471714312583]","[1.0000000972470926, 117.3903587817156, 117.38609876833183, 115.71433304880058, 114.71433295155354, 164.1306378147635]",[0.7399467147170721 0.8636167730009334 0.5641905826982758 0.5650941240449396; 0.8636167730009334 0.7360975827400656 0.5641928628686451 0.5656394763368272; 0.5641905826982758 0.5641928628686451 0.760223204944902 0.5431319414273382; 0.5650941240449396 0.5656394763368272 0.5431319414273382 0.7810653586947692],[0.2250610296793646 0.049348 0.049348 0.049348; 0.049348 0.20479902985466045 0.049348 0.049348; 0.049348 0.049348 0.3843951846161031 0.049348; 0.049348 0.049348 0.049348 0.6998186507351367],1
10,tw2x16_lv_oh_2w_bundled,"[10.997881847772204, 10.000000282875423]",[99.99983098846653],[0.839961385340049 0.5742648321785752; 0.5742648321785752 0.8429495990348248],[3.343720434315889 0.049348; 0.049348 3.6724597770274565],1
7,abc2x16_lv_oh_2w_bundled,"[9.999999910443714, 9.999999910649748]",[99.9999937258064],[0.8429496002048563 0.5742647299273601; 0.5742647299273601 0.8429496002042091],[4.5223256690909 0.049348; 0.049348 4.522325668998741],1
