{"24":{"Xc_est":0.27252754045202804,"Zc_est":0.30996406156671635,"Rc_est":0.1476701024517263},"4":{"Xc_est":0.06404775558518111,"Zc_est":0.09384928588602247,"Rc_est":0.06859718263760749},"1":{"Xc_est":0.3078953578635215,"Zc_est":0.33481062857456917,"Rc_est":0.13152416360727084},"12":{"Xc_est":0.1635626853543209,"Zc_est":0.20691319275823494,"Rc_est":0.12672930717513575},"29":{"Xc_est":0.30104016140524337,"Zc_est":0.32418186830466683,"Rc_est":0.1202859300109924},"20":{"Xc_est":0.0889145278995749,"Zc_est":0.11097808290661719,"Rc_est":0.06641040290514519},"2":{"Xc_est":0.32533075217253593,"Zc_est":0.35719656845481845,"Rc_est":0.14747640559340272},"6":{"Xc_est":0.12070386139923422,"Zc_est":0.14797148099493154,"Rc_est":0.08559285619225383},"25":{"Xc_est":0.25694307157067703,"Zc_est":0.27814433675304034,"Rc_est":0.1065107038734355},"23":{"Xc_est":0.3009356733344017,"Zc_est":0.32922982289934316,"Rc_est":0.13352901108412035},"22":{"Xc_est":0.2746842598822608,"Zc_est":0.29632112123099447,"Rc_est":0.11115198720908379},"11":{"Xc_est":0.3192550704645375,"Zc_est":0.3468726178436962,"Rc_est":0.1356348516879866},"13":{"Xc_est":0.3343389731286142,"Zc_est":0.36174430138432123,"Rc_est":0.13811730750103124},"5":{"Xc_est":0.11641634297145376,"Zc_est":0.1631762289791822,"Rc_est":0.11434035505025927},"15":{"Xc_est":0.20058064030776354,"Zc_est":0.20816748062468932,"Rc_est":0.0556875814105621},"27":{"Xc_est":0.15436480625331173,"Zc_est":0.17702527731254714,"Rc_est":0.08665711394895254},"28":{"Xc_est":0.20206759497536236,"Zc_est":0.2118597054829679,"Rc_est":0.06366491866171518},"16":{"Xc_est":0.3151990364532765,"Zc_est":0.34751779544079914,"Rc_est":0.14634953217198599},"14":{"Xc_est":0.1007939361184488,"Zc_est":0.11897702766178515,"Rc_est":0.06321483649415899},"21":{"Xc_est":0.0826049635976463,"Zc_est":0.1154334201399253,"Rc_est":0.08063060507172226},"7":{"Xc_est":0.04083803433001956,"Zc_est":0.08224188040259947,"Rc_est":0.0713861460243906},"8":{"Xc_est":0.27576322951103405,"Zc_est":0.30961083376540355,"Rc_est":0.14076046900516176},"26":{"Xc_est":0.1457267631636392,"Zc_est":0.1716173578936914,"Rc_est":0.09064341138913501},"17":{"Xc_est":0.26122095243690074,"Zc_est":0.28245861133193095,"Rc_est":0.10745455375888577},"10":{"Xc_est":0.2814072541063188,"Zc_est":0.30495168181679344,"Rc_est":0.11749674710064342},"19":{"Xc_est":0.0770122443771041,"Zc_est":0.12813164761038132,"Rc_est":0.10240524076116483},"9":{"Xc_est":0.14126478493067443,"Zc_est":0.16993007273104233,"Rc_est":0.09444834650150118},"18":{"Xc_est":0.12659752411547273,"Zc_est":0.15068409241035252,"Rc_est":0.08172369664524459},"30":{"Xc_est":0.35335878066926385,"Zc_est":0.41199159059320783,"Rc_est":0.2118363586437712},"3":{"Xc_est":0.05133102196887297,"Zc_est":0.07341491073915829,"Rc_est":0.05248690600968645}}