{"24":{"Xc_est":0.27198412724799015,"Zc_est":0.3082560707189402,"Rc_est":0.14507391102548162},"4":{"Xc_est":0.06468977953568232,"Zc_est":0.07846262973247246,"Rc_est":0.04440289053834095},"1":{"Xc_est":0.3042347719843561,"Zc_est":0.3287114922582798,"Rc_est":0.1244686653671998},"12":{"Xc_est":0.1606009095122134,"Zc_est":0.17883439067490567,"Rc_est":0.07867075156571618},"29":{"Xc_est":0.3000458318759508,"Zc_est":0.3221289576800453,"Rc_est":0.11721588693475424},"20":{"Xc_est":0.08867985362402123,"Zc_est":0.11012174566936342,"Rc_est":0.06528922139595578},"2":{"Xc_est":0.3233068327437607,"Zc_est":0.35608797271981946,"Rc_est":0.14923584092606185},"6":{"Xc_est":0.11904454871391702,"Zc_est":0.1416886948633888,"Rc_est":0.07683802231701657},"25":{"Xc_est":0.2564317150526254,"Zc_est":0.27674411490830814,"Rc_est":0.1040676734224033},"23":{"Xc_est":0.29945406509712835,"Zc_est":0.3171133840695896,"Rc_est":0.10434635236974918},"22":{"Xc_est":0.2737673650573912,"Zc_est":0.2944662685491975,"Rc_est":0.10845189321916518},"11":{"Xc_est":0.31740103514016016,"Zc_est":0.3462215132855436,"Rc_est":0.13829649002663336},"13":{"Xc_est":0.3291347082300161,"Zc_est":0.35516515452512337,"Rc_est":0.13346396827307716},"5":{"Xc_est":0.11709096350649212,"Zc_est":0.13887012760663534,"Rc_est":0.07466336857257723},"15":{"Xc_est":0.2002592542620664,"Zc_est":0.2074517367969551,"Rc_est":0.05415213922343406},"27":{"Xc_est":0.1554479873196906,"Zc_est":0.16911402702362718,"Rc_est":0.06659937968483959},"28":{"Xc_est":0.2017462089178624,"Zc_est":0.21109619713364236,"Rc_est":0.06212947474070427},"16":{"Xc_est":0.3121577320181588,"Zc_est":0.34319814917330016,"Rc_est":0.14262720616088004},"14":{"Xc_est":0.10034585963614415,"Zc_est":0.10959223215432684,"Rc_est":0.044058663194099845},"21":{"Xc_est":0.08391296739392602,"Zc_est":0.1214401750099018,"Rc_est":0.08778570504120523},"7":{"Xc_est":0.04072649172322772,"Zc_est":0.08172409265845178,"Rc_est":0.07085322993883254},"8":{"Xc_est":0.27537206651663654,"Zc_est":0.3093172982349343,"Rc_est":0.1408808573572591},"26":{"Xc_est":0.1455935642209917,"Zc_est":0.17122692677465723,"Rc_est":0.09011755938839996},"17":{"Xc_est":0.26086215249561023,"Zc_est":0.28151573922000134,"Rc_est":0.1058397317832051},"10":{"Xc_est":0.2799576318449257,"Zc_est":0.3015071029648313,"Rc_est":0.11193863278612264},"19":{"Xc_est":0.07677757005502274,"Zc_est":0.12709545270058148,"Rc_est":0.1012840502429273},"9":{"Xc_est":0.14064080290496456,"Zc_est":0.15486891108007267,"Rc_est":0.0648424565957704},"18":{"Xc_est":0.12593796295632015,"Zc_est":0.14831162247090285,"Rc_est":0.07833241248911046},"30":{"Xc_est":0.347453398120479,"Zc_est":0.3780409934107487,"Rc_est":0.1489668715974048},"3":{"Xc_est":0.05116269587405235,"Zc_est":0.07272361205275737,"Rc_est":0.05168270794858938}}