{"24":{"shunt_est":{"gs":0.5768536886107736},"shunt_true":{"gs":5.768533333333333}},"4":{"shunt_est":{"gs":11.537064660341183},"shunt_true":{"gs":0.9614222222222222}},"1":{"shunt_est":{"gs":11.53706630857736},"shunt_true":{"gs":0.7210666666666666}},"12":{"shunt_est":{"gs":11.537066099385745},"shunt_true":{"gs":0.9614222222222222}},"29":{"shunt_est":{"gs":11.537066170699548},"shunt_true":{"gs":2.8842666666666665}},"20":{"shunt_est":{"gs":11.537064946668236},"shunt_true":{"gs":1.9228444444444444}},"2":{"shunt_est":{"gs":11.537066318850353},"shunt_true":{"gs":2.8842666666666665}},"6":{"shunt_est":{"gs":11.537066264549203},"shunt_true":{"gs":0.9614222222222222}},"25":{"shunt_est":{"gs":11.537065997722332},"shunt_true":{"gs":1.1537066666666667}},"23":{"shunt_est":{"gs":11.53706626068886},"shunt_true":{"gs":0.8240761904761905}},"22":{"shunt_est":{"gs":11.5370663296482},"shunt_true":{"gs":0.8240761904761905}},"11":{"shunt_est":{"gs":11.537066265520604},"shunt_true":{"gs":1.4421333333333333}},"13":{"shunt_est":{"gs":11.537066380799004},"shunt_true":{"gs":1.9228444444444444}},"5":{"shunt_est":{"gs":0.5768572386785897},"shunt_true":{"gs":0.7210666666666666}},"15":{"shunt_est":{"gs":11.537065479525111},"shunt_true":{"gs":2.8842666666666665}},"27":{"shunt_est":{"gs":11.537065599730113},"shunt_true":{"gs":1.1537066666666667}},"28":{"shunt_est":{"gs":11.537065412578219},"shunt_true":{"gs":1.4421333333333333}},"16":{"shunt_est":{"gs":11.537064225035067},"shunt_true":{"gs":1.1537066666666667}},"14":{"shunt_est":{"gs":11.53706638803165},"shunt_true":{"gs":5.768533333333333}},"21":{"shunt_est":{"gs":11.537065458733114},"shunt_true":{"gs":5.768533333333333}},"7":{"shunt_est":{"gs":0.5768565333999225},"shunt_true":{"gs":2.8842666666666665}},"8":{"shunt_est":{"gs":0.6509371418210478},"shunt_true":{"gs":0.8240761904761905}},"26":{"shunt_est":{"gs":0.5768541868738805},"shunt_true":{"gs":1.1537066666666667}},"17":{"shunt_est":{"gs":11.53706530149091},"shunt_true":{"gs":1.4421333333333333}},"10":{"shunt_est":{"gs":11.537066089353697},"shunt_true":{"gs":2.8842666666666665}}}