{"32":{"length_est":14.036154894406348,"length_true":20.051664},"29":{"length_est":6.827739124174543,"length_true":5.2521},"1":{"length_est":0.07995801059566433,"length_true":0.11424},"54":{"length_est":8.421799783771883,"length_true":6.4783},"2":{"length_est":9.797391612559162,"length_true":13.996288},"41":{"length_est":6.316839912915294,"length_true":4.8591},"53":{"length_est":38.30483618861639,"length_true":29.465251},"51":{"length_est":8.281326023992348,"length_true":11.830480000000001},"27":{"length_est":13.893291992622347,"length_true":10.68714},"42":{"length_est":5.476417269013937,"length_true":4.212621},"33":{"length_est":1.7639900063364025,"length_true":2.52},"28":{"length_est":9.553947013706429,"length_true":12.29249},"52":{"length_est":12.54331997614259,"length_true":9.6487},"50":{"length_est":5.30153991133799,"length_true":4.0781},"26":{"length_est":19.500009957108016,"length_true":15.0},"10":{"length_est":10.24127996702113,"length_true":7.8779},"24":{"length_est":13.544579946357425,"length_true":10.4189},"25":{"length_est":18.96440998807516,"length_true":14.588000000000001},"23":{"length_est":5.382139110370099,"length_true":4.1401},"49":{"length_est":15.8818369810135,"length_true":12.21679},"5":{"length_est":16.938021993816303,"length_true":13.029240000000001},"31":{"length_est":5.707009906412163,"length_true":4.39},"43":{"length_est":8.339328005850014,"length_true":11.91334},"39":{"length_est":35.127320112373994,"length_true":50.1819},"34":{"length_est":8.69283501758366,"length_true":12.41835},"44":{"length_est":8.96662601218359,"length_true":12.809479999999999},"55":{"length_est":8.565414028421309,"length_true":12.23632},"17":{"length_est":12.203860175505199,"length_true":17.4341},"37":{"length_est":21.51094225378929,"length_true":16.546871},"47":{"length_est":5.792000138017848,"length_true":8.2743},"9":{"length_est":19.76403986587756,"length_true":15.2031},"12":{"length_est":11.491232292829473,"length_true":13.3844},"20":{"length_est":15.409579111864906,"length_true":13.610299999999999},"6":{"length_est":8.727310029489363,"length_true":12.467600000000001},"14":{"length_est":10.525199956293356,"length_true":8.0963},"7":{"length_est":10.759480007822544,"length_true":15.370700000000001},"57":{"length_est":15.457919972613329,"length_true":11.8907},"8":{"length_est":19.25521992556719,"length_true":14.8117},"19":{"length_est":7.549239804536949,"length_true":5.8071},"4":{"length_est":10.367988802418317,"length_true":11.83921},"22":{"length_est":11.865976733902757,"length_true":13.298119999999997},"11":{"length_est":16.16136168958524,"length_true":12.431809},"35":{"length_est":12.400532485144007,"length_true":11.80815},"13":{"length_est":9.015500220779641,"length_true":12.8793},"15":{"length_est":7.938329887837297,"length_true":6.1064},"16":{"length_est":29.437721233019904,"length_true":27.150599999999997},"40":{"length_est":25.668639944671554,"length_true":19.7451},"46":{"length_est":9.477919914028089,"length_true":7.2907},"21":{"length_est":7.446268592652349,"length_true":10.637540000000001},"38":{"length_est":6.913006223702139,"length_true":9.87563},"45":{"length_est":6.361689837890513,"length_true":4.8936},"56":{"length_est":3.4900503168092563,"length_true":4.9858},"36":{"length_est":77.40642081593904,"length_true":59.543393},"48":{"length_est":8.36240009419748,"length_true":11.9463},"18":{"length_est":17.58299925865012,"length_true":20.456400000000002},"30":{"length_est":14.465025331568556,"length_true":17.905369999999998},"3":{"length_est":10.328462005305054,"length_true":14.754960000000002}}