{"24":{"shunt_est":{"gs":11.537066324275132},"shunt_true":{"gs":0.028277124183006534}},"4":{"shunt_est":{"gs":0.5768755011573438},"shunt_true":{"gs":0.16966274509803922}},"1":{"shunt_est":{"gs":11.537066562245831},"shunt_true":{"gs":0.22621699346405227}},"12":{"shunt_est":{"gs":11.537066530499077},"shunt_true":{"gs":0.16966274509803922}},"29":{"shunt_est":{"gs":11.53706657502262},"shunt_true":{"gs":0.05655424836601307}},"20":{"shunt_est":{"gs":11.537066264909042},"shunt_true":{"gs":0.08483137254901961}},"2":{"shunt_est":{"gs":11.537066576190954},"shunt_true":{"gs":0.05655424836601307}},"6":{"shunt_est":{"gs":11.537066587755966},"shunt_true":{"gs":0.16966274509803922}},"25":{"shunt_est":{"gs":11.53706657717285},"shunt_true":{"gs":0.14138562091503268}},"23":{"shunt_est":{"gs":11.537066567033568},"shunt_true":{"gs":0.19793986928104573}},"22":{"shunt_est":{"gs":11.537066568967917},"shunt_true":{"gs":0.19793986928104573}},"11":{"shunt_est":{"gs":11.537066568993296},"shunt_true":{"gs":0.11310849673202614}},"13":{"shunt_est":{"gs":11.53706661623191},"shunt_true":{"gs":0.08483137254901961}},"5":{"shunt_est":{"gs":11.537066389312596},"shunt_true":{"gs":0.22621699346405227}},"15":{"shunt_est":{"gs":11.537066414545585},"shunt_true":{"gs":0.05655424836601307}},"27":{"shunt_est":{"gs":11.5370664837298},"shunt_true":{"gs":0.14138562091503268}},"28":{"shunt_est":{"gs":11.537066406988684},"shunt_true":{"gs":0.11310849673202614}},"16":{"shunt_est":{"gs":11.537066475163108},"shunt_true":{"gs":0.14138562091503268}},"14":{"shunt_est":{"gs":11.53706640585419},"shunt_true":{"gs":0.028277124183006534}},"21":{"shunt_est":{"gs":11.537065988607154},"shunt_true":{"gs":0.028277124183006534}},"7":{"shunt_est":{"gs":0.5768559656659648},"shunt_true":{"gs":0.05655424836601307}},"8":{"shunt_est":{"gs":11.53706652786032},"shunt_true":{"gs":0.19793986928104573}},"26":{"shunt_est":{"gs":11.537066479972863},"shunt_true":{"gs":0.14138562091503268}},"17":{"shunt_est":{"gs":11.537066533188804},"shunt_true":{"gs":0.11310849673202614}},"10":{"shunt_est":{"gs":11.537066563599186},"shunt_true":{"gs":0.05655424836601307}}}