{"32":{"shunt_est":{"gs":1.4421332970234106},"shunt_true":{"gs":0.6409481481481482}},"29":{"shunt_est":{"gs":1.4421329203149682},"shunt_true":{"gs":1.1537066666666667}},"1":{"shunt_est":{"gs":0.38456898672727025},"shunt_true":{"gs":0.4437333333333333}},"54":{"shunt_est":{"gs":1.4421331433656892},"shunt_true":{"gs":0.8240761904761905}},"2":{"shunt_est":{"gs":1.442133272732643},"shunt_true":{"gs":0.4437333333333333}},"41":{"shunt_est":{"gs":1.4421316480660025},"shunt_true":{"gs":0.6409481481481482}},"51":{"shunt_est":{"gs":1.442133259796272},"shunt_true":{"gs":0.4437333333333333}},"53":{"shunt_est":{"gs":0.3845690811133402},"shunt_true":{"gs":0.4437333333333333}},"27":{"shunt_est":{"gs":0.3845689989827631},"shunt_true":{"gs":0.4437333333333333}},"42":{"shunt_est":{"gs":0.9835209347667604},"shunt_true":{"gs":1.1537066666666667}},"33":{"shunt_est":{"gs":0.3845689367221165},"shunt_true":{"gs":0.6409481481481482}},"28":{"shunt_est":{"gs":0.3845689562445044},"shunt_true":{"gs":0.5244121212121212}},"50":{"shunt_est":{"gs":0.38456921360693713},"shunt_true":{"gs":0.8240761904761905}},"52":{"shunt_est":{"gs":1.4421326661188045},"shunt_true":{"gs":0.5244121212121212}},"26":{"shunt_est":{"gs":0.3845694091520134},"shunt_true":{"gs":0.8240761904761905}},"10":{"shunt_est":{"gs":1.4421326125274179},"shunt_true":{"gs":1.1537066666666667}},"24":{"shunt_est":{"gs":0.38456983991768684},"shunt_true":{"gs":0.6409481481481482}},"25":{"shunt_est":{"gs":0.3845696435724407},"shunt_true":{"gs":0.8240761904761905}},"23":{"shunt_est":{"gs":1.4421325543579386},"shunt_true":{"gs":0.6409481481481482}},"49":{"shunt_est":{"gs":0.38456996821706124},"shunt_true":{"gs":0.6409481481481482}},"5":{"shunt_est":{"gs":1.4421329520853612},"shunt_true":{"gs":1.1537066666666667}},"31":{"shunt_est":{"gs":1.4421308987990906},"shunt_true":{"gs":1.1537066666666667}},"43":{"shunt_est":{"gs":0.38456970130171364},"shunt_true":{"gs":0.4437333333333333}},"39":{"shunt_est":{"gs":1.4421331989142983},"shunt_true":{"gs":0.5244121212121212}},"34":{"shunt_est":{"gs":1.4421332137774334},"shunt_true":{"gs":0.4437333333333333}},"44":{"shunt_est":{"gs":1.4421332901157076},"shunt_true":{"gs":1.1537066666666667}},"55":{"shunt_est":{"gs":1.4421328730684246},"shunt_true":{"gs":0.5244121212121212}},"17":{"shunt_est":{"gs":0.3845697165984332},"shunt_true":{"gs":0.4437333333333333}},"37":{"shunt_est":{"gs":0.3845690846657508},"shunt_true":{"gs":0.4437333333333333}},"47":{"shunt_est":{"gs":1.4421331654156775},"shunt_true":{"gs":1.1537066666666667}},"9":{"shunt_est":{"gs":0.3845722305499267},"shunt_true":{"gs":1.1537066666666667}},"12":{"shunt_est":{"gs":0.38456897399916545},"shunt_true":{"gs":0.6409481481481482}},"20":{"shunt_est":{"gs":1.442132647172989},"shunt_true":{"gs":1.1537066666666667}},"6":{"shunt_est":{"gs":0.3845696570879963},"shunt_true":{"gs":0.6409481481481482}},"14":{"shunt_est":{"gs":1.442133213992984},"shunt_true":{"gs":0.5244121212121212}},"7":{"shunt_est":{"gs":1.4421330768422052},"shunt_true":{"gs":0.8240761904761905}},"8":{"shunt_est":{"gs":1.442132534455329},"shunt_true":{"gs":0.6409481481481482}},"19":{"shunt_est":{"gs":0.384569883960219},"shunt_true":{"gs":0.5244121212121212}},"4":{"shunt_est":{"gs":1.4421330713839766},"shunt_true":{"gs":0.4437333333333333}},"22":{"shunt_est":{"gs":1.4421318833988028},"shunt_true":{"gs":0.8240761904761905}},"11":{"shunt_est":{"gs":1.4421285131094603},"shunt_true":{"gs":0.6409481481481482}},"35":{"shunt_est":{"gs":0.38456895129269897},"shunt_true":{"gs":0.4437333333333333}},"13":{"shunt_est":{"gs":0.3845690241816325},"shunt_true":{"gs":1.1537066666666667}},"15":{"shunt_est":{"gs":1.4421282523619237},"shunt_true":{"gs":0.8240761904761905}},"16":{"shunt_est":{"gs":0.38456904739457914},"shunt_true":{"gs":0.6409481481481482}},"40":{"shunt_est":{"gs":0.38456928105017113},"shunt_true":{"gs":0.6409481481481482}},"21":{"shunt_est":{"gs":1.4421331669777342},"shunt_true":{"gs":0.8240761904761905}},"38":{"shunt_est":{"gs":1.4421241240868026},"shunt_true":{"gs":0.8240761904761905}},"46":{"shunt_est":{"gs":1.442132452930345},"shunt_true":{"gs":1.1537066666666667}},"45":{"shunt_est":{"gs":0.3845727592934814},"shunt_true":{"gs":0.6409481481481482}},"36":{"shunt_est":{"gs":0.5617530695384926},"shunt_true":{"gs":0.5244121212121212}},"48":{"shunt_est":{"gs":0.38456904478661885},"shunt_true":{"gs":0.4437333333333333}},"18":{"shunt_est":{"gs":1.442132175309254},"shunt_true":{"gs":1.1537066666666667}},"30":{"shunt_est":{"gs":1.442133290448701},"shunt_true":{"gs":0.8240761904761905}},"3":{"shunt_est":{"gs":1.4421103538707098},"shunt_true":{"gs":0.4437333333333333}}}