linecode_id,linecode_name,A_p_est,dist_est,x_est,r_est,scenario_id
4,hydrogen,"[167.08049645158854, 159.39880953044678, 300.00000155163724, 132.61337461490976]","[580.7104454677802, 1248.9928188492993, 668.282373381519, 1743.329532321488, 1162.6190868537076, 494.33671347218853]",[0.7544855802693256 0.4637380811149818 0.4156187907778424 0.3946668743131863; 0.4637380811149818 0.7559642187025936 0.45491279019712977 0.42012146937864076; 0.4156187907778424 0.45491279019712977 0.7360975828187206 0.4738562554020959; 0.3946668743131863 0.42012146937864076 0.4738562554020959 0.7617438629752372],[0.19327455921914122 0.049348 0.049348 0.049348; 0.049348 0.20021061332654302 0.049348 0.049348; 0.049348 0.049348 0.1295057361417578 0.049348; 0.049348 0.049348 0.049348 0.2306820550056361],1
1,pluto,"[175.4368198883525, 207.9771088894268, 105.78033030305203, 300.0000027989049]","[554.0170234329441, 2393.725363557811, 2456.026939883816, 2994.7711153202185, 2697.5421088431453, 1799.64782804979]",[0.7529523768493134 0.46669475682770734 0.37474573281014084 0.3606703014114761; 0.46669475682770734 0.7476069745214999 0.3731313212870012 0.36723792792886045; 0.37474573281014084 0.3731313212870012 0.7688461833027366 0.3926691820446431; 0.3606703014114761 0.36723792792886045 0.3926691820446431 0.7360975826881067],[0.3151719549943917 0.049348 0.049348 0.049348; 0.049348 0.2735808954536759 0.049348 0.049348; 0.049348 0.049348 0.4902173864043935 0.049348; 0.049348 0.049348 0.049348 0.20479902959755988],1
10,tw2x16_lv_oh_2w_bundled,"[14.02620804604377, 10.0000000166169]",[2.0000028443410875],[0.8323202322609468 0.8200648661044639; 0.8200648661044639 0.8429495998713027],[2.6324494823270914 0.049348; 0.049348 3.672459873495895],1
7,abc2x16_lv_oh_2w_bundled,"[10.000000283511222, 56.44009486487467]",[2.0000020531231413],[0.8429495990328274 0.8200648909613365; 0.8200648909613365 0.7885812363633992],[4.522325502218641 0.049348; 0.049348 0.8418657375660858],1
