{"32":{"Xc_est":0.20041782482419912,"Zc_est":0.2150276199284819,"Rc_est":0.07790746321658983},"29":{"Xc_est":0.11075218439947777,"Zc_est":0.13984458312818693,"Rc_est":0.08538419690458215},"1":{"Xc_est":0.14669893365491768,"Zc_est":0.17459282016918612,"Rc_est":0.09466824028754217},"54":{"Xc_est":0.10206558644380573,"Zc_est":0.14262132331891006,"Rc_est":0.09961655449331251},"2":{"Xc_est":0.17286987021632283,"Zc_est":0.20178728673048907,"Rc_est":0.10408706479406707},"41":{"Xc_est":0.08682162867467272,"Zc_est":0.09431029668782549,"Rc_est":0.03682983648650799},"51":{"Xc_est":0.11309262278338213,"Zc_est":0.1348216574762242,"Rc_est":0.07339576279739832},"53":{"Xc_est":0.11254342719702286,"Zc_est":0.13888268094789893,"Rc_est":0.081377982661309},"27":{"Xc_est":0.15245755841099853,"Zc_est":0.17005852362160298,"Rc_est":0.07534317712783468},"42":{"Xc_est":0.17934870883953294,"Zc_est":0.19110447146349388,"Rc_est":0.06599211809704082},"33":{"Xc_est":0.09653940333195947,"Zc_est":0.12082061604060908,"Rc_est":0.07264822685201297},"28":{"Xc_est":0.1306061915508567,"Zc_est":0.14435314082987905,"Rc_est":0.06148050094161413},"50":{"Xc_est":0.17028519152567534,"Zc_est":0.18397339997755383,"Rc_est":0.06963594938223408},"52":{"Xc_est":0.04932583175655844,"Zc_est":0.053293585966653824,"Rc_est":0.020178419826854928},"26":{"Xc_est":0.1691917250214409,"Zc_est":0.18097163700202923,"Rc_est":0.06422533443636841},"10":{"Xc_est":0.14977463366837254,"Zc_est":0.17309072782128848,"Rc_est":0.08676381254421786},"24":{"Xc_est":0.1049842739009085,"Zc_est":0.11555673717650694,"Rc_est":0.048287283423064126},"25":{"Xc_est":0.09769180377435105,"Zc_est":0.14183459466774415,"Rc_est":0.1028268628320293},"23":{"Xc_est":0.08451980051289437,"Zc_est":0.09459100725587075,"Rc_est":0.04247189629555916},"49":{"Xc_est":0.14557532781542804,"Zc_est":0.15587703724739627,"Rc_est":0.05572678595125352},"5":{"Xc_est":0.08504967123632856,"Zc_est":0.09263186711259261,"Rc_est":0.03670444424531507},"31":{"Xc_est":0.13956075158177098,"Zc_est":0.14802494147118056,"Rc_est":0.04933740888491858},"43":{"Xc_est":0.1353618910607152,"Zc_est":0.15788311013658415,"Rc_est":0.08126644396593116},"39":{"Xc_est":0.06697740520312893,"Zc_est":0.08016575707535456,"Rc_est":0.04405196703577081},"34":{"Xc_est":0.11458064756750355,"Zc_est":0.12604448202564905,"Rc_est":0.052521297129123776},"44":{"Xc_est":0.2224534196716922,"Zc_est":0.24915947180849177,"Rc_est":0.11222708437920233},"55":{"Xc_est":0.0906543626208014,"Zc_est":0.1010455823922319,"Rc_est":0.04463178529704556},"17":{"Xc_est":0.1369348041940519,"Zc_est":0.1629911221928502,"Rc_est":0.08840229247039517},"37":{"Xc_est":0.17747786228004034,"Zc_est":0.19703520802612493,"Rc_est":0.08558318527844921},"47":{"Xc_est":0.20326280536831876,"Zc_est":0.22944173188342265,"Rc_est":0.10643185746507186},"9":{"Xc_est":0.023164187089166614,"Zc_est":0.032833507233897954,"Rc_est":0.023269285201237194},"12":{"Xc_est":0.15358550411740488,"Zc_est":0.17382050324793707,"Rc_est":0.08139447324216006},"20":{"Xc_est":0.1554054045912507,"Zc_est":0.16758629205050704,"Rc_est":0.06272420192451647},"6":{"Xc_est":0.10754435567407165,"Zc_est":0.12414706899142931,"Rc_est":0.062021821174579196},"14":{"Xc_est":0.11459891652608968,"Zc_est":0.12608517399963412,"Rc_est":0.05257907790713282},"7":{"Xc_est":0.14238216688509286,"Zc_est":0.1537856234149768,"Rc_est":0.058114856295431255},"8":{"Xc_est":0.10074201408218335,"Zc_est":0.10824278722797478,"Rc_est":0.039592266739172585},"19":{"Xc_est":0.08582135647134022,"Zc_est":0.09432733174128012,"Rc_est":0.039145118301630685},"4":{"Xc_est":0.18750992892023105,"Zc_est":0.20163985870845108,"Rc_est":0.07415294448836147},"22":{"Xc_est":0.07318330355687856,"Zc_est":0.09056440670694126,"Rc_est":0.05334900039065428},"11":{"Xc_est":0.03649977851464861,"Zc_est":0.05576070012026163,"Rc_est":0.04215473693766029},"35":{"Xc_est":0.14602175442609383,"Zc_est":0.16028915036843247,"Rc_est":0.06610793416950425},"13":{"Xc_est":0.17209852750115498,"Zc_est":0.2192331464510732,"Rc_est":0.1358133621363226},"15":{"Xc_est":0.0213552280554164,"Zc_est":0.03388991463870449,"Rc_est":0.026315025155219465},"16":{"Xc_est":0.15842785300668524,"Zc_est":0.17413872888032617,"Rc_est":0.07228355475312404},"40":{"Xc_est":0.15289915677998697,"Zc_est":0.1775318250179053,"Rc_est":0.09021860534367127},"21":{"Xc_est":0.18892794159741366,"Zc_est":0.20192926923902516,"Rc_est":0.07128578160594834},"38":{"Xc_est":0.05134169468148051,"Zc_est":0.05780218863923696,"Rc_est":0.02655415972535321},"46":{"Xc_est":0.12801934484764912,"Zc_est":0.1433284639471802,"Rc_est":0.06445227631540121},"45":{"Xc_est":0.18000389357510715,"Zc_est":0.19625775684603436,"Rc_est":0.07820297577482999},"36":{"Xc_est":0.1704259747399679,"Zc_est":0.18427259630796564,"Rc_est":0.07008121634225746},"48":{"Xc_est":0.10705468698087756,"Zc_est":0.13372007922941193,"Rc_est":0.08012710892417453},"18":{"Xc_est":0.08923060242512201,"Zc_est":0.11203328802491401,"Rc_est":0.06774479475593052},"30":{"Xc_est":0.22445938851375866,"Zc_est":0.25594585282704363,"Rc_est":0.12298887139653009},"3":{"Xc_est":0.03366310529736759,"Zc_est":0.038675889959190114,"Rc_est":0.019042578761126996}}