{"32":{"Xc_est":0.22002706167041114,"Zc_est":0.2375863769084388,"Rc_est":0.08964027345542766},"29":{"Xc_est":0.10334140394429538,"Zc_est":0.1278789349886202,"Rc_est":0.07532314547764007},"1":{"Xc_est":0.1571339964414033,"Zc_est":0.18792127749789667,"Rc_est":0.10306946055352445},"54":{"Xc_est":0.10169620978114068,"Zc_est":0.10653530528081062,"Rc_est":0.03174353772700426},"2":{"Xc_est":0.18206917952130663,"Zc_est":0.21101983490223525,"Rc_est":0.10667794800522191},"41":{"Xc_est":0.09056924561020603,"Zc_est":0.09526135212177249,"Rc_est":0.029528578659774724},"51":{"Xc_est":0.1122143105188455,"Zc_est":0.13584106184963923,"Rc_est":0.0765554870614617},"53":{"Xc_est":0.10992738248142286,"Zc_est":0.11536023704356728,"Rc_est":0.03498506640741157},"27":{"Xc_est":0.16279834021485315,"Zc_est":0.17108803900848543,"Rc_est":0.052610051464125784},"42":{"Xc_est":0.1849839451886653,"Zc_est":0.19856008396323935,"Rc_est":0.07215987088351491},"33":{"Xc_est":0.09551496998681702,"Zc_est":0.12242604171282838,"Rc_est":0.0765834590358038},"28":{"Xc_est":0.13118977620805958,"Zc_est":0.14711968775426335,"Rc_est":0.06658412080512281},"50":{"Xc_est":0.1725429724483263,"Zc_est":0.1850257992772405,"Rc_est":0.06680919889414774},"52":{"Xc_est":0.042684236423003584,"Zc_est":0.0474793993577673,"Rc_est":0.02079301143075453},"26":{"Xc_est":0.17420118166693108,"Zc_est":0.18329685536828658,"Rc_est":0.057023552096896295},"10":{"Xc_est":0.15381235692830808,"Zc_est":0.16160100406576708,"Rc_est":0.04956453743577987},"24":{"Xc_est":0.10620670449978,"Zc_est":0.11160215683350128,"Rc_est":0.034280859516438986},"25":{"Xc_est":0.09550225522707391,"Zc_est":0.09994057065545829,"Rc_est":0.029452281906186557},"23":{"Xc_est":0.0881545931116485,"Zc_est":0.09268634833856756,"Rc_est":0.028627379930024708},"49":{"Xc_est":0.15283199460013613,"Zc_est":0.1670516939698303,"Rc_est":0.06744367935347088},"5":{"Xc_est":0.08649907885593972,"Zc_est":0.09530629788649013,"Rc_est":0.040014994363392266},"31":{"Xc_est":0.13995972879819116,"Zc_est":0.14726296446394493,"Rc_est":0.04580016394562238},"43":{"Xc_est":0.1348586799808978,"Zc_est":0.1416477182858125,"Rc_est":0.0433268107456191},"39":{"Xc_est":0.06718001782615292,"Zc_est":0.08148648497770887,"Rc_est":0.046118244100357385},"34":{"Xc_est":0.11632979327387696,"Zc_est":0.12856327787618735,"Rc_est":0.0547347751902464},"44":{"Xc_est":0.23623546416289798,"Zc_est":0.2483554438293691,"Rc_est":0.07663701423870235},"55":{"Xc_est":0.09665498567741518,"Zc_est":0.11067452159701138,"Rc_est":0.053913481379206124},"17":{"Xc_est":0.13760652593665446,"Zc_est":0.16671967176278374,"Rc_est":0.09412700447977296},"37":{"Xc_est":0.18314434420372847,"Zc_est":0.2042219229806517,"Rc_est":0.0903589675245433},"47":{"Xc_est":0.22167114057945428,"Zc_est":0.23300031905303312,"Rc_est":0.07177084444967219},"9":{"Xc_est":0.01846993000744785,"Zc_est":0.02381649679512198,"Rc_est":0.015036196497520011},"12":{"Xc_est":0.16171660098552196,"Zc_est":0.16999640139179625,"Rc_est":0.052407227095603734},"20":{"Xc_est":0.16439637657655556,"Zc_est":0.17684906288473484,"Rc_est":0.06518759400152939},"6":{"Xc_est":0.10679701458387332,"Zc_est":0.11219795214339977,"Rc_est":0.034391541709329836},"14":{"Xc_est":0.11632979328008511,"Zc_est":0.12856327789017774,"Rc_est":0.054734775209913204},"7":{"Xc_est":0.14305535253372467,"Zc_est":0.15647524131214946,"Rc_est":0.06340084585513947},"8":{"Xc_est":0.10323448236555334,"Zc_est":0.11169415437482415,"Rc_est":0.04264065867482941},"19":{"Xc_est":0.08728061946315871,"Zc_est":0.09707408330041045,"Rc_est":0.04249083565596596},"4":{"Xc_est":0.1927462651504821,"Zc_est":0.20276383539013712,"Rc_est":0.06294481879121323},"22":{"Xc_est":0.0745736041641421,"Zc_est":0.09300032795461409,"Rc_est":0.05556832336534569},"11":{"Xc_est":0.0364736582213716,"Zc_est":0.038130619949746467,"Rc_est":0.011118292751253435},"35":{"Xc_est":0.1467354180101002,"Zc_est":0.16327033635192875,"Rc_est":0.07159552942658576},"13":{"Xc_est":0.17912315563119222,"Zc_est":0.1879631931904287,"Rc_est":0.05696540275523479},"15":{"Xc_est":0.018788908183170326,"Zc_est":0.019630160160407615,"Rc_est":0.005685078469788213},"16":{"Xc_est":0.16674873367716173,"Zc_est":0.181883630197216,"Rc_est":0.07263962245758594},"40":{"Xc_est":0.1568408999078006,"Zc_est":0.16475968892220574,"Rc_est":0.05046471252125864},"21":{"Xc_est":0.19563727824298816,"Zc_est":0.2116633261052577,"Rc_est":0.08079244382747867},"38":{"Xc_est":0.044040763144720545,"Zc_est":0.050686433089090425,"Rc_est":0.025090350354777136},"46":{"Xc_est":0.1285381300525275,"Zc_est":0.1462849881617517,"Rc_est":0.06983728863639656},"45":{"Xc_est":0.18649283997472713,"Zc_est":0.19606793264070574,"Rc_est":0.06052317612420167},"36":{"Xc_est":0.1730965933807068,"Zc_est":0.18618087308060258,"Rc_est":0.06856301379789032},"48":{"Xc_est":0.10832445910451793,"Zc_est":0.11367202925077764,"Rc_est":0.034454924085002295},"18":{"Xc_est":0.09226825695045038,"Zc_est":0.09683859735514733,"Rc_est":0.029398685294380278},"30":{"Xc_est":0.23798715778242582,"Zc_est":0.25012310644090174,"Rc_est":0.07696545397962264},"3":{"Xc_est":0.033937549287555074,"Zc_est":0.04015486235558728,"Rc_est":0.021462891677286412}}