linecode_id,linecode_name,A_p_est,dist_est,x_est,r_est,scenario_id
5,ugsc_25cu_xlpe/nyl/pvc_ug_2w_bundled,"[14.979167709788314, 14.979167676141115]",[9.080671805057195],[0.8302551695617696 0.7250000768402404; 0.7250000768402404 0.8302551696323406],[1.7991319677549114 0.049348; 0.049348 1.7991319716853922],1
2,uglv_120cu_xlpe/nyl/pvc_ug_4w_bundled,"[139.9237333673732, 137.44155685622871, 142.0442527960221, 137.85631073050737]","[22.0588139501369, 21.93443037978885, 30.39066891499471, 31.087640123663867, 21.545343680436147, 21.41668774036921]",[0.7600580937519572 0.669232651166589 0.6695879461413446 0.6476751133038878; 0.669232651166589 0.7606204001532841 0.6490998099792297 0.6707125034151197; 0.6695879461413446 0.6490998099792297 0.7595855614249754 0.6710888233387208; 0.6476751133038878 0.6707125034151197 0.6710888233387208 0.7605257396483793],[0.2479000246828144 0.049348 0.049348 0.049348; 0.049348 0.25148584823706444 0.049348 0.049348; 0.049348 0.049348 0.2449359242869885 0.049348; 0.049348 0.049348 0.049348 0.25087769721916464],1
3,ugsc_16cu_xlpe/nyl/pvc_ug_2w_bundled,"[63.92640052024267, 10.000010137592701]",[2.0000027403997396],[0.7846682911922306 0.8200648693698807; 0.8200648693698807 0.8429495680752612],[0.46545923260494376 0.049348; 0.049348 2.709394635000615],1
