linecode_id,linecode_name,A_p_est,dist_est,x_est,r_est,scenario_id
5,ugsc_25cu_xlpe/nyl/pvc_ug_2w_bundled,"[10.000000017385863, 10.000000017385863]",[99.99971430153592],[0.8429495998688868 0.5742649054954742; 0.5742649054954742 0.8429495998688868],[2.6703787463330766 0.049348; 0.049348 2.6703787463330766],1
2,uglv_120cu_xlpe/nyl/pvc_ug_4w_bundled,"[138.50088463011747, 135.6292234156824, 146.9185954013665, 135.41267998386303]","[21.96094705523453, 21.75317201961566, 30.192079944235857, 31.83967360997697, 21.796086254037835, 22.245338773016755]",[0.7603791903948007 0.6695120340042758 0.6701093247481043 0.6461732529848547; 0.6695120340042758 0.7610374136712372 0.6495117353915849 0.6699854931074805; 0.6701093247481043 0.6495117353915849 0.758525585203279 0.6687035902910127; 0.6461732529848547 0.6699854931074805 0.6687035902910127 0.7610876120340447],[0.2499397914204348 0.049348 0.049348 0.049348; 0.049348 0.25418689726421495 0.049348 0.049348; 0.049348 0.049348 0.23844687128564138 0.049348; 0.049348 0.049348 0.049348 0.25451446273141476],1
3,ugsc_16cu_xlpe/nyl/pvc_ug_2w_bundled,"[299.99708699488394, 12.009090062382276]",[2.000004645450382],[0.7360978880325848 0.8200648095209202; 0.8200648095209202 0.8371979971208736],[0.13801717203409092 0.049348; 0.049348 2.2643778797241834],1
