{"32":{"Xc_est":0.21824088721645168,"Zc_est":0.23322179924291142,"Rc_est":0.08223942356970218},"29":{"Xc_est":0.1053239227649218,"Zc_est":0.12233153617861924,"Rc_est":0.06222440065785779},"1":{"Xc_est":0.15660541719464752,"Zc_est":0.17767047912520934,"Rc_est":0.08391389907441942},"54":{"Xc_est":0.10369532567332787,"Zc_est":0.11007206870957359,"Rc_est":0.03692072241313217},"2":{"Xc_est":0.18155372258425206,"Zc_est":0.20224825972106542,"Rc_est":0.0891212902509831},"41":{"Xc_est":0.09230294858418962,"Zc_est":0.09724080109952583,"Rc_est":0.030593121467774275},"51":{"Xc_est":0.11176526967342658,"Zc_est":0.12770676883047974,"Rc_est":0.06178627112836491},"53":{"Xc_est":0.1102239471248993,"Zc_est":0.11667730192030586,"Rc_est":0.038265836768710725},"27":{"Xc_est":0.16124062005321846,"Zc_est":0.17002721005507432,"Rc_est":0.05395103895168295},"42":{"Xc_est":0.18324330236042546,"Zc_est":0.1951139923083116,"Rc_est":0.06701762555129491},"33":{"Xc_est":0.0936407339687001,"Zc_est":0.10756599330300415,"Rc_est":0.052932559517418654},"28":{"Xc_est":0.13026253575759028,"Zc_est":0.14237615924885438,"Rc_est":0.057468621877139706},"50":{"Xc_est":0.17795556711787863,"Zc_est":0.189279759459937,"Rc_est":0.06448754509954462},"52":{"Xc_est":0.0449899850718016,"Zc_est":0.048834510997666294,"Rc_est":0.01899238551683962},"26":{"Xc_est":0.17416934809410542,"Zc_est":0.18347650741252663,"Rc_est":0.05769460075928489},"10":{"Xc_est":0.15261097705407492,"Zc_est":0.16115597820514413,"Rc_est":0.051779716046512936},"24":{"Xc_est":0.10692685442748018,"Zc_est":0.11278751957864869,"Rc_est":0.035884152141976634},"25":{"Xc_est":0.09365958536039147,"Zc_est":0.09937745224599429,"Rc_est":0.03322288495938328},"23":{"Xc_est":0.08993986706475632,"Zc_est":0.09482365478012025,"Rc_est":0.03003907152748541},"49":{"Xc_est":0.14989884991385172,"Zc_est":0.1606257841969347,"Rc_est":0.057714619840945},"5":{"Xc_est":0.08876147665051323,"Zc_est":0.09591500565592655,"Rc_est":0.03634678215188814},"31":{"Xc_est":0.13924622962856792,"Zc_est":0.14659436451831412,"Rc_est":0.04583006919868748},"43":{"Xc_est":0.1345219665696944,"Zc_est":0.14213556352175602,"Rc_est":0.04589508609719739},"39":{"Xc_est":0.06868591871761606,"Zc_est":0.07837692039082256,"Rc_est":0.03775163863816214},"34":{"Xc_est":0.11855425880029431,"Zc_est":0.12835875035080618,"Rc_est":0.04920220027532741},"44":{"Xc_est":0.23500884246299975,"Zc_est":0.24783491616710576,"Rc_est":0.07869555029197843},"55":{"Xc_est":0.09815820048776114,"Zc_est":0.10846814958238739,"Rc_est":0.04615525052289994},"17":{"Xc_est":0.13654545443389784,"Zc_est":0.15615431553081854,"Rc_est":0.07575954812654814},"37":{"Xc_est":0.18130753683009626,"Zc_est":0.19752991807423698,"Rc_est":0.07839416829725321},"47":{"Xc_est":0.22048773692358964,"Zc_est":0.23261202816200663,"Rc_est":0.07411824007594953},"9":{"Xc_est":0.0184159117633599,"Zc_est":0.02183516187427604,"Rc_est":0.011731516866969095},"12":{"Xc_est":0.16180373504895465,"Zc_est":0.1706672727421249,"Rc_est":0.05428507446289936},"20":{"Xc_est":0.16407233450241426,"Zc_est":0.17491769299527476,"Rc_est":0.060633887997695465},"6":{"Xc_est":0.10853158100805645,"Zc_est":0.11461238878852029,"Rc_est":0.03683606368360512},"14":{"Xc_est":0.1185542588282183,"Zc_est":0.1283587503997919,"Rc_est":0.04920220033583762},"7":{"Xc_est":0.14215962006861058,"Zc_est":0.15309635416883177,"Rc_est":0.056825487958632306},"8":{"Xc_est":0.10294886614226725,"Zc_est":0.11013741382019748,"Rc_est":0.03913797239284335},"19":{"Xc_est":0.08953124764596643,"Zc_est":0.09726753266389822,"Rc_est":0.03801484717158728},"4":{"Xc_est":0.19125448473006962,"Zc_est":0.20142913424986483,"Rc_est":0.06320932047796148},"22":{"Xc_est":0.07674064493564024,"Zc_est":0.0888914105276585,"Rc_est":0.04486152338539908},"11":{"Xc_est":0.03686775599635618,"Zc_est":0.03935888871336269,"Rc_est":0.013780083038356917},"35":{"Xc_est":0.1458021203708968,"Zc_est":0.15862304668116642,"Rc_est":0.06247409570186685},"13":{"Xc_est":0.179750074641338,"Zc_est":0.1903005800264517,"Rc_est":0.06248376929121166},"15":{"Xc_est":0.019011839506074747,"Zc_est":0.020326176309478524,"Rc_est":0.0071905077678326365},"16":{"Xc_est":0.1670872840670759,"Zc_est":0.1800821739715184,"Rc_est":0.06716717118798812},"40":{"Xc_est":0.15568306761132172,"Zc_est":0.16444891998833194,"Rc_est":0.05297385906706656},"21":{"Xc_est":0.19344161936343301,"Zc_est":0.2067009648321772,"Rc_est":0.07283974712068716},"38":{"Xc_est":0.04700084647200798,"Zc_est":0.052481376982031896,"Rc_est":0.023349847126798967},"46":{"Xc_est":0.12764930032847055,"Zc_est":0.14077546121908466,"Rc_est":0.05935812166079667},"45":{"Xc_est":0.1838165810312828,"Zc_est":0.19372374877717613,"Rc_est":0.06115844486456712},"36":{"Xc_est":0.17833174374170263,"Zc_est":0.18991222765100194,"Rc_est":0.06530270580465784},"48":{"Xc_est":0.1086232358891817,"Zc_est":0.11499605803272063,"Rc_est":0.03775031109842727},"18":{"Xc_est":0.09432496539006707,"Zc_est":0.09981275903251238,"Rc_est":0.03264027833590013},"30":{"Xc_est":0.23687611916454507,"Zc_est":0.2499576909964273,"Rc_est":0.07980320455852435},"3":{"Xc_est":0.03387008440947514,"Zc_est":0.0381834359394444,"Rc_est":0.01762929840455039}}