{"32":{"shunt_est":{"gs":1.4421332947657755},"shunt_true":{"gs":0.6409481481481482}},"29":{"shunt_est":{"gs":1.442133033304813},"shunt_true":{"gs":1.1537066666666667}},"1":{"shunt_est":{"gs":0.3845691533906429},"shunt_true":{"gs":0.4437333333333333}},"54":{"shunt_est":{"gs":1.4421331486702882},"shunt_true":{"gs":0.8240761904761905}},"2":{"shunt_est":{"gs":1.4421332905707738},"shunt_true":{"gs":0.4437333333333333}},"41":{"shunt_est":{"gs":0.3845763981450806},"shunt_true":{"gs":0.6409481481481482}},"51":{"shunt_est":{"gs":1.442133261370575},"shunt_true":{"gs":0.4437333333333333}},"53":{"shunt_est":{"gs":0.3845691987009939},"shunt_true":{"gs":0.4437333333333333}},"27":{"shunt_est":{"gs":0.3845692094346969},"shunt_true":{"gs":0.4437333333333333}},"42":{"shunt_est":{"gs":1.4421314767742208},"shunt_true":{"gs":1.1537066666666667}},"33":{"shunt_est":{"gs":0.3845704010729817},"shunt_true":{"gs":0.6409481481481482}},"28":{"shunt_est":{"gs":0.3845689853711148},"shunt_true":{"gs":0.5244121212121212}},"50":{"shunt_est":{"gs":1.442133121904064},"shunt_true":{"gs":0.8240761904761905}},"52":{"shunt_est":{"gs":1.4421328657842536},"shunt_true":{"gs":0.5244121212121212}},"26":{"shunt_est":{"gs":0.3845694844773716},"shunt_true":{"gs":0.8240761904761905}},"10":{"shunt_est":{"gs":1.4421332347780544},"shunt_true":{"gs":1.1537066666666667}},"24":{"shunt_est":{"gs":1.44213198042229},"shunt_true":{"gs":0.6409481481481482}},"25":{"shunt_est":{"gs":1.4421327062487643},"shunt_true":{"gs":0.8240761904761905}},"23":{"shunt_est":{"gs":1.4421320187595796},"shunt_true":{"gs":0.6409481481481482}},"49":{"shunt_est":{"gs":0.3845698261359552},"shunt_true":{"gs":0.6409481481481482}},"5":{"shunt_est":{"gs":1.442132037787357},"shunt_true":{"gs":1.1537066666666667}},"31":{"shunt_est":{"gs":1.4421329750880856},"shunt_true":{"gs":1.1537066666666667}},"43":{"shunt_est":{"gs":0.3845707799736261},"shunt_true":{"gs":0.4437333333333333}},"39":{"shunt_est":{"gs":1.4421331649030376},"shunt_true":{"gs":0.5244121212121212}},"34":{"shunt_est":{"gs":1.4421331913299176},"shunt_true":{"gs":0.4437333333333333}},"44":{"shunt_est":{"gs":1.4421332938342724},"shunt_true":{"gs":1.1537066666666667}},"55":{"shunt_est":{"gs":1.4421329002258592},"shunt_true":{"gs":0.5244121212121212}},"17":{"shunt_est":{"gs":1.4421327353264828},"shunt_true":{"gs":0.4437333333333333}},"37":{"shunt_est":{"gs":0.3845690171719405},"shunt_true":{"gs":0.4437333333333333}},"47":{"shunt_est":{"gs":0.3845696672677124},"shunt_true":{"gs":1.1537066666666667}},"9":{"shunt_est":{"gs":0.38457699967751074},"shunt_true":{"gs":1.1537066666666667}},"12":{"shunt_est":{"gs":0.3845689684097642},"shunt_true":{"gs":0.6409481481481482}},"20":{"shunt_est":{"gs":1.4421331929373333},"shunt_true":{"gs":1.1537066666666667}},"6":{"shunt_est":{"gs":1.4421315743070284},"shunt_true":{"gs":0.6409481481481482}},"14":{"shunt_est":{"gs":1.4421331947491556},"shunt_true":{"gs":0.5244121212121212}},"7":{"shunt_est":{"gs":1.4421330453358374},"shunt_true":{"gs":0.8240761904761905}},"8":{"shunt_est":{"gs":1.4421330452344967},"shunt_true":{"gs":0.6409481481481482}},"19":{"shunt_est":{"gs":1.4421316300150548},"shunt_true":{"gs":0.5244121212121212}},"4":{"shunt_est":{"gs":1.4421331653870368},"shunt_true":{"gs":0.4437333333333333}},"22":{"shunt_est":{"gs":1.4421313863577976},"shunt_true":{"gs":0.8240761904761905}},"11":{"shunt_est":{"gs":0.3845781962680077},"shunt_true":{"gs":0.6409481481481482}},"35":{"shunt_est":{"gs":0.3845689687770271},"shunt_true":{"gs":0.4437333333333333}},"13":{"shunt_est":{"gs":0.38456964634917223},"shunt_true":{"gs":1.1537066666666667}},"15":{"shunt_est":{"gs":1.4421314280424808},"shunt_true":{"gs":0.8240761904761905}},"16":{"shunt_est":{"gs":0.3845692039913395},"shunt_true":{"gs":0.6409481481481482}},"40":{"shunt_est":{"gs":0.38456943457855153},"shunt_true":{"gs":0.6409481481481482}},"21":{"shunt_est":{"gs":1.4421331913033202},"shunt_true":{"gs":0.8240761904761905}},"38":{"shunt_est":{"gs":1.4421251035505012},"shunt_true":{"gs":0.8240761904761905}},"46":{"shunt_est":{"gs":1.4421329002106191},"shunt_true":{"gs":1.1537066666666667}},"45":{"shunt_est":{"gs":1.4421325094379374},"shunt_true":{"gs":0.6409481481481482}},"36":{"shunt_est":{"gs":1.4421332053876332},"shunt_true":{"gs":0.5244121212121212}},"48":{"shunt_est":{"gs":0.38456898053673394},"shunt_true":{"gs":0.4437333333333333}},"18":{"shunt_est":{"gs":0.38456972649514565},"shunt_true":{"gs":1.1537066666666667}},"30":{"shunt_est":{"gs":1.4421332938251983},"shunt_true":{"gs":0.8240761904761905}},"3":{"shunt_est":{"gs":1.4421238310247804},"shunt_true":{"gs":0.4437333333333333}}}