linecode_id,linecode_name,A_p_est,dist_est,x_est,r_est,scenario_id
4,hydrogen,"[152.24666455629804, 152.24666455629804, 152.24666455629804, 152.24666455629804]","[583.7095167361534, 583.403269031497, 498.2147431018695]",[0.7574064424146681 0.4634144211491092 0.4198790823094383 0.39754300854588476; 0.4634144211491092 0.7574064424146681 0.46344739509379596 0.4246590213774397; 0.4198790823094383 0.46344739509379596 0.7574064424146681 0.47336526705889137; 0.39754300854588476 0.4246590213774397 0.47336526705889137 0.7574064424146681],[0.2072977392404995 0.049348 0.049348 0.049348; 0.049348 0.2072977392404995 0.049348 0.049348; 0.049348 0.049348 0.2072977392404995 0.049348; 0.049348 0.049348 0.049348 0.2072977392404995],1
1,pluto,"[249.10994160124702, 249.10994160124702, 249.10994160124702, 249.10994160124702]","[380.000028563445, 1200.000006279255, 653.3795254303712]",[0.7419374448849343 0.49038393423734206 0.40084778004741745 0.37910218612233626; 0.49038393423734206 0.7419374448849343 0.4181330710368973 0.39082068020025806; 0.40084778004741745 0.4181330710368973 0.7419374448849343 0.4563298173980574; 0.37910218612233626 0.39082068020025806 0.4563298173980574 0.7419374448849343],[0.23655574054457557 0.049348 0.049348 0.049348; 0.049348 0.23655574054457557 0.049348 0.049348; 0.049348 0.049348 0.23655574054457557 0.049348; 0.049348 0.049348 0.049348 0.23655574054457557],1
10,tw2x16_lv_oh_2w_bundled,"[11.99999992231589, 11.99999992231589]",[5.942624402269613],[0.8372217860986443 0.751640676629677; 0.751640676629677 0.8372217860986443],[3.0686079191426967 0.049348; 0.049348 3.0686079191426967],1
7,abc2x16_lv_oh_2w_bundled,"[16.862198950473754, 16.862198950473754]",[2.00002074280243],[0.8265350768543237 0.8200643038097182; 0.8200643038097182 0.8265350768543237],[2.7020136708121107 0.049348; 0.049348 2.7020136708121107],1
