{"32":{"Xc_est":0.20940403459748713,"Zc_est":0.22440039443555976,"Rc_est":0.08065660119995893},"29":{"Xc_est":0.10995397119360442,"Zc_est":0.14036636970561192,"Rc_est":0.08725160149297283},"1":{"Xc_est":0.1527468551478912,"Zc_est":0.18310962261121108,"Rc_est":0.1009828308934211},"54":{"Xc_est":0.10095318894902208,"Zc_est":0.11980424199770005,"Rc_est":0.06450976702536229},"2":{"Xc_est":0.17856587544046043,"Zc_est":0.20873929669550276,"Rc_est":0.10810329372001158},"41":{"Xc_est":0.09162959041786883,"Zc_est":0.09716581731167387,"Rc_est":0.03232977286804194},"51":{"Xc_est":0.11552112205620264,"Zc_est":0.14048579088201027,"Rc_est":0.07994452951027889},"53":{"Xc_est":0.11721283705544394,"Zc_est":0.13213075563577423,"Rc_est":0.06098924015180571},"27":{"Xc_est":0.1580191507820979,"Zc_est":0.16932476600032526,"Rc_est":0.0608344011819752},"42":{"Xc_est":0.18327756377029142,"Zc_est":0.19488627619845947,"Rc_est":0.06625703939151664},"33":{"Xc_est":0.09499755040250907,"Zc_est":0.11580892535947976,"Rc_est":0.06623573514682467},"28":{"Xc_est":0.1337116705931243,"Zc_est":0.14904098576084845,"Rc_est":0.06583619508872948},"50":{"Xc_est":0.1762300580154664,"Zc_est":0.18888283573936612,"Rc_est":0.06796831827263133},"52":{"Xc_est":0.049192933701371386,"Zc_est":0.053758676782578375,"Rc_est":0.02168065043457438},"26":{"Xc_est":0.17273337639257483,"Zc_est":0.1816326314225631,"Rc_est":0.05615686491877676},"10":{"Xc_est":0.15330973477770435,"Zc_est":0.16766504054097142,"Rc_est":0.06787997526513649},"24":{"Xc_est":0.10925435079948828,"Zc_est":0.1167129267201149,"Rc_est":0.041053551551081036},"25":{"Xc_est":0.09567666445105243,"Zc_est":0.11167783633999905,"Rc_est":0.05760134554942559},"23":{"Xc_est":0.08753029345888211,"Zc_est":0.09396879195669615,"Rc_est":0.03418452264991896},"49":{"Xc_est":0.149479570385321,"Zc_est":0.1599691088098906,"Rc_est":0.056973448296996076},"5":{"Xc_est":0.09018627399710195,"Zc_est":0.09847660958588299,"Rc_est":0.039548433825501515},"31":{"Xc_est":0.14302023604199407,"Zc_est":0.15012864439884138,"Rc_est":0.04564889868908195},"43":{"Xc_est":0.13819103515956732,"Zc_est":0.15199966737834342,"Rc_est":0.06330194850598413},"39":{"Xc_est":0.06841385856223349,"Zc_est":0.08359013320887837,"Rc_est":0.04802972336485753},"34":{"Xc_est":0.1134049188790196,"Zc_est":0.12280323796947405,"Rc_est":0.047116447551043765},"44":{"Xc_est":0.22673382224469885,"Zc_est":0.24400072776410495,"Rc_est":0.09015613678348336},"55":{"Xc_est":0.09654286455367836,"Zc_est":0.10923251321442108,"Rc_est":0.051100070909038786},"17":{"Xc_est":0.14012918590964832,"Zc_est":0.17080060179992343,"Rc_est":0.0976558079763576},"37":{"Xc_est":0.18129161437481922,"Zc_est":0.2016580700984479,"Rc_est":0.08831380295968673},"47":{"Xc_est":0.21204088289595774,"Zc_est":0.2291483130952367,"Rc_est":0.0868770014163436},"9":{"Xc_est":0.023162979864352434,"Zc_est":0.03499436477671558,"Rc_est":0.026231315825353405},"12":{"Xc_est":0.1592000041606901,"Zc_est":0.1718430884103826,"Rc_est":0.06469471160500537},"20":{"Xc_est":0.161102291093271,"Zc_est":0.17218134633785245,"Rc_est":0.06076567971490537},"6":{"Xc_est":0.11169414191263634,"Zc_est":0.12198142076660819,"Rc_est":0.04902943681748918},"14":{"Xc_est":0.11503583037487344,"Zc_est":0.12669738206358838,"Rc_est":0.05309410844651437},"7":{"Xc_est":0.14543963839291768,"Zc_est":0.15765794891468016,"Rc_est":0.06085507735695718},"8":{"Xc_est":0.1030259282684869,"Zc_est":0.1105075780486784,"Rc_est":0.03996977496310608},"19":{"Xc_est":0.0909625041285242,"Zc_est":0.1003562925135267,"Rc_est":0.04239349348341974},"4":{"Xc_est":0.19224130083545687,"Zc_est":0.20300349809902632,"Rc_est":0.06522041469917794},"22":{"Xc_est":0.07828763254872277,"Zc_est":0.09826885562521046,"Rc_est":0.05939540870980364},"11":{"Xc_est":0.03583170120233441,"Zc_est":0.045514150736132734,"Rc_est":0.02806469501309499},"35":{"Xc_est":0.1495614891732425,"Zc_est":0.16524699571990997,"Rc_est":0.07027041020755474},"13":{"Xc_est":0.17739649900605328,"Zc_est":0.20256492314841243,"Rc_est":0.09779074716207853},"15":{"Xc_est":0.02124239621480475,"Zc_est":0.02761527862581182,"Rc_est":0.017645515482254064},"16":{"Xc_est":0.16414253891813704,"Zc_est":0.17920284553741692,"Rc_est":0.0719088782155247},"40":{"Xc_est":0.1565757957146918,"Zc_est":0.171793521773407,"Rc_est":0.07068970448107112},"21":{"Xc_est":0.19466522863975358,"Zc_est":0.20875807784868233,"Rc_est":0.07540148424075606},"38":{"Xc_est":0.05122066810535918,"Zc_est":0.05891612243973277,"Rc_est":0.029112757378411007},"46":{"Xc_est":0.13113031145078022,"Zc_est":0.14853946660462658,"Rc_est":0.06977689128936854},"45":{"Xc_est":0.18380706688233217,"Zc_est":0.19543777202527562,"Rc_est":0.06641449313453708},"36":{"Xc_est":0.17618108935802707,"Zc_est":0.1887726216184362,"Rc_est":0.06778883702584199},"48":{"Xc_est":0.10913887925794041,"Zc_est":0.1239455377736261,"Rc_est":0.05874692645844613},"18":{"Xc_est":0.09214936324112784,"Zc_est":0.10450111215295022,"Rc_est":0.04928465578106595},"30":{"Xc_est":0.22870072941771777,"Zc_est":0.24825974906771994,"Rc_est":0.09658612411196094},"3":{"Xc_est":0.03334216997178571,"Zc_est":0.039594431831726104,"Rc_est":0.02135459514132161}}