linecode_id,linecode_name,A_p_est,dist_est,x_est,r_est,scenario_id
4,hydrogen,"[283.5564989598366, 145.16255913854454, 300.00000251089796, 114.1766160877314]","[511.1234513788018, 1049.0626701098904, 537.9392187310888, 1235.8657246471546, 724.7422732683532, 186.8030545372644]",[0.7378685368455852 0.47175802740652445 0.42657923069815157 0.41628265895508054; 0.47175802740652445 0.7589033452818437 0.46854514898925065 0.4498167815070674; 0.42657923069815157 0.46854514898925065 0.7360975827182668 0.5350019710434579; 0.41628265895508054 0.4498167815070674 0.5350019710434579 0.7664465687384404],[0.13415410056590232 0.049348 0.049348 0.049348; 0.049348 0.2150058742453285 0.049348 0.049348; 0.049348 0.049348 0.1295057358854506 0.049348; 0.049348 0.049348 0.049348 0.2599631135923096],1
1,pluto,"[85.01635825200539, 269.6558440240214, 146.17937227701847, 300.0000027132202]","[394.80939954031567, 30.461454984697465, 395.9058428627797, 2999.999832606411, 2751.7584235303534, 2977.3643944522364]",[0.775711235902869 0.4879817545495606 0.6489536316027775 0.3605606956064536; 0.4879817545495606 0.739447658943975 0.4878075027651065 0.3659876273182317; 0.6489536316027775 0.4878075027651065 0.7586840542851364 0.3610365697859544; 0.3605606956064536 0.3659876273182317 0.3610365697859544 0.7360975826970796],[0.5978931302927408 0.049348 0.049348 0.049348; 0.049348 0.22229181096449097 0.049348 0.049348; 0.049348 0.049348 0.36837597630013064 0.049348; 0.049348 0.049348 0.049348 0.20479902964195915],1
10,tw2x16_lv_oh_2w_bundled,"[9.999999910005409, 9.999999910005409]",[99.99998726609243],[0.8429496002062332 0.574264733986128; 0.574264733986128 0.8429496002062332],[3.6724599121224313 0.049348; 0.049348 3.6724599121224313],1
7,abc2x16_lv_oh_2w_bundled,"[10.28878591105052, 299.9989669304713]",[2.000001647553928],[0.8420552032856295 0.820064903702687; 0.820064903702687 0.7360976911644352],[4.396777976386657 0.049348; 0.049348 0.19844776773584172],1
