linecode_id,linecode_name,A_p_est,dist_est,x_est,r_est,scenario_id
4,hydrogen,"[282.7390824860189, 142.15875137916234, 300.0000025355431, 111.25133808204268]","[481.19522707614516, 983.5881233508386, 502.3928962746936, 1154.6347416372546, 673.4395145611096, 171.0466182864162]",[0.7379592314390727 0.47554918987493755 0.43062844608423695 0.4205544598070567; 0.47554918987493755 0.7595602479157606 0.47284053941221793 0.4544297764023032; 0.43062844608423695 0.47284053941221793 0.7360975827156859 0.5405386475057476; 0.4205544598070567 0.4544297764023032 0.5405386475057476 0.7672619573453463],[0.13439928033756063 0.049348 0.049348 0.049348; 0.049348 0.21850621737041462 0.049348 0.049348; 0.049348 0.049348 0.1295057358788656 0.049348; 0.049348 0.049348 0.049348 0.26550109425913865],1
1,pluto,"[85.44361121091947, 284.69770810583196, 145.1683049506942, 300.0000027306353]","[406.68084186801053, 26.289603066510484, 407.4651742369836, 2999.9998389534207, 2744.8502656045416, 2980.456205335462]",[0.7755537489913285 0.4861203194869235 0.6582080672233318 0.3605606954735218; 0.4861203194869235 0.7377423529149284 0.485999257206501 0.36614556237669427; 0.6582080672233318 0.485999257206501 0.7589021018009958 0.36097135644976874; 0.3605606954735218 0.36614556237669427 0.36097135644976874 0.7360975826952558],[0.5951501805660848 0.049348 0.049348 0.049348; 0.049348 0.21315440934778676 0.049348 0.049348; 0.049348 0.049348 0.37059794040675825 0.049348; 0.049348 0.049348 0.049348 0.20479902963293517],1
10,tw2x16_lv_oh_2w_bundled,"[9.999999909421552, 9.999999909421552]",[99.9999881624346],[0.8429496002080675 0.5742647334229383; 0.5742647334229383 0.8429496002080675],[3.672459912333969 0.049348; 0.049348 3.672459912333969],1
7,abc2x16_lv_oh_2w_bundled,"[299.9985039902486, 10.104491065298655]",[2.000002394161973],[0.7360977396437397 0.8200648802472725; 0.8200648802472725 0.8426230339979486],[0.19844799781792133 0.049348; 0.049348 4.476070335767998],1
