{"32":{"Xc_est":0.19990435695963885,"Zc_est":0.2161371270499994,"Rc_est":0.08217971621988525},"29":{"Xc_est":0.1094712591096916,"Zc_est":0.1464597706071855,"Rc_est":0.09729598057087538},"1":{"Xc_est":0.1460024595303348,"Zc_est":0.17955943869118823,"Rc_est":0.10452212126716301},"54":{"Xc_est":0.1011261906598323,"Zc_est":0.12246681037156673,"Rc_est":0.06907686447151848},"2":{"Xc_est":0.17227758738930324,"Zc_est":0.20674820495007498,"Rc_est":0.11430333824258673},"41":{"Xc_est":0.08600670908982071,"Zc_est":0.09195701268621699,"Rc_est":0.03254133023882128},"51":{"Xc_est":0.11218668452367049,"Zc_est":0.13882498429612045,"Rc_est":0.08177116900475694},"53":{"Xc_est":0.11094222197003165,"Zc_est":0.12637565877337653,"Rc_est":0.06051967047792913},"27":{"Xc_est":0.15148241798586162,"Zc_est":0.16451746892509259,"Rc_est":0.064180017315949},"42":{"Xc_est":0.17880097002389048,"Zc_est":0.19163476077669261,"Rc_est":0.06894994312148509},"33":{"Xc_est":0.09563499343342019,"Zc_est":0.1260363659438238,"Rc_est":0.0820921041959283},"28":{"Xc_est":0.12969518293608087,"Zc_est":0.14578886247512327,"Rc_est":0.06658492280514353},"50":{"Xc_est":0.16958591438649637,"Zc_est":0.18444072030561703,"Rc_est":0.07251894199828607},"52":{"Xc_est":0.04868817889979513,"Zc_est":0.05325955015498472,"Rc_est":0.021587980872070395},"26":{"Xc_est":0.16861831892804252,"Zc_est":0.17898989750396907,"Rc_est":0.0600437001721437},"10":{"Xc_est":0.1487682182784083,"Zc_est":0.16402757852240293,"Rc_est":0.06908736314399995},"24":{"Xc_est":0.10328312720815366,"Zc_est":0.11108688031503254,"Rc_est":0.04090098546772085},"25":{"Xc_est":0.09669968743369083,"Zc_est":0.11994768096325548,"Rc_est":0.07096912440413378},"23":{"Xc_est":0.08368055911042994,"Zc_est":0.09118467177914391,"Rc_est":0.036224417102778135},"49":{"Xc_est":0.14488458671455423,"Zc_est":0.15638619058950473,"Rc_est":0.058865075721090454},"5":{"Xc_est":0.08448249132037386,"Zc_est":0.09329853618319223,"Rc_est":0.03958946216140585},"31":{"Xc_est":0.13857323168609686,"Zc_est":0.14598054485673337,"Rc_est":0.04591055365316413},"43":{"Xc_est":0.1342332839317477,"Zc_est":0.1484283435805647,"Rc_est":0.06334349740083006},"39":{"Xc_est":0.06651266482816834,"Zc_est":0.08270273318008556,"Rc_est":0.04915086462018917},"34":{"Xc_est":0.11379463799983122,"Zc_est":0.1266568478283681,"Rc_est":0.055612385889348095},"44":{"Xc_est":0.22173455386043073,"Zc_est":0.24106377162204892,"Rc_est":0.09458080996144569},"55":{"Xc_est":0.09020744664486106,"Zc_est":0.10278712994097974,"Rc_est":0.04927281858508195},"17":{"Xc_est":0.13608125115012093,"Zc_est":0.16815108235680815,"Rc_est":0.0987759058838935},"37":{"Xc_est":0.17696404511759437,"Zc_est":0.19964116523345798,"Rc_est":0.09241386038571758},"47":{"Xc_est":0.20252836586019712,"Zc_est":0.2205308140671141,"Rc_est":0.08727027543844584},"9":{"Xc_est":0.02297668348228079,"Zc_est":0.03524985117801592,"Rc_est":0.026732452641449786},"12":{"Xc_est":0.152756289830393,"Zc_est":0.16730854820624477,"Rc_est":0.06824709678905257},"20":{"Xc_est":0.15472808033245314,"Zc_est":0.16802542069770607,"Rc_est":0.06551154980058889},"6":{"Xc_est":0.10583809430440419,"Zc_est":0.11665508918695483,"Rc_est":0.049058206522746325},"14":{"Xc_est":0.1139622328739893,"Zc_est":0.1270832064996339,"Rc_est":0.05623833970347297},"7":{"Xc_est":0.1414652054037211,"Zc_est":0.1543774689293688,"Rc_est":0.06180613701827052},"8":{"Xc_est":0.09976386653309828,"Zc_est":0.10806508091549888,"Rc_est":0.0415359199686184},"19":{"Xc_est":0.08516237679801246,"Zc_est":0.09501297097774562,"Rc_est":0.04212878151728675},"4":{"Xc_est":0.18687423121208335,"Zc_est":0.19862993311345242,"Rc_est":0.06731918030953292},"22":{"Xc_est":0.07254836439213644,"Zc_est":0.09404409548445317,"Rc_est":0.059841680453633105},"11":{"Xc_est":0.03587580038323936,"Zc_est":0.045436139871415177,"Rc_est":0.02788135135313147},"35":{"Xc_est":0.14512213698327187,"Zc_est":0.16167119230125154,"Rc_est":0.07125405095513328},"13":{"Xc_est":0.17108147452859196,"Zc_est":0.19897332238755389,"Rc_est":0.10159484285663418},"15":{"Xc_est":0.021048233105035074,"Zc_est":0.027318708612373073,"Rc_est":0.01741504302044219},"16":{"Xc_est":0.15737266262893848,"Zc_est":0.17449823778167592,"Rc_est":0.0753888588983055},"40":{"Xc_est":0.15188171370086556,"Zc_est":0.16758099693670786,"Rc_est":0.07081903400632626},"21":{"Xc_est":0.1881593128709473,"Zc_est":0.20214843321938955,"Rc_est":0.07389223256193411},"38":{"Xc_est":0.050717401516144074,"Zc_est":0.05850612722830891,"Rc_est":0.029166969446709684},"46":{"Xc_est":0.12710729191005282,"Zc_est":0.14529554579439843,"Rc_est":0.07038843634422315},"45":{"Xc_est":0.17933948736730657,"Zc_est":0.19198123883159401,"Rc_est":0.06851382586124669},"36":{"Xc_est":0.16972224821508863,"Zc_est":0.1847667462341125,"Rc_est":0.0730281382397002},"48":{"Xc_est":0.1058657806615544,"Zc_est":0.12137431074871073,"Rc_est":0.05936463420795457},"18":{"Xc_est":0.08829521172518244,"Zc_est":0.10194468684234875,"Rc_est":0.0509575780604785},"30":{"Xc_est":0.22369957849660727,"Zc_est":0.24538365270475943,"Rc_est":0.10085452689478158},"3":{"Xc_est":0.03315637086410893,"Zc_est":0.039330746589823266,"Rc_est":0.021155677687905983}}