linecode_id,linecode_name,A_p_est,dist_est,x_est,r_est,scenario_id
4,hydrogen,"[279.2897520477849, 141.70632331361932, 300.0000025378304, 116.8075762666773]","[511.50132684655557, 1097.0287230795611, 585.5273962330056, 1302.650487182697, 791.1491603361414, 205.62176410313623]",[0.7383448540939157 0.47171159263792495 0.4237701191756118 0.4129758542095619; 0.47171159263792495 0.7596603905075023 0.46321904398420144 0.44430827397067624; 0.4237701191756118 0.46321904398420144 0.7360975827154463 0.5289711353355443; 0.4129758542095619 0.44430827397067624 0.5289711353355443 0.7657308676434267],[0.13544969471162233 0.049348 0.049348 0.049348; 0.049348 0.21904629154117852 0.049348 0.049348; 0.049348 0.049348 0.12950573587825442 0.049348; 0.049348 0.049348 0.049348 0.2552192434200491],1
1,pluto,"[86.45877424940883, 299.9999928371114, 142.7837341899115, 300.0000027273327]","[271.04755772907157, 19.666833394574763, 271.6877397747512, 2999.999600906687, 2825.7408342025396, 2985.369579672589]",[0.7751826926772145 0.5116134239514902 0.6764444210892975 0.36056070045917304; 0.5116134239514902 0.7360975837313057 0.5114651972297933 0.3643206668162077; 0.6764444210892975 0.5114651972297933 0.759422434199217 0.36086786123644; 0.36056070045917304 0.3643206668162077 0.36086786123644 0.7360975826956018],[0.5887415979225323 0.049348 0.049348 0.049348; 0.049348 0.20479903475946354 0.049348 0.049348; 0.049348 0.049348 0.3759629998033576 0.049348; 0.049348 0.049348 0.049348 0.2047990296346465],1
10,tw2x16_lv_oh_2w_bundled,"[9.999999909857012, 9.999999909857012]",[99.99998755006527],[0.8429496002066995 0.5742647338077022; 0.5742647338077022 0.8429496002066995],[3.672459912176197 0.049348; 0.049348 3.672459912176197],1
7,abc2x16_lv_oh_2w_bundled,"[10.186308537068955, 299.99884364344877]",[2.0000018466389373],[0.8423696786177536 0.820064897448238; 0.820064897448238 0.7360977040750994],[4.440514449312799 0.049348; 0.049348 0.19844782900963265],1
