{"32":{"Xc_est":0.21061279753357867,"Zc_est":0.23277072432663698,"Rc_est":0.09911841210707034},"29":{"Xc_est":0.11025702669440092,"Zc_est":0.1532859055069723,"Rc_est":0.1064892336886814},"1":{"Xc_est":0.14475191533047116,"Zc_est":0.1964000577246229,"Rc_est":0.13273984210626183},"54":{"Xc_est":0.11183686041994852,"Zc_est":0.17543195174956133,"Rc_est":0.13516244428860175},"2":{"Xc_est":0.16986288423170437,"Zc_est":0.22150835379628478,"Rc_est":0.1421708527161129},"41":{"Xc_est":0.08913506083016542,"Zc_est":0.09907518475332373,"Rc_est":0.043253128958584484},"51":{"Xc_est":0.11355461453134713,"Zc_est":0.14732099941267435,"Rc_est":0.0938553482044916},"53":{"Xc_est":0.11251009983822302,"Zc_est":0.1406230214476086,"Rc_est":0.08435823371460355},"27":{"Xc_est":0.14795287352277006,"Zc_est":0.1699659843388784,"Rc_est":0.08365633896268154},"42":{"Xc_est":0.18500822873381617,"Zc_est":0.20312660158375073,"Rc_est":0.08385923665130612},"33":{"Xc_est":0.09676226700784846,"Zc_est":0.13291898978631314,"Rc_est":0.09112914752874546},"28":{"Xc_est":0.13138277690010278,"Zc_est":0.15039748753736756,"Rc_est":0.07319815702304563},"50":{"Xc_est":0.1684787283125441,"Zc_est":0.19631361463981659,"Rc_est":0.10076682687838473},"52":{"Xc_est":0.05107581313138347,"Zc_est":0.05556154854991671,"Rc_est":0.021871145151380326},"26":{"Xc_est":0.17669297669522974,"Zc_est":0.19721541635908993,"Rc_est":0.08759858695360445},"10":{"Xc_est":0.15542811519791128,"Zc_est":0.18327944456217823,"Rc_est":0.09712597904291823},"24":{"Xc_est":0.10546884521806896,"Zc_est":0.11835221770852287,"Rc_est":0.0536988838328378},"25":{"Xc_est":0.0994412805743855,"Zc_est":0.14757941315022885,"Rc_est":0.10904638876868998},"23":{"Xc_est":0.08747426825486354,"Zc_est":0.10279058304497486,"Rc_est":0.05398292652313363},"49":{"Xc_est":0.15256636518822858,"Zc_est":0.17120938646764597,"Rc_est":0.07769271669776924},"5":{"Xc_est":0.08857937177359429,"Zc_est":0.09987116245696112,"Rc_est":0.0461296432535532},"31":{"Xc_est":0.14014140620846585,"Zc_est":0.14933066581017398,"Rc_est":0.05157551761469425},"43":{"Xc_est":0.1361704548986687,"Zc_est":0.15966908172391206,"Rc_est":0.08337759214109594},"39":{"Xc_est":0.0669817393653159,"Zc_est":0.08727339762877621,"Rc_est":0.055947229826572936},"34":{"Xc_est":0.11861100042609826,"Zc_est":0.13838369095788888,"Rc_est":0.07128447587692999},"44":{"Xc_est":0.22869031171089294,"Zc_est":0.26498046608894865,"Rc_est":0.1338483796625536},"55":{"Xc_est":0.09497420109159993,"Zc_est":0.11622724921479761,"Rc_est":0.0669975715011448},"17":{"Xc_est":0.13774828448011978,"Zc_est":0.17642177727471137,"Rc_est":0.11022728164820111},"37":{"Xc_est":0.18374802225046064,"Zc_est":0.2169007694572532,"Rc_est":0.1152501978748528},"47":{"Xc_est":0.21337146201221385,"Zc_est":0.24421336745346456,"Rc_est":0.1187972560362035},"9":{"Xc_est":0.020674089911917604,"Zc_est":0.03583614908709905,"Rc_est":0.02927134413905068},"12":{"Xc_est":0.15008969046682027,"Zc_est":0.17752901717157865,"Rc_est":0.09481369496797784},"20":{"Xc_est":0.152087137251654,"Zc_est":0.17345543946227826,"Rc_est":0.0834043893428196},"6":{"Xc_est":0.1075229574446978,"Zc_est":0.12534627834318698,"Rc_est":0.06442439845922826},"14":{"Xc_est":0.11861100043566598,"Zc_est":0.13838369098756162,"Rc_est":0.07128447591861348},"7":{"Xc_est":0.14306398422801395,"Zc_est":0.1583220326153847,"Rc_est":0.06781270108374618},"8":{"Xc_est":0.1048965076799588,"Zc_est":0.11677946059729108,"Rc_est":0.05132411805323697},"19":{"Xc_est":0.08936091241098451,"Zc_est":0.10217164825344906,"Rc_est":0.04953456409319531},"4":{"Xc_est":0.1930805494022275,"Zc_est":0.21188952295662672,"Rc_est":0.08727583503651418},"22":{"Xc_est":0.07720999442701539,"Zc_est":0.10604816416832728,"Rc_est":0.07269683544730643},"11":{"Xc_est":0.035720431247723075,"Zc_est":0.0551701322532823,"Rc_est":0.04204514578784748},"35":{"Xc_est":0.14670793675693852,"Zc_est":0.16650584539268187,"Rc_est":0.07874628780110086},"13":{"Xc_est":0.16886708843708953,"Zc_est":0.22669004855856262,"Rc_est":0.15123585738264478},"15":{"Xc_est":0.018992449445208406,"Zc_est":0.031702953991688154,"Rc_est":0.025384328942682312},"16":{"Xc_est":0.15278468417577554,"Zc_est":0.17554377539876406,"Rc_est":0.08644337662632255},"40":{"Xc_est":0.15808347903048428,"Zc_est":0.18529483499058402,"Rc_est":0.09666327912814773},"21":{"Xc_est":0.19395200684274222,"Zc_est":0.21305997406168578,"Rc_est":0.08818827353361151},"38":{"Xc_est":0.053117420191961244,"Zc_est":0.06138397921488042,"Rc_est":0.03076576955649734},"46":{"Xc_est":0.1297698960124902,"Zc_est":0.15307331659150275,"Rc_est":0.0811862940478866},"45":{"Xc_est":0.186341048331082,"Zc_est":0.20883288330026917,"Rc_est":0.0942771809844631},"36":{"Xc_est":0.16876598023775027,"Zc_est":0.19720468499488084,"Rc_est":0.10201829099882755},"48":{"Xc_est":0.11116059904223766,"Zc_est":0.14096387017786588,"Rc_est":0.0866841041719478},"18":{"Xc_est":0.09218007185352402,"Zc_est":0.12111122535291495,"Rc_est":0.07855420586807364},"30":{"Xc_est":0.2306941521639038,"Zc_est":0.2721131608459248,"Rc_est":0.1443114010150887},"3":{"Xc_est":0.03229668323342243,"Zc_est":0.03853923939633775,"Rc_est":0.02102848604555741}}