{"32":{"Xc_est":0.20087989965454653,"Zc_est":0.21506431236845786,"Rc_est":0.07681096516316491},"29":{"Xc_est":0.11161921357208131,"Zc_est":0.14095319939350498,"Rc_est":0.08607529018722662},"1":{"Xc_est":0.14714991207476694,"Zc_est":0.17351109808172135,"Rc_est":0.09194022261183127},"54":{"Xc_est":0.10115653436767394,"Zc_est":0.12151427056664485,"Rc_est":0.06732810338978348},"2":{"Xc_est":0.1735096556055133,"Zc_est":0.20112731481684426,"Rc_est":0.1017182194942978},"41":{"Xc_est":0.08686034570824418,"Zc_est":0.09265508596584258,"Rc_est":0.03225283396512603},"51":{"Xc_est":0.11264435950452527,"Zc_est":0.13355618494510288,"Rc_est":0.07175306828913862},"53":{"Xc_est":0.11222465461062246,"Zc_est":0.12764194035863058,"Rc_est":0.06081193826908251},"27":{"Xc_est":0.152952387224295,"Zc_est":0.16564509621165618,"Rc_est":0.06359139203821657},"42":{"Xc_est":0.1798105991353397,"Zc_est":0.19123160683029264,"Rc_est":0.06509743381644018},"33":{"Xc_est":0.09611683323132272,"Zc_est":0.11954064211030259,"Rc_est":0.07107404227793396},"28":{"Xc_est":0.131098684576198,"Zc_est":0.14444907611465316,"Rc_est":0.0606520444236417},"50":{"Xc_est":0.17107165593870496,"Zc_est":0.18433266524272746,"Rc_est":0.06865143851280012},"52":{"Xc_est":0.04907458318643012,"Zc_est":0.05296816456752646,"Rc_est":0.019932680269615408},"26":{"Xc_est":0.16948621667796324,"Zc_est":0.1792646481079901,"Rc_est":0.05839722953592929},"10":{"Xc_est":0.1501904777697573,"Zc_est":0.16522712611435417,"Rc_est":0.06886816094031215},"24":{"Xc_est":0.10519102207751088,"Zc_est":0.11309077002772817,"Rc_est":0.04152554803675831},"25":{"Xc_est":0.09712362085834193,"Zc_est":0.1203715904966667,"Rc_est":0.07110782003452411},"23":{"Xc_est":0.08450597480487741,"Zc_est":0.09175434645566413,"Rc_est":0.03574353530057525},"49":{"Xc_est":0.1463344475211887,"Zc_est":0.15652711170762015,"Rc_est":0.05556047307392428},"5":{"Xc_est":0.08801196721281837,"Zc_est":0.09889897688553453,"Rc_est":0.04510987980847743},"31":{"Xc_est":0.14002461438332234,"Zc_est":0.14725253071842628,"Rc_est":0.045567698754522955},"43":{"Xc_est":0.13569257072494062,"Zc_est":0.1497941242410274,"Rc_est":0.06344923882280495},"39":{"Xc_est":0.06692521209559839,"Zc_est":0.07961643909938969,"Rc_est":0.04312532157359524},"34":{"Xc_est":0.11418187325347062,"Zc_est":0.12472589091310055,"Rc_est":0.05019011540527704},"44":{"Xc_est":0.22269516964504368,"Zc_est":0.2414470518561232,"Rc_est":0.09329276642258315},"55":{"Xc_est":0.0907346053429,"Zc_est":0.10076141601905465,"Rc_est":0.04381888122069282},"17":{"Xc_est":0.13742360955305805,"Zc_est":0.1625556324822412,"Rc_est":0.08682790558979367},"37":{"Xc_est":0.17790724097035865,"Zc_est":0.1967091933225062,"Rc_est":0.08392568348191064},"47":{"Xc_est":0.20355783079350168,"Zc_est":0.22122856425956516,"Rc_est":0.0866388317499301},"9":{"Xc_est":0.023233677717917966,"Zc_est":0.032514085424233376,"Rc_est":0.022745592335093573},"12":{"Xc_est":0.15414641433052217,"Zc_est":0.1682707558879575,"Rc_est":0.06748281437631047},"20":{"Xc_est":0.1560713177719653,"Zc_est":0.16777848503943052,"Rc_est":0.06157405144254055},"6":{"Xc_est":0.10754193911640815,"Zc_est":0.11825677589694014,"Rc_est":0.04918735992734194},"14":{"Xc_est":0.11461343506377378,"Zc_est":0.1256594995739058,"Rc_est":0.051517670134105825},"7":{"Xc_est":0.14287155464577425,"Zc_est":0.15398549543429618,"Rc_est":0.057439112782538576},"8":{"Xc_est":0.1002923244945932,"Zc_est":0.10754379825134279,"Rc_est":0.03882162013358974},"19":{"Xc_est":0.0858825576876827,"Zc_est":0.09414162877497999,"Rc_est":0.03855946775343238},"4":{"Xc_est":0.18790695297339335,"Zc_est":0.19926897258939347,"Rc_est":0.0663257149308425},"22":{"Xc_est":0.07322629934003567,"Zc_est":0.0899098463074312,"Rc_est":0.052169814528991665},"11":{"Xc_est":0.0359804072722959,"Zc_est":0.04547094605838975,"Rc_est":0.02780318737060028},"35":{"Xc_est":0.1465091918476676,"Zc_est":0.16036892060796912,"Rc_est":0.0652169257256767},"13":{"Xc_est":0.17245240996980143,"Zc_est":0.1999775943886518,"Rc_est":0.10124823234545714},"15":{"Xc_est":0.02135314512211516,"Zc_est":0.027719164741399,"Rc_est":0.017674707560655905},"16":{"Xc_est":0.1590883093129938,"Zc_est":0.17415365169622207,"Rc_est":0.07085481098035788},"40":{"Xc_est":0.15332570087840044,"Zc_est":0.16889756558795935,"Rc_est":0.07083514037316717},"21":{"Xc_est":0.18946566263131442,"Zc_est":0.20216470801039832,"Rc_est":0.07052185369519545},"38":{"Xc_est":0.05108820586813421,"Zc_est":0.05738135903298196,"Rc_est":0.026126913052389435},"46":{"Xc_est":0.12850791999806513,"Zc_est":0.14335604524057557,"Rc_est":0.06353479522898331},"45":{"Xc_est":0.18030124906080744,"Zc_est":0.1924934433054829,"Rc_est":0.0674179894591484},"36":{"Xc_est":0.17105393800392035,"Zc_est":0.18429592841925058,"Rc_est":0.06859693524687893},"48":{"Xc_est":0.10642534133860501,"Zc_est":0.12186179846619126,"Rc_est":0.0593628220890485},"18":{"Xc_est":0.08912447395145748,"Zc_est":0.10258343540629042,"Rc_est":0.05079556439919275},"30":{"Xc_est":0.22466183382762386,"Zc_est":0.24579154218369453,"Rc_est":0.09970226993528289},"3":{"Xc_est":0.03339844793763067,"Zc_est":0.038293583844762294,"Rc_est":0.018733452405608877}}