{"32":{"Xc_est":0.21015378467342116,"Zc_est":0.2320734446522034,"Rc_est":0.09845542392462003},"29":{"Xc_est":0.11115281402853203,"Zc_est":0.1545588532657,"Rc_est":0.10739409227861076},"1":{"Xc_est":0.14602987056397973,"Zc_est":0.19736258461827638,"Rc_est":0.13276771712383112},"54":{"Xc_est":0.1118942571247947,"Zc_est":0.1759973447976213,"Rc_est":0.13584822633477084},"2":{"Xc_est":0.1711296496458985,"Zc_est":0.22230842368329526,"Rc_est":0.14190024049529848},"41":{"Xc_est":0.08904607646838765,"Zc_est":0.09885699132447517,"Rc_est":0.04293601051929975},"51":{"Xc_est":0.11410124182611608,"Zc_est":0.14767494169688997,"Rc_est":0.0937485734233755},"53":{"Xc_est":0.11474803277367175,"Zc_est":0.1433146108276505,"Rc_est":0.08586015753102991},"27":{"Xc_est":0.14922957174341747,"Zc_est":0.171100526736722,"Rc_est":0.08370140480816277},"42":{"Xc_est":0.18453105321629135,"Zc_est":0.20241571745753736,"Rc_est":0.08318902014530435},"33":{"Xc_est":0.0973155544355359,"Zc_est":0.13338457060727496,"Rc_est":0.09122020906022615},"28":{"Xc_est":0.13090831163278768,"Zc_est":0.14987056290641715,"Rc_est":0.0729671129437042},"50":{"Xc_est":0.16977421421581798,"Zc_est":0.1972916413405665,"Rc_est":0.10050227823415883},"52":{"Xc_est":0.05111734098324165,"Zc_est":0.055620414639827004,"Rc_est":0.02192368526295899},"26":{"Xc_est":0.1761954452960162,"Zc_est":0.19647192107012945,"Rc_est":0.08692744575751514},"10":{"Xc_est":0.1549361368283413,"Zc_est":0.18272487923523226,"Rc_est":0.09686678995527684},"24":{"Xc_est":0.10621220210496643,"Zc_est":0.11915939991931364,"Rc_est":0.05401787401540982},"25":{"Xc_est":0.09999743457848176,"Zc_est":0.14850160289064998,"Rc_est":0.10978724488215633},"23":{"Xc_est":0.08736071236249172,"Zc_est":0.10243106431436182,"Rc_est":0.05348110761840029},"49":{"Xc_est":0.15199212277184165,"Zc_est":0.17027029428934637,"Rc_est":0.0767487311471013},"5":{"Xc_est":0.0886233100515114,"Zc_est":0.09982727686698614,"Rc_est":0.045949908837685266},"31":{"Xc_est":0.13967360642486185,"Zc_est":0.1488185328795085,"Rc_est":0.051363794609453686},"43":{"Xc_est":0.13569381711246503,"Zc_est":0.1592778696340942,"Rc_est":0.08340640114897897},"39":{"Xc_est":0.06701408026519529,"Zc_est":0.08723030587822933,"Rc_est":0.055841197245576804},"34":{"Xc_est":0.11864251105460401,"Zc_est":0.1381531498043398,"Rc_est":0.07078310088939678},"44":{"Xc_est":0.2281984970591243,"Zc_est":0.2641659887826757,"Rc_est":0.13307560095481658},"55":{"Xc_est":0.09488462664545981,"Zc_est":0.1159243197900521,"Rc_est":0.06659846503589975},"17":{"Xc_est":0.13727624413942635,"Zc_est":0.17593507091281887,"Rc_est":0.11003809327715205},"37":{"Xc_est":0.18324941678081638,"Zc_est":0.21604289467946888,"Rc_est":0.11442981950075223},"47":{"Xc_est":0.21291511623017442,"Zc_est":0.24367241017939786,"Rc_est":0.1185048385650478},"9":{"Xc_est":0.02074248526484778,"Zc_est":0.03607127862290193,"Rc_est":0.029510785257742544},"12":{"Xc_est":0.15136703208438093,"Zc_est":0.17868164644702497,"Rc_est":0.09494815624847922},"20":{"Xc_est":0.15335877429904574,"Zc_est":0.1744824534684744,"Rc_est":0.08321786415111052},"6":{"Xc_est":0.10821647336884423,"Zc_est":0.12601306252358457,"Rc_est":0.0645638197304269},"14":{"Xc_est":0.1186425110646976,"Zc_est":0.1381531498355384,"Rc_est":0.07078310093337131},"7":{"Xc_est":0.14259445971301268,"Zc_est":0.15777586408833807,"Rc_est":0.06752809302783346},"8":{"Xc_est":0.10543016994976703,"Zc_est":0.11715084799083478,"Rc_est":0.05107641774180055},"19":{"Xc_est":0.08940485068796887,"Zc_est":0.10212309503051017,"Rc_est":0.04935482967322048},"4":{"Xc_est":0.1926072677077695,"Zc_est":0.21122569552694717,"Rc_est":0.08671063877627816},"22":{"Xc_est":0.07723508099202064,"Zc_est":0.10590806986688422,"Rc_est":0.0724655885719894},"11":{"Xc_est":0.033959577256600024,"Zc_est":0.05408210189370071,"Rc_est":0.0420906267213217},"35":{"Xc_est":0.14623963648020644,"Zc_est":0.1659602103576129,"Rc_est":0.07846502497342496},"13":{"Xc_est":0.17013852052378414,"Zc_est":0.2278899155227204,"Rc_est":0.15161364526628374},"15":{"Xc_est":0.019002860992776458,"Zc_est":0.031827786404690354,"Rc_est":0.02553231798156617},"16":{"Xc_est":0.15402881264557983,"Zc_est":0.17647792731123133,"Rc_est":0.0861370054219504},"40":{"Xc_est":0.15760985694261315,"Zc_est":0.18485656315901847,"Rc_est":0.09659752552469036},"21":{"Xc_est":0.19355017869761545,"Zc_est":0.21253323429443294,"Rc_est":0.08779922554199124},"38":{"Xc_est":0.05315894804360433,"Zc_est":0.06144625267528794,"Rc_est":0.030818309667025968},"46":{"Xc_est":0.12949443881209646,"Zc_est":0.1532056310302809,"Rc_est":0.08187280193157417},"45":{"Xc_est":0.18649971719344793,"Zc_est":0.21029411874605797,"Rc_est":0.0971672365869539},"36":{"Xc_est":0.1700621713891543,"Zc_est":0.19818070419410908,"Rc_est":0.10175681489354348},"48":{"Xc_est":0.11169707083657174,"Zc_est":0.14147481402116677,"Rc_est":0.08682676643094342},"18":{"Xc_est":0.0920679328849849,"Zc_est":0.1208281864697744,"Rc_est":0.07824925801476004},"30":{"Xc_est":0.23020294087138074,"Zc_est":0.27133153787135816,"Rc_est":0.14362245457380218},"3":{"Xc_est":0.03053370522172289,"Zc_est":0.03693328803094703,"Rc_est":0.020778850069477557}}