{"32":{"Xc_est":0.21020450046829747,"Zc_est":0.23229923333118377,"Rc_est":0.09887872263095475},"29":{"Xc_est":0.11004342835872782,"Zc_est":0.15348869595853942,"Rc_est":0.10700104514494471},"1":{"Xc_est":0.14542618625956077,"Zc_est":0.1974005597398792,"Rc_est":0.1334848505846905},"54":{"Xc_est":0.10929827419211105,"Zc_est":0.11457201397311122,"Rc_est":0.03436034988880212},"2":{"Xc_est":0.1705340142194444,"Zc_est":0.22245794427645255,"Rc_est":0.14284847554632008},"41":{"Xc_est":0.0886670677620533,"Zc_est":0.09468852114894273,"Rc_est":0.03322750565199295},"51":{"Xc_est":0.11289781230347565,"Zc_est":0.1466971545782608,"Rc_est":0.09367037492423808},"53":{"Xc_est":0.11068176382993124,"Zc_est":0.11694886699187158,"Rc_est":0.03777015549581171},"27":{"Xc_est":0.14813055000079045,"Zc_est":0.16165983148448443,"Rc_est":0.06473979666368458},"42":{"Xc_est":0.18459805882376287,"Zc_est":0.20265582773402008,"Rc_est":0.08362380757331854},"33":{"Xc_est":0.09610747065405763,"Zc_est":0.13234674060057197,"Rc_est":0.09098908633498051},"28":{"Xc_est":0.13097584780112556,"Zc_est":0.1499779052620244,"Rc_est":0.07306640376781354},"50":{"Xc_est":0.16925226511752295,"Zc_est":0.1975416279092209,"Rc_est":0.10186444673983558},"52":{"Xc_est":0.051080336739055356,"Zc_est":0.05556524788428068,"Rc_est":0.0218699787623644},"26":{"Xc_est":0.17583077091547447,"Zc_est":0.18908601839244915,"Rc_est":0.06954899244978001},"10":{"Xc_est":0.15400320935228431,"Zc_est":0.16412866246142493,"Rc_est":0.05675587503133794},"24":{"Xc_est":0.10475073895064857,"Zc_est":0.11045325554902746,"Rc_est":0.03503147656996263},"25":{"Xc_est":0.09672430626085934,"Zc_est":0.10047793349303362,"Rc_est":0.027207052346514368},"23":{"Xc_est":0.08689271023226035,"Zc_est":0.09547885665512823,"Rc_est":0.03957106236459874},"49":{"Xc_est":0.1521296846226701,"Zc_est":0.17067403885152554,"Rc_est":0.07737045039612338},"5":{"Xc_est":0.08858256718595607,"Zc_est":0.09984755980725626,"Rc_est":0.046072377735571615},"31":{"Xc_est":0.13952559747520493,"Zc_est":0.14604332139355258,"Rc_est":0.04314231533943886},"43":{"Xc_est":0.13474129508506733,"Zc_est":0.1413648314080712,"Rc_est":0.042764459049907375},"39":{"Xc_est":0.06698426889361435,"Zc_est":0.08725233154839654,"Rc_est":0.05591133231661792},"34":{"Xc_est":0.11861077413437066,"Zc_est":0.13831670125020556,"Rc_est":0.07115471947793717},"44":{"Xc_est":0.22724116421629642,"Zc_est":0.24535862548413007,"Rc_est":0.09253274223259463},"55":{"Xc_est":0.09475280820298079,"Zc_est":0.11589958568812324,"Rc_est":0.06674293445996929},"17":{"Xc_est":0.1373418817281236,"Zc_est":0.1760279424080155,"Rc_est":0.11010469577532891},"37":{"Xc_est":0.18333468618831428,"Zc_est":0.21641026773161548,"Rc_est":0.11498607228661137},"47":{"Xc_est":0.21184857783396444,"Zc_est":0.22453143300704054,"Rc_est":0.07439451913899192},"9":{"Xc_est":0.020529460244453988,"Zc_est":0.0352300294595036,"Rc_est":0.028630337716989557},"12":{"Xc_est":0.14999848706355418,"Zc_est":0.16357336298079073,"Rc_est":0.06524338246512279},"20":{"Xc_est":0.15275932465715286,"Zc_est":0.17437973924876413,"Rc_est":0.08410042919484738},"6":{"Xc_est":0.10643988637204814,"Zc_est":0.11219967361916619,"Rc_est":0.035486861644176124},"14":{"Xc_est":0.11861077414619316,"Zc_est":0.13831670128684057,"Rc_est":0.07115471952944397},"7":{"Xc_est":0.14265718897942287,"Zc_est":0.1578918549145468,"Rc_est":0.06766656693556672},"8":{"Xc_est":0.10423745625247106,"Zc_est":0.11609334801195295,"Rc_est":0.051109863692232645},"19":{"Xc_est":0.08936410782241101,"Zc_est":0.10214669275513433,"Rc_est":0.04947729857132774},"4":{"Xc_est":0.1922507733064599,"Zc_est":0.20473628234423114,"Rc_est":0.07040302174768422},"22":{"Xc_est":0.07721094934317693,"Zc_est":0.10600546174288639,"Rc_est":0.07263351306971125},"11":{"Xc_est":0.03360492812239779,"Zc_est":0.034258455748677454,"Rc_est":0.006659624326684618},"35":{"Xc_est":0.146301286999103,"Zc_est":0.16607863367693385,"Rc_est":0.07860054698539498},"13":{"Xc_est":0.16758798759093543,"Zc_est":0.1834580285991327,"Rc_est":0.07463990000462664},"15":{"Xc_est":0.018492813926435946,"Zc_est":0.01930717942381045,"Rc_est":0.005548243901039884},"16":{"Xc_est":0.15353805407428925,"Zc_est":0.17671722334241202,"Rc_est":0.08749310245346524},"40":{"Xc_est":0.15656431310166938,"Zc_est":0.1651243793084552,"Rc_est":0.05247548480009525},"21":{"Xc_est":0.19354189381139383,"Zc_est":0.21258540636572673,"Rc_est":0.08794367708698746},"38":{"Xc_est":0.05312194379955372,"Zc_est":0.06138730912089728,"Rc_est":0.030764603167628454},"46":{"Xc_est":0.12943263334044927,"Zc_est":0.15288474864473303,"Rc_est":0.08136915751511761},"45":{"Xc_est":0.1855466540766365,"Zc_est":0.1974547894124039,"Rc_est":0.06753393978483536},"36":{"Xc_est":0.1695765260762921,"Zc_est":0.19855066696055895,"Rc_est":0.10327714729977502},"48":{"Xc_est":0.10932743137527537,"Zc_est":0.11639732533742853,"Rc_est":0.039948092502541825},"18":{"Xc_est":0.0910063733018251,"Zc_est":0.09968464878116944,"Rc_est":0.04068008383808913},"30":{"Xc_est":0.22899285748112322,"Zc_est":0.24715917303977356,"Rc_est":0.09300498933032958},"3":{"Xc_est":0.031068820428590948,"Zc_est":0.037396305888352015,"Rc_est":0.020813747650799498}}