{"32":{"Xc_est":0.209958609218983,"Zc_est":0.23193012655894693,"Rc_est":0.09853408557691865},"29":{"Xc_est":0.11090067513829074,"Zc_est":0.15402894822855925,"Rc_est":0.10689226887978144},"1":{"Xc_est":0.1458002395258982,"Zc_est":0.19727481651619308,"Rc_est":0.13288959096064806},"54":{"Xc_est":0.1118742829072171,"Zc_est":0.17615887841148994,"Rc_est":0.13607385960275414},"2":{"Xc_est":0.17090230081863722,"Zc_est":0.22226132366668838,"Rc_est":0.1421003151754578},"41":{"Xc_est":0.08930658714883231,"Zc_est":0.09921910202466745,"Rc_est":0.04322919960407996},"51":{"Xc_est":0.11384635985235797,"Zc_est":0.14746992296865089,"Rc_est":0.0937357163985385},"53":{"Xc_est":0.1145840843721051,"Zc_est":0.14328645976257123,"Rc_est":0.08603195429546653},"27":{"Xc_est":0.14900013253215372,"Zc_est":0.17099810124746703,"Rc_est":0.08390060271320829},"42":{"Xc_est":0.18434300809276474,"Zc_est":0.20228006666612428,"Rc_est":0.08327593132329743},"33":{"Xc_est":0.09705945894110934,"Zc_est":0.13315373268106676,"Rc_est":0.09115578948679066},"28":{"Xc_est":0.13072234733044377,"Zc_est":0.1496968184481918,"Rc_est":0.07294385074788495},"50":{"Xc_est":0.16953634081887411,"Zc_est":0.19718199274974135,"Rc_est":0.10068846709780421},"52":{"Xc_est":0.051101296468694775,"Zc_est":0.05559470783943572,"Rc_est":0.02189586807986335},"26":{"Xc_est":0.1760150545805002,"Zc_est":0.19638457252911232,"Rc_est":0.08709535514862835},"10":{"Xc_est":0.15475601879565987,"Zc_est":0.1826549940018072,"Rc_est":0.09702278845878219},"24":{"Xc_est":0.10614744897261356,"Zc_est":0.11930775739119973,"Rc_est":0.054470726544849496},"25":{"Xc_est":0.0997430859242843,"Zc_est":0.14841243586057068,"Rc_est":0.10989798873668635},"23":{"Xc_est":0.08762951896603531,"Zc_est":0.1028514560605993,"Rc_est":0.053846907242353706},"49":{"Xc_est":0.15183889229112824,"Zc_est":0.1702212624528329,"Rc_est":0.07694302423767457},"5":{"Xc_est":0.08860464501812064,"Zc_est":0.09982410125123894,"Rc_est":0.04597899598545441},"31":{"Xc_est":0.13948496404139718,"Zc_est":0.14864282088537598,"Rc_est":0.051367626060896565},"43":{"Xc_est":0.13550969352861156,"Zc_est":0.15916308942939844,"Rc_est":0.08348659770581418},"39":{"Xc_est":0.06700053032698552,"Zc_est":0.0872294235539921,"Rc_est":0.05585607638802108},"34":{"Xc_est":0.11862645151742235,"Zc_est":0.13819754316860475,"Rc_est":0.07089658622404194},"44":{"Xc_est":0.22801460959647943,"Zc_est":0.26415196344092556,"Rc_est":0.1333626544436678},"55":{"Xc_est":0.0951449955174518,"Zc_est":0.11629451735846147,"Rc_est":0.06687185204270607},"17":{"Xc_est":0.13708962138703698,"Zc_est":0.17576788040996363,"Rc_est":0.11000356126857955},"37":{"Xc_est":0.18306876793835666,"Zc_est":0.21595961045357098,"Rc_est":0.11456168448827138},"47":{"Xc_est":0.21272058172483255,"Zc_est":0.24358433299577345,"Rc_est":0.11867300194924149},"9":{"Xc_est":0.02072501262428461,"Zc_est":0.03601348005018746,"Rc_est":0.029452412414749555},"12":{"Xc_est":0.15113774749457898,"Zc_est":0.17860500236059187,"Rc_est":0.09516894530513575},"20":{"Xc_est":0.15313010265960575,"Zc_est":0.17436629284506824,"Rc_est":0.08339529806884019},"6":{"Xc_est":0.10807578439322299,"Zc_est":0.12592922511648721,"Rc_est":0.06463586130182292},"14":{"Xc_est":0.11862645152792567,"Zc_est":0.13819754320109567,"Rc_est":0.07089658626980153},"7":{"Xc_est":0.14240615715006738,"Zc_est":0.15760068934400112,"Rc_est":0.06751639569359923},"8":{"Xc_est":0.10517940375901219,"Zc_est":0.11693692827271576,"Rc_est":0.051103211432912535},"19":{"Xc_est":0.08938618565457855,"Zc_est":0.10212081779180188,"Rc_est":0.049383916821082716},"4":{"Xc_est":0.19241807354581933,"Zc_est":0.2111058805679358,"Rc_est":0.08683880344223564},"22":{"Xc_est":0.07722350085149592,"Zc_est":0.10593288298382758,"Rc_est":0.07251418215428149},"11":{"Xc_est":0.03394880500921918,"Zc_est":0.054108319839837486,"Rc_est":0.042132990806921906},"35":{"Xc_est":0.14605087381881424,"Zc_est":0.16578776674032247,"Rc_est":0.07845206088755334},"13":{"Xc_est":0.16991229318756434,"Zc_est":0.22795869538600802,"Rc_est":0.15197032416177167},"15":{"Xc_est":0.01899937315916776,"Zc_est":0.03185899597903169,"Rc_est":0.025573803869402244},"16":{"Xc_est":0.15383638621256202,"Zc_est":0.1764740793907722,"Rc_est":0.08647234803033874},"40":{"Xc_est":0.15742378462305778,"Zc_est":0.18475931469077211,"Rc_est":0.09671481996031878},"21":{"Xc_est":0.19328828723032523,"Zc_est":0.21220337468758263,"Rc_est":0.08757802377517933},"38":{"Xc_est":0.05314290352906186,"Zc_est":0.06141842250431053,"Rc_est":0.030790492484187755},"46":{"Xc_est":0.1292805162132201,"Zc_est":0.15294004304685246,"Rc_est":0.08171416581484765},"45":{"Xc_est":0.18630448867948754,"Zc_est":0.2101705258299962,"Rc_est":0.09727428964290516},"36":{"Xc_est":0.1698330066795422,"Zc_est":0.19809937718311782,"Rc_est":0.10198094470304614},"48":{"Xc_est":0.11144697982747023,"Zc_est":0.1413518891003929,"Rc_est":0.08694784206399384},"18":{"Xc_est":0.09233708000198196,"Zc_est":0.12130103891012409,"Rc_est":0.07866260672888373},"30":{"Xc_est":0.230019198407273,"Zc_est":0.271338545316014,"Rc_est":0.1439297555694657},"3":{"Xc_est":0.030522422532170156,"Zc_est":0.036907697502004636,"Rc_est":0.020749936329231243}}