linecode_id,linecode_name,A_p_est,dist_est,x_est,r_est,scenario_id
4,hydrogen,"[276.75173916647884, 141.84299218353087, 300.00000253505186, 118.17543387450958]","[508.59292640740057, 1100.4235871077685, 591.8306607003681, 1310.048362690499, 801.4554362830987, 209.6247755827305]",[0.7386316483985644 0.47206987543575074 0.4235759795664526 0.4126200347425272; 0.47206987543575074 0.7596301059022152 0.4625462656486029 0.44349504892850755; 0.4235759795664526 0.4625462656486029 0.7360975827157373 0.5277596863049145; 0.4126200347425272 0.44349504892850755 0.5277596863049145 0.765365112689748],[0.13623930929882797 0.049348 0.049348 0.049348; 0.049348 0.21888278347233542 0.049348 0.049348; 0.049348 0.049348 0.12950573587899686 0.049348; 0.049348 0.049348 0.049348 0.2528363239137409],1
1,pluto,"[87.0026706344456, 299.9999952292098, 142.90272736709557, 300.00000272707945]","[259.16373450737143, 19.45928855876828, 259.818370120366, 2999.999613706956, 2833.027669217824, 2985.5236835467213]",[0.7749856793888489 0.5144304497821671 0.6771110130633738 0.3605607001910842; 0.5144304497821671 0.7360975834808051 0.5142719391657745 0.3641588483320379; 0.6771110130633738 0.5142719391657745 0.7593962636215129 0.36086461795132513; 0.3605607001910842 0.3641588483320379 0.36086461795132513 0.7360975826956282],[0.5853695838695996 0.049348 0.049348 0.049348; 0.049348 0.20479903351994963 0.049348 0.049348; 0.049348 0.049348 0.37569103189022796 0.049348; 0.049348 0.049348 0.049348 0.2047990296347777],1
10,tw2x16_lv_oh_2w_bundled,"[9.999999910139149, 9.999999910139149]",[99.99998726478782],[0.8429496002058131 0.5742647339869477; 0.5742647339869477 0.8429496002058131],[3.672459912073976 0.049348; 0.049348 3.672459912073976],1
7,abc2x16_lv_oh_2w_bundled,"[10.20608407109007, 299.9987375307436]",[2.000002017348368],[0.8423087472318691 0.8200648920852356; 0.8200648920852356 0.7360977151872666],[4.4320060281685185 0.049348; 0.049348 0.19844788174780859],1
