linecode_id,linecode_name,A_p_est,dist_est,x_est,r_est,scenario_id
4,hydrogen,"[163.72274083788713, 157.78387588887205, 299.9974810081175, 119.36809654709572]","[631.7166985422102, 1241.6105714391435, 655.1016237930859, 1455.89746265899, 934.4144756474342, 335.5683566954064]",[0.7551233056986257 0.4584483321981391 0.41599126495775807 0.40598758503838095; 0.4584483321981391 0.7562841201889625 0.4561644303049927 0.43385091914472934; 0.41599126495775807 0.4561644303049927 0.7360978444273109 0.4981968198976068; 0.40598758503838095 0.43385091914472934 0.4981968198976068 0.765049638499205],[0.19622631906450883 0.049348 0.049348 0.049348; 0.049348 0.2017547071583393 0.049348 0.049348; 0.049348 0.049348 0.12950640961762072 0.049348; 0.049348 0.049348 0.049348 0.2508031765715339],1
1,pluto,"[173.34171309848128, 203.92719808713818, 105.49982401984295, 299.99985111257155]","[605.2293047544917, 1471.2981995992118, 1589.8988500368405, 2691.8415993192702, 2435.206313075971, 1617.947344918973]",[0.7533296066973777 0.46113965480698993 0.405326427983117 0.3673708464840696; 0.46113965480698993 0.7482247502342843 0.40045536098259177 0.37366624140118265; 0.405326427983117 0.40045536098259177 0.7689295640337193 0.39935656270033865; 0.3673708464840696 0.37366624140118265 0.39935656270033865 0.736097598572509],[0.3183848548963487 0.049348 0.049348 0.049348; 0.049348 0.27803406910606077 0.049348 0.049348; 0.049348 0.049348 0.4913895839327771 0.049348; 0.049348 0.049348 0.049348 0.20479910819692124],1
10,tw2x16_lv_oh_2w_bundled,"[11.763559615593032, 11.763558736202414]",[4.207655336281895],[0.8378469556222092 0.7733331286319973; 0.7733331286319973 0.8378469579697767],[3.1292931848858876 0.049348; 0.049348 3.129293415128704],1
7,abc2x16_lv_oh_2w_bundled,"[17.290198194644958, 17.033416158748533]",[2.4857439856744072],[0.825745349806578 0.8064037188707845; 0.8064037188707845 0.826215248116507],[2.6363499410291804 0.049348; 0.049348 2.6753494945593914],1
