linecode_id,linecode_name,A_p_est,dist_est,x_est,r_est,scenario_id
4,hydrogen,"[164.615171471264, 159.2065586563297, 299.9999914688661, 124.51909584390933]","[594.2467785787857, 1186.20327531503, 593.4503091589198, 1577.6248175578023, 987.0160531283989, 394.74088164527006]",[0.7549525871270776 0.4622902794482173 0.41885965277177317 0.40094230659035324; 0.4622902794482173 0.7560021324027215 0.46237454971309766 0.43040984926646575; 0.41885965277177317 0.46237454971309766 0.7360975838745883 0.48799265978636414; 0.40094230659035324 0.43040984926646575 0.48799265978636414 0.7637224066090076],[0.1954300454881395 0.049348 0.049348 0.049348; 0.049348 0.20039278841737093 0.049348 0.049348; 0.049348 0.049348 0.12950573883579825 0.049348; 0.049348 0.049348 0.049348 0.2424695513887729],1
1,pluto,"[186.00475666153608, 208.54142974492996, 105.87382523030568, 300.00000264053165]","[734.882395502794, 2589.699283269986, 2690.987632742857, 2999.99966230491, 2703.523150604166, 1514.415561098409]",[0.7511147522984286 0.44894377021346527 0.3698014274243213 0.3605606991732485; 0.44894377021346527 0.7475218464265903 0.36739078262770936 0.3670987698363396; 0.3698014274243213 0.36739078262770936 0.7688184282433734 0.40351155982858233; 0.3605606991732485 0.3670987698363396 0.40351155982858233 0.7360975827046915],[0.30006905762983604 0.049348 0.049348 0.049348; 0.049348 0.2729741129090797 0.049348 0.049348; 0.049348 0.049348 0.4898280640093579 0.049348; 0.049348 0.049348 0.049348 0.20479902967962418],1
10,tw2x16_lv_oh_2w_bundled,"[14.445298315669966, 10.000247577103512]",[2.000005485085596],[0.8313953011554724 0.8200647831430071; 0.8200647831430071 0.8429488221449059],[2.5575079565071674 0.049348; 0.049348 3.6723701817826115],1
7,abc2x16_lv_oh_2w_bundled,"[16.91709376853201, 16.917110126549936]",[14.733242629388027],[0.8264329683148358 0.6945920173036844; 0.6945920173036844 0.826432937937086],[2.6934059512261688 0.049348; 0.049348 2.6934033945514746],1
