{"32":{"shunt_est":{"gs":1.153706624912454},"shunt_true":{"gs":0.4807111111111111}},"29":{"shunt_est":{"gs":1.1537062316148854},"shunt_true":{"gs":5.768533333333333}},"1":{"shunt_est":{"gs":0.1648153436119436},"shunt_true":{"gs":0.23074133333333333}},"54":{"shunt_est":{"gs":1.1537063182369},"shunt_true":{"gs":1.1537066666666667}},"24":{"shunt_est":{"gs":0.16481631682420764},"shunt_true":{"gs":0.4807111111111111}},"2":{"shunt_est":{"gs":1.1537065353223077},"shunt_true":{"gs":0.19228444444444445}},"25":{"shunt_est":{"gs":0.1648205013448182},"shunt_true":{"gs":1.1537066666666667}},"23":{"shunt_est":{"gs":0.1648163761013361},"shunt_true":{"gs":0.4807111111111111}},"41":{"shunt_est":{"gs":0.16481580877954163},"shunt_true":{"gs":0.4807111111111111}},"51":{"shunt_est":{"gs":1.1537065637998547},"shunt_true":{"gs":0.23074133333333333}},"53":{"shunt_est":{"gs":0.16481541173881528},"shunt_true":{"gs":0.23074133333333333}},"49":{"shunt_est":{"gs":1.153704423961297},"shunt_true":{"gs":0.4807111111111111}},"27":{"shunt_est":{"gs":0.16481536233002458},"shunt_true":{"gs":0.19228444444444445}},"5":{"shunt_est":{"gs":0.1648158712089959},"shunt_true":{"gs":5.768533333333333}},"31":{"shunt_est":{"gs":1.1537063251284325},"shunt_true":{"gs":2.8842666666666665}},"42":{"shunt_est":{"gs":1.1537063300100523},"shunt_true":{"gs":2.8842666666666665}},"33":{"shunt_est":{"gs":0.1648152908505966},"shunt_true":{"gs":0.5768533333333333}},"28":{"shunt_est":{"gs":0.16481532949589833},"shunt_true":{"gs":0.3845688888888889}},"43":{"shunt_est":{"gs":0.16481830785509036},"shunt_true":{"gs":0.23074133333333333}},"50":{"shunt_est":{"gs":0.16481542719910086},"shunt_true":{"gs":1.4421333333333333}},"52":{"shunt_est":{"gs":1.1537046490745513},"shunt_true":{"gs":0.28842666666666666}},"39":{"shunt_est":{"gs":1.15370647003677},"shunt_true":{"gs":0.3845688888888889}},"34":{"shunt_est":{"gs":1.1537063220095884},"shunt_true":{"gs":0.19228444444444445}},"44":{"shunt_est":{"gs":1.1537066072064224},"shunt_true":{"gs":5.768533333333333}},"55":{"shunt_est":{"gs":1.153704659162637},"shunt_true":{"gs":0.28842666666666666}},"26":{"shunt_est":{"gs":1.1537060372294379},"shunt_true":{"gs":1.4421333333333333}},"17":{"shunt_est":{"gs":0.16481574905027588},"shunt_true":{"gs":0.23074133333333333}},"10":{"shunt_est":{"gs":1.1537065694834217},"shunt_true":{"gs":2.8842666666666665}},"37":{"shunt_est":{"gs":0.16481701284758468},"shunt_true":{"gs":0.19228444444444445}},"47":{"shunt_est":{"gs":0.16481558629414256},"shunt_true":{"gs":2.8842666666666665}}}