{"32":{"Xc_est":0.20038407111680576,"Zc_est":0.20925487050882471,"Rc_est":0.0602812149373247},"29":{"Xc_est":0.1092578239849797,"Zc_est":0.11425395213233304,"Rc_est":0.033416963894475},"1":{"Xc_est":0.1454412684043069,"Zc_est":0.15334939680682608,"Rc_est":0.048609412112920684},"54":{"Xc_est":0.10040139466161227,"Zc_est":0.10447231059810438,"Rc_est":0.02887946730308524},"2":{"Xc_est":0.1720842518193075,"Zc_est":0.18174868865415256,"Rc_est":0.058477312722912},"41":{"Xc_est":0.09026880081029558,"Zc_est":0.09440446195870816,"Rc_est":0.027635955528701288},"51":{"Xc_est":0.11213117496640804,"Zc_est":0.11738811485524948,"Rc_est":0.03473570367679391},"53":{"Xc_est":0.11109433349418468,"Zc_est":0.1157792961415948,"Rc_est":0.03260206251950912},"27":{"Xc_est":0.15236344712035169,"Zc_est":0.1600850962520733,"Rc_est":0.04911840819529244},"42":{"Xc_est":0.17951594916019792,"Zc_est":0.18752351116754876,"Rc_est":0.05421338614880111},"33":{"Xc_est":0.09543723835235314,"Zc_est":0.09969114217866804,"Rc_est":0.028810716141108694},"28":{"Xc_est":0.13024780681597936,"Zc_est":0.1357762118648303,"Rc_est":0.03834955707685038},"50":{"Xc_est":0.17044635770872868,"Zc_est":0.1798572497073823,"Rc_est":0.05741663013563034},"52":{"Xc_est":0.049694732657380794,"Zc_est":0.05149574963422073,"Rc_est":0.013499843573234301},"26":{"Xc_est":0.16919011133646727,"Zc_est":0.17700807524682796,"Rc_est":0.052024656928619094},"10":{"Xc_est":0.14903308544110866,"Zc_est":0.1555473561723225,"Rc_est":0.04454345581679261},"24":{"Xc_est":0.10691065155925107,"Zc_est":0.11141088939897928,"Rc_est":0.031344837850083074},"25":{"Xc_est":0.09421082243765508,"Zc_est":0.09775314784648242,"Rc_est":0.02607678756129435},"23":{"Xc_est":0.08362283230174476,"Zc_est":0.08790549687813344,"Rc_est":0.027103473932796898},"49":{"Xc_est":0.1457529462233069,"Zc_est":0.15236933326884716,"Rc_est":0.04441275028658804},"5":{"Xc_est":0.08854430765786026,"Zc_est":0.09244379683333998,"Rc_est":0.026566165593740237},"31":{"Xc_est":0.1396354406007691,"Zc_est":0.14524927813719363,"Rc_est":0.03999120562829934},"43":{"Xc_est":0.13462162671284547,"Zc_est":0.14010080509254605,"Rc_est":0.03879759282180879},"39":{"Xc_est":0.06639073591047764,"Zc_est":0.06951580226552714,"Rc_est":0.02060866201103512},"34":{"Xc_est":0.11410383339042164,"Zc_est":0.11981766950494117,"Rc_est":0.036559391833100974},"44":{"Xc_est":0.22184886246441668,"Zc_est":0.23227512578357729,"Rc_est":0.06881000131536825},"55":{"Xc_est":0.0951430777325196,"Zc_est":0.09980556440562054,"Rc_est":0.0301487221272843},"17":{"Xc_est":0.13585144110393085,"Zc_est":0.14188879617098543,"Rc_est":0.04094894905655892},"37":{"Xc_est":0.17676315356416605,"Zc_est":0.1853444374951822,"Rc_est":0.055743592030443725},"47":{"Xc_est":0.2025781952854186,"Zc_est":0.2112176427333555,"Rc_est":0.059791031072713635},"9":{"Xc_est":0.02292672453065296,"Zc_est":0.024045758728130535,"Rc_est":0.007250090696468666},"12":{"Xc_est":0.15335642609463274,"Zc_est":0.16110868800377645,"Rc_est":0.04937424354640411},"20":{"Xc_est":0.15564121623332614,"Zc_est":0.16386925483139655,"Rc_est":0.05127323364493601},"6":{"Xc_est":0.10873281547020437,"Zc_est":0.11329155021791482,"Rc_est":0.031814307955710726},"14":{"Xc_est":0.11451375897256412,"Zc_est":0.12026416600574781,"Rc_est":0.03674328007992152},"7":{"Xc_est":0.1422063290995133,"Zc_est":0.14818382657825244,"Rc_est":0.04166301025387517},"8":{"Xc_est":0.10067298147553398,"Zc_est":0.10521625722246598,"Rc_est":0.03058449909236567},"19":{"Xc_est":0.08925263176036446,"Zc_est":0.0932136095925682,"Rc_est":0.02688391223621487},"4":{"Xc_est":0.1875581248509905,"Zc_est":0.1957441455355159,"Rc_est":0.05601535783880603},"22":{"Xc_est":0.07615600232227854,"Zc_est":0.08007157863097848,"Rc_est":0.024732994455707855},"11":{"Xc_est":0.03633527375563114,"Zc_est":0.03745175969383946,"Rc_est":0.009076463257703449},"35":{"Xc_est":0.14564424545183474,"Zc_est":0.1518489322967567,"Rc_est":0.042963379830161304},"13":{"Xc_est":0.17064614688051474,"Zc_est":0.17936812717190861,"Rc_est":0.05525230854898069},"15":{"Xc_est":0.02120841077049003,"Zc_est":0.02199175455170065,"Rc_est":0.005817265753978297},"16":{"Xc_est":0.15841549775790473,"Zc_est":0.16689392935421407,"Rc_est":0.052517746766256784},"40":{"Xc_est":0.15204290101303222,"Zc_est":0.15827423563913703,"Rc_est":0.04397374124058995},"21":{"Xc_est":0.18971244258058795,"Zc_est":0.19824557444956764,"Rc_est":0.05753691787840391},"38":{"Xc_est":0.05143088881974933,"Zc_est":0.05337617999670363,"Rc_est":0.014278664722273161},"46":{"Xc_est":0.1274751544170538,"Zc_est":0.13280451755781833,"Rc_est":0.03724412557858178},"45":{"Xc_est":0.17984393103429946,"Zc_est":0.1876630460045365,"Rc_est":0.053605776795331746},"36":{"Xc_est":0.17035630570066154,"Zc_est":0.179759013940871,"Rc_est":0.05737623376466079},"48":{"Xc_est":0.1060277874455271,"Zc_est":0.11058911005901122,"Rc_est":0.03143341459418979},"18":{"Xc_est":0.0877251641570735,"Zc_est":0.09213421443997852,"Rc_est":0.02816041626266296},"30":{"Xc_est":0.22359573063143687,"Zc_est":0.23407692820239648,"Rc_est":0.06926007190339757},"3":{"Xc_est":0.03419192687524893,"Zc_est":0.0353957107655552,"Rc_est":0.009152512068086573}}