linecode_id,linecode_name,A_p_est,dist_est,x_est,r_est,scenario_id
4,hydrogen,"[174.5891957053759, 174.5891957053759, 174.5891957053759, 128.06861743440788]","[851.9730954123578, 1530.2711800672987, 678.3509486650312, 1963.3335151412316, 1111.4524779873536, 433.1083862917035]",[0.7531045313304001 0.43965440660735505 0.40285714159660774 0.3871994800802124; 0.43965440660735505 0.7531045313304001 0.45397320181634887 0.4229493865798943; 0.40285714159660774 0.45397320181634887 0.7531045313304001 0.4821644603763382; 0.3871994800802124 0.4229493865798943 0.4821644603763382 0.7628393936546253],[0.18708459286158574 0.049348 0.049348 0.049348; 0.049348 0.18708459286158574 0.049348 0.049348; 0.049348 0.049348 0.18708459286158574 0.049348; 0.049348 0.049348 0.049348 0.23711703701032957],1
1,pluto,"[177.57929674908746, 177.57929674908746, 177.57929674908746, 320.0000028810439]","[289.1823736696416, 1671.8032972481979, 1696.4593117670072, 2456.8269800820185, 2300.948821295145, 1463.1675906989033]",[0.7525710408348915 0.5075442197677072 0.397299154762083 0.37311085736643823; 0.5075442197677072 0.7525710408348915 0.3963792654568675 0.3772294386072012; 0.397299154762083 0.3963792654568675 0.7525710408348915 0.4056746097389961; 0.37311085736643823 0.3772294386072012 0.4056746097389961 0.7340700405183035],[0.31196481495593753 0.049348 0.049348 0.049348; 0.049348 0.31196481495593753 0.049348 0.049348; 0.049348 0.049348 0.31196481495593753 0.049348; 0.049348 0.049348 0.049348 0.19508334029528346],1
10,tw2x16_lv_oh_2w_bundled,"[123.5016969945458, 6.000000067519778]",[2.00000586715134],[0.7639801493665053 0.8200647711400638; 0.8200647711400638 0.8589976973662051],[0.34271335186851654 0.049348; 0.049348 6.087867731240721],1
7,abc2x16_lv_oh_2w_bundled,"[319.99904035465823, 8.47061017787565]",[13.692564050166016],[0.7340701350144728 0.6991946767294797; 0.6991946767294797 0.8481641076211253],[0.18912897009525798 0.049348; 0.049348 5.329932910772453],1
