{"32":{"Xc_est":0.22343708256748332,"Zc_est":0.24163984804128757,"Rc_est":0.09200916419111843},"29":{"Xc_est":0.10477308365214182,"Zc_est":0.13004330290584254,"Rc_est":0.07703156218513296},"1":{"Xc_est":0.15362667269681957,"Zc_est":0.1847900618966024,"Rc_est":0.10269475357511901},"54":{"Xc_est":0.10069096797564969,"Zc_est":0.11766464536289353,"Rc_est":0.06087937036880549},"2":{"Xc_est":0.1785867530157636,"Zc_est":0.2079130058705411,"Rc_est":0.10646402987587078},"41":{"Xc_est":0.09011338449280692,"Zc_est":0.09668544891295781,"Rc_est":0.03503789329785285},"51":{"Xc_est":0.10866874489841356,"Zc_est":0.13257013262220552,"Rc_est":0.07593381292726369},"53":{"Xc_est":0.10752080983063551,"Zc_est":0.12275214808153972,"Rc_est":0.05922301336470958},"27":{"Xc_est":0.16019965283033813,"Zc_est":0.17557717495829425,"Rc_est":0.07185691058885436},"42":{"Xc_est":0.18226033398701608,"Zc_est":0.19607247757046076,"Rc_est":0.07228822252317585},"33":{"Xc_est":0.09381726350450978,"Zc_est":0.12103619171647113,"Rc_est":0.07647274530021617},"28":{"Xc_est":0.12841173499217048,"Zc_est":0.1445452897011924,"Rc_est":0.06636088524953698},"50":{"Xc_est":0.17088305632471273,"Zc_est":0.18363044532858397,"Rc_est":0.06722441158313786},"52":{"Xc_est":0.0427220288485584,"Zc_est":0.0476206921770681,"Rc_est":0.021037076186723742},"26":{"Xc_est":0.1717040790647235,"Zc_est":0.18263252292776463,"Rc_est":0.062228190263703256},"10":{"Xc_est":0.1520397550561209,"Zc_est":0.16779520781927196,"Rc_est":0.07098693294957473},"24":{"Xc_est":0.10902612558151105,"Zc_est":0.12068260007577983,"Rc_est":0.051745472282463456},"25":{"Xc_est":0.09639276194787016,"Zc_est":0.12103852359183183,"Rc_est":0.0732035493494111},"23":{"Xc_est":0.08780204300161709,"Zc_est":0.09506432792309939,"Rc_est":0.03644211421162004},"49":{"Xc_est":0.15006308093649606,"Zc_est":0.1644728228461532,"Rc_est":0.06732296186910322},"5":{"Xc_est":0.086576365515551,"Zc_est":0.09558692640824303,"Rc_est":0.040514114013422274},"31":{"Xc_est":0.1373991791976659,"Zc_est":0.14625114806635806,"Rc_est":0.05010852089750287},"43":{"Xc_est":0.13307575670975277,"Zc_est":0.14801326483851,"Rc_est":0.06479791311671687},"39":{"Xc_est":0.06645669243210449,"Zc_est":0.08094552363822365,"Rc_est":0.046213481020703134},"34":{"Xc_est":0.11643342999378951,"Zc_est":0.12894321947077286,"Rc_est":0.05540406327490084},"44":{"Xc_est":0.24066286309016985,"Zc_est":0.2610122822506717,"Rc_est":0.10103859566990453},"55":{"Xc_est":0.095959924861769,"Zc_est":0.11020435100125553,"Rc_est":0.05419125206277834},"17":{"Xc_est":0.13482610171279605,"Zc_est":0.16429578662976768,"Rc_est":0.09388837947917153},"37":{"Xc_est":0.18041279759177742,"Zc_est":0.20181045711642892,"Rc_est":0.09043607171173652},"47":{"Xc_est":0.22616229965195214,"Zc_est":0.24639675202911518,"Rc_est":0.0977853446414026},"9":{"Xc_est":0.0184842886849062,"Zc_est":0.023886257873074915,"Rc_est":0.015128925506858775},"12":{"Xc_est":0.15896687572470244,"Zc_est":0.17303840676232177,"Rc_est":0.06835073252840626},"20":{"Xc_est":0.16090916279554773,"Zc_est":0.17352037481888027,"Rc_est":0.06494275791588017},"6":{"Xc_est":0.10869190925815711,"Zc_est":0.11997522578108896,"Rc_est":0.05079491768907413},"14":{"Xc_est":0.11643342999844562,"Zc_est":0.12894321948131504,"Rc_est":0.055404063289650946},"7":{"Xc_est":0.14029077743246263,"Zc_est":0.1538957721620276,"Rc_est":0.06326457505383204},"8":{"Xc_est":0.099690727785991,"Zc_est":0.10818880066203428,"Rc_est":0.04203064812953556},"19":{"Xc_est":0.08735790619566994,"Zc_est":0.09736292956590582,"Rc_est":0.042989955556665446},"4":{"Xc_est":0.19654075103026503,"Zc_est":0.2100351146590754,"Rc_est":0.07407079434102434},"22":{"Xc_est":0.07463327655235409,"Zc_est":0.0932788363809442,"Rc_est":0.0559536893121695},"11":{"Xc_est":0.03736308417631125,"Zc_est":0.04799987299761924,"Rc_est":0.030132835057814535},"35":{"Xc_est":0.14397198636280614,"Zc_est":0.16073398619674648,"Rc_est":0.07146664579679002},"13":{"Xc_est":0.17753243311709707,"Zc_est":0.2028454634327964,"Rc_est":0.09812500816198386},"15":{"Xc_est":0.01928868470668638,"Zc_est":0.025314613531662634,"Rc_est":0.016394398450186573},"16":{"Xc_est":0.16376019653676,"Zc_est":0.17969316915915529,"Rc_est":0.07397454340989566},"40":{"Xc_est":0.15516475737653226,"Zc_est":0.17189122052612607,"Rc_est":0.0739627592930603},"21":{"Xc_est":0.19893509096009176,"Zc_est":0.21545226640189802,"Rc_est":0.08273154587226358},"38":{"Xc_est":0.04383555492937862,"Zc_est":0.05024914055149523,"Rc_est":0.024564613780748763},"46":{"Xc_est":0.12608301558472645,"Zc_est":0.1445155048418972,"Rc_est":0.07062438899395901},"45":{"Xc_est":0.18453831493432732,"Zc_est":0.20014079349358427,"Rc_est":0.0774722372301237},"36":{"Xc_est":0.1714127086491474,"Zc_est":0.1847426402685789,"Rc_est":0.0689022963838511},"48":{"Xc_est":0.1059195853597713,"Zc_est":0.121123582662177,"Rc_est":0.05875341448916263},"18":{"Xc_est":0.09249007717951971,"Zc_est":0.1050333944825294,"Rc_est":0.04977549175898843},"30":{"Xc_est":0.2426591369122671,"Zc_est":0.26508831799022675,"Rc_est":0.10671625746755357},"3":{"Xc_est":0.03396597316495266,"Zc_est":0.04027722913559001,"Rc_est":0.021646428199556082}}