linecode_id,linecode_name,A_p_est,dist_est,x_est,r_est,scenario_id
3,uglv_120cu_xlpe/nyl/pvc_ug_4w_bundled,"[137.14961607821823, 136.24357497485224, 144.27420659223438, 135.92505200515524]","[22.038633324809773, 30.505559999315945, 20.864419141424754, 22.115607280162212, 30.505245689643786, 21.287652514610485]",[0.7606872021181085 0.6692901596718395 0.6488627232070601 0.6690710897752277; 0.6692901596718395 0.7608954318212816 0.6727303184074724 0.648863370590916; 0.6488627232070601 0.6727303184074724 0.75909619273272 0.6714685302224075; 0.6690710897752277 0.648863370590916 0.6714685302224075 0.7609689650737772],[0.2519161249113064 0.049348 0.049348 0.049348; 0.049348 0.2532632346552727 0.049348 0.049348; 0.049348 0.049348 0.24191284729658954 0.049348; 0.049348 0.049348 0.049348 0.25374108391963335],1
5,ugsc_16cu_xlpe/nyl/pvc_ug_2w_bundled,"[17.069200186508795, 17.069162100804228]",[4.8405139421600065],[0.8261517604173638 0.7645294018288772; 0.7645294018288772 0.8261518305144873],[1.6077393145209975 0.049348; 0.049348 1.607742791694092],1
8,ugsc_25cu_xlpe/nyl/pvc_ug_2w_bundled,"[14.987451800660102, 14.987449872243783]",[7.704029249159829],[0.830237800034631 0.7353299533344712; 0.7353299533344712 0.8302378040768881],[1.798164800714932 0.049348; 0.049348 1.7981650257329895],1
