{"32":{"Xc_est":0.2182409049091081,"Zc_est":0.23322179879467278,"Rc_est":0.08223937534707124},"29":{"Xc_est":0.1053239297347045,"Zc_est":0.12233153968138775,"Rc_est":0.06222439574682889},"1":{"Xc_est":0.15660542820157358,"Zc_est":0.17767047396158894,"Rc_est":0.08391386759968483},"54":{"Xc_est":0.10369534878311118,"Zc_est":0.11007212417420996,"Rc_est":0.036920822864226904},"2":{"Xc_est":0.1815537324620863,"Zc_est":0.2022482515635431,"Rc_est":0.08912125161596078},"41":{"Xc_est":0.09230296183115731,"Zc_est":0.0972408133967758,"Rc_est":0.03059312058719229},"51":{"Xc_est":0.11176528241259177,"Zc_est":0.12770677001810998,"Rc_est":0.06178625053919391},"53":{"Xc_est":0.1102239662724859,"Zc_est":0.1166773413779858,"Rc_est":0.03826590192582591},"27":{"Xc_est":0.16124066775651036,"Zc_est":0.17002726626274878,"Rc_est":0.053951073522389786},"42":{"Xc_est":0.18324332145325492,"Zc_est":0.1951139967037037,"Rc_est":0.06701758614328023},"33":{"Xc_est":0.09364099214773576,"Zc_est":0.10756648425193316,"Rc_est":0.05293310045622754},"28":{"Xc_est":0.1302624608148785,"Zc_est":0.14237606830795407,"Rc_est":0.05746856644534861},"50":{"Xc_est":0.1779557166017993,"Zc_est":0.18927990148226626,"Rc_est":0.0644875494485293},"52":{"Xc_est":0.04498999076726897,"Zc_est":0.04883451275554856,"Rc_est":0.01899237654515326},"26":{"Xc_est":0.17416937006185423,"Zc_est":0.18347652704847606,"Rc_est":0.057694596887637936},"10":{"Xc_est":0.15261100328185523,"Zc_est":0.16115601749228523,"Rc_est":0.05177976101991315},"24":{"Xc_est":0.10692687275863352,"Zc_est":0.1127875437385287,"Rc_est":0.035884173456128536},"25":{"Xc_est":0.09365959303068079,"Zc_est":0.09937748605124887,"Rc_est":0.03322296445522905},"23":{"Xc_est":0.08993988106103087,"Zc_est":0.09482367062446852,"Rc_est":0.030039079636788386},"49":{"Xc_est":0.14989887469890745,"Zc_est":0.16062579977436353,"Rc_est":0.057714598821746683},"5":{"Xc_est":0.0887614805562164,"Zc_est":0.09591500159380269,"Rc_est":0.03634676189439152},"31":{"Xc_est":0.1392461551936377,"Zc_est":0.14659427998783536,"Rc_est":0.04583002497207735},"43":{"Xc_est":0.1345218971439727,"Zc_est":0.14213550393689078,"Rc_est":0.04589510505686121},"39":{"Xc_est":0.0686859318659236,"Zc_est":0.07837692663882345,"Rc_est":0.03775162768752115},"34":{"Xc_est":0.11855426151208356,"Zc_est":0.12835874220802956,"Rc_est":0.04920217249829409},"44":{"Xc_est":0.2350088653096139,"Zc_est":0.2478349455820244,"Rc_est":0.0786955747010767},"55":{"Xc_est":0.09815821235460828,"Zc_est":0.10846815221110688,"Rc_est":0.04615523146339401},"17":{"Xc_est":0.13654537960194024,"Zc_est":0.15615422360762551,"Rc_est":0.07575949352960562},"37":{"Xc_est":0.18130755628465947,"Zc_est":0.19752992123802235,"Rc_est":0.07839413127514297},"47":{"Xc_est":0.22048776086291277,"Zc_est":0.23261206182655506,"Rc_est":0.07411827451351023},"9":{"Xc_est":0.018415911113446065,"Zc_est":0.021835159144807197,"Rc_est":0.011731512806995994},"12":{"Xc_est":0.1618037495958192,"Zc_est":0.17066729298908045,"Rc_est":0.05428509475863585},"20":{"Xc_est":0.16407234459342887,"Zc_est":0.17491768946954087,"Rc_est":0.06063385052079296},"6":{"Xc_est":0.10853158305332858,"Zc_est":0.11461239941049439,"Rc_est":0.0368360907069295},"14":{"Xc_est":0.11855426154001497,"Zc_est":0.12835874225702826,"Rc_est":0.04920217255882041},"7":{"Xc_est":0.14215954451472093,"Zc_est":0.15309626198972762,"Rc_est":0.05682542862657872},"8":{"Xc_est":0.10294887879572785,"Zc_est":0.11013741808158098,"Rc_est":0.039137951100939074},"19":{"Xc_est":0.08953125155190804,"Zc_est":0.09726752834717488,"Rc_est":0.038014826927363896},"4":{"Xc_est":0.19125450579838174,"Zc_est":0.20142915089930424,"Rc_est":0.06320930978765268},"22":{"Xc_est":0.07674064964189188,"Zc_est":0.08889140697264018,"Rc_est":0.04486150829069331},"11":{"Xc_est":0.03686775968489665,"Zc_est":0.039358912394580864,"Rc_est":0.01378014080846056},"35":{"Xc_est":0.1458020447659021,"Zc_est":0.15862295370635623,"Rc_est":0.062474036083886186},"13":{"Xc_est":0.17975009544740098,"Zc_est":0.19030063445030626,"Rc_est":0.06248387519063881},"15":{"Xc_est":0.01901184166071039,"Zc_est":0.02032619001515127,"Rc_est":0.007190540814160784},"16":{"Xc_est":0.16708729415902127,"Zc_est":0.18008216937645127,"Rc_est":0.06716713376306586},"40":{"Xc_est":0.15568309428378171,"Zc_est":0.16444896184687482,"Rc_est":0.052973910623457146},"21":{"Xc_est":0.19344163362299197,"Zc_est":0.2067009600567544,"Rc_est":0.07283969569988687},"38":{"Xc_est":0.047000852168098524,"Zc_est":0.052481378107064554,"Rc_est":0.023349838189786726},"46":{"Xc_est":0.12764925437754027,"Zc_est":0.14077542298561396,"Rc_est":0.05935812980238296},"45":{"Xc_est":0.18381662057572554,"Zc_est":0.19372379131136006,"Rc_est":0.06115846074066232},"36":{"Xc_est":0.17833186736100987,"Zc_est":0.1899123259574417,"Rc_est":0.06530265411222402},"48":{"Xc_est":0.10862325512396198,"Zc_est":0.11499609781522262,"Rc_est":0.037750376938554084},"18":{"Xc_est":0.09432498270596099,"Zc_est":0.09981279242691107,"Rc_est":0.03264033041465414},"30":{"Xc_est":0.23687614342473054,"Zc_est":0.24995772775767197,"Rc_est":0.07980324769083616},"3":{"Xc_est":0.033870083122890804,"Zc_est":0.03818343106763459,"Rc_est":0.01762929032449321}}