linecode_id,linecode_name,A_p_est,dist_est,x_est,r_est,scenario_id
5,ugsc_25cu_xlpe/nyl/pvc_ug_2w_bundled,"[20.00362712002246, 20.00372049616319]",[2.0217110342588356],[0.8211680143602679 0.8193865571660214; 0.8193865571660214 0.821167869670914],[1.3596257487121153 0.049348; 0.049348 1.3596196324159253],1
2,uglv_120cu_xlpe/nyl/pvc_ug_4w_bundled,"[20.083220269884674, 20.192873881420308, 20.017786561643046, 20.07415771512941]","[1.0000012095750634, 1.5701838242963138, 1.0000001876717657, 1.9661243577853769, 1.0000001478800806, 1.000000780987533]",[0.8210432514847574 0.8636167031111881 0.8352674395075805 0.8211383086510371; 0.8636167031111881 0.8208722382499268 0.8636167673193711 0.8636167698195619; 0.8352674395075805 0.8636167673193711 0.8211457978488562 0.8636167300401729; 0.8211383086510371 0.8636167698195619 0.8636167300401729 0.8210574737953895],[1.432698886358115 0.049348 0.049348 0.049348; 0.049348 1.4251868590161447 0.049348 0.049348; 0.049348 0.049348 1.4372207538490591 0.049348; 0.049348 0.049348 0.049348 1.433323405370632],1
3,ugsc_16cu_xlpe/nyl/pvc_ug_2w_bundled,"[20.003622512994216, 20.00367065228973]",[2.0216321515149205],[0.8211680177956395 0.8193890087811024; 0.8193890087811024 0.8211679437949224],[1.3791318078675998 0.049348; 0.049348 1.3791286077121478],1
