{"32":{"Xc_est":0.21195783802609436,"Zc_est":0.4258297840983794,"Rc_est":0.3693303127615934},"29":{"Xc_est":0.09703377632400305,"Zc_est":0.1942098511220185,"Rc_est":0.1682317227075201},"1":{"Xc_est":0.12971016780274525,"Zc_est":0.26013803329182894,"Rc_est":0.2254929460837398},"54":{"Xc_est":0.08143147517966288,"Zc_est":0.16317229293989158,"Rc_est":0.1414005375991398},"2":{"Xc_est":0.1677195125257365,"Zc_est":0.3366477818372151,"Rc_est":0.2918936349666544},"41":{"Xc_est":0.07423619865677245,"Zc_est":0.14919522712176503,"Rc_est":0.1294148469261053},"51":{"Xc_est":0.0987742549677455,"Zc_est":0.19808767363959554,"Rc_est":0.17170431853483978},"53":{"Xc_est":0.10765671493301145,"Zc_est":0.21600287154388495,"Rc_est":0.18726257566592525},"27":{"Xc_est":0.144364830216133,"Zc_est":0.29012868093820776,"Rc_est":0.25166137427029095},"42":{"Xc_est":0.17437878207258625,"Zc_est":0.35040928472365085,"Rc_est":0.30393865694153166},"33":{"Xc_est":0.09086463449202671,"Zc_est":0.18154818505773235,"Rc_est":0.15717303107208636},"28":{"Xc_est":0.1332571068566038,"Zc_est":0.26738370413272833,"Rc_est":0.23181153704668384},"50":{"Xc_est":0.1626512496046957,"Zc_est":0.32685615216419445,"Rc_est":0.28351281313128335},"52":{"Xc_est":0.03962374186603567,"Zc_est":0.07951172373920379,"Rc_est":0.06893528336427751},"26":{"Xc_est":0.16443108278363233,"Zc_est":0.33059766106999194,"Rc_est":0.2868052170368446},"10":{"Xc_est":0.14643159798563923,"Zc_est":0.2942631929097973,"Rc_est":0.2552422649422323},"24":{"Xc_est":0.1020456193675266,"Zc_est":0.2050518397599455,"Rc_est":0.17785653925801057},"25":{"Xc_est":0.08631091699593922,"Zc_est":0.1730998619895581,"Rc_est":0.15004661884935677},"23":{"Xc_est":0.07165429184670145,"Zc_est":0.1439542302556805,"Rc_est":0.12485384602988091},"49":{"Xc_est":0.14591680996233558,"Zc_est":0.29318055969015777,"Rc_est":0.25428945151273935},"5":{"Xc_est":0.07640503990739243,"Zc_est":0.1530956175088193,"Rc_est":0.13266701917641954},"31":{"Xc_est":0.143654432398235,"Zc_est":0.28882583797549793,"Rc_est":0.25056689472990945},"43":{"Xc_est":0.14512727878283332,"Zc_est":0.29104541626567354,"Rc_est":0.25228061218085895},"39":{"Xc_est":0.055950430820916344,"Zc_est":0.11188940093145991,"Rc_est":0.09689575497283065},"34":{"Xc_est":0.08593528880805036,"Zc_est":0.17259704104634352,"Rc_est":0.14968254646227183},"44":{"Xc_est":0.2175378369139266,"Zc_est":0.43705720209706966,"Rc_est":0.3790729315260174},"55":{"Xc_est":0.07641664294746713,"Zc_est":0.15337233912988588,"Rc_est":0.13297958900076373},"17":{"Xc_est":0.13923781892868425,"Zc_est":0.2787372453247019,"Rc_est":0.24146900776535687},"37":{"Xc_est":0.1720157109655346,"Zc_est":0.345226186764285,"Rc_est":0.2993187518496472},"47":{"Xc_est":0.2146514697047857,"Zc_est":0.4312166685298296,"Rc_est":0.3739954034096414},"9":{"Xc_est":0.019613439663658246,"Zc_est":0.03920849112270486,"Rc_est":0.03395023947896779},"12":{"Xc_est":0.14371507324985774,"Zc_est":0.28885880444725454,"Rc_est":0.2505701231741032},"20":{"Xc_est":0.1590246065034616,"Zc_est":0.3195341984245919,"Rc_est":0.277152085486048},"6":{"Xc_est":0.10447102003823233,"Zc_est":0.209792033810114,"Rc_est":0.18192994097276916},"14":{"Xc_est":0.08593582532631382,"Zc_est":0.17259807856467865,"Rc_est":0.14968343478723445},"7":{"Xc_est":0.14633694055885382,"Zc_est":0.2938778199181917,"Rc_est":0.25485225694065095},"8":{"Xc_est":0.09272399883477636,"Zc_est":0.18625516597114977,"Rc_est":0.1615340425143534},"19":{"Xc_est":0.0737726846237081,"Zc_est":0.14800506226029098,"Rc_est":0.12830857125727615},"4":{"Xc_est":0.18328398880901473,"Zc_est":0.36843611583679403,"Rc_est":0.31961250116220496},"22":{"Xc_est":0.059336217127214465,"Zc_est":0.11851275526252365,"Rc_est":0.10258891995214146},"11":{"Xc_est":0.027394850794684653,"Zc_est":0.054886090488079554,"Rc_est":0.04756054119753709},"35":{"Xc_est":0.1500454295236366,"Zc_est":0.3011512740877754,"Rc_est":0.2611100514414523},"13":{"Xc_est":0.17419335958553095,"Zc_est":0.34947861264247043,"Rc_est":0.3029719032696131},"15":{"Xc_est":0.02041450240542953,"Zc_est":0.04083745669555673,"Rc_est":0.035368714436634294},"16":{"Xc_est":0.1620034093209891,"Zc_est":0.32529459669677296,"Rc_est":0.2820841541251338},"40":{"Xc_est":0.15957593797729344,"Zc_est":0.32003143370382864,"Rc_est":0.2774087932586043},"21":{"Xc_est":0.18412843773675805,"Zc_est":0.3700020122601659,"Rc_est":0.32093333808314894},"38":{"Xc_est":0.03962967810765661,"Zc_est":0.07952320336451797,"Rc_est":0.06894511212869267},"46":{"Xc_est":0.1319525602617369,"Zc_est":0.26451802728043405,"Rc_est":0.22925598922755572},"45":{"Xc_est":0.17454681087804763,"Zc_est":0.35081795506480973,"Rc_est":0.3043134049103948},"36":{"Xc_est":0.16226224569289813,"Zc_est":0.3261039026029109,"Rc_est":0.28286873089040143},"48":{"Xc_est":0.09883282885453257,"Zc_est":0.19825591043365243,"Rc_est":0.1718647083100166},"18":{"Xc_est":0.07623984831778384,"Zc_est":0.1529162824978312,"Rc_est":0.13255517712046494},"30":{"Xc_est":0.21489285886992324,"Zc_est":0.43188788282527585,"Rc_est":0.3746307549281165},"3":{"Xc_est":0.027227835041886497,"Zc_est":0.0544868300242688,"Rc_est":0.04719597064395834}}