linecode_id,linecode_name,A_p_est,dist_est,x_est,r_est,scenario_id
5,ugsc_25cu_xlpe/nyl/pvc_ug_2w_bundled,"[14.97916758723628, 14.979166592922514]",[9.082511204723543],[0.830255169818801 0.7249873507492057; 0.7249873507492057 0.8302551719041881],[1.799131982070766 0.049348; 0.049348 1.7991320982210397],1
2,uglv_120cu_xlpe/nyl/pvc_ug_4w_bundled,"[139.92387732296245, 137.44168804819356, 142.04423120193547, 137.85626257229723]","[22.058918530181746, 21.93444534178526, 30.39075218138661, 31.08767691112205, 21.54542680828259, 21.416655502455487]",[0.7600580614307322 0.6692323532830393 0.6695879032821583 0.6476750389518883; 0.6692323532830393 0.7606203701658123 0.6490996378281401 0.6707122609924947; 0.6695879032821583 0.6490996378281401 0.759585566200951 0.671088917917964; 0.6476750389518883 0.6707122609924947 0.671088917917964 0.7605257506231297],[0.24789982040978925 0.049348 0.049348 0.049348; 0.049348 0.25148565529079137 0.049348 0.049348; 0.049348 0.049348 0.24493595402098434 0.049348; 0.049348 0.049348 0.049348 0.25087776762082303],1
3,ugsc_16cu_xlpe/nyl/pvc_ug_2w_bundled,"[63.92519181497451, 10.000010142460306]",[2.0000027416245363],[0.7846688852041288 0.8200648693314025; 0.8200648693314025 0.842949568059969],[0.46546710048652085 0.049348; 0.049348 2.70939463370581],1
