linecode_id,linecode_name,A_p_est,dist_est,x_est,r_est,scenario_id
3,uglv_120cu_xlpe/nyl/pvc_ug_4w_bundled,"[135.39284185839568, 133.84419031251846, 150.24101934102325, 132.82901188882013]","[23.176481091749107, 30.546647320395525, 20.87321417508426, 23.173435068825704, 32.05948299078397, 21.442525293639523]",[0.7610922148541538 0.6661271311366087 0.648778152998671 0.6661353895210225; 0.6661271311366087 0.7614536285359731 0.6727038382494394 0.6457409744313864; 0.648778152998671 0.6727038382494394 0.7578230562262961 0.6710130671486826; 0.6661353895210225 0.6457409744313864 0.6710130671486826 0.7616928201694768],[0.254544524276571 0.049348 0.049348 0.049348; 0.049348 0.25691876191652796 0.049348 0.049348; 0.049348 0.049348 0.23426514635008686 0.049348; 0.049348 0.049348 0.049348 0.2585051725650138],1
5,ugsc_16cu_xlpe/nyl/pvc_ug_2w_bundled,"[11.384649008706479, 299.99894558432874]",[2.0000016754783347],[0.8388755486404423 0.8200649028254147; 0.8200649028254147 0.736097693399811],[2.3858709174946555 0.049348; 0.049348 0.13801662270020273],1
8,ugsc_25cu_xlpe/nyl/pvc_ug_2w_bundled,"[9.99999993299151, 9.99999993299151]",[73.10981838288598],[0.8429496001340201 0.5939441804952792; 0.5939441804952792 0.8429496001340201],[2.670378768453096 0.049348; 0.049348 2.670378768453096],1
