{"32":{"Xc_est":0.21998165725179353,"Zc_est":0.23542828463405122,"Rc_est":0.08387221040658381},"29":{"Xc_est":0.1058316105697705,"Zc_est":0.12320976015947817,"Rc_est":0.0630897392827437},"1":{"Xc_est":0.15450509750207903,"Zc_est":0.17581194867452732,"Rc_est":0.08389288493434753},"54":{"Xc_est":0.10292734359115537,"Zc_est":0.11529894836737214,"Rc_est":0.05195969049070824},"2":{"Xc_est":0.17947540343508583,"Zc_est":0.20043856953470876,"Rc_est":0.08924236504560748},"41":{"Xc_est":0.09209267964090707,"Zc_est":0.09803183965108506,"Rc_est":0.03360327278604443},"51":{"Xc_est":0.10963129396135753,"Zc_est":0.12572983092556098,"Rc_est":0.06155460802351487},"53":{"Xc_est":0.10855157794662096,"Zc_est":0.1198040237916527,"Rc_est":0.050690818122906246},"27":{"Xc_est":0.1593740536399675,"Zc_est":0.17077931702851534,"Rc_est":0.061363557190656004},"42":{"Xc_est":0.18049505410463929,"Zc_est":0.19252954830350763,"Rc_est":0.06700121203169403},"33":{"Xc_est":0.09104862712767535,"Zc_est":0.10366298767283504,"Rc_est":0.04955968635316298},"28":{"Xc_est":0.13027688706371485,"Zc_est":0.14263541664637525,"Rc_est":0.058075767570245275},"50":{"Xc_est":0.17648387393822998,"Zc_est":0.18807857278287374,"Rc_est":0.06501531957775551},"52":{"Xc_est":0.04472046600647175,"Zc_est":0.04863401123225801,"Rc_est":0.019114051603556042},"26":{"Xc_est":0.17061257699524118,"Zc_est":0.18104696613473817,"Rc_est":0.06057518070658914},"10":{"Xc_est":0.15023130326238593,"Zc_est":0.16271866584754177,"Rc_est":0.06251335645515275},"24":{"Xc_est":0.10852847699643459,"Zc_est":0.11668262884474516,"Rc_est":0.04285330273100224},"25":{"Xc_est":0.09438329441366469,"Zc_est":0.10691464511503412,"Rc_est":0.05022484520331725},"23":{"Xc_est":0.08976987125376888,"Zc_est":0.09606878172722429,"Rc_est":0.03421375509403816},"49":{"Xc_est":0.1472471687167874,"Zc_est":0.15818048677208618,"Rc_est":0.057787002866943014},"5":{"Xc_est":0.08852676879052712,"Zc_est":0.09582832536269985,"Rc_est":0.03668895132499724},"31":{"Xc_est":0.13935552970753123,"Zc_est":0.14764764251926973,"Rc_est":0.04878383627218599},"43":{"Xc_est":0.13494031258355202,"Zc_est":0.14669869734024116,"Rc_est":0.05754667532687661},"39":{"Xc_est":0.0683539906181935,"Zc_est":0.0781747144980378,"Rc_est":0.03793439011527189},"34":{"Xc_est":0.11812187227717579,"Zc_est":0.1279634136759241,"Rc_est":0.04921238187011728},"44":{"Xc_est":0.23855275753612906,"Zc_est":0.25568690427987883,"Rc_est":0.09202377351606884},"55":{"Xc_est":0.09765036255104408,"Zc_est":0.10796938013465203,"Rc_est":0.046062932389402234},"17":{"Xc_est":0.1365575185720714,"Zc_est":0.15644874079323157,"Rc_est":0.07634299324251134},"37":{"Xc_est":0.17855215053172777,"Zc_est":0.19497627556221134,"Rc_est":0.07832545928755605},"47":{"Xc_est":0.22266500529450858,"Zc_est":0.23934067861403763,"Rc_est":0.08777389051776455},"9":{"Xc_est":0.01842851552435851,"Zc_est":0.021887375672031126,"Rc_est":0.011808769172826496},"12":{"Xc_est":0.16001737615236022,"Zc_est":0.17183207364179048,"Rc_est":0.06261550016850267},"20":{"Xc_est":0.16199005037187522,"Zc_est":0.17300409710705453,"Rc_est":0.06074241678057013},"6":{"Xc_est":0.10991603372303141,"Zc_est":0.11898177210202533,"Rc_est":0.04555356872008731},"14":{"Xc_est":0.11834276398898949,"Zc_est":0.12835180271332974,"Rc_est":0.04969079865737572},"7":{"Xc_est":0.14218590407978612,"Zc_est":0.15337661496882954,"Rc_est":0.05751134410105928},"8":{"Xc_est":0.1008167089230868,"Zc_est":0.10807162130894028,"Rc_est":0.038928993491491454},"19":{"Xc_est":0.08929652368122348,"Zc_est":0.09718570396397232,"Rc_est":0.03835611963457146},"4":{"Xc_est":0.19452533676905712,"Zc_est":0.20663707079694715,"Rc_est":0.06970489496748031},"22":{"Xc_est":0.07649025441042645,"Zc_est":0.08879450034157524,"Rc_est":0.04509661041739437},"11":{"Xc_est":0.036581964504955496,"Zc_est":0.04336736296902565,"Rc_est":0.02329137273424204},"35":{"Xc_est":0.14582936293758536,"Zc_est":0.15892086055444904,"Rc_est":0.06316357197455381},"13":{"Xc_est":0.17843563139817742,"Zc_est":0.19706932475731848,"Rc_est":0.08364833655153711},"15":{"Xc_est":0.019220434346756316,"Zc_est":0.02301872684637003,"Rc_est":0.012666360532916567},"16":{"Xc_est":0.16500493686760564,"Zc_est":0.17819140397337055,"Rc_est":0.06727218785886493},"40":{"Xc_est":0.1533433836186187,"Zc_est":0.1664602571552327,"Rc_est":0.06476746029125531},"21":{"Xc_est":0.1967319685471025,"Zc_est":0.2106157641410515,"Rc_est":0.07520327556895974},"38":{"Xc_est":0.04673128533720859,"Zc_est":0.052293546495516555,"Rc_est":0.02346917075252436},"46":{"Xc_est":0.127115352688106,"Zc_est":0.14004019338931153,"Rc_est":0.05876174670220577},"45":{"Xc_est":0.18137265497437235,"Zc_est":0.19364596114282012,"Rc_est":0.06784333640435061},"36":{"Xc_est":0.17694954917707761,"Zc_est":0.18886582063214608,"Rc_est":0.06602389907513012},"48":{"Xc_est":0.1069508208062044,"Zc_est":0.11814722349906034,"Rc_est":0.050202473538821485},"18":{"Xc_est":0.0943867988758522,"Zc_est":0.1038026192872101,"Rc_est":0.04319856443048667},"30":{"Xc_est":0.2405187525325497,"Zc_est":0.25891395866094796,"Rc_est":0.09584971397802491},"3":{"Xc_est":0.03323669752488849,"Zc_est":0.0375936628512119,"Rc_est":0.017567168929843568}}