{"32":{"shunt_est":{"gs":0.5768536265108924},"shunt_true":{"gs":0.14138562091503268}},"29":{"shunt_est":{"gs":11.537066446210059},"shunt_true":{"gs":0.028277124183006534}},"1":{"shunt_est":{"gs":11.537066712781444},"shunt_true":{"gs":0.22621699346405227}},"54":{"shunt_est":{"gs":0.576854136346241},"shunt_true":{"gs":0.08483137254901961}},"24":{"shunt_est":{"gs":11.537066237144785},"shunt_true":{"gs":0.14138562091503268}},"2":{"shunt_est":{"gs":11.537066682353672},"shunt_true":{"gs":0.22621699346405227}},"25":{"shunt_est":{"gs":11.537066344720238},"shunt_true":{"gs":0.11310849673202614}},"23":{"shunt_est":{"gs":0.5768543525741038},"shunt_true":{"gs":0.14138562091503268}},"41":{"shunt_est":{"gs":0.5768537411799853},"shunt_true":{"gs":0.14138562091503268}},"51":{"shunt_est":{"gs":11.537066604122183},"shunt_true":{"gs":0.22621699346405227}},"53":{"shunt_est":{"gs":11.53706667407351},"shunt_true":{"gs":0.19793986928104573}},"49":{"shunt_est":{"gs":11.537066627732312},"shunt_true":{"gs":0.14138562091503268}},"27":{"shunt_est":{"gs":11.537066653420545},"shunt_true":{"gs":0.22621699346405227}},"5":{"shunt_est":{"gs":0.5768538405251834},"shunt_true":{"gs":0.028277124183006534}},"31":{"shunt_est":{"gs":11.53706648386919},"shunt_true":{"gs":0.05655424836601307}},"42":{"shunt_est":{"gs":11.537066673182053},"shunt_true":{"gs":0.05655424836601307}},"33":{"shunt_est":{"gs":11.537066628523819},"shunt_true":{"gs":0.11310849673202614}},"28":{"shunt_est":{"gs":11.537065812722913},"shunt_true":{"gs":0.16966274509803922}},"43":{"shunt_est":{"gs":11.53706665774182},"shunt_true":{"gs":0.22621699346405227}},"50":{"shunt_est":{"gs":11.537066660288389},"shunt_true":{"gs":0.05655424836601307}},"52":{"shunt_est":{"gs":0.576854601613498},"shunt_true":{"gs":0.16966274509803922}},"39":{"shunt_est":{"gs":0.5768535960973105},"shunt_true":{"gs":0.14138562091503268}},"34":{"shunt_est":{"gs":0.5768535624859877},"shunt_true":{"gs":0.22621699346405227}},"26":{"shunt_est":{"gs":11.537066589925205},"shunt_true":{"gs":0.08483137254901961}},"10":{"shunt_est":{"gs":11.537066630035003},"shunt_true":{"gs":0.05655424836601307}}}