linecode_id,linecode_name,A_p_est,dist_est,x_est,r_est,scenario_id
4,hydrogen,"[124.70485287520738, 124.70485287520738, 124.70485287520738, 124.70485287520738]","[10.02229654023229, 16.19124269650398, 6.170154729247138, 2999.9991196448364, 2999.015640871946, 2998.272333774643]",[0.7636755752831587 0.7188008148749623 0.6886629272863358 0.3605607105387234; 0.7188008148749623 0.7636755752831587 0.7492798860665016 0.3605813119012067; 0.6886629272863358 0.7492798860665016 0.7636755752831587 0.3605968867650365; 0.3605607105387234 0.3605813119012067 0.3605968867650365 0.7636755752831587],[0.24218188266347035 0.049348 0.049348 0.049348; 0.049348 0.24218188266347035 0.049348 0.049348; 0.049348 0.049348 0.24218188266347035 0.049348; 0.049348 0.049348 0.049348 0.24218188266347035],1
1,pluto,"[184.36828094532225, 184.36828094532225, 184.36828094532225, 184.36828094532225]","[1.0000005307589017, 279.711070828377, 279.7092810200469, 581.6625139353454, 581.6558868264049, 301.9555605210679]",[0.7513923743197344 0.863616745762528 0.5096365479456296 0.46363515308513126; 0.863616745762528 0.7513923743197344 0.5096369499947743 0.4636358689588055; 0.5096365479456296 0.5096369499947743 0.7513923743197344 0.5048284752018187; 0.46363515308513126 0.4636358689588055 0.5048284752018187 0.7513923743197344],[0.30229448881708215 0.049348 0.049348 0.049348; 0.049348 0.30229448881708215 0.049348 0.049348; 0.049348 0.049348 0.30229448881708215 0.049348; 0.049348 0.049348 0.049348 0.30229448881708215],1
10,tw2x16_lv_oh_2w_bundled,"[11.999999882045804, 11.999999882045804]",[99.99999737249699],[0.8372217862040715 0.5742647276360714; 0.5742647276360714 0.8372217862040715],[3.0686079292748514 0.049348; 0.049348 3.0686079292748514],1
7,abc2x16_lv_oh_2w_bundled,"[19.919702260416376, 19.919702260416376]",[2.0000001410464323],[0.8213000736703777 0.8200649510311054; 0.8200649510311054 0.8213000736703777],[2.2948522603327928 0.049348; 0.049348 2.2948522603327928],1
