{"32":{"Xc_est":0.22830417784043236,"Zc_est":0.2453404930606094,"Rc_est":0.08982850280299214},"29":{"Xc_est":0.12868194344532333,"Zc_est":0.15529192939172093,"Rc_est":0.08692836571187709},"1":{"Xc_est":0.17061195280966013,"Zc_est":0.20440297467335033,"Rc_est":0.11257058947073435},"54":{"Xc_est":0.10673794129369439,"Zc_est":0.1411656735925425,"Rc_est":0.09238376096057199},"2":{"Xc_est":0.19311515300774665,"Zc_est":0.21595674486850366,"Rc_est":0.09666360914529615},"41":{"Xc_est":0.10099398365148414,"Zc_est":0.10765555880490768,"Rc_est":0.037281826776603764},"51":{"Xc_est":0.13571649060748195,"Zc_est":0.1616333536336561,"Rc_est":0.08778596234052341},"53":{"Xc_est":0.13745233396328987,"Zc_est":0.15569253403977334,"Rc_est":0.07312332763058728},"27":{"Xc_est":0.17495848505297648,"Zc_est":0.1889145295188089,"Rc_est":0.07126168655933093},"42":{"Xc_est":0.19956480740969848,"Zc_est":0.21286535116652827,"Rc_est":0.07406446766688707},"33":{"Xc_est":0.11582596180218303,"Zc_est":0.14550855187318693,"Rc_est":0.08807431657884815},"28":{"Xc_est":0.1512983779879376,"Zc_est":0.16816984413562563,"Rc_est":0.0734159199003852},"50":{"Xc_est":0.19643530168390116,"Zc_est":0.21107814246329656,"Rc_est":0.07724735903647753},"52":{"Xc_est":0.06193409534009545,"Zc_est":0.06855397697282258,"Rc_est":0.029390739922537754},"26":{"Xc_est":0.1896084462410433,"Zc_est":0.20107561628279044,"Rc_est":0.06693310524367872},"10":{"Xc_est":0.17432909655769435,"Zc_est":0.19190975557521983,"Rc_est":0.08024163743542813},"24":{"Xc_est":0.13029478662220614,"Zc_est":0.13979484560901273,"Rc_est":0.0506543920891513},"25":{"Xc_est":0.11264675598923661,"Zc_est":0.12944738982418313,"Rc_est":0.06377566226543963},"23":{"Xc_est":0.09839207958100742,"Zc_est":0.10608026999538672,"Rc_est":0.03964873715541077},"49":{"Xc_est":0.17243635811931343,"Zc_est":0.18719485067650163,"Rc_est":0.07285337684929663},"5":{"Xc_est":0.08850523401331013,"Zc_est":0.09726611682163033,"Rc_est":0.040342546198873605},"31":{"Xc_est":0.16529859353525306,"Zc_est":0.17441225795697418,"Rc_est":0.05564180713202348},"43":{"Xc_est":0.15581672386968026,"Zc_est":0.17276665098976698,"Rc_est":0.07462884332977272},"39":{"Xc_est":0.08270836712202335,"Zc_est":0.09842000836713935,"Rc_est":0.0533462656143463},"34":{"Xc_est":0.11385123657269165,"Zc_est":0.1242149910098699,"Rc_est":0.04967152023495009},"44":{"Xc_est":0.24975014100326676,"Zc_est":0.2705538627691707,"Rc_est":0.10403970265320653},"55":{"Xc_est":0.10604111425996586,"Zc_est":0.11976634138071651,"Rc_est":0.05567098538940364},"17":{"Xc_est":0.15771725367583309,"Zc_est":0.18960734373571103,"Rc_est":0.10524358741255918},"37":{"Xc_est":0.19750458201062862,"Zc_est":0.21947910171867058,"Rc_est":0.09572364481172571},"47":{"Xc_est":0.23098639755489955,"Zc_est":0.25176539293071526,"Rc_est":0.10015536541876997},"9":{"Xc_est":0.02481415406623467,"Zc_est":0.03334462052757568,"Rc_est":0.022273784503428935},"12":{"Xc_est":0.17575486430649007,"Zc_est":0.19078584742974317,"Rc_est":0.07422578562799116},"20":{"Xc_est":0.17762386736345773,"Zc_est":0.19000578918183156,"Rc_est":0.06746822708104455},"6":{"Xc_est":0.13274730950374364,"Zc_est":0.14558780255240011,"Rc_est":0.05978260676445896},"14":{"Xc_est":0.11514884068525821,"Zc_est":0.1273640921099048,"Rc_est":0.054427533912729614},"7":{"Xc_est":0.16712060178673657,"Zc_est":0.18113548734219503,"Rc_est":0.06986250233947763},"8":{"Xc_est":0.12319239808254367,"Zc_est":0.13208889295541137,"Rc_est":0.047656150671851555},"19":{"Xc_est":0.08928146432687321,"Zc_est":0.09917837077856327,"Rc_est":0.04318760653172897},"4":{"Xc_est":0.2213888776532584,"Zc_est":0.2363475561707794,"Rc_est":0.08274739971340672},"22":{"Xc_est":0.08213443599184175,"Zc_est":0.10254179003112528,"Rc_est":0.06139017125802333},"11":{"Xc_est":0.041470641497671795,"Zc_est":0.05287137299976224,"Rc_est":0.03279585304046183},"35":{"Xc_est":0.1718313324425156,"Zc_est":0.18932801894999216,"Rc_est":0.07949271633651898},"13":{"Xc_est":0.19725111257649702,"Zc_est":0.2271721041376181,"Rc_est":0.11269056520244676},"15":{"Xc_est":0.02433241201232301,"Zc_est":0.03196608117546799,"Rc_est":0.020730751828603997},"16":{"Xc_est":0.18066411519288003,"Zc_est":0.19702608648998524,"Rc_est":0.07861142562714987},"40":{"Xc_est":0.17284650072070337,"Zc_est":0.1914250954431327,"Rc_est":0.0822657544426619},"21":{"Xc_est":0.22465795788581944,"Zc_est":0.24371425450744524,"Rc_est":0.09447454582422282},"38":{"Xc_est":0.06311288599693159,"Zc_est":0.0715519843322506,"Rc_est":0.03371127530991602},"46":{"Xc_est":0.1480806456716728,"Zc_est":0.16802718571768752,"Rc_est":0.07940565167333329},"45":{"Xc_est":0.20028559482513755,"Zc_est":0.2145672422081722,"Rc_est":0.07697260509013104},"36":{"Xc_est":0.19579954973224892,"Zc_est":0.20964266765848166,"Rc_est":0.07491718379392794},"48":{"Xc_est":0.12935314373938148,"Zc_est":0.14744179941828917,"Rc_est":0.07075908719339116},"18":{"Xc_est":0.1030352535847124,"Zc_est":0.11771722019872018,"Rc_est":0.056930487878183375},"30":{"Xc_est":0.2517273123131462,"Zc_est":0.27527496108797145,"Rc_est":0.11139867341034158},"3":{"Xc_est":0.04012566921884274,"Zc_est":0.04866019248911834,"Rc_est":0.02752716844897175}}