{"32":{"Xc_est":0.20996429520640816,"Zc_est":0.22573471467932965,"Rc_est":0.08289243722942793},"29":{"Xc_est":0.1035625609634407,"Zc_est":0.12245379275681746,"Rc_est":0.06534315057619453},"1":{"Xc_est":0.1399605725658207,"Zc_est":0.16338478637503684,"Rc_est":0.08429487852689549},"54":{"Xc_est":0.10049040787530507,"Zc_est":0.10547824848579081,"Rc_est":0.03205212674199726},"2":{"Xc_est":0.16489447403805585,"Zc_est":0.1891365609189061,"Rc_est":0.09264151935252356},"41":{"Xc_est":0.08686991994897875,"Zc_est":0.09204137278962302,"Rc_est":0.030417615177005232},"51":{"Xc_est":0.10614131356934622,"Zc_est":0.12213087576526464,"Rc_est":0.060415001191460926},"53":{"Xc_est":0.10424493271361776,"Zc_est":0.11002070462492622,"Rc_est":0.035178821039065056},"27":{"Xc_est":0.14343642479810156,"Zc_est":0.15342201826344526,"Rc_est":0.054445456460273024},"42":{"Xc_est":0.17624722663879705,"Zc_est":0.18875897265047964,"Rc_est":0.0675785828365543},"33":{"Xc_est":0.08837736206318662,"Zc_est":0.10455480733261995,"Rc_est":0.05586724989753567},"28":{"Xc_est":0.12421108668048554,"Zc_est":0.13566020935603854,"Rc_est":0.05454629545786878},"50":{"Xc_est":0.16244002210544256,"Zc_est":0.17746862819871279,"Rc_est":0.0714727445472488},"52":{"Xc_est":0.04626595670933811,"Zc_est":0.049450102098193886,"Rc_est":0.01745777326268877},"26":{"Xc_est":0.16712575950618516,"Zc_est":0.17742037138761269,"Rc_est":0.05955643284145863},"10":{"Xc_est":0.14536810321614582,"Zc_est":0.15376001794106603,"Rc_est":0.05010247184098726},"24":{"Xc_est":0.09882037375325312,"Zc_est":0.10424767248015883,"Rc_est":0.033198056400907394},"25":{"Xc_est":0.09044283011456283,"Zc_est":0.0946955904001946,"Rc_est":0.028059745581700407},"23":{"Xc_est":0.08456111060041493,"Zc_est":0.09063412599195117,"Rc_est":0.03261845134811384},"49":{"Xc_est":0.14377659515561814,"Zc_est":0.15576947932778673,"Rc_est":0.059936811522696656},"5":{"Xc_est":0.08913313978139394,"Zc_est":0.09893797631771566,"Rc_est":0.04294189737954479},"31":{"Xc_est":0.1331354148860383,"Zc_est":0.13986802298733567,"Rc_est":0.042872195622667926},"43":{"Xc_est":0.12811177756735695,"Zc_est":0.13470763866740854,"Rc_est":0.041635566092958966},"39":{"Xc_est":0.06470054922437908,"Zc_est":0.07432835845807016,"Rc_est":0.03658611486800792},"34":{"Xc_est":0.11546958668233401,"Zc_est":0.12652952095410824,"Rc_est":0.05173484535868518},"44":{"Xc_est":0.2264271007911999,"Zc_est":0.2409877735378785,"Rc_est":0.08249772737497452},"55":{"Xc_est":0.09273825736528729,"Zc_est":0.10364406255805862,"Rc_est":0.04627858386325695},"17":{"Xc_est":0.1303773654515087,"Zc_est":0.14893554673598278,"Rc_est":0.07199680311979037},"37":{"Xc_est":0.17433356751438023,"Zc_est":0.19221013150795221,"Rc_est":0.08094777261922229},"47":{"Xc_est":0.21177839027749867,"Zc_est":0.2237522330506598,"Rc_est":0.07221478523563045},"9":{"Xc_est":0.01829514661074598,"Zc_est":0.021523724454715717,"Rc_est":0.011338356357684185},"12":{"Xc_est":0.1449989740788799,"Zc_est":0.15503244302277222,"Rc_est":0.0548667103595744},"20":{"Xc_est":0.14757048514577323,"Zc_est":0.16074376251871828,"Rc_est":0.06372997020645173},"6":{"Xc_est":0.10060402997065891,"Zc_est":0.10609166064506352,"Rc_est":0.03367891940205451},"14":{"Xc_est":0.11546958673102108,"Zc_est":0.12652952104139892,"Rc_est":0.05173484546350758},"7":{"Xc_est":0.13607902547800133,"Zc_est":0.14649078434951432,"Rc_est":0.05424065564033471},"8":{"Xc_est":0.09750869287113212,"Zc_est":0.10540142637183349,"Rc_est":0.04001893921358065},"19":{"Xc_est":0.08649366278753441,"Zc_est":0.09417748101365173,"Rc_est":0.03725914958333074},"4":{"Xc_est":0.1918415221212187,"Zc_est":0.20320695295445268,"Rc_est":0.0670066871233544},"22":{"Xc_est":0.07375260157508286,"Zc_est":0.08647875896996586,"Rc_est":0.0451567216911562},"11":{"Xc_est":0.03625526292207641,"Zc_est":0.03746461648394162,"Rc_est":0.009442107748799604},"35":{"Xc_est":0.1396817190447978,"Zc_est":0.15190596612036472,"Rc_est":0.059702930477921856},"13":{"Xc_est":0.16240824829035105,"Zc_est":0.17375897956477682,"Rc_est":0.06177170765530295},"15":{"Xc_est":0.018702145434665286,"Zc_est":0.01954184188020145,"Rc_est":0.005666863348575104},"16":{"Xc_est":0.1486192404885692,"Zc_est":0.16261022264394642,"Rc_est":0.06598792211393431},"40":{"Xc_est":0.14831927935471478,"Zc_est":0.1561542101552398,"Rc_est":0.04884187466615994},"21":{"Xc_est":0.1940584406670214,"Zc_est":0.20887657064518303,"Rc_est":0.0772705854149965},"38":{"Xc_est":0.04825065162141541,"Zc_est":0.05291835666466934,"Rc_est":0.02173078669072881},"46":{"Xc_est":0.12251503989163708,"Zc_est":0.1353956147168206,"Rc_est":0.0576371189850456},"45":{"Xc_est":0.17646845912573067,"Zc_est":0.1864916216805341,"Rc_est":0.06031590081252025},"36":{"Xc_est":0.16259902607595464,"Zc_est":0.17775221126758317,"Rc_est":0.07181507731435334},"48":{"Xc_est":0.10268415560108704,"Zc_est":0.10874571515845713,"Rc_est":0.03579936806447898},"18":{"Xc_est":0.08867477308519577,"Zc_est":0.09487232271389089,"Rc_est":0.03372747004175819},"30":{"Xc_est":0.2281787938053737,"Zc_est":0.24279534264474076,"Rc_est":0.08296997328854476},"3":{"Xc_est":0.03361795387297046,"Zc_est":0.03696822579481458,"Rc_est":0.015378000384029936}}