linecode_id,linecode_name,A_p_est,dist_est,x_est,r_est,scenario_id
4,hydrogen,"[145.7571210873798, 145.7571210873798, 145.7571210873798, 145.7571210873798]","[604.2948945532877, 858.4611249233126, 380.74537824404496, 1198.7162316527808, 826.6433260849678, 450.6268532162716]",[0.7587749333148198 0.46123673574753776 0.43917773487034695 0.41820032545720465; 0.46123673574753776 0.7587749333148198 0.49026081334644334 0.44155077895055567; 0.43917773487034695 0.49026081334644334 0.7587749333148198 0.47967307047105157; 0.41820032545720465 0.44155077895055567 0.47967307047105157 0.7587749333148198],[0.21433013457774708 0.049348 0.049348 0.049348; 0.049348 0.21433013457774708 0.049348 0.049348; 0.049348 0.049348 0.21433013457774708 0.049348; 0.049348 0.049348 0.049348 0.21433013457774708],1
1,pluto,"[299.5859872532064, 299.5859872532064, 299.5859872532064, 299.5859872532064]","[306.7996564637576, 2999.9999931390294, 2778.862226848197, 2839.958636230208, 2589.504144513995, 454.61236224899795]",[0.736140968339759 0.5038284980283171 0.3605606922442583 0.3640053183523926; 0.5038284980283171 0.736140968339759 0.36537178330676545 0.3698061621131565; 0.3605606922442583 0.36537178330676545 0.736140968339759 0.4791198042905626; 0.3640053183523926 0.3698061621131565 0.4791198042905626 0.736140968339759],[0.20501385654403464 0.049348 0.049348 0.049348; 0.049348 0.20501385654403464 0.049348 0.049348; 0.049348 0.049348 0.20501385654403464 0.049348; 0.049348 0.049348 0.049348 0.20501385654403464],1
10,tw2x16_lv_oh_2w_bundled,"[11.999999882807916, 11.999999882807916]",[99.99999489196482],[0.8372217862020763 0.5742647291946394; 0.5742647291946394 0.8372217862020763],[3.0686079290831003 0.049348; 0.049348 3.0686079290831003],1
7,abc2x16_lv_oh_2w_bundled,"[23.264475826419126, 23.264475826419126]",[2.0000010285866376],[0.8164237371534804 0.8200649231481505; 0.8200649231481505 0.8164237371534804],[1.972012263921675 0.049348; 0.049348 1.972012263921675],1
