linecode_id,linecode_name,A_p_est,dist_est,x_est,r_est,scenario_id
4,hydrogen,"[56.193689967135924, 56.193689967135924, 56.193689967135924, 56.193689967135924]","[9.60061846833484, 57.93864719270606, 48.555597780169535, 58.934636767951616, 49.55456586072151, 1.0009946861865298]",[0.7886816109100109 0.7215016323629898 0.6085575231812577 0.607486593540704; 0.7215016323629898 0.7886816109100109 0.6196583766005127 0.6183788082178455; 0.6085575231812577 0.6196583766005127 0.7886816109100109 0.8635543120511034; 0.607486593540704 0.6183788082178455 0.8635543120511034 0.7886816109100109],[0.47728432133726767 0.049348 0.049348 0.049348; 0.049348 0.47728432133726767 0.049348 0.049348; 0.049348 0.049348 0.47728432133726767 0.049348; 0.049348 0.049348 0.049348 0.47728432133726767],1
1,pluto,"[95.59744765222202, 95.59744765222202, 95.59744765222202, 95.59744765222202]","[41.43193012257901, 40.47914597208808, 1.0011373863539845, 1.0024520989044656, 41.291420506025034, 40.34840757688403]",[0.7719347920972428 0.6296271537392204 0.6310889348994982 0.8634628974223469; 0.6296271537392204 0.7719347920972428 0.8635453554622153 0.6298406003332115; 0.6310889348994982 0.8635453554622153 0.7719347920972428 0.6312921963283229; 0.8634628974223469 0.6298406003332115 0.6312921963283229 0.7719347920972428],[0.537178067221221 0.049348 0.049348 0.049348; 0.049348 0.537178067221221 0.049348 0.049348; 0.049348 0.049348 0.537178067221221 0.049348; 0.049348 0.049348 0.049348 0.537178067221221],1
10,tw2x16_lv_oh_2w_bundled,"[77.36762447214397, 77.36762447214397]",[6.420939151836519],[0.778669321429937 0.7467766292119066; 0.7467766292119066 0.778669321429937],[0.517646193751687 0.049348; 0.049348 0.517646193751687],1
7,abc2x16_lv_oh_2w_bundled,"[75.9487289353204, 75.9487289353204]",[3.353959286567322],[0.7792456092013378 0.7875811668401399; 0.7875811668401399 0.7792456092013378],[0.6382950030290906 0.049348; 0.049348 0.6382950030290906],1
