linecode_id,linecode_name,A_p_est,dist_est,x_est,r_est,scenario_id
4,hydrogen,"[135.8964808112098, 135.8964808112098, 135.8964808112098, 135.8964808112098]","[3.3944989276345066, 9.02781536227718, 5.633316434642673, 789.4665669951689, 786.0720680675345, 780.4387516328918]",[0.7609755693528644 0.7868262633384963 0.7253668756140743 0.4444420455672839; 0.7868262633384963 0.7609755693528644 0.7549992054213913 0.4447127891490491; 0.7253668756140743 0.7549992054213913 0.7609755693528644 0.44516469035463113; 0.4444420455672839 0.4447127891490491 0.44516469035463113 0.7609755693528644],[0.22630122809948336 0.049348 0.049348 0.049348; 0.049348 0.22630122809948336 0.049348 0.049348; 0.049348 0.049348 0.22630122809948336 0.049348; 0.049348 0.049348 0.049348 0.22630122809948336],1
1,pluto,"[252.3586351755803, 252.3586351755803, 252.3586351755803, 252.3586351755803]","[121.42605050762407, 2129.148927149631, 2007.7228766420073, 2560.8378908971094, 2439.411840389486, 431.688963747478]",[0.7415303909242417 0.56206681972468 0.38210515365966025 0.37050560173665203; 0.56206681972468 0.7415303909242417 0.3857947211129595 0.37355782603431537; 0.38210515365966025 0.3857947211129595 0.7415303909242417 0.4823707173390419; 0.37050560173665203 0.37355782603431537 0.4823707173390419 0.7415303909242417],[0.2341457553132421 0.049348 0.049348 0.049348; 0.049348 0.2341457553132421 0.049348 0.049348; 0.049348 0.049348 0.2341457553132421 0.049348; 0.049348 0.049348 0.049348 0.2341457553132421],1
10,tw2x16_lv_oh_2w_bundled,"[11.999999889560355, 11.999999889560355]",[99.9999943117151],[0.8372217861843984 0.574264729559222; 0.574264729559222 0.8372217861843984],[3.0686079273841527 0.049348; 0.049348 3.0686079273841527],1
7,abc2x16_lv_oh_2w_bundled,"[14.699025172384893, 14.699025172384893]",[2.0000001912274326],[0.8308482797552234 0.8200649494546193; 0.8200649494546193 0.8308482797552234],[3.092391723359268 0.049348; 0.049348 3.092391723359268],1
