linecode_id,linecode_name,A_p_est,dist_est,x_est,r_est,scenario_id
12,tw2x16_lv_oh_2w_bundled,"[21.12704479563533, 6.000000029660371]",[1999.9959358373328],[0.8194514098839666 0.38603700345307845; 0.38603700345307845 0.8589976975644369],[1.7642645510667578 0.049348; 0.049348 6.087867769343184],1
2,pluto,"[137.50885741072295, 137.50885741072295, 137.50885741072295, 300.00000272564125]","[788.4890175042414, 98.50496308671961, 794.4942680425647, 3605.551277060319, 3234.4646137608916, 3524.0138265264404]",[0.7606050205491629 0.4445198949035705 0.5752111802607227 0.34900825038032685; 0.4445198949035705 0.7606050205491629 0.44404317008231 0.3558325132559868; 0.5752111802607227 0.44404317008231 0.7606050205491629 0.35044547253758235; 0.34900825038032685 0.3558325132559868 0.35044547253758235 0.7360975826957789],[0.3884920391004514 0.049348 0.049348 0.049348; 0.049348 0.3884920391004514 0.049348 0.049348; 0.049348 0.049348 0.3884920391004514 0.049348; 0.049348 0.049348 0.049348 0.20479902963552293],1
6,hydrogen,"[164.89232836289614, 164.89232836289614, 164.89232836289614, 116.0696567998364]","[381.25459528947977, 381.5472469946988, 14.941040052519355, 486.4034871717825, 302.0484801310922, 287.1074400785718]",[0.754899737568477 0.4901768366239425 0.490128625170259 0.4748727760806617; 0.4901768366239425 0.754899737568477 0.6937120269599364 0.504809143129216; 0.490128625170259 0.6937120269599364 0.754899737568477 0.5079966754164239; 0.4748727760806617 0.504809143129216 0.5079966754164239 0.7659299644400942],[0.19518450558914766 0.049348 0.049348 0.049348; 0.049348 0.19518450558914766 0.049348 0.049348; 0.049348 0.049348 0.19518450558914766 0.049348; 0.049348 0.049348 0.049348 0.2565280815985265],1
9,abc2x16_lv_oh_2w_bundled,"[299.99950494049943, 9.649926748818068]",[1999.9965707034469],[0.7360976348238817 0.38603698350808724; 0.38603698350808724 0.8440691018096974],[0.19844750034483302 0.049348; 0.049348 4.684593163472798],1
