{"32":{"Xc_est":0.2091443130692954,"Zc_est":0.22869228262987953,"Rc_est":0.09251387163683752},"29":{"Xc_est":0.12516445001197873,"Zc_est":0.1586641032596686,"Rc_est":0.09750978472129684},"1":{"Xc_est":0.16007068136514407,"Zc_est":0.19787204385927437,"Rc_est":0.1163216347389647},"54":{"Xc_est":0.10564520869510291,"Zc_est":0.1348835493028634,"Rc_est":0.08386096679806483},"2":{"Xc_est":0.18481975620468344,"Zc_est":0.22059058330551387,"Rc_est":0.12042368188819105},"41":{"Xc_est":0.09626341321741938,"Zc_est":0.10356012355445526,"Rc_est":0.0381844793907997},"51":{"Xc_est":0.12897505159227346,"Zc_est":0.15750217402299485,"Rc_est":0.09040116641249799},"53":{"Xc_est":0.13069094081580854,"Zc_est":0.14710093612011277,"Rc_est":0.06751713409270516},"27":{"Xc_est":0.16321798745989222,"Zc_est":0.17661053947163566,"Rc_est":0.06746236893264751},"42":{"Xc_est":0.1878747808052085,"Zc_est":0.20362641320982072,"Rc_est":0.07852886662935804},"33":{"Xc_est":0.10830602019308443,"Zc_est":0.14009988713553717,"Rc_est":0.08886947938029931},"28":{"Xc_est":0.13880269620854707,"Zc_est":0.15754398333985484,"Rc_est":0.07452461480495054},"50":{"Xc_est":0.18362238614878792,"Zc_est":0.20228157453020096,"Rc_est":0.08485667150815349},"52":{"Xc_est":0.05618843583893111,"Zc_est":0.062092675332155435,"Rc_est":0.026426501998539013},"26":{"Xc_est":0.17717011404416902,"Zc_est":0.18942680491317695,"Rc_est":0.06703182161623643},"10":{"Xc_est":0.1620378085201677,"Zc_est":0.17887376420605153,"Rc_est":0.07575996390722205},"24":{"Xc_est":0.12130325337572717,"Zc_est":0.13104482149641117,"Rc_est":0.04958090319357245},"25":{"Xc_est":0.10923901934145511,"Zc_est":0.12878000045791105,"Rc_est":0.06819915814184782},"23":{"Xc_est":0.09374449827970671,"Zc_est":0.102087369139432,"Rc_est":0.04042029168742749},"49":{"Xc_est":0.15796621234966463,"Zc_est":0.17185415813174248,"Rc_est":0.0676795938453432},"5":{"Xc_est":0.08260868671216166,"Zc_est":0.09235817688648211,"Rc_est":0.041301788308578655},"31":{"Xc_est":0.14778638104892308,"Zc_est":0.1574523629254412,"Rc_est":0.05431788073247483},"43":{"Xc_est":0.14329176028691423,"Zc_est":0.15881635730398969,"Rc_est":0.06848435428027361},"39":{"Xc_est":0.07511829519496038,"Zc_est":0.09237284288372226,"Rc_est":0.05375856982308615},"34":{"Xc_est":0.11078063720599314,"Zc_est":0.1227797184811112,"Rc_est":0.05293873525628514},"44":{"Xc_est":0.2308109584811487,"Zc_est":0.2519941195520175,"Rc_est":0.10113030076989757},"55":{"Xc_est":0.10209786463736696,"Zc_est":0.1190528587980399,"Rc_est":0.06123405281765955},"17":{"Xc_est":0.14518861162004035,"Zc_est":0.17983922353807857,"Rc_est":0.10612451827275392},"37":{"Xc_est":0.18584674568542298,"Zc_est":0.21126366317033127,"Rc_est":0.10046552888570737},"47":{"Xc_est":0.2117260933353661,"Zc_est":0.2318382614380389,"Rc_est":0.09445126186322932},"9":{"Xc_est":0.021032992520749125,"Zc_est":0.03347012978284922,"Rc_est":0.026035798687631645},"12":{"Xc_est":0.1653021357257579,"Zc_est":0.18081927317920835,"Rc_est":0.0732858340851784},"20":{"Xc_est":0.16729268813461337,"Zc_est":0.18238446375124115,"Rc_est":0.07264467712449955},"6":{"Xc_est":0.12372759152667426,"Zc_est":0.13595732254684142,"Rc_est":0.05635491681401299},"14":{"Xc_est":0.11221422184445272,"Zc_est":0.12640598921412588,"Rc_est":0.05819314843730024},"7":{"Xc_est":0.1506693314542806,"Zc_est":0.16630458083542862,"Rc_est":0.07039862332437859},"8":{"Xc_est":0.11995473723736583,"Zc_est":0.13070744268450893,"Rc_est":0.051916245891230464},"19":{"Xc_est":0.08338491214526098,"Zc_est":0.09435033777996467,"Rc_est":0.044146830755112394},"4":{"Xc_est":0.20196865947739984,"Zc_est":0.21741321776297431,"Rc_est":0.08048085391540401},"22":{"Xc_est":0.07468287350379577,"Zc_est":0.0968070070365653,"Rc_est":0.06159598214651379},"11":{"Xc_est":0.03469489019693546,"Zc_est":0.04461260059498277,"Rc_est":0.028045476035718282},"35":{"Xc_est":0.15433796800675725,"Zc_est":0.17372154250049826,"Rc_est":0.07974312484658222},"13":{"Xc_est":0.18355402535655807,"Zc_est":0.2102910613039187,"Rc_est":0.10261700755592384},"15":{"Xc_est":0.01920692742252495,"Zc_est":0.024975115948845293,"Rc_est":0.015964033188518672},"16":{"Xc_est":0.16816437054205902,"Zc_est":0.1844746570429946,"Rc_est":0.07583959105456428},"40":{"Xc_est":0.16078512027429537,"Zc_est":0.17807822959822606,"Rc_est":0.0765506430751492},"21":{"Xc_est":0.20547911782065076,"Zc_est":0.2272444566173094,"Rc_est":0.09704831375631078},"38":{"Xc_est":0.05821617023923085,"Zc_est":0.067346327869594,"Rc_est":0.033858608952462094},"46":{"Xc_est":0.13793730562299222,"Zc_est":0.16180744317322673,"Rc_est":0.08458692797191676},"45":{"Xc_est":0.18861514823560852,"Zc_est":0.20377900843214852,"Rc_est":0.07713760518481942},"36":{"Xc_est":0.18301000210880627,"Zc_est":0.20079200025832658,"Rc_est":0.08261214496594643},"48":{"Xc_est":0.12600967905735827,"Zc_est":0.1423321752341626,"Rc_est":0.06618163560044388},"18":{"Xc_est":0.09833431237518614,"Zc_est":0.11182427504565638,"Rc_est":0.053245013843419405},"30":{"Xc_est":0.23276540790562644,"Zc_est":0.25601065264638895,"Rc_est":0.10659136527391587},"3":{"Xc_est":0.03142034608759934,"Zc_est":0.03837776067056646,"Rc_est":0.02203665958857555}}