linecode_id,linecode_name,A_p_est,dist_est,x_est,r_est,scenario_id
12,tw2x16_lv_oh_2w_bundled,"[299.99988426206585, 6.426971659111507]",[22.136922558445928],[0.7360975951012868 0.6690105607309638; 0.6690105607309638 0.8568380366087277],[0.17011844257628456 0.049348; 0.049348 5.686702685359323],1
2,pluto,"[241.55247432085676, 241.55247432085676, 241.55247432085676, 300.0000025606095]","[2000.000266909297, 362.15680930716815, 1637.844588237368, 1142.416438488969, 2302.787775714779, 1197.492390600499]",[0.7429052963551439 0.3860368673879924 0.49340577864277135 0.4212228886782851; 0.3860368673879924 0.7429052963551439 0.39858857802420716 0.37717924234257794; 0.49340577864277135 0.39858857802420716 0.7429052963551439 0.4182645071707409; 0.4212228886782851 0.37717924234257794 0.4182645071707409 0.736097582713061],[0.24241292076092102 0.049348 0.049348 0.049348; 0.049348 0.24241292076092102 0.049348 0.049348; 0.049348 0.049348 0.24241292076092102 0.049348; 0.049348 0.049348 0.049348 0.20479902972103745],1
6,hydrogen,"[137.09675365468516, 137.09675365468516, 137.09675365468516, 120.6164841751388]","[558.2178882501855, 559.6062257349024, 39.39437427575235, 835.2806281191014, 621.3586047977263, 581.9642305219734]",[0.760699313315204 0.4662201268901866 0.4660640521292254 0.44089767584518225; 0.4662201268901866 0.760699313315204 0.6327956974412533 0.4594871118601802; 0.4660640521292254 0.6327956974412533 0.760699313315204 0.46360256968656954; 0.44089767584518225 0.4594871118601802 0.46360256968656954 0.7647227902164787],[0.22475201450695675 0.049348 0.049348 0.049348; 0.049348 0.22475201450695675 0.049348 0.049348; 0.049348 0.049348 0.22475201450695675 0.049348; 0.049348 0.049348 0.049348 0.2487181037744197],1
9,abc2x16_lv_oh_2w_bundled,"[299.9995783405135, 8.691908909809412]",[1999.9992640096507],[0.7360976271374204 0.3860368988950914; 0.3860368988950914 0.8473538878311185],[0.198447463865097 0.049348; 0.049348 5.195487559728374],1
