{"32":{"shunt_est":{"gs":0.02219228856481},"shunt_true":{"gs":0.866771449704142}},"29":{"shunt_est":{"gs":0.07127447455961707},"shunt_true":{"gs":0.1733542899408284}},"1":{"shunt_est":{"gs":1.5870739412066663},"shunt_true":{"gs":1.3868343195266273}},"54":{"shunt_est":{"gs":0.2401260773782081},"shunt_true":{"gs":0.5200628698224852}},"24":{"shunt_est":{"gs":0.048202251424391974},"shunt_true":{"gs":0.866771449704142}},"2":{"shunt_est":{"gs":1.631266422115708},"shunt_true":{"gs":1.3868343195266273}},"25":{"shunt_est":{"gs":0.101800782295551},"shunt_true":{"gs":0.6934171597633136}},"23":{"shunt_est":{"gs":0.3530034483056355},"shunt_true":{"gs":0.866771449704142}},"41":{"shunt_est":{"gs":0.23947704160995673},"shunt_true":{"gs":0.866771449704142}},"51":{"shunt_est":{"gs":0.2812072077984407},"shunt_true":{"gs":1.3868343195266273}},"53":{"shunt_est":{"gs":1.2662452628742829},"shunt_true":{"gs":1.2134800295857988}},"49":{"shunt_est":{"gs":0.03140862748666928},"shunt_true":{"gs":0.866771449704142}},"27":{"shunt_est":{"gs":1.6692120710450042},"shunt_true":{"gs":1.3868343195266273}},"5":{"shunt_est":{"gs":0.23454351917250227},"shunt_true":{"gs":0.1733542899408284}},"31":{"shunt_est":{"gs":0.03595269149796663},"shunt_true":{"gs":0.3467085798816568}},"42":{"shunt_est":{"gs":0.02473635276507184},"shunt_true":{"gs":0.3467085798816568}},"33":{"shunt_est":{"gs":0.10347727305625802},"shunt_true":{"gs":0.6934171597633136}},"28":{"shunt_est":{"gs":0.039450379803802435},"shunt_true":{"gs":1.0401257396449703}},"43":{"shunt_est":{"gs":0.03674822397106729},"shunt_true":{"gs":1.3868343195266273}},"50":{"shunt_est":{"gs":1.6355455022827172},"shunt_true":{"gs":0.3467085798816568}},"52":{"shunt_est":{"gs":0.8664940547765864},"shunt_true":{"gs":1.0401257396449703}},"39":{"shunt_est":{"gs":0.23691182700419577},"shunt_true":{"gs":0.866771449704142}},"34":{"shunt_est":{"gs":0.25259371563830135},"shunt_true":{"gs":1.3868343195266273}},"26":{"shunt_est":{"gs":0.025595989239570474},"shunt_true":{"gs":0.5200628698224852}},"10":{"shunt_est":{"gs":0.031612732393224735},"shunt_true":{"gs":0.3467085798816568}}}