{"32":{"Xc_est":0.2708046056552121,"Zc_est":0.32098248455770656,"Rc_est":0.17232127247894669},"29":{"Xc_est":0.13429434947616734,"Zc_est":0.158842339223352,"Rc_est":0.08482874765502238},"1":{"Xc_est":0.17387364115112253,"Zc_est":0.20662915755031144,"Rc_est":0.11164034066054306},"54":{"Xc_est":0.10519626150029658,"Zc_est":0.12520209640306365,"Rc_est":0.0678919104907445},"2":{"Xc_est":0.1955905343294127,"Zc_est":0.23278789916129702,"Rc_est":0.1262321229983281},"41":{"Xc_est":0.1081205177342903,"Zc_est":0.12819730651179123,"Rc_est":0.06888035308959416},"51":{"Xc_est":0.1423504919514945,"Zc_est":0.1683784642609284,"Rc_est":0.08993133307160664},"53":{"Xc_est":0.14581464385690865,"Zc_est":0.17333139337108575,"Rc_est":0.09371158714291931},"27":{"Xc_est":0.1804492977370749,"Zc_est":0.21485680989418146,"Rc_est":0.11662546764794093},"42":{"Xc_est":0.22993023416355923,"Zc_est":0.272715388234007,"Rc_est":0.14664845855690398},"33":{"Xc_est":0.11871181267941011,"Zc_est":0.14011649327092157,"Rc_est":0.0744320980283967},"28":{"Xc_est":0.17257812345332324,"Zc_est":0.2041940860843264,"Rc_est":0.10914218294107379},"50":{"Xc_est":0.1924561748371918,"Zc_est":0.22907647807203962,"Rc_est":0.12424433014397847},"52":{"Xc_est":0.06499043112557673,"Zc_est":0.07625593940387909,"Rc_est":0.03989000070794367},"26":{"Xc_est":0.21780444703990146,"Zc_est":0.2589757334044444,"Rc_est":0.14010586476665643},"10":{"Xc_est":0.19037575740203733,"Zc_est":0.22616885891225663,"Rc_est":0.12210415117952741},"24":{"Xc_est":0.13887169433664245,"Zc_est":0.1648314471003412,"Rc_est":0.08879222074744345},"25":{"Xc_est":0.12164062288548272,"Zc_est":0.1444012297123685,"Rc_est":0.07781564114287044},"23":{"Xc_est":0.10019606736846666,"Zc_est":0.1193300163296021,"Rc_est":0.06481049977524318},"49":{"Xc_est":0.1895998521071853,"Zc_est":0.224860992303578,"Rc_est":0.12088987526126094},"5":{"Xc_est":0.09906114940907454,"Zc_est":0.11697260387538405,"Rc_est":0.0622051343149464},"31":{"Xc_est":0.18929299671955738,"Zc_est":0.22419513333767405,"Rc_est":0.1201316744461139},"43":{"Xc_est":0.18139364195641197,"Zc_est":0.21559800187991715,"Rc_est":0.11652830159408392},"39":{"Xc_est":0.09088554082896308,"Zc_est":0.10766965138917774,"Rc_est":0.05772843578769435},"34":{"Xc_est":0.10946065175678045,"Zc_est":0.12962826125934845,"Rc_est":0.06943955525565194},"44":{"Xc_est":0.286439283765955,"Zc_est":0.34111539170259947,"Rc_est":0.1852356530802442},"55":{"Xc_est":0.11034980936092993,"Zc_est":0.13070878412356782,"Rc_est":0.07005501995623067},"17":{"Xc_est":0.17494643634921705,"Zc_est":0.20695823164305005,"Rc_est":0.11056877521944301},"37":{"Xc_est":0.2242291207426493,"Zc_est":0.26644086767251957,"Rc_est":0.14391677239663028},"47":{"Xc_est":0.2717125527702946,"Zc_est":0.3226947954454656,"Rc_est":0.1740810721320407},"9":{"Xc_est":0.030000923307154523,"Zc_est":0.03532804274690129,"Rc_est":0.01865516563971269},"12":{"Xc_est":0.18042563645173507,"Zc_est":0.214826417454368,"Rc_est":0.11660608623594534},"20":{"Xc_est":0.18596891349586192,"Zc_est":0.22116303975250884,"Rc_est":0.11970235321721306},"6":{"Xc_est":0.14238486484814808,"Zc_est":0.16934233100612853,"Rc_est":0.09166992599955454},"14":{"Xc_est":0.10951720287005354,"Zc_est":0.12969615269635132,"Rc_est":0.06947714947919793},"7":{"Xc_est":0.18992364334301373,"Zc_est":0.2248124373116057,"Rc_est":0.12028982363151235},"8":{"Xc_est":0.1301390572523378,"Zc_est":0.154132456321605,"Rc_est":0.08258716528132087},"19":{"Xc_est":0.09928506079333221,"Zc_est":0.11724138760930443,"Rc_est":0.062353986815756116},"4":{"Xc_est":0.24392706069299697,"Zc_est":0.28980455991083487,"Rc_est":0.15648089981460245},"22":{"Xc_est":0.0904361687032548,"Zc_est":0.10707890998804696,"Rc_est":0.057334041846922854},"11":{"Xc_est":0.046843224053982675,"Zc_est":0.05545439128490251,"Rc_est":0.029679991122091836},"35":{"Xc_est":0.19380033314920955,"Zc_est":0.22939540059864455,"Rc_est":0.12273418711617397},"13":{"Xc_est":0.20052852910264393,"Zc_est":0.23996681356233948,"Rc_est":0.13180432704275183},"15":{"Xc_est":0.031027800911205244,"Zc_est":0.03691825885907132,"Rc_est":0.02000583434401098},"16":{"Xc_est":0.18693343951597677,"Zc_est":0.22232112304188886,"Rc_est":0.12034355380049794},"40":{"Xc_est":0.19952763699953283,"Zc_est":0.23707843837584297,"Rc_est":0.1280426023482459},"21":{"Xc_est":0.24431889712929838,"Zc_est":0.2899570034503604,"Rc_est":0.15615165818983678},"38":{"Xc_est":0.0647866478192038,"Zc_est":0.07601139593957487,"Rc_est":0.039754529012846755},"46":{"Xc_est":0.16286653836399265,"Zc_est":0.19240826536657182,"Rc_est":0.10244721207872488},"45":{"Xc_est":0.22731915157860633,"Zc_est":0.26985629354998597,"Rc_est":0.1454249720444147},"36":{"Xc_est":0.1919384608160734,"Zc_est":0.22845485995632628,"Rc_est":0.12390016261983398},"48":{"Xc_est":0.1340064911336154,"Zc_est":0.1593553884923994,"Rc_est":0.0862345648543541},"18":{"Xc_est":0.10190057310771138,"Zc_est":0.12151976385425167,"Rc_est":0.06620669307187196},"30":{"Xc_est":0.2882030657644068,"Zc_est":0.3433810989557406,"Rc_est":0.18668040069608038},"3":{"Xc_est":0.044801896803884834,"Zc_est":0.05249661320533412,"Rc_est":0.02736209861842682}}