{"32":{"shunt_est":{"gs":1.73354281302703},"shunt_true":{"gs":0.866771449704142}},"29":{"shunt_est":{"gs":1.733538744342859},"shunt_true":{"gs":0.1733542899408284}},"1":{"shunt_est":{"gs":4.577679351007365e-8},"shunt_true":{"gs":1.3868343195266273}},"54":{"shunt_est":{"gs":1.7335425034841798},"shunt_true":{"gs":0.5200628698224852}},"24":{"shunt_est":{"gs":6.556841566198247e-7},"shunt_true":{"gs":0.866771449704142}},"2":{"shunt_est":{"gs":1.733542643854094},"shunt_true":{"gs":1.3868343195266273}},"25":{"shunt_est":{"gs":9.134462949949809e-7},"shunt_true":{"gs":0.6934171597633136}},"23":{"shunt_est":{"gs":1.7335396700049135},"shunt_true":{"gs":0.866771449704142}},"41":{"shunt_est":{"gs":8.77126837581718e-6},"shunt_true":{"gs":0.866771449704142}},"51":{"shunt_est":{"gs":1.7335425242676794},"shunt_true":{"gs":1.3868343195266273}},"53":{"shunt_est":{"gs":2.0995374970862468e-7},"shunt_true":{"gs":1.2134800295857988}},"49":{"shunt_est":{"gs":1.2274530064205956e-6},"shunt_true":{"gs":0.866771449704142}},"27":{"shunt_est":{"gs":1.9166958371204664e-7},"shunt_true":{"gs":1.3868343195266273}},"5":{"shunt_est":{"gs":1.7335390325299858},"shunt_true":{"gs":0.1733542899408284}},"31":{"shunt_est":{"gs":1.7335409243557522},"shunt_true":{"gs":0.3467085798816568}},"42":{"shunt_est":{"gs":1.123292481357765e-6},"shunt_true":{"gs":0.3467085798816568}},"33":{"shunt_est":{"gs":1.0868189386331614e-7},"shunt_true":{"gs":0.6934171597633136}},"28":{"shunt_est":{"gs":1.8345693301674028e-7},"shunt_true":{"gs":1.0401257396449703}},"43":{"shunt_est":{"gs":9.014917865903505e-7},"shunt_true":{"gs":1.3868343195266273}},"50":{"shunt_est":{"gs":8.331502875596322e-7},"shunt_true":{"gs":0.3467085798816568}},"52":{"shunt_est":{"gs":1.7335420619886792},"shunt_true":{"gs":1.0401257396449703}},"39":{"shunt_est":{"gs":1.7335426934069844},"shunt_true":{"gs":0.866771449704142}},"34":{"shunt_est":{"gs":1.7335426214483534},"shunt_true":{"gs":1.3868343195266273}},"26":{"shunt_est":{"gs":4.981636956963077e-7},"shunt_true":{"gs":0.5200628698224852}},"10":{"shunt_est":{"gs":1.7335423916480264},"shunt_true":{"gs":0.3467085798816568}}}