{"32":{"shunt_est":{"gs":1.733542875233693},"shunt_true":{"gs":0.866771449704142}},"29":{"shunt_est":{"gs":1.7335427025970136},"shunt_true":{"gs":0.1733542899408284}},"1":{"shunt_est":{"gs":1.3050317159538514},"shunt_true":{"gs":1.3868343195266273}},"54":{"shunt_est":{"gs":1.733542826693413},"shunt_true":{"gs":0.5200628698224852}},"24":{"shunt_est":{"gs":1.7335426016505768},"shunt_true":{"gs":0.866771449704142}},"2":{"shunt_est":{"gs":4.40815248902302e-7},"shunt_true":{"gs":1.3868343195266273}},"25":{"shunt_est":{"gs":1.733542551677104},"shunt_true":{"gs":0.6934171597633136}},"23":{"shunt_est":{"gs":1.7335427261111271},"shunt_true":{"gs":0.866771449704142}},"41":{"shunt_est":{"gs":1.7335420599958198},"shunt_true":{"gs":0.866771449704142}},"51":{"shunt_est":{"gs":1.7335428773412518},"shunt_true":{"gs":1.3868343195266273}},"53":{"shunt_est":{"gs":7.042863276769587e-7},"shunt_true":{"gs":1.2134800295857988}},"49":{"shunt_est":{"gs":1.7335421830030748},"shunt_true":{"gs":0.866771449704142}},"27":{"shunt_est":{"gs":9.012191386453377e-7},"shunt_true":{"gs":1.3868343195266273}},"5":{"shunt_est":{"gs":1.7335427875507323},"shunt_true":{"gs":0.1733542899408284}},"31":{"shunt_est":{"gs":1.7335427811511743},"shunt_true":{"gs":0.3467085798816568}},"42":{"shunt_est":{"gs":1.733542607033765},"shunt_true":{"gs":0.3467085798816568}},"33":{"shunt_est":{"gs":7.869771934820852e-8},"shunt_true":{"gs":0.6934171597633136}},"28":{"shunt_est":{"gs":4.973770108686142e-8},"shunt_true":{"gs":1.0401257396449703}},"43":{"shunt_est":{"gs":1.7335427547659163},"shunt_true":{"gs":1.3868343195266273}},"50":{"shunt_est":{"gs":2.070232348018071e-6},"shunt_true":{"gs":0.3467085798816568}},"52":{"shunt_est":{"gs":1.7335426546920827},"shunt_true":{"gs":1.0401257396449703}},"39":{"shunt_est":{"gs":1.7335428616181423},"shunt_true":{"gs":0.866771449704142}},"34":{"shunt_est":{"gs":1.7335428093480003},"shunt_true":{"gs":1.3868343195266273}},"26":{"shunt_est":{"gs":1.7440593004066672e-6},"shunt_true":{"gs":0.5200628698224852}},"10":{"shunt_est":{"gs":1.7335428657851306},"shunt_true":{"gs":0.3467085798816568}}}