{"32":{"Xc_est":0.2052186441562644,"Zc_est":0.21452795854032108,"Rc_est":0.06251042381988987},"29":{"Xc_est":0.10855133247689831,"Zc_est":0.11307129064544089,"Rc_est":0.03165003926878529},"1":{"Xc_est":0.1467435408042075,"Zc_est":0.1533128103086847,"Rc_est":0.0443976467505951},"54":{"Xc_est":0.09972216181400709,"Zc_est":0.10414795513477515,"Rc_est":0.030038092514274674},"2":{"Xc_est":0.17462064150886736,"Zc_est":0.1826274575885748,"Rc_est":0.053482892819090425},"41":{"Xc_est":0.09126622036122586,"Zc_est":0.09549073102077604,"Rc_est":0.028088373606500662},"51":{"Xc_est":0.10851287234603192,"Zc_est":0.11320861711960317,"Rc_est":0.03226681771335203},"53":{"Xc_est":0.11130003847443955,"Zc_est":0.1163346109705538,"Rc_est":0.03385325900498166},"27":{"Xc_est":0.152192825438904,"Zc_est":0.15935140947132911,"Rc_est":0.04722515839489043},"42":{"Xc_est":0.17671745559395663,"Zc_est":0.18474923751533104,"Rc_est":0.05388155204607759},"33":{"Xc_est":0.09066621598991645,"Zc_est":0.09444760628466414,"Rc_est":0.026457278979002147},"28":{"Xc_est":0.1273795335076248,"Zc_est":0.13300097447740883,"Rc_est":0.03825851088738617},"50":{"Xc_est":0.1744510894306484,"Zc_est":0.1827193227928986,"Rc_est":0.05434306136348393},"52":{"Xc_est":0.04383879747499508,"Zc_est":0.045711804578235066,"Rc_est":0.012951019795565054},"26":{"Xc_est":0.16729057405128278,"Zc_est":0.1750237602098201,"Rc_est":0.05145075773569206},"10":{"Xc_est":0.14624290758541114,"Zc_est":0.1529092304283296,"Rc_est":0.044656967330405396},"24":{"Xc_est":0.11075101335743052,"Zc_est":0.11582743609174852,"Rc_est":0.03391471645009484},"25":{"Xc_est":0.09305950195876325,"Zc_est":0.09713591040342068,"Rc_est":0.02784446417312262},"23":{"Xc_est":0.08859149154977124,"Zc_est":0.0927947035834328,"Rc_est":0.027611675757258324},"49":{"Xc_est":0.14309907469753635,"Zc_est":0.149611131818997,"Rc_est":0.043659427216469544},"5":{"Xc_est":0.08947575894169188,"Zc_est":0.09341207041496294,"Rc_est":0.026831016771979403},"31":{"Xc_est":0.1370903039936584,"Zc_est":0.1432921993478696,"Rc_est":0.041700155214050835},"43":{"Xc_est":0.13198473099213942,"Zc_est":0.13792619452508267,"Rc_est":0.04004579779581794},"39":{"Xc_est":0.06716349253517756,"Zc_est":0.07009412579439665,"Rc_est":0.020056214532105765},"34":{"Xc_est":0.11555979036944096,"Zc_est":0.1208201112973789,"Rc_est":0.035262361572672415},"44":{"Xc_est":0.22652011011130874,"Zc_est":0.23701203333133178,"Rc_est":0.0697376774707395},"55":{"Xc_est":0.0955211149452819,"Zc_est":0.0998279466750631,"Rc_est":0.029005784543250798},"17":{"Xc_est":0.13271916325873814,"Zc_est":0.13840312219710232,"Rc_est":0.039256183434032976},"37":{"Xc_est":0.17388013597172086,"Zc_est":0.18174038718853155,"Rc_est":0.05287028134872399},"47":{"Xc_est":0.2076358373461791,"Zc_est":0.21708990018640842,"Rc_est":0.06336705620822088},"9":{"Xc_est":0.019825641609171055,"Zc_est":0.0206170852955386,"Rc_est":0.005657573761624257},"12":{"Xc_est":0.15339139919072717,"Zc_est":0.16059190797292894,"Rc_est":0.04754828662209252},"20":{"Xc_est":0.15548003391150836,"Zc_est":0.16278117095366398,"Rc_est":0.04820444659906578},"6":{"Xc_est":0.11255668305287168,"Zc_est":0.11769652106181522,"Rc_est":0.03440151406827473},"14":{"Xc_est":0.11555979041009334,"Zc_est":0.12082011133900339,"Rc_est":0.035262361582067525},"7":{"Xc_est":0.13945419909344645,"Zc_est":0.14567393828085365,"Rc_est":0.042112024998322735},"8":{"Xc_est":0.09730654120461801,"Zc_est":0.10173586573628791,"Rc_est":0.029692144009922507},"19":{"Xc_est":0.08710476701955584,"Zc_est":0.09098373313628094,"Rc_est":0.026283060283819385},"4":{"Xc_est":0.19377536659741276,"Zc_est":0.20267429147690244,"Rc_est":0.05939676527979199},"22":{"Xc_est":0.07361948869549781,"Zc_est":0.07682416383116356,"Rc_est":0.021957300211340382},"11":{"Xc_est":0.03582882147500754,"Zc_est":0.037319799259658136,"Rc_est":0.010443321717404794},"35":{"Xc_est":0.1428229215746038,"Zc_est":0.14914667177495966,"Rc_est":0.042969090919428604},"13":{"Xc_est":0.17457953664473036,"Zc_est":0.18273875952199128,"Rc_est":0.05399481101501713},"15":{"Xc_est":0.01872180334674072,"Zc_est":0.019523220796991956,"Rc_est":0.00553626496241529},"16":{"Xc_est":0.15815306409761815,"Zc_est":0.16551736933484484,"Rc_est":0.04882220671028829},"40":{"Xc_est":0.14946084166110535,"Zc_est":0.15618882413298754,"Rc_est":0.045347608470561115},"21":{"Xc_est":0.1961858433442403,"Zc_est":0.20510950151525711,"Rc_est":0.05984164505715452},"38":{"Xc_est":0.045621611118352286,"Zc_est":0.047538429992698465,"Rc_est":0.01336304325879882},"46":{"Xc_est":0.12494426490113121,"Zc_est":0.1303970878720067,"Rc_est":0.03731395441139669},"45":{"Xc_est":0.177117282668919,"Zc_est":0.1852023541463879,"Rc_est":0.05412374858915745},"36":{"Xc_est":0.17455479350291983,"Zc_est":0.1828254623861955,"Rc_est":0.054367028260510944},"48":{"Xc_est":0.10278525337839638,"Zc_est":0.10743724224166047,"Rc_est":0.031272235424287954},"18":{"Xc_est":0.09270515399520853,"Zc_est":0.09705217079160582,"Rc_est":0.028720694248010395},"30":{"Xc_est":0.22827180309638498,"Zc_est":0.23882514402362734,"Rc_est":0.07020992329458559},"3":{"Xc_est":0.03398463181008912,"Zc_est":0.035370824018163695,"Rc_est":0.009805100328736275}}