{"32":{"Xc_est":0.2145660410206729,"Zc_est":0.2292984616604798,"Rc_est":0.08086531123156235},"29":{"Xc_est":0.11794097588775776,"Zc_est":0.15550859997097718,"Rc_est":0.10135507324044882},"1":{"Xc_est":0.16438837681577742,"Zc_est":0.19614975651091465,"Rc_est":0.1070102263672266},"54":{"Xc_est":0.10957065263652482,"Zc_est":0.1272332169782612,"Rc_est":0.06467274219826549},"2":{"Xc_est":0.18870325268299046,"Zc_est":0.21760993727559988,"Rc_est":0.10837512273557053},"41":{"Xc_est":0.09178549120830437,"Zc_est":0.09651925900048561,"Rc_est":0.029856171249058452},"51":{"Xc_est":0.11802914358035395,"Zc_est":0.14268751103189742,"Rc_est":0.08018009148264948},"53":{"Xc_est":0.11955884817328367,"Zc_est":0.13073304591387913,"Rc_est":0.052884885528836405},"27":{"Xc_est":0.16726256161927486,"Zc_est":0.17609736152696479,"Rc_est":0.05507736574416768},"42":{"Xc_est":0.1885573653926193,"Zc_est":0.19993225747006366,"Rc_est":0.06647576651133916},"33":{"Xc_est":0.10174165544912925,"Zc_est":0.13077188085640357,"Rc_est":0.0821578990066815},"28":{"Xc_est":0.1357838207208131,"Zc_est":0.1509808952027508,"Rc_est":0.06601503424737504},"50":{"Xc_est":0.1876887465074751,"Zc_est":0.20136801249586878,"Rc_est":0.07295211368417716},"52":{"Xc_est":0.05127649697699213,"Zc_est":0.05598357555831186,"Rc_est":0.022469570313242093},"26":{"Xc_est":0.17780616471011548,"Zc_est":0.18581043320865442,"Rc_est":0.053948909908051935},"10":{"Xc_est":0.15851358520198874,"Zc_est":0.1699330930275007,"Rc_est":0.061242953980887145},"24":{"Xc_est":0.1102988623754617,"Zc_est":0.11661354149114855,"Rc_est":0.03785338845845617},"25":{"Xc_est":0.1022303392203929,"Zc_est":0.11808458076145528,"Rc_est":0.05910098101124933},"23":{"Xc_est":0.08913149362240724,"Zc_est":0.09432425321888843,"Rc_est":0.030864892514631613},"49":{"Xc_est":0.15649684933594432,"Zc_est":0.16893089646991336,"Rc_est":0.06361119343363503},"5":{"Xc_est":0.09043722393292279,"Zc_est":0.0985516868978364,"Rc_est":0.039160484135357124},"31":{"Xc_est":0.14459160999083862,"Zc_est":0.15118437689888675,"Rc_est":0.04415860209021414},"43":{"Xc_est":0.1401288523012027,"Zc_est":0.1509950809220159,"Rc_est":0.056244281623946873},"39":{"Xc_est":0.06868895657756727,"Zc_est":0.08367453181394528,"Rc_est":0.04778341258813584},"34":{"Xc_est":0.1180996623317944,"Zc_est":0.12737071904488298,"Rc_est":0.04770502936930925},"44":{"Xc_est":0.23080093683974667,"Zc_est":0.24488740618978555,"Rc_est":0.08185822661318956},"55":{"Xc_est":0.09763129161631297,"Zc_est":0.11140446223151647,"Rc_est":0.05365710672803589},"17":{"Xc_est":0.14222070878437598,"Zc_est":0.17268174885264762,"Rc_est":0.09794006524236434},"37":{"Xc_est":0.1864939196920143,"Zc_est":0.20626426615175128,"Rc_est":0.0881190411263594},"47":{"Xc_est":0.2170965261562791,"Zc_est":0.23116297990453577,"Rc_est":0.07940668491519355},"9":{"Xc_est":0.020637772670667243,"Zc_est":0.031849075370643604,"Rc_est":0.024257904714933592},"12":{"Xc_est":0.16933433558706934,"Zc_est":0.17967724983132238,"Rc_est":0.060081585350531666},"20":{"Xc_est":0.17127858773450147,"Zc_est":0.1819006053627162,"Rc_est":0.06124929073056529},"6":{"Xc_est":0.11270880637771383,"Zc_est":0.12087485740710556,"Rc_est":0.043674433231572864},"14":{"Xc_est":0.1195791694031711,"Zc_est":0.1308500534920793,"Rc_est":0.05312775869286898},"7":{"Xc_est":0.1474920480937133,"Zc_est":0.15957853916509415,"Rc_est":0.060921309171645746},"8":{"Xc_est":0.10889282416013987,"Zc_est":0.11633096530801353,"Rc_est":0.04092977322100753},"19":{"Xc_est":0.0912134540178391,"Zc_est":0.10042091360696666,"Rc_est":0.042005543631685266},"4":{"Xc_est":0.19655529160007568,"Zc_est":0.20615713016021706,"Rc_est":0.06218343557496559},"22":{"Xc_est":0.07850477555503843,"Zc_est":0.09810406647558971,"Rc_est":0.058833732450865},"11":{"Xc_est":0.03561895752414494,"Zc_est":0.043316371288843775,"Rc_est":0.024649500735839},"35":{"Xc_est":0.15115282278944012,"Zc_est":0.1666678817719137,"Rc_est":0.07022112913589976},"13":{"Xc_est":0.18734776897951538,"Zc_est":0.2055743201514885,"Rc_est":0.08462632311606608},"15":{"Xc_est":0.019042424614624517,"Zc_est":0.023395308047169314,"Rc_est":0.013591412855854518},"16":{"Xc_est":0.1714383039151642,"Zc_est":0.18224878748649362,"Rc_est":0.06183468679462121},"40":{"Xc_est":0.1618504709690618,"Zc_est":0.17397622672437774,"Rc_est":0.06381341953182702},"21":{"Xc_est":0.19980454667550562,"Zc_est":0.21453853643868293,"Rc_est":0.07813403064636926},"38":{"Xc_est":0.05330423138460378,"Zc_est":0.06111833921556675,"Rc_est":0.029901677293518274},"46":{"Xc_est":0.1350007555498568,"Zc_est":0.1552196524641948,"Rc_est":0.0766024576111839},"45":{"Xc_est":0.1906785815045059,"Zc_est":0.20198649946956207,"Rc_est":0.06663500974260378},"36":{"Xc_est":0.18750144588840012,"Zc_est":0.2009455429550205,"Rc_est":0.07226561439057551},"48":{"Xc_est":0.11489373121699951,"Zc_est":0.12595619657371973,"Rc_est":0.05161776808767885},"18":{"Xc_est":0.09369405643703203,"Zc_est":0.10263023728044038,"Rc_est":0.04188543174677502},"30":{"Xc_est":0.23274378204201185,"Zc_est":0.24831582420877474,"Rc_est":0.08655102814677365},"3":{"Xc_est":0.03238526407761891,"Zc_est":0.03878690200842602,"Rc_est":0.021345220496264}}