{"32":{"shunt_est":{"gs":1.7335428225495002},"shunt_true":{"gs":0.866771449704142}},"29":{"shunt_est":{"gs":1.7335420048083372},"shunt_true":{"gs":0.1733542899408284}},"1":{"shunt_est":{"gs":1.1099075339283441e-7},"shunt_true":{"gs":1.3868343195266273}},"54":{"shunt_est":{"gs":1.7335426097628153},"shunt_true":{"gs":0.5200628698224852}},"24":{"shunt_est":{"gs":4.678088579771363e-6},"shunt_true":{"gs":0.866771449704142}},"2":{"shunt_est":{"gs":1.7335427026922947},"shunt_true":{"gs":1.3868343195266273}},"25":{"shunt_est":{"gs":1.7335422327841685},"shunt_true":{"gs":0.6934171597633136}},"23":{"shunt_est":{"gs":1.733542147354008},"shunt_true":{"gs":0.866771449704142}},"41":{"shunt_est":{"gs":1.3003389058300873e-5},"shunt_true":{"gs":0.866771449704142}},"51":{"shunt_est":{"gs":1.7335427998375694},"shunt_true":{"gs":1.3868343195266273}},"53":{"shunt_est":{"gs":5.697230910785327e-7},"shunt_true":{"gs":1.2134800295857988}},"49":{"shunt_est":{"gs":1.7335413747914268},"shunt_true":{"gs":0.866771449704142}},"27":{"shunt_est":{"gs":3.262915360187789e-7},"shunt_true":{"gs":1.3868343195266273}},"5":{"shunt_est":{"gs":1.7335424999213325},"shunt_true":{"gs":0.1733542899408284}},"31":{"shunt_est":{"gs":1.733542309211028},"shunt_true":{"gs":0.3467085798816568}},"42":{"shunt_est":{"gs":1.2782009199280831e-6},"shunt_true":{"gs":0.3467085798816568}},"33":{"shunt_est":{"gs":7.08023222120154e-8},"shunt_true":{"gs":0.6934171597633136}},"28":{"shunt_est":{"gs":1.0732365516564065e-7},"shunt_true":{"gs":1.0401257396449703}},"43":{"shunt_est":{"gs":1.7335421558328552},"shunt_true":{"gs":1.3868343195266273}},"50":{"shunt_est":{"gs":2.033621706181298e-6},"shunt_true":{"gs":0.3467085798816568}},"52":{"shunt_est":{"gs":1.733542389019635},"shunt_true":{"gs":1.0401257396449703}},"39":{"shunt_est":{"gs":1.7335427872878293},"shunt_true":{"gs":0.866771449704142}},"34":{"shunt_est":{"gs":1.733542587878806},"shunt_true":{"gs":1.3868343195266273}},"26":{"shunt_est":{"gs":3.2172168021399515e-7},"shunt_true":{"gs":0.5200628698224852}},"10":{"shunt_est":{"gs":1.7335427512010448},"shunt_true":{"gs":0.3467085798816568}}}