{"32":{"shunt_est":{"gs":11.537066734175324},"shunt_true":{"gs":0.14138562091503268}},"29":{"shunt_est":{"gs":11.537066738290479},"shunt_true":{"gs":0.028277124183006534}},"1":{"shunt_est":{"gs":11.537066744719791},"shunt_true":{"gs":0.22621699346405227}},"54":{"shunt_est":{"gs":11.537066505020348},"shunt_true":{"gs":0.08483137254901961}},"24":{"shunt_est":{"gs":11.537066737179748},"shunt_true":{"gs":0.14138562091503268}},"2":{"shunt_est":{"gs":11.537066745992997},"shunt_true":{"gs":0.22621699346405227}},"25":{"shunt_est":{"gs":11.537066728326616},"shunt_true":{"gs":0.11310849673202614}},"23":{"shunt_est":{"gs":11.537066656089683},"shunt_true":{"gs":0.14138562091503268}},"41":{"shunt_est":{"gs":11.537066511908018},"shunt_true":{"gs":0.14138562091503268}},"51":{"shunt_est":{"gs":11.537066747963095},"shunt_true":{"gs":0.22621699346405227}},"53":{"shunt_est":{"gs":11.537066751191256},"shunt_true":{"gs":0.19793986928104573}},"49":{"shunt_est":{"gs":11.537066750264636},"shunt_true":{"gs":0.14138562091503268}},"27":{"shunt_est":{"gs":11.537066740160306},"shunt_true":{"gs":0.22621699346405227}},"5":{"shunt_est":{"gs":11.537066497679007},"shunt_true":{"gs":0.028277124183006534}},"31":{"shunt_est":{"gs":11.537066743718672},"shunt_true":{"gs":0.05655424836601307}},"42":{"shunt_est":{"gs":11.537066756915605},"shunt_true":{"gs":0.05655424836601307}},"33":{"shunt_est":{"gs":11.537066735416495},"shunt_true":{"gs":0.11310849673202614}},"28":{"shunt_est":{"gs":11.537066727384232},"shunt_true":{"gs":0.16966274509803922}},"43":{"shunt_est":{"gs":11.537066753768775},"shunt_true":{"gs":0.22621699346405227}},"50":{"shunt_est":{"gs":11.537066742689431},"shunt_true":{"gs":0.05655424836601307}},"52":{"shunt_est":{"gs":11.53706642095589},"shunt_true":{"gs":0.16966274509803922}},"39":{"shunt_est":{"gs":11.537066414347864},"shunt_true":{"gs":0.14138562091503268}},"34":{"shunt_est":{"gs":11.537065402773996},"shunt_true":{"gs":0.22621699346405227}},"26":{"shunt_est":{"gs":11.537066747407126},"shunt_true":{"gs":0.08483137254901961}},"10":{"shunt_est":{"gs":11.537066752300822},"shunt_true":{"gs":0.05655424836601307}}}