{"32":{"length_est":14.03615492515055,"length_true":20.051664},"29":{"length_est":3.6764600622503125,"length_true":5.2521},"1":{"length_est":0.14852199198791777,"length_true":0.11424},"54":{"length_est":8.421799634379664,"length_true":6.4783},"2":{"length_est":13.202393875233904,"length_true":13.996288},"41":{"length_est":6.316839928958564,"length_true":4.8591},"53":{"length_est":20.625665713317254,"length_true":29.465251},"51":{"length_est":8.281326098034022,"length_true":11.830480000000001},"27":{"length_est":13.893291990490168,"length_true":10.68714},"42":{"length_est":2.948825006260701,"length_true":4.212621},"33":{"length_est":1.763990008307099,"length_true":2.52},"28":{"length_est":8.604733117606303,"length_true":12.29249},"52":{"length_est":12.543319967211193,"length_true":9.6487},"50":{"length_est":5.301539989503848,"length_true":4.0781},"26":{"length_est":16.685370047004152,"length_true":15.0},"10":{"length_est":10.241279985396325,"length_true":7.8779},"24":{"length_est":13.544579943205052,"length_true":10.4189},"25":{"length_est":10.211590044899797,"length_true":14.588000000000001},"23":{"length_est":5.382138930364752,"length_true":4.1401},"49":{"length_est":15.881836990361814,"length_true":12.21679},"5":{"length_est":16.93802199257519,"length_true":13.029240000000001},"31":{"length_est":5.707009985547176,"length_true":4.39},"43":{"length_est":8.339328005530598,"length_true":11.91334},"39":{"length_est":35.127320043395045,"length_true":50.1819},"34":{"length_est":8.692835017547342,"length_true":12.41835},"44":{"length_est":8.966626016103978,"length_true":12.809479999999999},"55":{"length_est":10.861011091699242,"length_true":12.23632},"17":{"length_est":12.203860052103806,"length_true":17.4341},"37":{"length_est":17.462462531892236,"length_true":16.546871},"47":{"length_est":5.7920000669566845,"length_true":8.2743},"9":{"length_est":19.7640397649349,"length_true":15.2031},"12":{"length_est":9.369070026728826,"length_true":13.3844},"20":{"length_est":17.69339998995511,"length_true":13.610299999999999},"6":{"length_est":8.727310022955638,"length_true":12.467600000000001},"14":{"length_est":10.525199969360004,"length_true":8.0963},"7":{"length_est":10.75948000566989,"length_true":15.370700000000001},"57":{"length_est":15.457919972708977,"length_true":11.8907},"8":{"length_est":10.368180048053093,"length_true":14.8117},"19":{"length_est":7.549239857831504,"length_true":5.8071},"4":{"length_est":8.287437048303458,"length_true":11.83921},"22":{"length_est":9.308674005604795,"length_true":13.298119999999997},"11":{"length_est":16.161361695477062,"length_true":12.431809},"35":{"length_est":12.176370074130434,"length_true":11.80815},"13":{"length_est":9.96999291494164,"length_true":12.8793},"15":{"length_est":7.206449826136975,"length_true":6.1064},"16":{"length_est":27.00987278356719,"length_true":27.150599999999997},"40":{"length_est":25.668639977397138,"length_true":19.7451},"46":{"length_est":9.477919981150391,"length_true":7.2907},"21":{"length_est":13.828811980019776,"length_true":10.637540000000001},"38":{"length_est":12.838328903725914,"length_true":9.87563},"45":{"length_est":6.361689438159215,"length_true":4.8936},"56":{"length_est":6.481549963799162,"length_true":4.9858},"36":{"length_est":63.1920040291872,"length_true":59.543393},"48":{"length_est":15.530199131928361,"length_true":11.9463},"18":{"length_est":14.781295546948671,"length_true":20.456400000000002},"30":{"length_est":15.382063771689548,"length_true":17.905369999999998},"3":{"length_est":10.328462002193424,"length_true":14.754960000000002}}