{"32":{"Xc_est":0.21782785424418952,"Zc_est":0.2324455977423069,"Rc_est":0.08112941405649662},"29":{"Xc_est":0.10065838549001135,"Zc_est":0.11410398540738972,"Rc_est":0.05373647659080447},"1":{"Xc_est":0.15423358550960883,"Zc_est":0.1727851088209909,"Rc_est":0.07788899107789143},"54":{"Xc_est":0.09990646714702937,"Zc_est":0.10478890525937463,"Rc_est":0.03161348585110053},"2":{"Xc_est":0.17921322782382298,"Zc_est":0.19782109170678044,"Rc_est":0.08376039217332353},"41":{"Xc_est":0.08990625243014477,"Zc_est":0.09462479303415776,"Rc_est":0.029507918102168403},"51":{"Xc_est":0.10938775254011504,"Zc_est":0.12330783230291713,"Rc_est":0.056913452728391795},"53":{"Xc_est":0.10740213667384135,"Zc_est":0.11276967826442699,"Rc_est":0.034377047193670955},"27":{"Xc_est":0.16029317795811104,"Zc_est":0.16855719255707638,"Rc_est":0.052130837925480046},"42":{"Xc_est":0.18281771097185776,"Zc_est":0.19451303873604425,"Rc_est":0.06643046585219867},"33":{"Xc_est":0.09403759149954587,"Zc_est":0.10879657958735468,"Rc_est":0.0547140486061134},"28":{"Xc_est":0.12891063526437546,"Zc_est":0.14011861234528222,"Rc_est":0.05491150736687747},"50":{"Xc_est":0.17076827137559758,"Zc_est":0.1816014855409032,"Rc_est":0.06178427827573241},"52":{"Xc_est":0.042647915076066106,"Zc_est":0.04615390714160959,"Rc_est":0.017644786314970618},"26":{"Xc_est":0.1721177069176496,"Zc_est":0.18122267090936986,"Rc_est":0.05671993844263096},"10":{"Xc_est":0.15171941220097507,"Zc_est":0.1594974567672524,"Rc_est":0.049200189802603086},"24":{"Xc_est":0.10079803499374364,"Zc_est":0.10601001477001977,"Rc_est":0.032831073283397905},"25":{"Xc_est":0.09242535479149101,"Zc_est":0.09683694752664392,"Rc_est":0.028895470197679726},"23":{"Xc_est":0.08749043199597688,"Zc_est":0.09204613833654768,"Rc_est":0.028599228867719807},"49":{"Xc_est":0.15062708463295726,"Zc_est":0.1617190865287483,"Rc_est":0.058860379905915555},"5":{"Xc_est":0.08644179512516353,"Zc_est":0.09312958446318927,"Rc_est":0.03465451713450291},"31":{"Xc_est":0.13786374528983633,"Zc_est":0.14515183398215611,"Rc_est":0.04541632573252198},"43":{"Xc_est":0.13275874558924255,"Zc_est":0.1395235030498037,"Rc_est":0.04291763475378579},"39":{"Xc_est":0.06632416847499445,"Zc_est":0.07476011950560264,"Rc_est":0.03449898758793568},"34":{"Xc_est":0.11624567829518244,"Zc_est":0.125419025429196,"Rc_est":0.047083693751682906},"44":{"Xc_est":0.23417277527201508,"Zc_est":0.24634132394012387,"Rc_est":0.07646671957116619},"55":{"Xc_est":0.09542364149508023,"Zc_est":0.10447370822185745,"Rc_est":0.04253333226358132},"17":{"Xc_est":0.13513410755539854,"Zc_est":0.15230352208887812,"Rc_est":0.07025052181929589},"37":{"Xc_est":0.18083279384525852,"Zc_est":0.19599632187974914,"Rc_est":0.07559139409025652},"47":{"Xc_est":0.21960288864080957,"Zc_est":0.23096961091684431,"Rc_est":0.07156488292235687},"9":{"Xc_est":0.01840776239837996,"Zc_est":0.0213283146085828,"Rc_est":0.010772710314840707},"12":{"Xc_est":0.15921143884179062,"Zc_est":0.16746582004505148,"Rc_est":0.05192801387775509},"20":{"Xc_est":0.16180838779749976,"Zc_est":0.17235665733867767,"Rc_est":0.05937055640076384},"6":{"Xc_est":0.10217318216323873,"Zc_est":0.10739755663209752,"Rc_est":0.033088910788695164},"14":{"Xc_est":0.11624567830462117,"Zc_est":0.12541902544448502,"Rc_est":0.04708369376910555},"7":{"Xc_est":0.14083506191890247,"Zc_est":0.15125166748126528,"Rc_est":0.05515933511348872},"8":{"Xc_est":0.10064279118211465,"Zc_est":0.10752588793921111,"Rc_est":0.03785294123564313},"19":{"Xc_est":0.08720655489017472,"Zc_est":0.0943702879891584,"Rc_est":0.036066161971349806},"4":{"Xc_est":0.19066915406096294,"Zc_est":0.20070815323267838,"Rc_est":0.06268202664041012},"22":{"Xc_est":0.07436214554249536,"Zc_est":0.08483128928327462,"Rc_est":0.0408242446565685},"11":{"Xc_est":0.03648480362115255,"Zc_est":0.03816217822682011,"Rc_est":0.011189769959276053},"35":{"Xc_est":0.14446275134115047,"Zc_est":0.15642990534876816,"Rc_est":0.06000690595564394},"13":{"Xc_est":0.1766213637708933,"Zc_est":0.18544066032180004,"Rc_est":0.05650780795867955},"15":{"Xc_est":0.018794538698888433,"Zc_est":0.01964603557695321,"Rc_est":0.0057211912209693145},"16":{"Xc_est":0.16426188354959614,"Zc_est":0.17625293636124473,"Rc_est":0.06389938332018474},"40":{"Xc_est":0.15474882057386394,"Zc_est":0.1626585387377741,"Rc_est":0.050105915372399196},"21":{"Xc_est":0.19332062883571613,"Zc_est":0.20643702222894725,"Rc_est":0.07241117740596505},"38":{"Xc_est":0.04371800529435006,"Zc_est":0.04791878114526564,"Rc_est":0.019620030569065007},"46":{"Xc_est":0.1263701845793409,"Zc_est":0.1384021922163669,"Rc_est":0.056442388855181165},"45":{"Xc_est":0.18441247681672385,"Zc_est":0.19400196230727304,"Rc_est":0.06023952002957757},"36":{"Xc_est":0.171264714461204,"Zc_est":0.18238139557915772,"Rc_est":0.06270064620020656},"48":{"Xc_est":0.10579861444305352,"Zc_est":0.11107970195880215,"Rc_est":0.033843069736453006},"18":{"Xc_est":0.09160409539470417,"Zc_est":0.09619739342823012,"Rc_est":0.02937053301020654},"30":{"Xc_est":0.23592446870732134,"Zc_est":0.24810854751253308,"Rc_est":0.07679515879238116},"3":{"Xc_est":0.033870744716887405,"Zc_est":0.037715871534611776,"Rc_est":0.016590949880545817}}