{"32":{"Xc_est":0.21561943199297362,"Zc_est":0.22705507250149565,"Rc_est":0.07114960643381575},"29":{"Xc_est":0.1023532813697969,"Zc_est":0.10767455544330462,"Rc_est":0.03343075952993691},"1":{"Xc_est":0.15296832581331665,"Zc_est":0.16095789824208998,"Rc_est":0.05008129695187605},"54":{"Xc_est":0.1021718623215568,"Zc_est":0.10714251902517984,"Rc_est":0.032255696129611974},"2":{"Xc_est":0.17807479752646566,"Zc_est":0.18741662457841682,"Rc_est":0.05843250511723331},"41":{"Xc_est":0.09143742235735726,"Zc_est":0.09623335001700273,"Rc_est":0.03000092412138704},"51":{"Xc_est":0.10845000758937975,"Zc_est":0.11410428660763046,"Rc_est":0.035473709646719344},"53":{"Xc_est":0.10756672909837749,"Zc_est":0.11293840718884607,"Rc_est":0.03441631312953013},"27":{"Xc_est":0.15879072910578582,"Zc_est":0.16704135096589717,"Rc_est":0.05184898535714057},"42":{"Xc_est":0.18077578415204426,"Zc_est":0.19037345265695282,"Rc_est":0.05968389515390695},"33":{"Xc_est":0.0917414375485825,"Zc_est":0.09651606272737437,"Rc_est":0.029980977317525873},"28":{"Xc_est":0.12780968750939714,"Zc_est":0.13454656602838713,"Rc_est":0.042041196566955465},"50":{"Xc_est":0.1761071349702541,"Zc_est":0.18545999984395245,"Rc_est":0.05815228761353721},"52":{"Xc_est":0.044074623601977905,"Zc_est":0.04640199596415874,"Rc_est":0.014511126207216861},"26":{"Xc_est":0.17149539562227933,"Zc_est":0.18050961961482637,"Rc_est":0.05632985046888729},"10":{"Xc_est":0.14999389243325986,"Zc_est":0.15767319335974245,"Rc_est":0.04860728481388771},"24":{"Xc_est":0.10355763492141634,"Zc_est":0.10892864656965413,"Rc_est":0.033782633008385764},"25":{"Xc_est":0.09127964189072808,"Zc_est":0.09575262637420916,"Rc_est":0.028923907651963877},"23":{"Xc_est":0.08902168148623672,"Zc_est":0.09365493961159772,"Rc_est":0.029092747189205685},"49":{"Xc_est":0.14746257574030244,"Zc_est":0.1552758810694064,"Rc_est":0.04863525468131125},"5":{"Xc_est":0.0877335060018395,"Zc_est":0.09237222746653431,"Rc_est":0.02890433067473366},"31":{"Xc_est":0.1374143972581007,"Zc_est":0.14467201484697628,"Rc_est":0.04524682647519729},"43":{"Xc_est":0.13230966718057957,"Zc_est":0.13904459475528508,"Rc_est":0.04274986901998316},"39":{"Xc_est":0.06718814069730636,"Zc_est":0.07069283896293503,"Rc_est":0.021982521017354463},"34":{"Xc_est":0.11740011825659799,"Zc_est":0.12360424865401484,"Rc_est":0.03866810725469164},"44":{"Xc_est":0.23244519499723432,"Zc_est":0.24451092225147394,"Rc_est":0.07586054589155057},"55":{"Xc_est":0.09643536734643555,"Zc_est":0.10150753952843321,"Rc_est":0.03168596701813691},"17":{"Xc_est":0.13332642713649032,"Zc_est":0.14027729955119195,"Rc_est":0.043609455355381056},"37":{"Xc_est":0.1782685259552728,"Zc_est":0.18767319084423517,"Rc_est":0.058664803889478256},"47":{"Xc_est":0.21787568783383246,"Zc_est":0.22914034982639744,"Rc_est":0.07096114831017175},"9":{"Xc_est":0.018158242015033937,"Zc_est":0.019097688507401876,"Rc_est":0.00591607583193504},"12":{"Xc_est":0.15937466350801108,"Zc_est":0.16763044528681711,"Rc_est":0.05195847205956725},"20":{"Xc_est":0.16166165913935893,"Zc_est":0.17024138015090184,"Rc_est":0.05336324090601698},"6":{"Xc_est":0.10530663403652497,"Zc_est":0.11069335109782291,"Rc_est":0.034110567353289406},"14":{"Xc_est":0.1174001182804807,"Zc_est":0.12360424867893234,"Rc_est":0.03866810726183128},"7":{"Xc_est":0.13993060460204806,"Zc_est":0.14733575272011726,"Rc_est":0.046122119696614367},"8":{"Xc_est":0.10056546185973754,"Zc_est":0.10589708064477384,"Rc_est":0.03317799828234683},"19":{"Xc_est":0.08843660176351828,"Zc_est":0.09310578772515102,"Rc_est":0.029114518310316535},"4":{"Xc_est":0.18894255533013782,"Zc_est":0.19888058198852673,"Rc_est":0.062082176809555537},"22":{"Xc_est":0.07511316847512961,"Zc_est":0.07901813679238061,"Rc_est":0.024533199215882342},"11":{"Xc_est":0.035087224641276046,"Zc_est":0.0366891327713639,"Rc_est":0.010722832204571686},"35":{"Xc_est":0.14336415073384862,"Zc_est":0.15093022342838208,"Rc_est":0.04718742023573306},"13":{"Xc_est":0.17678435936042386,"Zc_est":0.18560473662817573,"Rc_est":0.056536789299879715},"15":{"Xc_est":0.0187941554528554,"Zc_est":0.019644950154116762,"Rc_est":0.00571872252969471},"16":{"Xc_est":0.16441546289627668,"Zc_est":0.17311446788141574,"Rc_est":0.0541864794064792},"40":{"Xc_est":0.15302324178628293,"Zc_est":0.16083411686879617,"Rc_est":0.049512630935776174},"21":{"Xc_est":0.19090876414751518,"Zc_est":0.20103360897717623,"Rc_est":0.06299488638021834},"38":{"Xc_est":0.045911310274231246,"Zc_est":0.04831829800987286,"Rc_est":0.01506019626280323},"46":{"Xc_est":0.12520078350317096,"Zc_est":0.13178375177109933,"Rc_est":0.041130536600667365},"45":{"Xc_est":0.18149128762385655,"Zc_est":0.19096982990970499,"Rc_est":0.05941707206162406},"36":{"Xc_est":0.17644801924361161,"Zc_est":0.1858156467192589,"Rc_est":0.058254193588981186},"48":{"Xc_est":0.10596325293674162,"Zc_est":0.11124855743844975,"Rc_est":0.03388259965233143},"18":{"Xc_est":0.0931353452171724,"Zc_est":0.0978062070476191,"Rc_est":0.029864052108176137},"30":{"Xc_est":0.23419688854483922,"Zc_est":0.24627818438941526,"Rc_est":0.07618898543794227},"3":{"Xc_est":0.032186722693028094,"Zc_est":0.033869449957739634,"Rc_est":0.010542984526306561}}