linecode_id,linecode_name,A_p_est,dist_est,x_est,r_est,scenario_id
5,ugsc_25cu_xlpe/nyl/pvc_ug_2w_bundled,"[17.79122057321044, 6.675674250079403]",[5.124971429911247],[0.8248502134881646 0.760941440230302; 0.760941440230302 0.8556452730740481],[1.52256381456679 0.049348; 0.049348 3.9755892345221744],1
2,uglv_120cu_xlpe/nyl/pvc_ug_4w_bundled,"[137.27362621594227, 137.27362621594227, 137.27362621594227, 128.74849089115133]","[22.883550075782946, 15.836718111343474]",[0.7606588087304396 0.6669263355348969 0.6669263355348969 0.645822658374249; 0.6669263355348969 0.7606588087304396 0.6451504237104256 0.6675949356003329; 0.6669263355348969 0.6451504237104256 0.7606588087304396 0.6675949356003329; 0.645822658374249 0.6675949356003329 0.6675949356003329 0.7626730577391362],[0.2517331290820184 0.049348 0.049348 0.049348; 0.049348 0.2517331290820184 0.049348 0.049348; 0.049348 0.049348 0.2517331290820184 0.049348; 0.049348 0.049348 0.049348 0.2651341452897204],1
3,ugsc_16cu_xlpe/nyl/pvc_ug_2w_bundled,"[299.9978258605303, 11.653345470148892]",[2.0000034676147598],[0.7360978106579183 0.8200648465237291; 0.8200648465237291 0.8381426939788762],[0.13801695365049121 0.049348; 0.049348 2.3319966509487844],1
