linecode_id,linecode_name,A_p_est,dist_est,x_est,r_est,scenario_id
5,ugsc_25cu_xlpe/nyl/pvc_ug_2w_bundled,"[147.78445444392403, 7.846682583840998]",[8.389468235724436],[0.7583409796760064 0.7299745515922852; 0.7299745515922852 0.8505677993225101],[0.22670297016599264 0.049348; 0.049348 3.3896522915072964],1
2,uglv_120cu_xlpe/nyl/pvc_ug_4w_bundled,"[137.35684843683916, 137.35684843683916, 137.35684843683916, 134.11740033706894]","[22.83464101606944, 15.2844905406426]",[0.760639768531969 0.6670607702156599 0.6670607702156599 0.6469849045127894; 0.6670607702156599 0.760639768531969 0.6452848583911888 0.6687371939140965; 0.6670607702156599 0.6452848583911888 0.760639768531969 0.6687371939140965; 0.6469849045127894 0.6687371939140965 0.6687371939140965 0.76138956585382],[0.2516105073117144 0.049348 0.049348 0.049348; 0.049348 0.2516105073117144 0.049348 0.049348; 0.049348 0.049348 0.2516105073117144 0.049348; 0.049348 0.049348 0.049348 0.2564959203402921],1
3,ugsc_16cu_xlpe/nyl/pvc_ug_2w_bundled,"[299.9973627085424, 8.827115842884625]",[2.0000042510054032],[0.7360978591595834 0.8200648219127761; 0.8200648219127761 0.846868958400715],[0.13801709054236844 0.049348; 0.049348 3.0628457029804887],1
