linecode_id,linecode_name,A_p_est,dist_est,x_est,r_est,scenario_id
4,hydrogen,"[143.18366138360832, 143.18366138360832, 143.18366138360832, 143.18366138360832]","[466.2338448094912, 645.7825237522829, 466.7220173997687]",[0.7593345631964193 0.4775337853483161 0.4229175171220545 0.40089797219134066; 0.4775337853483161 0.7593345631964193 0.4570646606774013 0.42288994007339575; 0.4229175171220545 0.4570646606774013 0.7593345631964193 0.4774680311915888; 0.40089797219134066 0.42288994007339575 0.4774680311915888 0.7593345631964193],[0.2172953812481793 0.049348 0.049348 0.049348; 0.049348 0.2172953812481793 0.049348 0.049348; 0.049348 0.049348 0.2172953812481793 0.049348; 0.049348 0.049348 0.049348 0.2172953812481793],1
1,pluto,"[277.55498900485526, 277.55498900485526, 277.55498900485526, 277.55498900485526]","[650.0197819716429, 900.0607640403928, 649.9457975290178]",[0.7385405980349168 0.4566537394184949 0.40204900061122056 0.380047594188721; 0.4566537394184949 0.7385405980349168 0.43620446934496165 0.4020519996175959; 0.40204900061122056 0.43620446934496165 0.7385405980349168 0.45666089128555565; 0.380047594188721 0.4020519996175959 0.45666089128555565 0.7385405980349168],[0.21736987372515515 0.049348 0.049348 0.049348; 0.049348 0.21736987372515515 0.049348 0.049348; 0.049348 0.049348 0.21736987372515515 0.049348; 0.049348 0.049348 0.049348 0.21736987372515515],1
10,tw2x16_lv_oh_2w_bundled,"[12.000211668041452, 12.000211668041452]",[9.123281863399276],[0.8372212317532222 0.7247059341365149; 0.7247059341365149 0.8372212317532222],[3.0685546438005673 0.049348; 0.049348 3.0685546438005673],1
7,abc2x16_lv_oh_2w_bundled,"[13.205416689605796, 13.205416689605796]",[11.271563353243868],[0.834214632209642 0.7114198913584011; 0.7114198913584011 0.834214632209642],[3.436577448468164 0.049348; 0.049348 3.436577448468164],1
