{"32":{"Xc_est":0.21000071782472546,"Zc_est":0.22603971740391812,"Rc_est":0.08362805962799325},"29":{"Xc_est":0.1070095375112672,"Zc_est":0.13242174886655136,"Rc_est":0.07800306695573384},"1":{"Xc_est":0.1452990842041115,"Zc_est":0.1652976326379996,"Rc_est":0.07881296520987893},"54":{"Xc_est":0.09459262536225752,"Zc_est":0.11683421278585243,"Rc_est":0.06857454705913442},"2":{"Xc_est":0.18146494155234272,"Zc_est":0.20085559338688824,"Rc_est":0.08610136109379352},"41":{"Xc_est":0.09661077787935013,"Zc_est":0.10287462690651103,"Rc_est":0.03534892443484971},"51":{"Xc_est":0.11007002783432715,"Zc_est":0.125394490712684,"Rc_est":0.060069686811601075},"53":{"Xc_est":0.11583625925596228,"Zc_est":0.1347148227564387,"Rc_est":0.06877531906057713},"27":{"Xc_est":0.15623000527195968,"Zc_est":0.1674380567609496,"Rc_est":0.060230293911008204},"42":{"Xc_est":0.18045217966383817,"Zc_est":0.19256872627207133,"Rc_est":0.06722890146817671},"33":{"Xc_est":0.09035931532808297,"Zc_est":0.10751935093020185,"Rc_est":0.05827181958624567},"28":{"Xc_est":0.1333756600338997,"Zc_est":0.15042919221819356,"Rc_est":0.06956921145118605},"50":{"Xc_est":0.18024940220972208,"Zc_est":0.19186147979572893,"Rc_est":0.06573416487980006},"52":{"Xc_est":0.05177442440640372,"Zc_est":0.05699845232650942,"Rc_est":0.023837628762168318},"26":{"Xc_est":0.16741776698605668,"Zc_est":0.176453236820999,"Rc_est":0.0557407936973451},"10":{"Xc_est":0.15035417125776518,"Zc_est":0.16186250976792088,"Rc_est":0.05994243283151676},"24":{"Xc_est":0.1096353315622126,"Zc_est":0.11820107757681388,"Rc_est":0.04417679043981898},"25":{"Xc_est":0.09255374326849942,"Zc_est":0.11038958214367961,"Rc_est":0.06016364727013219},"23":{"Xc_est":0.08542849487916407,"Zc_est":0.09252009477857832,"Rc_est":0.03552379766463255},"49":{"Xc_est":0.15030336923110776,"Zc_est":0.16103520417299813,"Rc_est":0.05780340976807925},"5":{"Xc_est":0.08708696546377612,"Zc_est":0.09603409005094957,"Rc_est":0.04047723926140415},"31":{"Xc_est":0.1478526973266219,"Zc_est":0.1557473371410146,"Rc_est":0.04895725604809978},"43":{"Xc_est":0.13892018518454427,"Zc_est":0.15597652456264607,"Rc_est":0.07092149436478098},"39":{"Xc_est":0.07191255344940997,"Zc_est":0.08911127768854314,"Rc_est":0.05262513152164469},"34":{"Xc_est":0.1028055588747259,"Zc_est":0.11086554344643706,"Rc_est":0.04149922635578998},"44":{"Xc_est":0.21865775150740138,"Zc_est":0.23286865351360625,"Rc_est":0.08010366717552643},"55":{"Xc_est":0.09934967501438041,"Zc_est":0.1088624570992485,"Rc_est":0.04450479345219698},"17":{"Xc_est":0.1309757781917715,"Zc_est":0.14978006288437265,"Rc_est":0.07265956760610745},"37":{"Xc_est":0.17188993276171063,"Zc_est":0.18607833636295018,"Rc_est":0.07126709113453299},"47":{"Xc_est":0.20792896608122538,"Zc_est":0.2221417697903937,"Rc_est":0.07818254888401188},"9":{"Xc_est":0.025245255631037525,"Zc_est":0.031688643107618375,"Rc_est":0.019153254818061027},"12":{"Xc_est":0.1555695743539018,"Zc_est":0.16585912518424464,"Rc_est":0.0575096247790642},"20":{"Xc_est":0.16884600928742013,"Zc_est":0.18048899961310608,"Rc_est":0.06377541947374582},"6":{"Xc_est":0.11209834521920996,"Zc_est":0.12456747599181266,"Rc_est":0.054323264575001855},"14":{"Xc_est":0.10280567952542258,"Zc_est":0.11086582085261232,"Rc_est":0.04149966856059982},"7":{"Xc_est":0.1508959420652187,"Zc_est":0.16439636475831515,"Rc_est":0.06524246633902774},"8":{"Xc_est":0.10267936194859541,"Zc_est":0.11064366028753729,"Rc_est":0.04121854184288051},"19":{"Xc_est":0.08795194839786162,"Zc_est":0.09818682917990836,"Rc_est":0.043647545147744424},"4":{"Xc_est":0.19179860124467113,"Zc_est":0.20353527964891632,"Rc_est":0.06811686004470706},"22":{"Xc_est":0.07592906611919845,"Zc_est":0.0987254512962123,"Rc_est":0.06309906221099627},"11":{"Xc_est":0.035066875739413146,"Zc_est":0.04275837417280268,"Rc_est":0.024466155966517432},"35":{"Xc_est":0.1511446823772391,"Zc_est":0.1627198413035878,"Rc_est":0.06027463598354042},"13":{"Xc_est":0.1869247990069963,"Zc_est":0.21847312989434667,"Rc_est":0.1130912375121349},"15":{"Xc_est":0.02566709342109592,"Zc_est":0.03412644306688659,"Rc_est":0.02249031862180228},"16":{"Xc_est":0.16866288158211482,"Zc_est":0.18008140095837288,"Rc_est":0.06310422606725936},"40":{"Xc_est":0.15678228500045663,"Zc_est":0.17546744872333492,"Rc_est":0.07879175509856198},"21":{"Xc_est":0.19318178268831535,"Zc_est":0.20605310904656912,"Rc_est":0.07168460493803261},"38":{"Xc_est":0.05177450067180832,"Zc_est":0.056998638504260964,"Rc_est":0.023837908287522636},"46":{"Xc_est":0.12535850542890242,"Zc_est":0.1387113753899315,"Rc_est":0.059380895742640466},"45":{"Xc_est":0.1793566475892133,"Zc_est":0.1906836828628931,"Rc_est":0.06474148496686762},"36":{"Xc_est":0.17980318419874483,"Zc_est":0.19088695248842458,"Rc_est":0.06409870187695152},"48":{"Xc_est":0.10424051402913026,"Zc_est":0.11526934844538178,"Rc_est":0.04920302760974711},"18":{"Xc_est":0.08664501113730323,"Zc_est":0.0956580729626435,"Rc_est":0.0405352805336663},"30":{"Xc_est":0.21972702884074136,"Zc_est":0.2354180741887832,"Rc_est":0.08450859395100266},"3":{"Xc_est":0.035349256449402136,"Zc_est":0.04260941396891549,"Rc_est":0.02379059114962913}}