{"32":{"shunt_est":{"gs":1.915527382035449},"shunt_true":{"gs":1.9228444444444444}},"29":{"shunt_est":{"gs":0.5875475062420056},"shunt_true":{"gs":0.5768533333333333}},"1":{"shunt_est":{"gs":0.5647077177653559},"shunt_true":{"gs":0.5768533333333333}},"54":{"shunt_est":{"gs":2.8734042365826076},"shunt_true":{"gs":2.8842666666666665}},"2":{"shunt_est":{"gs":1.4317295655276567},"shunt_true":{"gs":1.4421333333333333}},"41":{"shunt_est":{"gs":1.8800721683751385},"shunt_true":{"gs":1.9228444444444444}},"51":{"shunt_est":{"gs":0.9619441928108046},"shunt_true":{"gs":0.9614222222222222}},"53":{"shunt_est":{"gs":1.938493039324672},"shunt_true":{"gs":1.9228444444444444}},"27":{"shunt_est":{"gs":1.4535913266049756},"shunt_true":{"gs":1.4421333333333333}},"42":{"shunt_est":{"gs":0.9751541435090328},"shunt_true":{"gs":0.9614222222222222}},"33":{"shunt_est":{"gs":0.7220785551074719},"shunt_true":{"gs":0.7210666666666666}},"28":{"shunt_est":{"gs":1.1666629547439742},"shunt_true":{"gs":1.1537066666666667}},"50":{"shunt_est":{"gs":0.7166134917957035},"shunt_true":{"gs":0.7210666666666666}},"52":{"shunt_est":{"gs":0.6440548300430592},"shunt_true":{"gs":0.5768533333333333}},"26":{"shunt_est":{"gs":0.5708566721865758},"shunt_true":{"gs":0.5768533333333333}},"10":{"shunt_est":{"gs":2.884265083270288},"shunt_true":{"gs":2.8842666666666665}},"24":{"shunt_est":{"gs":0.22801498923341965},"shunt_true":{"gs":0.23074133333333333}},"25":{"shunt_est":{"gs":0.934514039372838},"shunt_true":{"gs":0.9614222222222222}},"23":{"shunt_est":{"gs":1.4618278402560996},"shunt_true":{"gs":1.4421333333333333}},"49":{"shunt_est":{"gs":1.159295161163915},"shunt_true":{"gs":1.1537066666666667}},"5":{"shunt_est":{"gs":1.4282150220895264},"shunt_true":{"gs":1.4421333333333333}},"31":{"shunt_est":{"gs":1.137614116929048},"shunt_true":{"gs":1.1537066666666667}},"43":{"shunt_est":{"gs":1.9271059939486914},"shunt_true":{"gs":1.9228444444444444}},"39":{"shunt_est":{"gs":0.8203528205358736},"shunt_true":{"gs":0.8240761904761905}},"34":{"shunt_est":{"gs":1.472731903162712},"shunt_true":{"gs":1.4421333333333333}},"44":{"shunt_est":{"gs":1.9330356841256353},"shunt_true":{"gs":1.9228444444444444}},"55":{"shunt_est":{"gs":0.2101603958950641},"shunt_true":{"gs":0.23074133333333333}},"17":{"shunt_est":{"gs":0.7377505275484952},"shunt_true":{"gs":0.7210666666666666}},"37":{"shunt_est":{"gs":1.9251239199097214},"shunt_true":{"gs":1.9228444444444444}},"47":{"shunt_est":{"gs":1.1405939217506993},"shunt_true":{"gs":1.1537066666666667}},"9":{"shunt_est":{"gs":1.9303742208185233},"shunt_true":{"gs":1.9228444444444444}},"12":{"shunt_est":{"gs":0.7296087213332632},"shunt_true":{"gs":0.7210666666666666}},"20":{"shunt_est":{"gs":0.7221545972309699},"shunt_true":{"gs":0.7210666666666666}},"6":{"shunt_est":{"gs":0.2420549966805566},"shunt_true":{"gs":0.23074133333333333}},"14":{"shunt_est":{"gs":0.9453514825179988},"shunt_true":{"gs":0.9614222222222222}},"7":{"shunt_est":{"gs":0.8242908003700021},"shunt_true":{"gs":0.8240761904761905}},"8":{"shunt_est":{"gs":1.9222801726239294},"shunt_true":{"gs":1.9228444444444444}},"19":{"shunt_est":{"gs":0.7397180653757002},"shunt_true":{"gs":0.7210666666666666}},"4":{"shunt_est":{"gs":2.8842560956407395},"shunt_true":{"gs":2.8842666666666665}},"22":{"shunt_est":{"gs":0.8426312711412568},"shunt_true":{"gs":0.8240761904761905}},"11":{"shunt_est":{"gs":0.7356999291098786},"shunt_true":{"gs":0.5768533333333333}},"35":{"shunt_est":{"gs":1.9304037192654828},"shunt_true":{"gs":1.9228444444444444}},"13":{"shunt_est":{"gs":0.9653447292315437},"shunt_true":{"gs":0.9614222222222222}},"15":{"shunt_est":{"gs":1.45837720502652},"shunt_true":{"gs":1.4421333333333333}},"16":{"shunt_est":{"gs":0.8243295479327928},"shunt_true":{"gs":0.8240761904761905}},"40":{"shunt_est":{"gs":0.38765291352319914},"shunt_true":{"gs":0.3845688888888889}},"21":{"shunt_est":{"gs":1.4546780472268592},"shunt_true":{"gs":1.4421333333333333}},"38":{"shunt_est":{"gs":1.0930612461289522},"shunt_true":{"gs":0.9614222222222222}},"46":{"shunt_est":{"gs":0.43124654402384605},"shunt_true":{"gs":0.3845688888888889}},"45":{"shunt_est":{"gs":0.7193905815758533},"shunt_true":{"gs":0.7210666666666666}},"36":{"shunt_est":{"gs":1.1633753915147524},"shunt_true":{"gs":1.1537066666666667}},"48":{"shunt_est":{"gs":1.4471387365794255},"shunt_true":{"gs":1.4421333333333333}},"18":{"shunt_est":{"gs":2.884264738395194},"shunt_true":{"gs":2.8842666666666665}},"30":{"shunt_est":{"gs":0.8317966946159102},"shunt_true":{"gs":0.8240761904761905}},"3":{"shunt_est":{"gs":0.837705413840423},"shunt_true":{"gs":0.7210666666666666}}}