scenario_id,length_bounds,meas_noise,power_mult,A_p_bounds,dist_bounds,r_ac_error,exploit_equal_crossection,exploit_squareness,exploit_horizontality,solve_time,solve_status,objective,timestep_set
1,0.3,false,2.0,false,false,false,true,false,true,306.86899995803833,ALMOST_LOCALLY_SOLVED,0.0012782259341194086,"[17445, 17448, 17446, 17444, 17443, 23015, 17350, 17442, 17542, 17441, 17447, 20806, 23010, 23105, 23685, 17440, 17539, 23106, 23006, 20902, 17828, 23097, 17430, 17439, 17541, 17543, 17351, 17537, 23109, 23684, 23107, 23112, 20807, 20801, 23012, 23013, 23009, 20809, 23014, 17352, 17349, 23103, 17346, 17341, 23102, 17345, 17544, 17538, 23005, 17545]"
