linecode_id,linecode_name,A_p_est,dist_est,x_est,r_est,scenario_id
4,hydrogen,"[150.84083252440692, 150.84083252440692, 150.84083252440692, 150.84083252440692]","[449.6048483122712, 449.525416611752, 396.77309265920843]",[0.7576978825847646 0.47981573294251634 0.43626945980428594 0.4133021407712548; 0.47981573294251634 0.7576978825847646 0.47982683445430996 0.4400743004834484; 0.43626945980428594 0.47982683445430996 0.7576978825847646 0.48767001693443973; 0.4133021407712548 0.4400743004834484 0.48767001693443973 0.7576978825847646],[0.2087698260696226 0.049348 0.049348 0.049348; 0.049348 0.2087698260696226 0.049348 0.049348; 0.049348 0.049348 0.2087698260696226 0.049348; 0.049348 0.049348 0.049348 0.2087698260696226],1
1,pluto,"[259.8207436328596, 259.8207436328596, 259.8207436328596, 259.8207436328596]","[479.8249113755051, 1200.000001377312, 612.5394870018738]",[0.7406149062397953 0.4757283739128361 0.39699839639858875 0.37746429174098356; 0.4757283739128361 0.7406149062397953 0.418133071293563 0.3922206935416988; 0.39699839639858875 0.418133071293563 0.7406149062397953 0.46038529340219253; 0.37746429174098356 0.3922206935416988 0.46038529340219253 0.7406149062397953],[0.22883832345261382 0.049348 0.049348 0.049348; 0.049348 0.22883832345261382 0.049348 0.049348; 0.049348 0.049348 0.22883832345261382 0.049348; 0.049348 0.049348 0.049348 0.22883832345261382],1
10,tw2x16_lv_oh_2w_bundled,"[12.292769190789018, 12.292769190789018]",[13.228651310513431],[0.8364645167537067 0.7013603628326692; 0.7013603628326692 0.8364645167537067],[2.9967000760734566 0.049348; 0.049348 2.9967000760734566],1
7,abc2x16_lv_oh_2w_bundled,"[17.15581332155195, 17.15581332155195]",[89.58881988211887],[0.8259927513312878 0.5811724541929622; 0.5811724541929622 0.8259927513312878],[2.656614438026232 0.049348; 0.049348 2.656614438026232],1
