{"32":{"shunt_est":{"gs":1.1537066141780135},"shunt_true":{"gs":0.4807111111111111}},"29":{"shunt_est":{"gs":1.1537064159786443},"shunt_true":{"gs":5.768533333333333}},"1":{"shunt_est":{"gs":0.16481683620008125},"shunt_true":{"gs":0.23074133333333333}},"54":{"shunt_est":{"gs":1.1537063360965885},"shunt_true":{"gs":1.1537066666666667}},"24":{"shunt_est":{"gs":1.1537062892252103},"shunt_true":{"gs":0.4807111111111111}},"2":{"shunt_est":{"gs":1.1537065734066205},"shunt_true":{"gs":0.19228444444444445}},"25":{"shunt_est":{"gs":1.153706262634373},"shunt_true":{"gs":1.1537066666666667}},"23":{"shunt_est":{"gs":1.1537056382457676},"shunt_true":{"gs":0.4807111111111111}},"41":{"shunt_est":{"gs":1.1537051171481003},"shunt_true":{"gs":0.4807111111111111}},"51":{"shunt_est":{"gs":1.153706539341035},"shunt_true":{"gs":0.23074133333333333}},"53":{"shunt_est":{"gs":0.1648170455998324},"shunt_true":{"gs":0.23074133333333333}},"49":{"shunt_est":{"gs":1.1537064047272745},"shunt_true":{"gs":0.4807111111111111}},"27":{"shunt_est":{"gs":0.44126386965219777},"shunt_true":{"gs":0.19228444444444445}},"5":{"shunt_est":{"gs":1.1537056638420549},"shunt_true":{"gs":5.768533333333333}},"31":{"shunt_est":{"gs":1.153706478388589},"shunt_true":{"gs":2.8842666666666665}},"42":{"shunt_est":{"gs":1.1537065077546556},"shunt_true":{"gs":2.8842666666666665}},"33":{"shunt_est":{"gs":1.1537057277541167},"shunt_true":{"gs":0.5768533333333333}},"28":{"shunt_est":{"gs":0.16481601753449182},"shunt_true":{"gs":0.3845688888888889}},"43":{"shunt_est":{"gs":1.1537062931421804},"shunt_true":{"gs":0.23074133333333333}},"50":{"shunt_est":{"gs":1.1537063756656871},"shunt_true":{"gs":1.4421333333333333}},"52":{"shunt_est":{"gs":1.1537059140729837},"shunt_true":{"gs":0.28842666666666666}},"39":{"shunt_est":{"gs":1.1537063820657172},"shunt_true":{"gs":0.3845688888888889}},"34":{"shunt_est":{"gs":1.153706410232149},"shunt_true":{"gs":0.19228444444444445}},"44":{"shunt_est":{"gs":1.1537066177653685},"shunt_true":{"gs":5.768533333333333}},"55":{"shunt_est":{"gs":1.1537060043392902},"shunt_true":{"gs":0.28842666666666666}},"26":{"shunt_est":{"gs":1.1537064861939785},"shunt_true":{"gs":1.4421333333333333}},"17":{"shunt_est":{"gs":1.153706445577943},"shunt_true":{"gs":0.23074133333333333}},"10":{"shunt_est":{"gs":1.1537065565133986},"shunt_true":{"gs":2.8842666666666665}},"37":{"shunt_est":{"gs":1.153706201900606},"shunt_true":{"gs":0.19228444444444445}},"47":{"shunt_est":{"gs":1.1537064788838889},"shunt_true":{"gs":2.8842666666666665}}}