{"32":{"Xc_est":0.20887815721691508,"Zc_est":0.22355001257840215,"Rc_est":0.07965251760910934},"29":{"Xc_est":0.11224293100984335,"Zc_est":0.14267689213845178,"Rc_est":0.08808075833351427},"1":{"Xc_est":0.15558733234531222,"Zc_est":0.18462289203379145,"Rc_est":0.09938910542202489},"54":{"Xc_est":0.09976244033885646,"Zc_est":0.11766836216205702,"Rc_est":0.062396305592055},"2":{"Xc_est":0.18153990252337399,"Zc_est":0.21069409090930263,"Rc_est":0.10693579258555742},"41":{"Xc_est":0.09276092772819518,"Zc_est":0.09823217226263217,"Rc_est":0.032325995026294144},"51":{"Xc_est":0.11678321372277484,"Zc_est":0.14097995662012228,"Rc_est":0.07897486410999549},"53":{"Xc_est":0.11847001556505474,"Zc_est":0.13308908579992734,"Rc_est":0.060642890523754794},"27":{"Xc_est":0.16088546893330113,"Zc_est":0.1718739415213504,"Rc_est":0.060469146349162055},"42":{"Xc_est":0.1865374366898952,"Zc_est":0.19803878939997097,"Rc_est":0.06650674266696119},"33":{"Xc_est":0.09583837603756792,"Zc_est":0.11523636533127957,"Rc_est":0.06398769860876273},"28":{"Xc_est":0.13635303014937541,"Zc_est":0.15137737210115046,"Rc_est":0.06574922017281787},"50":{"Xc_est":0.17940817004695783,"Zc_est":0.19202867457206563,"Rc_est":0.06846692908482274},"52":{"Xc_est":0.049993774672714056,"Zc_est":0.0545138563361333,"Rc_est":0.021734374309155435},"26":{"Xc_est":0.1745890435993676,"Zc_est":0.18329039901701719,"Rc_est":0.05580355030708612},"10":{"Xc_est":0.15657344792367012,"Zc_est":0.17073248307405903,"Rc_est":0.06807595891302315},"24":{"Xc_est":0.1110286895861265,"Zc_est":0.11842264453379735,"Rc_est":0.041189231932213674},"25":{"Xc_est":0.09683552352909991,"Zc_est":0.11234383444590877,"Rc_est":0.0569562860521549},"23":{"Xc_est":0.0887183324099597,"Zc_est":0.09502267040422019,"Rc_est":0.03403476729970335},"49":{"Xc_est":0.1527961783624308,"Zc_est":0.16323530940383582,"Rc_est":0.05743774119864254},"5":{"Xc_est":0.0913314010907481,"Zc_est":0.09946570011467436,"Rc_est":0.039395439762785076},"31":{"Xc_est":0.14520038122817833,"Zc_est":0.15231935650092998,"Rc_est":0.046022121377105984},"43":{"Xc_est":0.14082617686483906,"Zc_est":0.15445318354995136,"Rc_est":0.06343322330094876},"39":{"Xc_est":0.06956106894231368,"Zc_est":0.08425623223179458,"Rc_est":0.047543352400738245},"34":{"Xc_est":0.11228416848991951,"Zc_est":0.12108950853086264,"Rc_est":0.045331386287794276},"44":{"Xc_est":0.22903295971012566,"Zc_est":0.24598660823561475,"Rc_est":0.08974026296864615},"55":{"Xc_est":0.09788139239277187,"Zc_est":0.11054465865866424,"Rc_est":0.05137464920768621},"17":{"Xc_est":0.142766918017745,"Zc_est":0.17250661010583082,"Rc_est":0.09683045827589379},"37":{"Xc_est":0.1832454282785684,"Zc_est":0.20306691612784866,"Rc_est":0.08750591660384327},"47":{"Xc_est":0.21151477982492284,"Zc_est":0.22829804789670538,"Rc_est":0.08591563646427113},"9":{"Xc_est":0.023564531580037018,"Zc_est":0.0349705733222493,"Rc_est":0.025838998624177618},"12":{"Xc_est":0.16220088205039132,"Zc_est":0.17462874639333667,"Rc_est":0.06469986807547089},"20":{"Xc_est":0.1640964878373496,"Zc_est":0.17497092744446888,"Rc_est":0.06072205637348074},"6":{"Xc_est":0.11348682555386855,"Zc_est":0.12365113766818545,"Rc_est":0.04909525712675674},"14":{"Xc_est":0.11415696689723373,"Zc_est":0.12545940187330307,"Rc_est":0.052040834228813476},"7":{"Xc_est":0.14807847521581313,"Zc_est":0.16013172645579743,"Rc_est":0.060950266574266554},"8":{"Xc_est":0.10705314868817283,"Zc_est":0.11454028253448231,"Rc_est":0.040732047321820126},"19":{"Xc_est":0.09210692906913868,"Zc_est":0.10130310118554053,"Rc_est":0.04217382988608599},"4":{"Xc_est":0.19458665590849356,"Zc_est":0.20525775139662805,"Rc_est":0.06532057754451885},"22":{"Xc_est":0.07941939838974912,"Zc_est":0.09871098336616876,"Rc_est":0.058620963797317086},"11":{"Xc_est":0.03614919751996107,"Zc_est":0.04547413688943049,"Rc_est":0.0275886325232242},"35":{"Xc_est":0.15173531254747752,"Zc_est":0.1671166889328599,"Rc_est":0.07003129761757651},"13":{"Xc_est":0.18037536224165002,"Zc_est":0.20489529304972934,"Rc_est":0.09719470052491545},"15":{"Xc_est":0.021646654715179556,"Zc_est":0.027860274118037022,"Rc_est":0.01753901974381574},"16":{"Xc_est":0.16713398572156224,"Zc_est":0.1818266232003524,"Rc_est":0.07160413201252809},"40":{"Xc_est":0.15985700218657956,"Zc_est":0.17489306174903915,"Rc_est":0.07094590826730683},"21":{"Xc_est":0.19717677830319372,"Zc_est":0.21124407786276472,"Rc_est":0.07579827524464525},"38":{"Xc_est":0.05201967496275282,"Zc_est":0.05955334841524195,"Rc_est":0.028992321815210807},"46":{"Xc_est":0.13347331798712989,"Zc_est":0.15050747493730599,"Rc_est":0.06955122858375899},"45":{"Xc_est":0.18700206757621163,"Zc_est":0.1984901230414558,"Rc_est":0.0665473941430785},"36":{"Xc_est":0.17919908561012385,"Zc_est":0.19156727767713952,"Rc_est":0.0677178676061627},"48":{"Xc_est":0.11316284516739047,"Zc_est":0.12774386164933801,"Rc_est":0.059267737114777896},"18":{"Xc_est":0.0933343714154859,"Zc_est":0.10535974291097291,"Rc_est":0.04888118798415641},"30":{"Xc_est":0.23099857631008175,"Zc_est":0.2501765199795676,"Rc_est":0.09606221365241545},"3":{"Xc_est":0.03375714554077279,"Zc_est":0.03986993668094627,"Rc_est":0.021214782013533606}}