linecode_id,linecode_name,A_p_est,dist_est,x_est,r_est,scenario_id
4,hydrogen,"[154.61264919057152, 154.61264919057152, 154.61264919057152, 154.61264919057152]","[314.1321033782116, 583.7492984857391, 269.61719510752755, 898.122299551537, 583.9901961733254, 314.37300106579795]",[0.7569219777565108 0.5023444904411807 0.4634101390847513 0.4363399368069911; 0.5023444904411807 0.7569219777565108 0.5119458767457179 0.4633842153512639; 0.4634101390847513 0.5119458767457179 0.7569219777565108 0.5022963250909214; 0.4363399368069911 0.4633842153512639 0.5022963250909214 0.7569219777565108],[0.2048806882554284 0.049348 0.049348 0.049348; 0.049348 0.2048806882554284 0.049348 0.049348; 0.049348 0.049348 0.2048806882554284 0.049348; 0.049348 0.049348 0.049348 0.2048806882554284],1
1,pluto,"[256.8844116612407, 256.8844116612407, 256.8844116612407, 256.8844116612407]","[773.4969533947786, 2999.9997547462126, 2477.7233299282993, 3000.0000142566037, 2365.0970798920243, 598.6222332106692]",[0.7409719717628243 0.4457260648914711 0.3605606972371577 0.36056069180197187; 0.4457260648914711 0.7409719717628243 0.3725787045989346 0.3755017156359248; 0.3605606972371577 0.3725787045989346 0.7409719717628243 0.46182934066002135; 0.36056069180197187 0.3755017156359248 0.46182934066002135 0.7409719717628243],[0.23088999786890793 0.049348 0.049348 0.049348; 0.049348 0.23088999786890793 0.049348 0.049348; 0.049348 0.049348 0.23088999786890793 0.049348; 0.049348 0.049348 0.049348 0.23088999786890793],1
10,tw2x16_lv_oh_2w_bundled,"[12.292514608189066, 12.292514608189066]",[28.500395680373504],[0.8364651673841428 0.6531347331761334; 0.6531347331761334 0.8364651673841428],[2.99676111684326 0.049348; 0.049348 2.99676111684326],1
7,abc2x16_lv_oh_2w_bundled,"[17.535449732562373, 17.535449732562373]",[22.013150953474803],[0.8253051353400099 0.6693628517800271; 0.6693628517800271 0.8253051353400099],[2.6001680230111566 0.049348; 0.049348 2.6001680230111566],1
