{"32":{"Xc_est":0.2166902552346348,"Zc_est":0.23141471664173066,"Rc_est":0.0812287163798697},"29":{"Xc_est":0.11529480227342614,"Zc_est":0.145588752964225,"Rc_est":0.08889990752756549},"1":{"Xc_est":0.15748174470185347,"Zc_est":0.1865777746570239,"Rc_est":0.100053815927367},"54":{"Xc_est":0.10564395600362737,"Zc_est":0.12416824830018326,"Rc_est":0.06524652056500489},"2":{"Xc_est":0.18331461807426627,"Zc_est":0.21234868569025023,"Rc_est":0.10718075906925913},"41":{"Xc_est":0.09423763755811014,"Zc_est":0.099641192758606,"Rc_est":0.03236718958797544},"51":{"Xc_est":0.11945517971995302,"Zc_est":0.143430319577688,"Rc_est":0.07938965053602037},"53":{"Xc_est":0.12113747034770814,"Zc_est":0.13538308435120253,"Rc_est":0.060450746944954684},"27":{"Xc_est":0.16280850748385597,"Zc_est":0.17381323202983606,"Rc_est":0.06086402483846141},"42":{"Xc_est":0.1907152034130901,"Zc_est":0.20219985686508632,"Rc_est":0.06717509436811436},"33":{"Xc_est":0.10274238296854551,"Zc_est":0.13065930025864259,"Rc_est":0.08072084914086847},"28":{"Xc_est":0.13966477687092513,"Zc_est":0.15456172475850674,"Rc_est":0.06620480996059949},"50":{"Xc_est":0.18094411235925065,"Zc_est":0.19325240829131357,"Rc_est":0.06786546627641668},"52":{"Xc_est":0.052355858876900266,"Zc_est":0.05685819359438385,"Rc_est":0.022174720293129665},"26":{"Xc_est":0.1778888893397133,"Zc_est":0.18654196599317735,"Rc_est":0.056155570748439326},"10":{"Xc_est":0.1607665257843792,"Zc_est":0.17467754142906072,"Rc_est":0.06831081661729543},"24":{"Xc_est":0.11343305230500408,"Zc_est":0.12071750777089271,"Rc_est":0.04129962865675367},"25":{"Xc_est":0.10040484116830442,"Zc_est":0.11672680719354477,"Rc_est":0.05953163350326056},"23":{"Xc_est":0.0916977540591344,"Zc_est":0.09800082466350614,"Rc_est":0.034578657221439005},"49":{"Xc_est":0.15703947851896918,"Zc_est":0.16753614100980227,"Rc_est":0.0583691762058243},"5":{"Xc_est":0.09280116911593193,"Zc_est":0.10086671058493343,"Rc_est":0.03952260511328832},"31":{"Xc_est":0.14954292401960761,"Zc_est":0.1566370373814948,"Rc_est":0.0466055292354637},"43":{"Xc_est":0.14413356165092064,"Zc_est":0.15744402948667152,"Rc_est":0.0633572318430986},"39":{"Xc_est":0.07104643785324766,"Zc_est":0.08559973654344286,"Rc_est":0.04774639844712317},"34":{"Xc_est":0.11730974889874649,"Zc_est":0.12609479619858766,"Rc_est":0.046241977051986},"44":{"Xc_est":0.2332069795741497,"Zc_est":0.2499285879800197,"Rc_est":0.08988216601522558},"55":{"Xc_est":0.09900871518363963,"Zc_est":0.11104879261029028,"Rc_est":0.05029024416214531},"17":{"Xc_est":0.14607747833435722,"Zc_est":0.1755049768748917,"Rc_est":0.09727983979906454},"37":{"Xc_est":0.18654685074394192,"Zc_est":0.20625596121309756,"Rc_est":0.08798746509279746},"47":{"Xc_est":0.21931963997860415,"Zc_est":0.23590739991075152,"Rc_est":0.08689762282310551},"9":{"Xc_est":0.024235494074230552,"Zc_est":0.03551291798076783,"Rc_est":0.02595781521019593},"12":{"Xc_est":0.16396632077289072,"Zc_est":0.1762008053261097,"Rc_est":0.06451177760510961},"20":{"Xc_est":0.16586879643772462,"Zc_est":0.17671345462500276,"Rc_est":0.06095233723003229},"6":{"Xc_est":0.11596511208459157,"Zc_est":0.1260005229395558,"Rc_est":0.049277018581176786},"14":{"Xc_est":0.11925140378721856,"Zc_est":0.13057928848485795,"Rc_est":0.05319824504614328},"7":{"Xc_est":0.15138277420845803,"Zc_est":0.16334939243494778,"Rc_est":0.06137002266430731},"8":{"Xc_est":0.11039086174623058,"Zc_est":0.11789815550210013,"Rc_est":0.04139846269756872},"19":{"Xc_est":0.09357669774431465,"Zc_est":0.10269360915301964,"Rc_est":0.04230105199805717},"4":{"Xc_est":0.19875722580585856,"Zc_est":0.20934820802052118,"Rc_est":0.06574372511017584},"22":{"Xc_est":0.08090833945430452,"Zc_est":0.10004428205409495,"Rc_est":0.058844702212402566},"11":{"Xc_est":0.03695447802074968,"Zc_est":0.046185358086239574,"Rc_est":0.027702957527457314},"35":{"Xc_est":0.1560792190520828,"Zc_est":0.1713563316558571,"Rc_est":0.07072672605630803},"13":{"Xc_est":0.18213740873653822,"Zc_est":0.20607499908285554,"Rc_est":0.09639953104521892},"15":{"Xc_est":0.022314364987876985,"Zc_est":0.028290835061616285,"Rc_est":0.017390815497594907},"16":{"Xc_est":0.16890629667833895,"Zc_est":0.18354713773953252,"Rc_est":0.07183463450720602},"40":{"Xc_est":0.1640350521531627,"Zc_est":0.1787629108268921,"Rc_est":0.07105406358831681},"21":{"Xc_est":0.20102642501940543,"Zc_est":0.2146615672814747,"Rc_est":0.07528588786523316},"38":{"Xc_est":0.05438176076761704,"Zc_est":0.06183580310671234,"Rc_est":0.02943281572778527},"46":{"Xc_est":0.13704476377665506,"Zc_est":0.15384235242376554,"Rc_est":0.06990137424027434},"45":{"Xc_est":0.19128175206017195,"Zc_est":0.20275756576688736,"Rc_est":0.06724523629599763},"36":{"Xc_est":0.18099219640966835,"Zc_est":0.19335798014116706,"Rc_est":0.06803773455279054},"48":{"Xc_est":0.11649293638956852,"Zc_est":0.13072144468932204,"Rc_est":0.05930844689417704},"18":{"Xc_est":0.09630995034501103,"Zc_est":0.10810810402773735,"Rc_est":0.04910962859779733},"30":{"Xc_est":0.2351709598532374,"Zc_est":0.25403697587422985,"Rc_est":0.09606979105333291},"3":{"Xc_est":0.03441078819529283,"Zc_est":0.04044101502278828,"Rc_est":0.02124554898919026}}