linecode_id,linecode_name,A_p_est,dist_est,x_est,r_est,scenario_id
4,hydrogen,"[149.56271003590754, 149.56271003590754, 149.56271003590754, 149.56271003590754]","[419.66781502200917, 392.4304453290987, 379.99999876690396]",[0.7579652145745938 0.484145209627506 0.4426661708799237 0.41854817470603534; 0.484145209627506 0.7579652145745938 0.4883614988091222 0.4458127583843227; 0.4426661708799237 0.4883614988091222 0.7579652145745938 0.4903839391641215; 0.41854817470603534 0.4458127583843227 0.4903839391641215 0.7579652145745938],[0.21013220189851942 0.049348 0.049348 0.049348; 0.049348 0.21013220189851942 0.049348 0.049348; 0.049348 0.049348 0.21013220189851942 0.049348; 0.049348 0.049348 0.049348 0.21013220189851942],1
1,pluto,"[256.4961740538088, 256.4961740538088, 256.4961740538088, 256.4961740538088]","[501.40452288332483, 1200.0000065083789, 504.1576251297847]",[0.7410194876811854 0.4729642725396607 0.3961963751777369 0.3798896918976938; 0.4729642725396607 0.7410194876811854 0.4181330710249003 0.3960947866881699; 0.3961963751777369 0.4181330710249003 0.7410194876811854 0.4726202195083941; 0.3798896918976938 0.3960947866881699 0.4726202195083941 0.7410194876811854],[0.23116478337462174 0.049348 0.049348 0.049348; 0.049348 0.23116478337462174 0.049348 0.049348; 0.049348 0.049348 0.23116478337462174 0.049348; 0.049348 0.049348 0.049348 0.23116478337462174],1
10,tw2x16_lv_oh_2w_bundled,"[12.293104954130081, 12.293104954130081]",[42.22963589841096],[0.8364636586722679 0.628428922085256; 0.628428922085256 0.8364636586722679],[2.9966195746229247 0.049348; 0.049348 2.9966195746229247],1
7,abc2x16_lv_oh_2w_bundled,"[17.476949435953603, 17.476949435953603]",[15.42959571809362],[0.8254101179788548 0.6916903651102232; 0.6916903651102232 0.8254101179788548],[2.6087063396372128 0.049348; 0.049348 2.6087063396372128],1
