{"32":{"Xc_est":0.21264613843402386,"Zc_est":0.22759196973524623,"Rc_est":0.081115500966629},"29":{"Xc_est":0.11178779452678235,"Zc_est":0.14170787744236432,"Rc_est":0.08708967518631605},"1":{"Xc_est":0.15567652151771644,"Zc_est":0.18514564168824613,"Rc_est":0.10021840791140312},"54":{"Xc_est":0.10339340440995758,"Zc_est":0.12150317066756845,"Rc_est":0.06381868383781689},"2":{"Xc_est":0.18149121799599227,"Zc_est":0.21083589521310167,"Rc_est":0.1072973089161196},"41":{"Xc_est":0.09263554228894254,"Zc_est":0.09812770999247965,"Rc_est":0.032368252550944596},"51":{"Xc_est":0.11684998782557658,"Zc_est":0.14115974304654014,"Rc_est":0.07919692798415756},"53":{"Xc_est":0.1185338756630329,"Zc_est":0.13301601110224945,"Rc_est":0.06035710007823769},"27":{"Xc_est":0.16096035269204814,"Zc_est":0.1721141556681122,"Rc_est":0.06095118901710312},"42":{"Xc_est":0.186642076348267,"Zc_est":0.1982751168753604,"Rc_est":0.06691604671785013},"33":{"Xc_est":0.09695853435666667,"Zc_est":0.11855345955351165,"Rc_est":0.06821997792079101},"28":{"Xc_est":0.1361096114969881,"Zc_est":0.1512335071350594,"Rc_est":0.06592228256446388},"50":{"Xc_est":0.1791426226380654,"Zc_est":0.19163703838610885,"Rc_est":0.06806375860731355},"52":{"Xc_est":0.050115498999575125,"Zc_est":0.054673374760149655,"Rc_est":0.02185439698750239},"26":{"Xc_est":0.17597341476945072,"Zc_est":0.18481927266375295,"Rc_est":0.05649354690880654},"10":{"Xc_est":0.1566589127348617,"Zc_est":0.17076269737701252,"Rc_est":0.06795501362080758},"24":{"Xc_est":0.11089428241002414,"Zc_est":0.11829502767340812,"Rc_est":0.041184605145833365},"25":{"Xc_est":0.097222941666109,"Zc_est":0.11301050250041383,"Rc_est":0.057611398951808224},"23":{"Xc_est":0.090076931415113,"Zc_est":0.096455725032293,"Rc_est":0.03449425051138729},"49":{"Xc_est":0.15279603814488402,"Zc_est":0.1632387959496238,"Rc_est":0.057448021987794},"5":{"Xc_est":0.09120454808844737,"Zc_est":0.09940328333186915,"Rc_est":0.039531546202216106},"31":{"Xc_est":0.14600445642467827,"Zc_est":0.15320746335959243,"Rc_est":0.04642440665442134},"43":{"Xc_est":0.14057972521003942,"Zc_est":0.15411638975886593,"Rc_est":0.06316013340847598},"39":{"Xc_est":0.06942356203226914,"Zc_est":0.08418727707624314,"Rc_est":0.047622123600946364},"34":{"Xc_est":0.11567162995311743,"Zc_est":0.12473592472129705,"Rc_est":0.04668109831683644},"44":{"Xc_est":0.22915089756325804,"Zc_est":0.24611422971840116,"Rc_est":0.08978908739838691},"55":{"Xc_est":0.09741322500522444,"Zc_est":0.10963079765103019,"Rc_est":0.050294884309267915},"17":{"Xc_est":0.14252213811998937,"Zc_est":0.17239654437204763,"Rc_est":0.09699488985060015},"37":{"Xc_est":0.18463111770182142,"Zc_est":0.2046613740399116,"Rc_est":0.0883041811019205},"47":{"Xc_est":0.21527663842688566,"Zc_est":0.2321450833447168,"Rc_est":0.0868752477334336},"9":{"Xc_est":0.023476034924159766,"Zc_est":0.03491768384498026,"Rc_est":0.025848025637128},"12":{"Xc_est":0.1621431346250229,"Zc_est":0.17457121880145554,"Rc_est":0.06468936796566627},"20":{"Xc_est":0.16404509988718008,"Zc_est":0.17504352648147228,"Rc_est":0.061069152328119006},"6":{"Xc_est":0.11338414462236832,"Zc_est":0.12354043991033402,"Rc_est":0.04905380761462575},"14":{"Xc_est":0.117490767711984,"Zc_est":0.1289733383205439,"Rc_est":0.05319813436572843},"7":{"Xc_est":0.14784098078690375,"Zc_est":0.1599904444032171,"Rc_est":0.06115543066895421},"8":{"Xc_est":0.1077783663157112,"Zc_est":0.11537431564936605,"Rc_est":0.04117106345330326},"19":{"Xc_est":0.09198007531811789,"Zc_est":0.10124454882035971,"Rc_est":0.04230986185644621},"4":{"Xc_est":0.19469265370818215,"Zc_est":0.20543459993875454,"Rc_est":0.06556024286152391},"22":{"Xc_est":0.07928593430354162,"Zc_est":0.09866418739292024,"Rc_est":0.058722759604090166},"11":{"Xc_est":0.036201916398022775,"Zc_est":0.04559362746032957,"Rc_est":0.027716423183771176},"35":{"Xc_est":0.1525405294947022,"Zc_est":0.16805571297716979,"Rc_est":0.07052736721118091},"13":{"Xc_est":0.18031597046431677,"Zc_est":0.2045974074704731,"Rc_est":0.09667600498133158},"15":{"Xc_est":0.02155541219202588,"Zc_est":0.02765319431750255,"Rc_est":0.017322337059225507},"16":{"Xc_est":0.16708259466010894,"Zc_est":0.18191627354353312,"Rc_est":0.07195093565487043},"40":{"Xc_est":0.15994130692974698,"Zc_est":0.17490090809471207,"Rc_est":0.07077503790150444},"21":{"Xc_est":0.19699405080962387,"Zc_est":0.2108539040180057,"Rc_est":0.07518452490539312},"38":{"Xc_est":0.05214139723613626,"Zc_est":0.05971802542464218,"Rc_est":0.02911214960942684},"46":{"Xc_est":0.13349139495565368,"Zc_est":0.1505573739459665,"Rc_est":0.06962449513137794},"45":{"Xc_est":0.18717898479796324,"Zc_est":0.19878808406885642,"Rc_est":0.06693825526386672},"36":{"Xc_est":0.17919401559916706,"Zc_est":0.19175053434299794,"Rc_est":0.06824787318496234},"48":{"Xc_est":0.11388160976211069,"Zc_est":0.12833877366334748,"Rc_est":0.05917617580920779},"18":{"Xc_est":0.09468971439376078,"Zc_est":0.10665034111833972,"Rc_est":0.04907293804823834},"30":{"Xc_est":0.23111512766928644,"Zc_est":0.250259130132287,"Rc_est":0.09599703108418725},"3":{"Xc_est":0.03367243700971784,"Zc_est":0.03981287508310092,"Rc_est":0.021242222299213014}}