{"24":{"Xc_est":0.1717792148067121,"Zc_est":0.19563554142722048,"Rc_est":0.09362246754872015},"4":{"Xc_est":0.037398037315131666,"Zc_est":0.05980142670641299,"Rc_est":0.04666473444795871},"1":{"Xc_est":0.20293751793979245,"Zc_est":0.2173276997622462,"Rc_est":0.07776691389264104},"12":{"Xc_est":0.09599237535305145,"Zc_est":0.11721950218640637,"Rc_est":0.0672746279581523},"29":{"Xc_est":0.1975149370541565,"Zc_est":0.21192438587416182,"Rc_est":0.07681012282657304},"20":{"Xc_est":0.06051556754823327,"Zc_est":0.08322657017819059,"Rc_est":0.0571360487603098},"2":{"Xc_est":0.22347011656780308,"Zc_est":0.2460331647577553,"Rc_est":0.10292436622048867},"6":{"Xc_est":0.07411975743434332,"Zc_est":0.08730529045780779,"Rc_est":0.04613540180594823},"25":{"Xc_est":0.15653773238677027,"Zc_est":0.1694798270934207,"Rc_est":0.06495652492878348},"23":{"Xc_est":0.20033455868082994,"Zc_est":0.22286911978054577,"Rc_est":0.09765607584739597},"22":{"Xc_est":0.17404682725610385,"Zc_est":0.18736540346329533,"Rc_est":0.06937936535489053},"11":{"Xc_est":0.21459327896014638,"Zc_est":0.23030614032694274,"Rc_est":0.08361006457015953},"13":{"Xc_est":0.22855298790780498,"Zc_est":0.2459202260530669,"Rc_est":0.09077603924167588},"5":{"Xc_est":0.08011496456756455,"Zc_est":0.1254154391723507,"Rc_est":0.09649157908922146},"15":{"Xc_est":0.12388108539754902,"Zc_est":0.12817443583324542,"Rc_est":0.032896241151473715},"27":{"Xc_est":0.09242765792981789,"Zc_est":0.10691436469974964,"Rc_est":0.05373834225913232},"28":{"Xc_est":0.125222149216786,"Zc_est":0.13082695381305842,"Rc_est":0.03788278223062686},"16":{"Xc_est":0.21201021046371513,"Zc_est":0.23249837730109316,"Rc_est":0.09543147335534904},"14":{"Xc_est":0.06332172203477221,"Zc_est":0.07884265223334147,"Rc_est":0.0469736450548461},"21":{"Xc_est":0.05530694049265672,"Zc_est":0.0816514574520562,"Rc_est":0.06006748569223347},"7":{"Xc_est":0.02683446934861065,"Zc_est":0.05438657111060525,"Rc_est":0.04730550044072462},"8":{"Xc_est":0.17567348711632372,"Zc_est":0.19812643077298464,"Rc_est":0.09161281840022784},"26":{"Xc_est":0.09446890813308251,"Zc_est":0.12094866771430375,"Rc_est":0.0755261916027035},"17":{"Xc_est":0.16069557174657143,"Zc_est":0.1736822944993097,"Rc_est":0.06589744034169656},"10":{"Xc_est":0.18023182257148154,"Zc_est":0.19414848161546436,"Rc_est":0.07218118207782617},"19":{"Xc_est":0.04041945107929672,"Zc_est":0.0567906464322202,"Rc_est":0.03989292539583659},"9":{"Xc_est":0.08896267921368284,"Zc_est":0.11372760165587094,"Rc_est":0.07084919961100353},"18":{"Xc_est":0.07792655402639015,"Zc_est":0.09116167227854696,"Rc_est":0.04730647598578122},"30":{"Xc_est":0.24763429702795686,"Zc_est":0.2969824881340969,"Rc_est":0.16393856530355702},"3":{"Xc_est":0.03035507040259228,"Zc_est":0.04534284127575059,"Rc_est":0.03368297724090876}}