linecode_id,linecode_name,A_p_est,dist_est,x_est,r_est,scenario_id
11,uglv_240al_xlpe/nyl/pvc_ug_4w_bundled,"[292.84467399654847, 300.00000292333385, 258.9500594052347, 246.19136544579993]","[23.14066916683162, 20.31619444824477]",[0.7368559692764677 0.6662242932159788 0.6662242932159788 0.6372828701860148; 0.6662242932159788 0.7360975826750765 0.6444483813915076 0.6586959414956995; 0.6662242932159788 0.6444483813915076 0.7407203610619215 0.6586959414956995; 0.6372828701860148 0.6586959414956995 0.6586959414956995 0.7423076884051261],[0.19644479561009123 0.049348 0.049348 0.049348; 0.049348 0.1929363757887244 0.049348 0.049348; 0.049348 0.049348 0.2156986594874459 0.049348; 0.049348 0.049348 0.049348 0.2243196651450051],1
9,uglv_185al_xlpe/nyl/pvc_ug_2w_bundled,"[37.23051107282012, 37.23051107274196]",[99.99970105968696],[0.8016519006287356 0.574264913815617; 0.574264913815617 0.8016519006288017],[1.2759100256677538 0.049348; 0.049348 1.2759100256703289],1
8,ugsc_16al_xlpe/pvc_ug_2w_bundled,"[13.761442893677652, 13.76144448219604]",[3.890330397117467],[0.8329189236561357 0.7782598785101582; 0.7782598785101582 0.832918920029707],[3.2578196792958876 0.049348; 0.049348 3.257819308933876],1
