{"32":{"length_est":14.036154939214942,"length_true":20.051664},"29":{"length_est":3.67646017342354,"length_true":5.2521},"1":{"length_est":0.148521991030806,"length_true":0.11424},"54":{"length_est":8.421799878508253,"length_true":6.4783},"2":{"length_est":14.38555825280378,"length_true":13.996288},"41":{"length_est":6.31683990958301,"length_true":4.8591},"53":{"length_est":20.62566571168581,"length_true":29.465251},"51":{"length_est":8.281326036907345,"length_true":11.830480000000001},"27":{"length_est":13.893291989329757,"length_true":10.68714},"42":{"length_est":5.476416922343803,"length_true":4.212621},"33":{"length_est":1.763990012367597,"length_true":2.52},"28":{"length_est":9.537159042450519,"length_true":12.29249},"52":{"length_est":6.754080075546493,"length_true":9.6487},"50":{"length_est":5.301539958403928,"length_true":4.0781},"26":{"length_est":10.499990016042995,"length_true":15.0},"10":{"length_est":5.514520025954382,"length_true":7.8779},"24":{"length_est":7.293220150941119,"length_true":10.4189},"25":{"length_est":10.211590021395802,"length_true":14.588000000000001},"23":{"length_est":5.382139760066188,"length_true":4.1401},"49":{"length_est":15.88183698913426,"length_true":12.21679},"5":{"length_est":16.938021991585654,"length_true":13.029240000000001},"31":{"length_est":5.707009810009802,"length_true":4.39},"43":{"length_est":8.339328005889554,"length_true":11.91334},"39":{"length_est":35.127320027217614,"length_true":50.1819},"34":{"length_est":8.692835018992374,"length_true":12.41835},"44":{"length_est":8.966626017886409,"length_true":12.809479999999999},"55":{"length_est":8.565414056120995,"length_true":12.23632},"17":{"length_est":12.203860159494464,"length_true":17.4341},"37":{"length_est":15.883088021614554,"length_true":16.546871},"47":{"length_est":5.792000049466056,"length_true":8.2743},"9":{"length_est":19.764039869300266,"length_true":15.2031},"12":{"length_est":9.369070013116561,"length_true":13.3844},"20":{"length_est":17.693399994001656,"length_true":13.610299999999999},"6":{"length_est":8.727310023148059,"length_true":12.467600000000001},"14":{"length_est":5.839656697701392,"length_true":8.0963},"7":{"length_est":10.75948000635203,"length_true":15.370700000000001},"57":{"length_est":15.457919982692115,"length_true":11.8907},"8":{"length_est":10.368180047898447,"length_true":14.8117},"19":{"length_est":7.549239738535314,"length_true":5.8071},"4":{"length_est":8.287437009312159,"length_true":11.83921},"22":{"length_est":9.308674006266124,"length_true":13.298119999999997},"11":{"length_est":16.161361692379053,"length_true":12.431809},"35":{"length_est":15.35060496753084,"length_true":11.80815},"13":{"length_est":10.034630640699419,"length_true":12.8793},"15":{"length_est":7.938329904531557,"length_true":6.1064},"16":{"length_est":33.67222582994674,"length_true":27.150599999999997},"40":{"length_est":25.66863998678323,"length_true":19.7451},"46":{"length_est":5.103480257260817,"length_true":7.2907},"21":{"length_est":13.828811729096602,"length_true":10.637540000000001},"38":{"length_est":8.764851052031636,"length_true":9.87563},"45":{"length_est":6.361689847567857,"length_true":4.8936},"56":{"length_est":6.481549883751601,"length_true":4.9858},"36":{"length_est":53.90360912551448,"length_true":59.543393},"48":{"length_est":8.362400125558812,"length_true":11.9463},"18":{"length_est":14.319470010303997,"length_true":20.456400000000002},"30":{"length_est":12.533749009040182,"length_true":17.905369999999998},"3":{"length_est":10.328462005875165,"length_true":14.754960000000002}}