{"24":{"Xc_est":0.20055827894164474,"Zc_est":0.21290878569719843,"Rc_est":0.07145997323691763},"4":{"Xc_est":0.042357644005594344,"Zc_est":0.0690863226191443,"Rc_est":0.054577925641524944},"1":{"Xc_est":0.229802814650484,"Zc_est":0.24033376032647674,"Rc_est":0.0703632200185556},"12":{"Xc_est":0.11851234150094478,"Zc_est":0.14028558304428013,"Rc_est":0.07506576930956649},"29":{"Xc_est":0.2243979005787381,"Zc_est":0.23479444632698854,"Rc_est":0.06909424174163774},"20":{"Xc_est":0.07036168493423059,"Zc_est":0.07785112363718523,"Rc_est":0.03331712389730495},"2":{"Xc_est":0.2501543084394158,"Zc_est":0.2635990506439619,"Rc_est":0.08311005636862254},"6":{"Xc_est":0.08467332225774238,"Zc_est":0.09068248259080922,"Rc_est":0.032461379309402814},"25":{"Xc_est":0.18555340381869245,"Zc_est":0.1945045399489717,"Rc_est":0.05832624102458846},"23":{"Xc_est":0.2245215730968085,"Zc_est":0.24405900799212213,"Rc_est":0.09568104617024842},"22":{"Xc_est":0.2009186986376672,"Zc_est":0.21037399457826442,"Rc_est":0.062360998489134956},"11":{"Xc_est":0.2408230250283997,"Zc_est":0.2517933882268718,"Rc_est":0.07351313468312283},"13":{"Xc_est":0.2553802822342343,"Zc_est":0.26747214954044624,"Rc_est":0.07951265450071246},"5":{"Xc_est":0.09095104667576814,"Zc_est":0.13678845937670633,"Rc_est":0.10217137430432795},"15":{"Xc_est":0.15310345316926693,"Zc_est":0.15849167891899565,"Rc_est":0.0409749303136454},"27":{"Xc_est":0.11413663782035677,"Zc_est":0.12800580127609285,"Rc_est":0.057950953981787685},"28":{"Xc_est":0.1543984961742987,"Zc_est":0.16028413343391443,"Rc_est":0.04303612215076948},"16":{"Xc_est":0.23872851937532433,"Zc_est":0.25127312473942204,"Rc_est":0.0784020232722251},"14":{"Xc_est":0.07413859138996319,"Zc_est":0.09005436071712078,"Rc_est":0.05112002690610972},"21":{"Xc_est":0.0619904425886354,"Zc_est":0.07000631153464842,"Rc_est":0.032527967694759956},"7":{"Xc_est":0.026450255160707606,"Zc_est":0.034378587298951525,"Rc_est":0.021960675458762454},"8":{"Xc_est":0.20448755488196269,"Zc_est":0.21658963529652536,"Rc_est":0.07138564292823985},"26":{"Xc_est":0.11301377520114954,"Zc_est":0.1231486154544477,"Rc_est":0.048923083540711856},"17":{"Xc_est":0.1908942279303682,"Zc_est":0.2004812954951407,"Rc_est":0.061254743377787226},"10":{"Xc_est":0.20709799138218313,"Zc_est":0.21689352061475092,"Rc_est":0.06444549053367957},"19":{"Xc_est":0.04981982473507026,"Zc_est":0.05650402390291307,"Rc_est":0.0266587655488369},"9":{"Xc_est":0.10763637655385921,"Zc_est":0.13278503386878862,"Rc_est":0.07775780129280384},"18":{"Xc_est":0.09170560073848032,"Zc_est":0.09794539152165858,"Rc_est":0.034400327229917836},"30":{"Xc_est":0.26743973801365906,"Zc_est":0.30502763976740505,"Rc_est":0.1466896300126878},"3":{"Xc_est":0.0301232380131264,"Zc_est":0.03486531716598351,"Rc_est":0.017555081107450382}}