{"24":{"Zc_true":0.21477210689365162,"Rc_true":0.059557705894300005,"Xc_true":0.20634906728198743},"4":{"Zc_true":0.07717661249367246,"Rc_true":0.055635317276308,"Xc_true":0.05348776483984934},"1":{"Zc_true":0.24665531290882292,"Rc_true":0.06828032219694001,"Xc_true":0.23701611967718864},"12":{"Zc_true":0.1504235760472301,"Rc_true":0.08210873052221601,"Xc_true":0.12603733019572785},"29":{"Zc_true":0.242369408507506,"Rc_true":0.06711321651157999,"Xc_true":0.23289213458111482},"20":{"Zc_true":0.07453410263290937,"Rc_true":0.021081176766532,"Xc_true":0.07149067380736664},"2":{"Zc_true":0.2582921534970439,"Rc_true":0.07146147939118001,"Xc_true":0.24820977724772333},"6":{"Zc_true":0.09781361597717109,"Rc_true":0.027444988931175997,"Xc_true":0.0938843759796971},"25":{"Zc_true":0.20737532756136082,"Rc_true":0.05747746756230001,"Xc_true":0.19925076462539976},"23":{"Zc_true":0.24724923932855597,"Rc_true":0.09215187554218,"Xc_true":0.2294345618746402},"22":{"Zc_true":0.22142794742909314,"Rc_true":0.061333602557019994,"Xc_true":0.2127640126996075},"11":{"Zc_true":0.2554235446807563,"Rc_true":0.07069108275930001,"Xc_true":0.24544644628839116},"13":{"Zc_true":0.27445397041055236,"Rc_true":0.07605215259798001,"Xc_true":0.26370637451402257},"5":{"Zc_true":0.1134502888997557,"Rc_true":0.070004852008616,"Xc_true":0.08927647364613929},"15":{"Zc_true":0.15944920169816862,"Rc_true":0.043799751274300004,"Xc_true":0.15331545815896294},"27":{"Zc_true":0.13546262373166365,"Rc_true":0.06324669179141601,"Xc_true":0.11979139537424179},"28":{"Zc_true":0.1613477709578636,"Rc_true":0.04442608607878001,"Xc_true":0.15511101208099973},"16":{"Zc_true":0.24917159764466607,"Rc_true":0.0689039573491,"Xc_true":0.23945506829973084},"14":{"Zc_true":0.09972758115599234,"Rc_true":0.056692327956788,"Xc_true":0.08204614795384993},"21":{"Zc_true":0.06894918471617047,"Rc_true":0.019658021300176,"Xc_true":0.06608745926109144},"7":{"Zc_true":0.03850766677352956,"Rc_true":0.011447832487419998,"Xc_true":0.03676666331993106},"8":{"Zc_true":0.21796732674642025,"Rc_true":0.06039992502009999,"Xc_true":0.2094316226995031},"26":{"Zc_true":0.11805386300786705,"Rc_true":0.033017909667016,"Xc_true":0.11334254369962328},"17":{"Zc_true":0.21069483164598873,"Rc_true":0.05838598568506,"Xc_true":0.20244354461902583},"10":{"Zc_true":0.226590682975976,"Rc_true":0.06277722876298,"Xc_true":0.21772082390152703},"19":{"Zc_true":0.059217543634819264,"Rc_true":0.016899810349148003,"Xc_true":0.056754857803579715},"9":{"Zc_true":0.12230274883487184,"Rc_true":0.058672837396747994,"Xc_true":0.10731011380284951},"18":{"Zc_true":0.10349168499510424,"Rc_true":0.029008326620216,"Xc_true":0.09934307147366016},"30":{"Zc_true":0.30807811685726555,"Rc_true":0.13963771340317999,"Xc_true":0.2746150671063959},"3":{"Zc_true":0.04432772224287073,"Rc_true":0.012732564367388,"Xc_true":0.04245973108571718}}