{"32":{"length_est":14.036154914052217,"length_true":20.051664},"29":{"length_est":3.6764600828565377,"length_true":5.2521},"1":{"length_est":0.14852199268742583,"length_true":0.11424},"54":{"length_est":8.421799928299306,"length_true":6.4783},"2":{"length_est":13.491059240880396,"length_true":13.996288},"41":{"length_est":6.316839949895609,"length_true":4.8591},"53":{"length_est":20.625665711428773,"length_true":29.465251},"51":{"length_est":8.281326030062754,"length_true":11.830480000000001},"27":{"length_est":13.893291991307766,"length_true":10.68714},"42":{"length_est":5.476417191043977,"length_true":4.212621},"33":{"length_est":1.7639900094726995,"length_true":2.52},"28":{"length_est":11.124696984331434,"length_true":12.29249},"52":{"length_est":12.543319897910719,"length_true":9.6487},"50":{"length_est":5.3015399709071875,"length_true":4.0781},"26":{"length_est":10.499990025501605,"length_true":15.0},"10":{"length_est":6.674649111600385,"length_true":7.8779},"24":{"length_est":12.623966676721178,"length_true":10.4189},"25":{"length_est":10.396531430416102,"length_true":14.588000000000001},"23":{"length_est":5.382139847091379,"length_true":4.1401},"49":{"length_est":15.881836991131381,"length_true":12.21679},"5":{"length_est":16.93802199301496,"length_true":13.029240000000001},"31":{"length_est":5.7070099347984575,"length_true":4.39},"43":{"length_est":8.33932800479052,"length_true":11.91334},"39":{"length_est":35.12732001934515,"length_true":50.1819},"34":{"length_est":8.69283501943959,"length_true":12.41835},"44":{"length_est":8.966626014667195,"length_true":12.809479999999999},"55":{"length_est":8.565414016895753,"length_true":12.23632},"17":{"length_est":12.203860076181503,"length_true":17.4341},"37":{"length_est":14.768238338984812,"length_true":16.546871},"47":{"length_est":5.792000034782538,"length_true":8.2743},"9":{"length_est":19.764039835788804,"length_true":15.2031},"12":{"length_est":9.369070010952276,"length_true":13.3844},"20":{"length_est":17.69339999293184,"length_true":13.610299999999999},"6":{"length_est":8.727310020445215,"length_true":12.467600000000001},"14":{"length_est":5.812091854816737,"length_true":8.0963},"7":{"length_est":10.75948000516136,"length_true":15.370700000000001},"57":{"length_est":15.457919984891623,"length_true":11.8907},"8":{"length_est":10.368180026274642,"length_true":14.8117},"19":{"length_est":7.54923977126132,"length_true":5.8071},"4":{"length_est":8.287437029456504,"length_true":11.83921},"22":{"length_est":9.308674005126528,"length_true":13.298119999999997},"11":{"length_est":16.16136169497133,"length_true":12.431809},"35":{"length_est":12.229566366480434,"length_true":11.80815},"13":{"length_est":10.594633765401209,"length_true":12.8793},"15":{"length_est":7.938329912992389,"length_true":6.1064},"16":{"length_est":24.341859332065233,"length_true":27.150599999999997},"40":{"length_est":25.66863999334387,"length_true":19.7451},"46":{"length_est":6.775931269974072,"length_true":7.2907},"21":{"length_est":13.828811817834884,"length_true":10.637540000000001},"38":{"length_est":12.83832847622439,"length_true":9.87563},"45":{"length_est":6.361689609061765,"length_true":4.8936},"56":{"length_est":6.481549825460335,"length_true":4.9858},"36":{"length_est":68.27099883793952,"length_true":59.543393},"48":{"length_est":8.362400055095836,"length_true":11.9463},"18":{"length_est":14.319470005889663,"length_true":20.456400000000002},"30":{"length_est":12.533749021930545,"length_true":17.905369999999998},"3":{"length_est":10.328462002540231,"length_true":14.754960000000002}}