{"24":{"Xc_est":0.195588479690614,"Zc_est":0.2115618827153896,"Rc_est":0.08064475699259396},"4":{"Xc_est":0.03834598395257761,"Zc_est":0.06535631391349923,"Rc_est":0.052924788927954304},"1":{"Xc_est":0.22693286030852178,"Zc_est":0.23904316027131717,"Rc_est":0.07512063221706518},"12":{"Xc_est":0.10943992585823183,"Zc_est":0.1344314945449633,"Rc_est":0.07806874761219898},"29":{"Xc_est":0.22149994861052058,"Zc_est":0.23351292099053067,"Rc_est":0.07393278728051961},"20":{"Xc_est":0.06775201964785137,"Zc_est":0.07899605687055494,"Rc_est":0.040620694660888204},"2":{"Xc_est":0.24737678445263558,"Zc_est":0.263955801955558,"Rc_est":0.0920727532980091},"6":{"Xc_est":0.08219001937390377,"Zc_est":0.09035490638255969,"Rc_est":0.03753411545139233},"25":{"Xc_est":0.18047211278151387,"Zc_est":0.1909170250727016,"Rc_est":0.062282637795674015},"23":{"Xc_est":0.22191153226216773,"Zc_est":0.24386730295295217,"Rc_est":0.10112632347022135},"22":{"Xc_est":0.19800665195008824,"Zc_est":0.2089995453770527,"Rc_est":0.06688927979378553},"11":{"Xc_est":0.23988104562747095,"Zc_est":0.2537860959315445,"Rc_est":0.08285207563390487},"13":{"Xc_est":0.252546753179532,"Zc_est":0.2666727344326175,"Rc_est":0.08564160640860188},"5":{"Xc_est":0.08843513424554322,"Zc_est":0.14195646491420016,"Rc_est":0.11104442787420399},"15":{"Xc_est":0.1479093108866001,"Zc_est":0.15320165156825058,"Rc_est":0.03991969183611948},"27":{"Xc_est":0.10632471727739597,"Zc_est":0.12439097871546351,"Rc_est":0.06456136678906906},"28":{"Xc_est":0.1492247422608731,"Zc_est":0.15528564435788883,"Rc_est":0.04296053585351011},"16":{"Xc_est":0.23592751097827014,"Zc_est":0.25124981749769376,"Rc_est":0.0863983816759471},"14":{"Xc_est":0.07156880786754025,"Zc_est":0.08985671281341855,"Rc_est":0.05433354928635056},"21":{"Xc_est":0.05932852885170438,"Zc_est":0.07182637039680073,"Rc_est":0.04048645636099674},"7":{"Xc_est":0.026632966357944557,"Zc_est":0.04049052346664123,"Rc_est":0.030498649045149817},"8":{"Xc_est":0.19950617456940753,"Zc_est":0.21492515631745798,"Rc_est":0.0799381581396822},"26":{"Xc_est":0.10758706937336611,"Zc_est":0.1223666668353145,"Rc_est":0.05829771570169252},"17":{"Xc_est":0.184636643474913,"Zc_est":0.19519033260643912,"Rc_est":0.06331331478709828},"10":{"Xc_est":0.2041932800043086,"Zc_est":0.21561112672550742,"Rc_est":0.06923339056354848},"19":{"Xc_est":0.045575194051732035,"Zc_est":0.054302160437826784,"Rc_est":0.029523318163147738},"9":{"Xc_est":0.10242668801691793,"Zc_est":0.1314908434714773,"Rc_est":0.08245371731295989},"18":{"Xc_est":0.08723391174411789,"Zc_est":0.09554988241719799,"Rc_est":0.03898749378659534},"30":{"Xc_est":0.2641435368641442,"Zc_est":0.3055864764280798,"Rc_est":0.15365964502311547},"3":{"Xc_est":0.030244801014586598,"Zc_est":0.03801613053828373,"Rc_est":0.023032112206480115}}