linecode_id,linecode_name,A_p_est,dist_est,x_est,r_est,scenario_id
11,uglv_240al_xlpe/nyl/pvc_ug_4w_bundled,"[300.00000221495543, 300.00000293449517, 235.97602797705892, 238.74644947031095]","[9.999999941653025, 18.662905752006843]",[0.736097582749258 0.7189407529147663 0.7189407529147663 0.659550252644745; 0.7189407529147663 0.7360975826739076 0.697164841090295 0.6755224119470183; 0.7189407529147663 0.697164841090295 0.7436390645035944 0.6755224119470183; 0.659550252644745 0.6755224119470183 0.6755224119470183 0.7432723805825381],[0.19293637612777412 0.049348 0.049348 0.049348; 0.049348 0.1929363757833823 0.049348 0.049348; 0.049348 0.049348 0.231894140494245 0.049348; 0.049348 0.049348 0.049348 0.22977586919740484],1
9,uglv_185al_xlpe/nyl/pvc_ug_2w_bundled,"[15.034419573649167, 15.034419573645579]",[99.99986855830349],[0.8301395023141701 0.5742648085726597; 0.5742648085726597 0.8301395023141777],[3.086747006620913 0.049348; 0.049348 3.0867470066216383],1
8,ugsc_16al_xlpe/pvc_ug_2w_bundled,"[14.198249661675336, 14.198249661710346]",[99.99974636860193],[0.8319372363222397 0.5742648853470409; 0.5742648853470409 0.8319372363221622],[3.1591115865491957 0.049348; 0.049348 3.1591115865415276],1
