linecode_id,linecode_name,A_p_est,dist_est,x_est,r_est,scenario_id
11,uglv_240al_xlpe/nyl/pvc_ug_4w_bundled,"[290.34048920185296, 300.00000294513063, 242.34689120985186, 240.11571198028432]","[12.36841501735286, 18.065871516002588]",[0.7371257702179234 0.7055851226848713 0.7055851226848713 0.6569725771903754; 0.7055851226848713 0.7360975826727939 0.6838092108604001 0.6751647482312282; 0.7055851226848713 0.6838092108604001 0.7428021450588846 0.6751647482312282; 0.6569725771903754 0.6751647482312282 0.6751647482312282 0.743092717741262],[0.19771350449712188 0.049348 0.049348 0.049348; 0.049348 0.19293637577829187 0.049348 0.049348; 0.049348 0.049348 0.22709533127925077 0.049348; 0.049348 0.049348 0.049348 0.2287469772727203],1
9,uglv_185al_xlpe/nyl/pvc_ug_2w_bundled,"[24.913244894586423, 24.913244894565633]",[99.99994240791925],[0.8142726198260944 0.5742647621714253; 0.5742647621714253 0.8142726198261206],[1.8823300652165218 0.049348; 0.049348 1.8823300652180515],1
8,ugsc_16al_xlpe/pvc_ug_2w_bundled,"[12.343798868112358, 12.34379886823934]",[99.99975117588615],[0.8363343727635523 0.5742648823265205; 0.5742648823265205 0.8363343727632291],[3.626301923372246 0.049348; 0.049348 3.62630192333545],1
