{"24":{"Xc_est":0.2005582789427125,"Zc_est":0.21290878569826643,"Rc_est":0.0714599732371029},"4":{"Xc_est":0.04235764394855245,"Zc_est":0.06908631799479947,"Rc_est":0.05457791983216483},"1":{"Xc_est":0.22980281465749824,"Zc_est":0.2403337603336913,"Rc_est":0.07036322002028964},"12":{"Xc_est":0.11851234144366779,"Zc_est":0.1402855798743435,"Rc_est":0.07506576347590369},"29":{"Xc_est":0.2243979005798009,"Zc_est":0.23479444632804883,"Rc_est":0.06909424174178906},"20":{"Xc_est":0.07036168493425904,"Zc_est":0.07785112363722693,"Rc_est":0.033317123897342336},"2":{"Xc_est":0.2501543084464278,"Zc_est":0.2635990506511629,"Rc_est":0.08311005637035641},"6":{"Xc_est":0.08467332225773107,"Zc_est":0.09068248259078412,"Rc_est":0.03246137930936223},"25":{"Xc_est":0.18555340381976113,"Zc_est":0.1945045399500446,"Rc_est":0.05832624102476649},"23":{"Xc_est":0.22452157305079043,"Zc_est":0.24405900606513103,"Rc_est":0.09568104136294842},"22":{"Xc_est":0.20091869863873352,"Zc_est":0.2103739945793323,"Rc_est":0.062360998489301975},"11":{"Xc_est":0.24082302503039896,"Zc_est":0.25179338822695846,"Rc_est":0.07351313467687018},"13":{"Xc_est":0.2553802822412448,"Zc_est":0.26747214954765125,"Rc_est":0.07951265450243289},"5":{"Xc_est":0.0909510465733667,"Zc_est":0.13678845149790725,"Rc_est":0.1021713638472376},"15":{"Xc_est":0.15310345317033922,"Zc_est":0.15849167892007904,"Rc_est":0.04097493031382938},"27":{"Xc_est":0.11413663778414665,"Zc_est":0.12800579957188624,"Rc_est":0.05795095028874346},"28":{"Xc_est":0.15439849617537107,"Zc_est":0.16028413343499748,"Rc_est":0.0430361221509559},"16":{"Xc_est":0.2387285193823381,"Zc_est":0.25127312474662816,"Rc_est":0.07840202327396388},"14":{"Xc_est":0.07413859134875356,"Zc_est":0.09005435829465326,"Rc_est":0.05112002269839391},"21":{"Xc_est":0.06199044258884361,"Zc_est":0.07000631153498608,"Rc_est":0.03252796769508986},"7":{"Xc_est":0.026450255160705847,"Zc_est":0.03437858729895684,"Rc_est":0.021960675458772897},"8":{"Xc_est":0.20448755488302972,"Zc_est":0.2165896352975922,"Rc_est":0.07138564292842015},"26":{"Xc_est":0.11301377520099408,"Zc_est":0.12314861545427291,"Rc_est":0.048923083540630984},"17":{"Xc_est":0.19089422793111865,"Zc_est":0.20048129549575494,"Rc_est":0.061254743377458815},"10":{"Xc_est":0.20709799138324858,"Zc_est":0.21689352061581682,"Rc_est":0.06444549053384308},"19":{"Xc_est":0.04981982473517353,"Zc_est":0.05650402390308153,"Rc_est":0.026658765549000957},"9":{"Xc_est":0.1076363764893781,"Zc_est":0.13278502996099828,"Rc_est":0.07775779470882688},"18":{"Xc_est":0.09170560073846797,"Zc_est":0.09794539152163105,"Rc_est":0.03440032722987239},"30":{"Xc_est":0.2674397379209726,"Zc_est":0.3050276348204056,"Rc_est":0.14668961989483856},"3":{"Xc_est":0.030123238013123277,"Zc_est":0.03486531716597946,"Rc_est":0.017555081107447693}}