linecode_id,linecode_name,A_p_est,dist_est,x_est,r_est,scenario_id
4,hydrogen,"[149.10691128082243, 149.10691128082243, 149.10691128082243, 149.10691128082243]","[1034.5821892812578, 2245.5286729089617, 1223.605721926591, 2883.4623058319776, 1849.0278178017995, 688.3933859406029]",[0.758061102363537 0.42745255823779427 0.3787613196086278 0.36305012905594486; 0.42745255823779427 0.758061102363537 0.4169090755556917 0.39096838248601884; 0.3787613196086278 0.4169090755556917 0.758061102363537 0.45304984291345796; 0.36305012905594486 0.39096838248601884 0.45304984291345796 0.758061102363537],[0.21062369648071672 0.049348 0.049348 0.049348; 0.049348 0.21062369648071672 0.049348 0.049348; 0.049348 0.049348 0.21062369648071672 0.049348; 0.049348 0.049348 0.049348 0.21062369648071672],1
1,pluto,"[271.54242540723743, 271.54242540723743, 271.54242540723743, 271.54242540723743]","[774.4375968879959, 3000.00000662519, 2477.168407803201, 2573.80117086867, 1857.9490072591811, 1184.4608509372179]",[0.7392286298592292 0.4456497018188464 0.3605606919618041 0.37018834066808104; 0.4456497018188464 0.7392286298592292 0.37259277831394416 0.39066595963063316; 0.3605606919618041 0.37259277831394416 0.7392286298592292 0.41895201509928187; 0.37018834066808104 0.39066595963063316 0.41895201509928187 0.7392286298592292],[0.221090258118306 0.049348 0.049348 0.049348; 0.049348 0.221090258118306 0.049348 0.049348; 0.049348 0.049348 0.221090258118306 0.049348; 0.049348 0.049348 0.049348 0.221090258118306],1
10,tw2x16_lv_oh_2w_bundled,"[11.999999884258301, 11.999999884258301]",[72.61879851467313],[0.8372217861982791 0.5943675959886794; 0.5943675959886794 0.8372217861982791],[3.0686079287181762 0.049348; 0.049348 3.0686079287181762],1
7,abc2x16_lv_oh_2w_bundled,"[16.12013702091772, 16.12013702091772]",[2.00000019412433],[0.827948958052296 0.8200649493636103; 0.8200649493636103 0.827948958052296],[2.8241244322526375 0.049348; 0.049348 2.8241244322526375],1
