{"32":{"Xc_est":0.20934300567857453,"Zc_est":0.22858715136033902,"Rc_est":0.09180191577791205},"29":{"Xc_est":0.1250321353295236,"Zc_est":0.158251583495406,"Rc_est":0.09700788016312464},"1":{"Xc_est":0.1599779865250557,"Zc_est":0.19720839887379704,"Rc_est":0.11531780614352549},"54":{"Xc_est":0.10742083256042045,"Zc_est":0.13662629467666745,"Rc_est":0.08442457657046132},"2":{"Xc_est":0.18467348438180997,"Zc_est":0.2196894426687722,"Rc_est":0.11899224927026605},"41":{"Xc_est":0.09637937527047888,"Zc_est":0.10352854282967247,"Rc_est":0.03780443364087778},"51":{"Xc_est":0.12891481921755174,"Zc_est":0.15725312946364736,"Rc_est":0.09005285177170458},"53":{"Xc_est":0.13060945613954666,"Zc_est":0.14678874644959805,"Rc_est":0.06699332840795583},"27":{"Xc_est":0.16310094405985331,"Zc_est":0.17604361227218218,"Rc_est":0.06625281479773529},"42":{"Xc_est":0.1880650039535449,"Zc_est":0.20351421637870706,"Rc_est":0.07777911388150642},"33":{"Xc_est":0.10829397218280011,"Zc_est":0.1401126798928135,"Rc_est":0.0889043230423411},"28":{"Xc_est":0.1387604243020651,"Zc_est":0.15739520485214364,"Rc_est":0.07428859372716062},"50":{"Xc_est":0.1834460588640002,"Zc_est":0.2014270319686079,"Rc_est":0.08318889766638551},"52":{"Xc_est":0.05621400061364334,"Zc_est":0.06216666112785751,"Rc_est":0.026545807405222704},"26":{"Xc_est":0.17732209447906896,"Zc_est":0.1892099118069433,"Rc_est":0.06600958669426288},"10":{"Xc_est":0.16192540192553248,"Zc_est":0.1784380536983054,"Rc_est":0.07496868158700727},"24":{"Xc_est":0.12123999229674783,"Zc_est":0.13084355350815774,"Rc_est":0.04920263979225776},"25":{"Xc_est":0.10734247692869046,"Zc_est":0.1244091941756199,"Rc_est":0.0628907007612465},"23":{"Xc_est":0.09380896866587679,"Zc_est":0.10185001543663938,"Rc_est":0.03966488424649978},"49":{"Xc_est":0.15785395306593641,"Zc_est":0.17144481168971779,"Rc_est":0.06689882627355982},"5":{"Xc_est":0.08437634523281232,"Zc_est":0.0941803927534552,"Rc_est":0.041839918072916316},"31":{"Xc_est":0.1477407968715666,"Zc_est":0.15731242365678402,"Rc_est":0.05403568798975357},"43":{"Xc_est":0.14323387784340366,"Zc_est":0.15860642232871702,"Rc_est":0.0681179377393082},"39":{"Xc_est":0.07506755693319683,"Zc_est":0.09220555410063903,"Rc_est":0.05354181639697261},"34":{"Xc_est":0.11221757626876377,"Zc_est":0.12368656786515621,"Rc_est":0.05201521552993968},"44":{"Xc_est":0.2309206320858938,"Zc_est":0.25153569750446597,"Rc_est":0.0997289767124354},"55":{"Xc_est":0.10221386247362456,"Zc_est":0.11895879628493353,"Rc_est":0.06085656523156133},"17":{"Xc_est":0.14515446217206326,"Zc_est":0.17970955275793155,"Rc_est":0.10595142974021082},"37":{"Xc_est":0.18599876121439107,"Zc_est":0.2109146902858047,"Rc_est":0.09944580134459605},"47":{"Xc_est":0.2119246241353752,"Zc_est":0.2317259937493622,"Rc_est":0.0937277433005266},"9":{"Xc_est":0.02089758875237114,"Zc_est":0.03299520924218807,"Rc_est":0.02553379363260666},"12":{"Xc_est":0.1651850532982994,"Zc_est":0.1802239991862179,"Rc_est":0.0720734906155644},"20":{"Xc_est":0.16716273422744335,"Zc_est":0.18174908212125956,"Rc_est":0.07133967435814026},"6":{"Xc_est":0.1236642850485795,"Zc_est":0.13574195330434216,"Rc_est":0.055973408778650306},"14":{"Xc_est":0.11392388748464076,"Zc_est":0.12796075850279606,"Rc_est":0.05826923353707179},"7":{"Xc_est":0.15062239452431658,"Zc_est":0.16614005198507512,"Rc_est":0.07010999316334716},"8":{"Xc_est":0.11986373500623586,"Zc_est":0.13039572757192597,"Rc_est":0.05133936890308255},"19":{"Xc_est":0.08515257401031445,"Zc_est":0.09616500222380667,"Rc_est":0.04468497277746357},"4":{"Xc_est":0.20219700558934842,"Zc_est":0.21738384211301578,"Rc_est":0.079825470512347},"22":{"Xc_est":0.07461487698312227,"Zc_est":0.09665635560080342,"Rc_est":0.061441608139944495},"11":{"Xc_est":0.034726162533876156,"Zc_est":0.04475415172085138,"Rc_est":0.028231679580283574},"35":{"Xc_est":0.1542924141933649,"Zc_est":0.1735526826163229,"Rc_est":0.07946310191343675},"13":{"Xc_est":0.1834074703981879,"Zc_est":0.20945817451579504,"Rc_est":0.10116534324375662},"15":{"Xc_est":0.019210607420443136,"Zc_est":0.024979763451328435,"Rc_est":0.015966876482954924},"16":{"Xc_est":0.16832431637458878,"Zc_est":0.18452100843295724,"Rc_est":0.07559713665306923},"40":{"Xc_est":0.16101175589092023,"Zc_est":0.17808933825326004,"Rc_est":0.07609879673428996},"21":{"Xc_est":0.20567175164573115,"Zc_est":0.22709975827475234,"Rc_est":0.09629865411015684},"38":{"Xc_est":0.058241735013920416,"Zc_est":0.06742846848050678,"Rc_est":0.033977914359109386},"46":{"Xc_est":0.13790815221740815,"Zc_est":0.16171237248862597,"Rc_est":0.0844525486168434},"45":{"Xc_est":0.18887899887944393,"Zc_est":0.20381587248013786,"Rc_est":0.07658742492824025},"36":{"Xc_est":0.18292247077195117,"Zc_est":0.20016347151000735,"Rc_est":0.08126982843357178},"48":{"Xc_est":0.12591850637512392,"Zc_est":0.14197836660237614,"Rc_est":0.06559257835560818},"18":{"Xc_est":0.09839869679807743,"Zc_est":0.1115204800820481,"Rc_est":0.05248346354967927},"30":{"Xc_est":0.2328750449064723,"Zc_est":0.25552921753317626,"Rc_est":0.10518742545060146},"3":{"Xc_est":0.03145174728654887,"Zc_est":0.03851593709490814,"Rc_est":0.022232071494172258}}