{"32":{"shunt_est":{"gs":1.3853368009322793},"shunt_true":{"gs":0.14138562091503268}},"29":{"shunt_est":{"gs":0.5768533917297082},"shunt_true":{"gs":0.028277124183006534}},"1":{"shunt_est":{"gs":0.5768533591957578},"shunt_true":{"gs":0.22621699346405227}},"54":{"shunt_est":{"gs":0.5768539607139167},"shunt_true":{"gs":0.08483137254901961}},"24":{"shunt_est":{"gs":0.5768533810584752},"shunt_true":{"gs":0.14138562091503268}},"2":{"shunt_est":{"gs":0.576853426844847},"shunt_true":{"gs":0.22621699346405227}},"25":{"shunt_est":{"gs":0.5768533920687651},"shunt_true":{"gs":0.11310849673202614}},"23":{"shunt_est":{"gs":0.5768534403332659},"shunt_true":{"gs":0.14138562091503268}},"41":{"shunt_est":{"gs":0.5768534244572828},"shunt_true":{"gs":0.14138562091503268}},"51":{"shunt_est":{"gs":0.5768535036234291},"shunt_true":{"gs":0.22621699346405227}},"53":{"shunt_est":{"gs":0.5768533693929994},"shunt_true":{"gs":0.19793986928104573}},"49":{"shunt_est":{"gs":0.576853366736714},"shunt_true":{"gs":0.14138562091503268}},"27":{"shunt_est":{"gs":0.5768533567534772},"shunt_true":{"gs":0.22621699346405227}},"5":{"shunt_est":{"gs":0.5768535078025201},"shunt_true":{"gs":0.028277124183006534}},"31":{"shunt_est":{"gs":0.5768533799612808},"shunt_true":{"gs":0.05655424836601307}},"42":{"shunt_est":{"gs":0.5768533669078719},"shunt_true":{"gs":0.05655424836601307}},"33":{"shunt_est":{"gs":0.576853387151662},"shunt_true":{"gs":0.11310849673202614}},"28":{"shunt_est":{"gs":0.5768533563139961},"shunt_true":{"gs":0.16966274509803922}},"43":{"shunt_est":{"gs":0.576853369373098},"shunt_true":{"gs":0.22621699346405227}},"50":{"shunt_est":{"gs":0.5768533629831105},"shunt_true":{"gs":0.05655424836601307}},"52":{"shunt_est":{"gs":0.5768536830347658},"shunt_true":{"gs":0.16966274509803922}},"39":{"shunt_est":{"gs":0.5768535391031976},"shunt_true":{"gs":0.14138562091503268}},"34":{"shunt_est":{"gs":11.537047356144363},"shunt_true":{"gs":0.22621699346405227}},"26":{"shunt_est":{"gs":0.576853362869509},"shunt_true":{"gs":0.08483137254901961}},"10":{"shunt_est":{"gs":0.5768534102606035},"shunt_true":{"gs":0.05655424836601307}}}