{"32":{"shunt_est":{"gs":11.537066739862443},"shunt_true":{"gs":5.768533333333333}},"29":{"shunt_est":{"gs":2.5034760952788795},"shunt_true":{"gs":0.9614222222222222}},"1":{"shunt_est":{"gs":0.5768533443577323},"shunt_true":{"gs":0.7210666666666666}},"54":{"shunt_est":{"gs":11.537066512900031},"shunt_true":{"gs":0.9614222222222222}},"24":{"shunt_est":{"gs":0.5768535205411995},"shunt_true":{"gs":1.4421333333333333}},"2":{"shunt_est":{"gs":11.537066709728819},"shunt_true":{"gs":2.8842666666666665}},"25":{"shunt_est":{"gs":0.5768535691053353},"shunt_true":{"gs":1.1537066666666667}},"23":{"shunt_est":{"gs":0.576854474657056},"shunt_true":{"gs":5.768533333333333}},"41":{"shunt_est":{"gs":0.5768537593737432},"shunt_true":{"gs":1.9228444444444444}},"51":{"shunt_est":{"gs":11.537066659826241},"shunt_true":{"gs":2.8842666666666665}},"53":{"shunt_est":{"gs":0.576853407580042},"shunt_true":{"gs":0.9614222222222222}},"49":{"shunt_est":{"gs":0.5768537775031923},"shunt_true":{"gs":5.768533333333333}},"27":{"shunt_est":{"gs":0.5768533973566269},"shunt_true":{"gs":1.1537066666666667}},"5":{"shunt_est":{"gs":0.5768537379887004},"shunt_true":{"gs":2.8842666666666665}},"31":{"shunt_est":{"gs":11.537065752834264},"shunt_true":{"gs":0.8240761904761905}},"42":{"shunt_est":{"gs":0.5768537181409912},"shunt_true":{"gs":0.8240761904761905}},"33":{"shunt_est":{"gs":0.5768533655081595},"shunt_true":{"gs":0.8240761904761905}},"28":{"shunt_est":{"gs":0.5768533854903604},"shunt_true":{"gs":1.4421333333333333}},"43":{"shunt_est":{"gs":0.5768537655029663},"shunt_true":{"gs":1.1537066666666667}},"50":{"shunt_est":{"gs":0.5768536869884588},"shunt_true":{"gs":1.9228444444444444}},"52":{"shunt_est":{"gs":11.537066341453574},"shunt_true":{"gs":0.7210666666666666}},"39":{"shunt_est":{"gs":11.537066684717486},"shunt_true":{"gs":1.4421333333333333}},"34":{"shunt_est":{"gs":11.537066610267322},"shunt_true":{"gs":2.8842666666666665}},"26":{"shunt_est":{"gs":0.5768534752092165},"shunt_true":{"gs":2.8842666666666665}},"10":{"shunt_est":{"gs":11.537066615600173},"shunt_true":{"gs":1.1537066666666667}}}