{"32":{"Xc_est":0.19866996370771922,"Zc_est":0.21308824756236067,"Rc_est":0.07705093620178428},"29":{"Xc_est":0.10491405997488687,"Zc_est":0.13635936789065137,"Rc_est":0.08710291172586507},"1":{"Xc_est":0.150061853971353,"Zc_est":0.18047732306474137,"Rc_est":0.10026716373417248},"54":{"Xc_est":0.10109281020253164,"Zc_est":0.1220890509631277,"Rc_est":0.06845421893814951},"2":{"Xc_est":0.1755565147322187,"Zc_est":0.20511037528701592,"Rc_est":0.10606684772093863},"41":{"Xc_est":0.08842699129999212,"Zc_est":0.09381236572571894,"Rc_est":0.03132773807167},"51":{"Xc_est":0.10957000709947655,"Zc_est":0.1345278030651068,"Rc_est":0.07805218345276975},"53":{"Xc_est":0.11080464024979335,"Zc_est":0.12609131813897345,"Rc_est":0.06017767201494002},"27":{"Xc_est":0.15516325504452036,"Zc_est":0.16638697566086938,"Rc_est":0.060074869567564346},"42":{"Xc_est":0.17756817731434732,"Zc_est":0.18877022558918613,"Rc_est":0.06406044391239205},"33":{"Xc_est":0.08983620384361532,"Zc_est":0.11095235250104243,"Rc_est":0.06511436864843251},"28":{"Xc_est":0.12733477001676408,"Zc_est":0.1424519084846566,"Rc_est":0.06386237214274758},"50":{"Xc_est":0.17391618423253735,"Zc_est":0.18688725476235996,"Rc_est":0.06841057560498491},"52":{"Xc_est":0.04498232039750588,"Zc_est":0.04947588378447662,"Rc_est":0.02060227967752993},"26":{"Xc_est":0.16754721943155826,"Zc_est":0.17664281470331658,"Rc_est":0.05595188332007696},"10":{"Xc_est":0.1476230697789155,"Zc_est":0.16208192198953855,"Rc_est":0.06691770098316513},"24":{"Xc_est":0.10409383373789834,"Zc_est":0.11178466286856907,"Rc_est":0.04074659041424722},"25":{"Xc_est":0.09089801201621507,"Zc_est":0.10847366640734017,"Rc_est":0.059195335249924375},"23":{"Xc_est":0.08430231807227445,"Zc_est":0.09055298547108558,"Rc_est":0.03305998102491446},"49":{"Xc_est":0.14382095835752087,"Zc_est":0.15397720013772426,"Rc_est":0.05499554617764095},"5":{"Xc_est":0.08509819994515846,"Zc_est":0.09314749384031548,"Rc_est":0.03787812000120176},"31":{"Xc_est":0.13617486923083527,"Zc_est":0.1430265730191559,"Rc_est":0.0437379192414185},"43":{"Xc_est":0.13181052744353877,"Zc_est":0.14583759645272723,"Rc_est":0.062406645432715194},"39":{"Xc_est":0.06525239187867661,"Zc_est":0.08041970022296284,"Rc_est":0.04700482462538105},"34":{"Xc_est":0.11248236504754569,"Zc_est":0.12134472838760543,"Rc_est":0.04552208981112804},"44":{"Xc_est":0.22003159178300222,"Zc_est":0.23709535530550746,"Rc_est":0.08831934173714781},"55":{"Xc_est":0.09410645053715483,"Zc_est":0.10782567981305899,"Rc_est":0.052634144758382344},"17":{"Xc_est":0.13376133863704476,"Zc_est":0.16449021828575522,"Rc_est":0.0957336732697604},"37":{"Xc_est":0.17554571234030672,"Zc_est":0.19544310882617089,"Rc_est":0.0859168881336653},"47":{"Xc_est":0.20132168489647395,"Zc_est":0.21835776015145067,"Rc_est":0.08455584313814929},"9":{"Xc_est":0.021750493020158867,"Zc_est":0.033773505151515615,"Rc_est":0.025837292884500734},"12":{"Xc_est":0.15623349928321573,"Zc_est":0.1687300821004505,"Rc_est":0.06372546043259476},"20":{"Xc_est":0.1581111182164361,"Zc_est":0.16870227106071878,"Rc_est":0.05883307366942855},"6":{"Xc_est":0.10622788596664427,"Zc_est":0.11657977083611183,"Rc_est":0.04802581817374871},"14":{"Xc_est":0.11431751519700187,"Zc_est":0.12569161647676186,"Rc_est":0.05224833176020689},"7":{"Xc_est":0.13905370222703883,"Zc_est":0.15098428817173495,"Rc_est":0.05882451165695737},"8":{"Xc_est":0.09705529864211422,"Zc_est":0.10421800329560817,"Rc_est":0.03796921406104444},"19":{"Xc_est":0.08587442974778481,"Zc_est":0.09504101719047274,"Rc_est":0.040723178462547666},"4":{"Xc_est":0.18561874143408938,"Zc_est":0.1960764336037991,"Rc_est":0.06317951126124438},"22":{"Xc_est":0.07318338553654458,"Zc_est":0.09315854933950372,"Rc_est":0.05764293015149584},"11":{"Xc_est":0.034337722665760656,"Zc_est":0.04437915571179337,"Rc_est":0.028114591653106202},"35":{"Xc_est":0.1427133313757964,"Zc_est":0.15813667944563653,"Rc_est":0.0681183854309109},"13":{"Xc_est":0.1756671167904879,"Zc_est":0.20327307853545915,"Rc_est":0.10227907183681337},"15":{"Xc_est":0.019836587457393317,"Zc_est":0.026670877118365105,"Rc_est":0.017828221568853057},"16":{"Xc_est":0.16115136604920255,"Zc_est":0.17568847843576457,"Rc_est":0.06997627223245066},"40":{"Xc_est":0.15092806561699423,"Zc_est":0.16639139650621249,"Rc_est":0.07004866765613676},"21":{"Xc_est":0.18824684098569794,"Zc_est":0.20213999383374023,"Rc_est":0.07364580073575072},"38":{"Xc_est":0.04701005479416433,"Zc_est":0.054734560240593026,"Rc_est":0.02803438661680998},"46":{"Xc_est":0.12532141522361454,"Zc_est":0.14350448972780117,"Rc_est":0.06991481572876371},"45":{"Xc_est":0.17823083225696768,"Zc_est":0.1898202840970259,"Rc_est":0.0653108772538256},"36":{"Xc_est":0.17359573806473524,"Zc_est":0.18616167453788815,"Rc_est":0.06723606764609619},"48":{"Xc_est":0.10318391687070336,"Zc_est":0.11841651022453166,"Rc_est":0.05809947670139887},"18":{"Xc_est":0.0889292892928785,"Zc_est":0.1014594053552703,"Rc_est":0.04884252697095613},"30":{"Xc_est":0.22200186357307497,"Zc_est":0.24148998554553358,"Rc_est":0.09503991629238646},"3":{"Xc_est":0.032015240346907343,"Zc_est":0.03834814709444268,"Rc_est":0.021109352692746615}}