{"32":{"shunt_est":{"gs":11.537066633718856},"shunt_true":{"gs":0.9614222222222222}},"29":{"shunt_est":{"gs":11.537016548574158},"shunt_true":{"gs":1.9228444444444444}},"1":{"shunt_est":{"gs":0.5768533901620436},"shunt_true":{"gs":5.768533333333333}},"54":{"shunt_est":{"gs":11.537065720007691},"shunt_true":{"gs":5.768533333333333}},"2":{"shunt_est":{"gs":11.537066643091823},"shunt_true":{"gs":5.768533333333333}},"41":{"shunt_est":{"gs":0.5768542404523945},"shunt_true":{"gs":5.768533333333333}},"51":{"shunt_est":{"gs":11.53706650899932},"shunt_true":{"gs":2.8842666666666665}},"53":{"shunt_est":{"gs":0.5768536280404191},"shunt_true":{"gs":1.4421333333333333}},"27":{"shunt_est":{"gs":0.5768536100125419},"shunt_true":{"gs":5.768533333333333}},"42":{"shunt_est":{"gs":0.5768539418278575},"shunt_true":{"gs":1.1537066666666667}},"33":{"shunt_est":{"gs":0.576853443672523},"shunt_true":{"gs":1.9228444444444444}},"28":{"shunt_est":{"gs":0.5768534819889594},"shunt_true":{"gs":1.1537066666666667}},"50":{"shunt_est":{"gs":11.537065517761517},"shunt_true":{"gs":2.8842666666666665}},"52":{"shunt_est":{"gs":11.537065394458327},"shunt_true":{"gs":0.8240761904761905}},"26":{"shunt_est":{"gs":0.5768536350747471},"shunt_true":{"gs":1.1537066666666667}},"10":{"shunt_est":{"gs":11.537066275093377},"shunt_true":{"gs":1.4421333333333333}},"24":{"shunt_est":{"gs":0.5768538976764509},"shunt_true":{"gs":2.8842666666666665}},"25":{"shunt_est":{"gs":0.5768541007296092},"shunt_true":{"gs":0.8240761904761905}},"23":{"shunt_est":{"gs":0.5768553588074865},"shunt_true":{"gs":5.768533333333333}},"49":{"shunt_est":{"gs":0.5768541306725297},"shunt_true":{"gs":2.8842666666666665}},"5":{"shunt_est":{"gs":0.5768540484925423},"shunt_true":{"gs":0.8240761904761905}},"31":{"shunt_est":{"gs":0.5768655313281191},"shunt_true":{"gs":0.9614222222222222}},"43":{"shunt_est":{"gs":0.5768545673788499},"shunt_true":{"gs":1.4421333333333333}},"39":{"shunt_est":{"gs":11.53706648293548},"shunt_true":{"gs":1.4421333333333333}},"34":{"shunt_est":{"gs":11.53706608689221},"shunt_true":{"gs":0.7210666666666666}},"44":{"shunt_est":{"gs":11.537066629540945},"shunt_true":{"gs":0.7210666666666666}},"55":{"shunt_est":{"gs":2.758620276873968},"shunt_true":{"gs":0.8240761904761905}},"17":{"shunt_est":{"gs":0.5768536846725973},"shunt_true":{"gs":1.9228444444444444}},"37":{"shunt_est":{"gs":0.5768534182608225},"shunt_true":{"gs":1.4421333333333333}},"47":{"shunt_est":{"gs":0.5768541523449974},"shunt_true":{"gs":0.8240761904761905}},"9":{"shunt_est":{"gs":11.53705634637088},"shunt_true":{"gs":2.8842666666666665}},"12":{"shunt_est":{"gs":0.5768534742558759},"shunt_true":{"gs":1.9228444444444444}},"20":{"shunt_est":{"gs":11.537066002968086},"shunt_true":{"gs":2.8842666666666665}},"6":{"shunt_est":{"gs":0.5768537873637865},"shunt_true":{"gs":1.1537066666666667}},"14":{"shunt_est":{"gs":11.537065988789168},"shunt_true":{"gs":0.8240761904761905}},"7":{"shunt_est":{"gs":11.537066449404652},"shunt_true":{"gs":0.8240761904761905}},"8":{"shunt_est":{"gs":0.5768543882974734},"shunt_true":{"gs":0.9614222222222222}},"19":{"shunt_est":{"gs":0.5768539811295581},"shunt_true":{"gs":1.9228444444444444}},"4":{"shunt_est":{"gs":8.712861155276185},"shunt_true":{"gs":1.1537066666666667}},"22":{"shunt_est":{"gs":0.5768556442129669},"shunt_true":{"gs":0.9614222222222222}},"11":{"shunt_est":{"gs":0.5768552930137498},"shunt_true":{"gs":0.9614222222222222}},"35":{"shunt_est":{"gs":0.5768534887972886},"shunt_true":{"gs":1.1537066666666667}},"13":{"shunt_est":{"gs":0.5768539354818407},"shunt_true":{"gs":2.8842666666666665}},"15":{"shunt_est":{"gs":11.53706357694299},"shunt_true":{"gs":2.8842666666666665}},"16":{"shunt_est":{"gs":0.5768540741214188},"shunt_true":{"gs":5.768533333333333}}}