{"32":{"shunt_est":{"gs":0.5768535734049824},"shunt_true":{"gs":1.1537066666666667}},"29":{"shunt_est":{"gs":11.537066432549734},"shunt_true":{"gs":5.768533333333333}},"1":{"shunt_est":{"gs":11.537066712758023},"shunt_true":{"gs":0.7210666666666666}},"54":{"shunt_est":{"gs":0.5768538754822705},"shunt_true":{"gs":1.9228444444444444}},"24":{"shunt_est":{"gs":11.537066171139836},"shunt_true":{"gs":1.1537066666666667}},"2":{"shunt_est":{"gs":11.537066687531363},"shunt_true":{"gs":0.7210666666666666}},"25":{"shunt_est":{"gs":11.537066342932778},"shunt_true":{"gs":1.4421333333333333}},"23":{"shunt_est":{"gs":0.57685410240858},"shunt_true":{"gs":1.1537066666666667}},"41":{"shunt_est":{"gs":0.5768536780977457},"shunt_true":{"gs":1.1537066666666667}},"51":{"shunt_est":{"gs":11.537066618839654},"shunt_true":{"gs":0.7210666666666666}},"53":{"shunt_est":{"gs":11.537066677892428},"shunt_true":{"gs":0.8240761904761905}},"49":{"shunt_est":{"gs":11.537066619339406},"shunt_true":{"gs":1.1537066666666667}},"27":{"shunt_est":{"gs":11.537066652427583},"shunt_true":{"gs":0.7210666666666666}},"5":{"shunt_est":{"gs":0.5768537099646329},"shunt_true":{"gs":5.768533333333333}},"31":{"shunt_est":{"gs":11.537066466786499},"shunt_true":{"gs":2.8842666666666665}},"42":{"shunt_est":{"gs":11.53706666671533},"shunt_true":{"gs":2.8842666666666665}},"33":{"shunt_est":{"gs":11.537066630923707},"shunt_true":{"gs":1.4421333333333333}},"28":{"shunt_est":{"gs":11.537064986510282},"shunt_true":{"gs":0.9614222222222222}},"43":{"shunt_est":{"gs":11.537066658927134},"shunt_true":{"gs":0.7210666666666666}},"50":{"shunt_est":{"gs":11.537066666057173},"shunt_true":{"gs":2.8842666666666665}},"52":{"shunt_est":{"gs":0.576854289081072},"shunt_true":{"gs":0.9614222222222222}},"39":{"shunt_est":{"gs":0.5768535752867863},"shunt_true":{"gs":1.1537066666666667}},"34":{"shunt_est":{"gs":0.5768535278446647},"shunt_true":{"gs":0.7210666666666666}},"26":{"shunt_est":{"gs":11.537066560861492},"shunt_true":{"gs":1.9228444444444444}},"10":{"shunt_est":{"gs":11.5370666275555},"shunt_true":{"gs":2.8842666666666665}}}