linecode_id,linecode_name,A_p_est,dist_est,x_est,r_est,scenario_id
4,hydrogen,"[148.5601132918194, 148.5601132918194, 148.5601132918194, 148.5601132918194]","[677.880679196402, 931.394592295181, 477.22997609393815, 1404.4814733415312, 1060.8972180528183, 583.7061580354846]",[0.758176521429314 0.4540167754535213 0.4340543113135626 0.40824666855334985; 0.4540167754535213 0.758176521429314 0.4760690970527369 0.42587438685883117; 0.4340543113135626 0.4760690970527369 0.758176521429314 0.4634147826893642; 0.40824666855334985 0.42587438685883117 0.4634147826893642 0.758176521429314],[0.21121729609878848 0.049348 0.049348 0.049348; 0.049348 0.21121729609878848 0.049348 0.049348; 0.049348 0.049348 0.21121729609878848 0.049348; 0.049348 0.049348 0.049348 0.21121729609878848],1
1,pluto,"[299.9999944616174, 299.9999944616174, 299.9999944616174, 299.9999944616174]","[268.1656406191697, 3000.0000133044905, 2805.8223871893456, 2945.8454502972936, 2730.1816126574167, 363.134879314775]",[0.7360975835611875 0.512285063075367 0.36056069182191297 0.3617052670104549; 0.512285063075367 0.7360975835611875 0.3647651334881925 0.3664822409669646; 0.36056069182191297 0.3647651334881925 0.7360975835611875 0.49323631818173597; 0.3617052670104549 0.3664822409669646 0.49323631818173597 0.7360975835611875],[0.20479903391769308 0.049348 0.049348 0.049348; 0.049348 0.20479903391769308 0.049348 0.049348; 0.049348 0.049348 0.20479903391769308 0.049348; 0.049348 0.049348 0.049348 0.20479903391769308],1
10,tw2x16_lv_oh_2w_bundled,"[11.999999880914388, 11.999999880914388]",[99.99999874469526],[0.8372217862070335 0.5742647267738917; 0.5742647267738917 0.8372217862070335],[3.0686079295595214 0.049348; 0.049348 3.0686079295595214],1
7,abc2x16_lv_oh_2w_bundled,"[22.83872011838505, 22.83872011838505]",[2.000000198348166],[0.8170039972114662 0.8200649492309143; 0.8200649492309143 0.8170039972114662],[2.0078542586024026 0.049348; 0.049348 2.0078542586024026],1
