{"32":{"Xc_est":0.2091442007739177,"Zc_est":0.2286921777568644,"Rc_est":0.09251386625699123},"29":{"Xc_est":0.12516448892579624,"Zc_est":0.15866431633026418,"Rc_est":0.09751008147106825},"1":{"Xc_est":0.1600708132423404,"Zc_est":0.19787220231662092,"Rc_est":0.11632172281033984},"54":{"Xc_est":0.10564501477089386,"Zc_est":0.1348833125708719,"Rc_est":0.08386083033305329},"2":{"Xc_est":0.18481988968613197,"Zc_est":0.2205907504173519,"Rc_est":0.1204237831414395},"41":{"Xc_est":0.09626333253830702,"Zc_est":0.103560040274314,"Rc_est":0.038184456919496144},"51":{"Xc_est":0.12897500830699085,"Zc_est":0.15750213786731623,"Rc_est":0.0904011651749397},"53":{"Xc_est":0.1306908976327057,"Zc_est":0.14710088322106318,"Rc_est":0.06751710242875142},"27":{"Xc_est":0.1632181199061007,"Zc_est":0.17661069231729046,"Rc_est":0.06746244862966638},"42":{"Xc_est":0.18787466854285945,"Zc_est":0.2036263074315401,"Rc_est":0.07852886092459749},"33":{"Xc_est":0.10830597547545186,"Zc_est":0.14009984433308015,"Rc_est":0.08886946640136932},"28":{"Xc_est":0.13880265261528674,"Zc_est":0.1575439434439917,"Rc_est":0.07452461165845611},"50":{"Xc_est":0.18362243317963645,"Zc_est":0.20228152838053817,"Rc_est":0.08485645972556485},"52":{"Xc_est":0.056188435700551875,"Zc_est":0.06209267544498301,"Rc_est":0.026426502557866854},"26":{"Xc_est":0.17717000256535992,"Zc_est":0.18942669838253104,"Rc_est":0.06703181521558811},"10":{"Xc_est":0.1620377664936317,"Zc_est":0.17887371871044985,"Rc_est":0.0757599463770958},"24":{"Xc_est":0.12130321001954869,"Zc_est":0.13104477651819577,"Rc_est":0.049580890387901776},"25":{"Xc_est":0.10923949056986834,"Zc_est":0.12878113257670099,"Rc_est":0.06820054111056215},"23":{"Xc_est":0.09374441882484968,"Zc_est":0.10208728981841608,"Rc_est":0.040420275625735774},"49":{"Xc_est":0.15796617074966884,"Zc_est":0.171854124995467,"Rc_est":0.06767960680030628},"5":{"Xc_est":0.08260849399900663,"Zc_est":0.09235797807877803,"Rc_est":0.041301729189177176},"31":{"Xc_est":0.14778633759771517,"Zc_est":0.15745231966105294,"Rc_est":0.054317873541777764},"43":{"Xc_est":0.14329171670019766,"Zc_est":0.1588163048901485,"Rc_est":0.06848432392942859},"39":{"Xc_est":0.07511825121250733,"Zc_est":0.0923728024127244,"Rc_est":0.0537585617400137},"34":{"Xc_est":0.11078033616404283,"Zc_est":0.12277925356331319,"Rc_est":0.05293828694759606},"44":{"Xc_est":0.23081084818467162,"Zc_est":0.251994011664775,"Rc_est":0.10113028367002255},"55":{"Xc_est":0.10209778406202906,"Zc_est":0.11905278195502499,"Rc_est":0.061234037763763446},"17":{"Xc_est":0.14518856779758998,"Zc_est":0.1798391852134273,"Rc_est":0.10612451328092873},"37":{"Xc_est":0.18584663430832574,"Zc_est":0.21126356560629536,"Rc_est":0.10046552975500057},"47":{"Xc_est":0.21172598057094824,"Zc_est":0.23183814260601407,"Rc_est":0.09445122295808013},"9":{"Xc_est":0.021032861440593312,"Zc_est":0.03346967420471121,"Rc_est":0.02603531891470343},"12":{"Xc_est":0.16530226805881587,"Zc_est":0.18081942317924002,"Rc_est":0.07328590569464546},"20":{"Xc_est":0.16729282115559807,"Zc_est":0.18238462461821955,"Rc_est":0.07264477467051524},"6":{"Xc_est":0.12372754803887526,"Zc_est":0.13595727376336225,"Rc_est":0.05635489460067905},"14":{"Xc_est":0.11221403086179112,"Zc_est":0.1264057989953162,"Rc_est":0.05819310352089216},"7":{"Xc_est":0.15066928811450817,"Zc_est":0.16630454125036753,"Rc_est":0.0703986225686449},"8":{"Xc_est":0.11995469474951662,"Zc_est":0.13070740566160766,"Rc_est":0.05191625085017555},"19":{"Xc_est":0.08338471943209803,"Zc_est":0.0943501398018188,"Rc_est":0.044146771635681877},"4":{"Xc_est":0.20196851261892182,"Zc_est":0.2174130378584792,"Rc_est":0.08048073646129823},"22":{"Xc_est":0.07468282703444962,"Zc_est":0.09680696412341941,"Rc_est":0.0615959710446673},"11":{"Xc_est":0.0346948892917439,"Zc_est":0.04461258105533448,"Rc_est":0.028045446073336457},"35":{"Xc_est":0.1543379246435675,"Zc_est":0.17372150356282212,"Rc_est":0.07974312394710974},"13":{"Xc_est":0.183554158017311,"Zc_est":0.21029119788209905,"Rc_est":0.10261705014881375},"15":{"Xc_est":0.019206927261766378,"Zc_est":0.024975106745931123,"Rc_est":0.0159640189843244},"16":{"Xc_est":0.16816448034780962,"Zc_est":0.1844747622614724,"Rc_est":0.0758396035114762},"40":{"Xc_est":0.16078500631971082,"Zc_est":0.1780781054191539,"Rc_est":0.07655059354731246},"21":{"Xc_est":0.20547900562774626,"Zc_est":0.22724435314151345,"Rc_est":0.0970483090060692},"38":{"Xc_est":0.0582161701008516,"Zc_est":0.06734632803117892,"Rc_est":0.033858609511789865},"46":{"Xc_est":0.13793726165956938,"Zc_est":0.16180740249247133,"Rc_est":0.0845869218450471},"45":{"Xc_est":0.1886150331463304,"Zc_est":0.20377889010589964,"Rc_est":0.07713757400904574},"36":{"Xc_est":0.18301007363477195,"Zc_est":0.2007920152544179,"Rc_est":0.08261202296352356},"48":{"Xc_est":0.12600963607541785,"Zc_est":0.1423321230659809,"Rc_est":0.06618160524352884},"18":{"Xc_est":0.09833423267114468,"Zc_est":0.11182418882838838,"Rc_est":0.053244979970925366},"30":{"Xc_est":0.2327652975030411,"Zc_est":0.25601054199076934,"Rc_est":0.10659134058978831},"3":{"Xc_est":0.031420345555944265,"Zc_est":0.03837775836147275,"Rc_est":0.022036656325237845}}