linecode_id,linecode_name,A_p_est,dist_est,x_est,r_est,scenario_id
4,hydrogen,"[124.70491081786828, 124.70491081786828, 124.70491081786828, 124.70491081786828]","[10.022278227094857, 16.191167136082566, 6.170097622265268, 2999.9991202821957, 2999.015641458641, 2998.2723305886634]",[0.7636755606860826 0.7188009296841877 0.6886632205080214 0.3605607105253746; 0.7188009296841877 0.7636755606860826 0.7492804676017544 0.36058131188891485; 0.6886632205080214 0.7492804676017544 0.7636755606860826 0.3605968868318022; 0.3605607105253746 0.36058131188891485 0.3605968868318022 0.7636755606860826],[0.242181793065489 0.049348 0.049348 0.049348; 0.049348 0.242181793065489 0.049348 0.049348; 0.049348 0.049348 0.242181793065489 0.049348; 0.049348 0.049348 0.049348 0.242181793065489],1
1,pluto,"[184.36787850315375, 184.36787850315375, 184.36787850315375, 184.36787850315375]","[1.000000530945002, 279.7158707701273, 279.71408099242683, 581.6490827844023, 581.6424561445092, 301.93732883547807]",[0.7513924428951798 0.863616745750835 0.5096354697353481 0.46363660395363193; 0.863616745750835 0.7513924428951798 0.5096358717707135 0.463637319793168; 0.5096354697353481 0.5096358717707135 0.7513924428951798 0.5048322690311203; 0.46363660395363193 0.463637319793168 0.5048322690311203 0.7513924428951798],[0.30229504095411547 0.049348 0.049348 0.049348; 0.049348 0.30229504095411547 0.049348 0.049348; 0.049348 0.049348 0.30229504095411547 0.049348; 0.049348 0.049348 0.049348 0.30229504095411547],1
10,tw2x16_lv_oh_2w_bundled,"[11.999999882045799, 11.999999882045799]",[99.99999737248689],[0.8372217862040715 0.5742647276360778; 0.5742647276360778 0.8372217862040715],[3.0686079292748527 0.049348; 0.049348 3.0686079292748527],1
7,abc2x16_lv_oh_2w_bundled,"[19.919730532630474, 19.919730532630474]",[2.00000014104368],[0.8213000290813952 0.8200649510311918; 0.8200649510311918 0.8213000290813952],[2.294849073272752 0.049348; 0.049348 2.294849073272752],1
