{"32":{"shunt_est":{"gs":0.576853626484039},"shunt_true":{"gs":0.14138562091503268}},"29":{"shunt_est":{"gs":11.53706644620486},"shunt_true":{"gs":0.028277124183006534}},"1":{"shunt_est":{"gs":11.537066712781764},"shunt_true":{"gs":0.22621699346405227}},"54":{"shunt_est":{"gs":0.5768541363446066},"shunt_true":{"gs":0.08483137254901961}},"24":{"shunt_est":{"gs":11.537066237131238},"shunt_true":{"gs":0.14138562091503268}},"2":{"shunt_est":{"gs":11.537066682354846},"shunt_true":{"gs":0.22621699346405227}},"25":{"shunt_est":{"gs":11.537066344710555},"shunt_true":{"gs":0.11310849673202614}},"23":{"shunt_est":{"gs":0.5768543525019242},"shunt_true":{"gs":0.14138562091503268}},"41":{"shunt_est":{"gs":0.5768537411670163},"shunt_true":{"gs":0.14138562091503268}},"51":{"shunt_est":{"gs":11.537066604122568},"shunt_true":{"gs":0.22621699346405227}},"53":{"shunt_est":{"gs":11.537066674073634},"shunt_true":{"gs":0.19793986928104573}},"49":{"shunt_est":{"gs":11.537066627728597},"shunt_true":{"gs":0.14138562091503268}},"27":{"shunt_est":{"gs":11.53706665342256},"shunt_true":{"gs":0.22621699346405227}},"5":{"shunt_est":{"gs":0.5768538405217146},"shunt_true":{"gs":0.028277124183006534}},"31":{"shunt_est":{"gs":11.537066483861823},"shunt_true":{"gs":0.05655424836601307}},"42":{"shunt_est":{"gs":11.537066673178574},"shunt_true":{"gs":0.05655424836601307}},"33":{"shunt_est":{"gs":11.537066628524189},"shunt_true":{"gs":0.11310849673202614}},"28":{"shunt_est":{"gs":11.53706581263396},"shunt_true":{"gs":0.16966274509803922}},"43":{"shunt_est":{"gs":11.53706665774025},"shunt_true":{"gs":0.22621699346405227}},"50":{"shunt_est":{"gs":11.537066660290701},"shunt_true":{"gs":0.05655424836601307}},"52":{"shunt_est":{"gs":0.5768546015796774},"shunt_true":{"gs":0.16966274509803922}},"39":{"shunt_est":{"gs":0.5768535960946675},"shunt_true":{"gs":0.14138562091503268}},"34":{"shunt_est":{"gs":0.5768535624859267},"shunt_true":{"gs":0.22621699346405227}},"26":{"shunt_est":{"gs":11.537066589918707},"shunt_true":{"gs":0.08483137254901961}},"10":{"shunt_est":{"gs":11.537066630032065},"shunt_true":{"gs":0.05655424836601307}}}