linecode_id,linecode_name,A_p_est,dist_est,x_est,r_est,scenario_id
4,hydrogen,"[121.32911360011408, 121.32911360011408, 121.32911360011408, 121.32911360011408]","[6.967674196797468, 11.483299200103911, 4.517008432378653, 2247.266085028665, 2246.2766388431996, 2245.5047119605424]",[0.7645377235654369 0.7416421810720988 0.7102505438674127 0.3787127239840206; 0.7416421810720988 0.7645377235654369 0.7688755527190511 0.3787403943045451; 0.7102505438674127 0.7688755527190511 0.7645377235654369 0.3787619900620322; 0.3787127239840206 0.3787403943045451 0.3787619900620322 0.7645377235654369],[0.24754709874360495 0.049348 0.049348 0.049348; 0.049348 0.24754709874360495 0.049348 0.049348; 0.049348 0.049348 0.24754709874360495 0.049348; 0.049348 0.049348 0.049348 0.24754709874360495],1
1,pluto,"[199.19694168446506, 199.19694168446506, 199.19694168446506, 199.19694168446506]","[3.3501712987226453, 728.2141518639496, 727.2211744887169, 1065.158385328412, 1064.1502179440809, 336.96314400872535]",[0.748962073150984 0.7876521698955121 0.4495165034156701 0.425622523247794; 0.7876521698955121 0.748962073150984 0.44960223826488166 0.42568202160113594; 0.4495165034156701 0.44960223826488166 0.748962073150984 0.4979362004261684; 0.425622523247794 0.42568202160113594 0.4979362004261684 0.748962073150984],[0.283464592955692 0.049348 0.049348 0.049348; 0.049348 0.283464592955692 0.049348 0.049348; 0.049348 0.049348 0.283464592955692 0.049348; 0.049348 0.049348 0.049348 0.283464592955692],1
10,tw2x16_lv_oh_2w_bundled,"[11.999999881966183, 11.999999881966183]",[99.99999741875581],[0.83722178620428 0.5742647276070061; 0.5742647276070061 0.83722178620428],[3.0686079292948847 0.049348; 0.049348 3.0686079292948847],1
7,abc2x16_lv_oh_2w_bundled,"[19.92945796179612, 19.92945796179612]",[2.00000011853255],[0.821284691407918 0.8200649517384015; 0.8200649517384015 0.821284691407918],[2.2937530598902747 0.049348; 0.049348 2.2937530598902747],1
