linecode_id,linecode_name,A_p_est,dist_est,x_est,r_est,scenario_id
4,hydrogen,"[151.72249665274992, 151.72249665274992, 151.72249665274992, 151.72249665274992]","[780.5042254111812, 1056.9775771620277, 533.6232406312339, 1661.761097229674, 1247.9410091177178, 715.0264209266559]",[0.7575147907426041 0.44515941937612596 0.4261069588297483 0.39767771257322315; 0.44515941937612596 0.7575147907426041 0.4690512940115 0.4156717255510618; 0.4261069588297483 0.4690512940115 0.7575147907426041 0.45066480064176995; 0.39767771257322315 0.4156717255510618 0.45066480064176995 0.7575147907426041],[0.20784342089951643 0.049348 0.049348 0.049348; 0.049348 0.20784342089951643 0.049348 0.049348; 0.049348 0.049348 0.20784342089951643 0.049348; 0.049348 0.049348 0.049348 0.20784342089951643],1
1,pluto,"[282.9541345236155, 282.9541345236155, 282.9541345236155, 282.9541345236155]","[201.22354408584343, 2999.9999412456823, 2853.1720650230363, 2999.999964353555, 2839.6984759398783, 303.4345308560985]",[0.7379353454353681 0.5303296847436889 0.36056069333111257 0.3605606928471413; 0.5303296847436889 0.7379353454353681 0.3637136589150008 0.3640110744714859; 0.36056069333111257 0.3637136589150008 0.7379353454353681 0.5045214769529696; 0.3605606928471413 0.3640110744714859 0.5045214769529696 0.7379353454353681],[0.2141637903501792 0.049348 0.049348 0.049348; 0.049348 0.2141637903501792 0.049348 0.049348; 0.049348 0.049348 0.2141637903501792 0.049348; 0.049348 0.049348 0.049348 0.2141637903501792],1
10,tw2x16_lv_oh_2w_bundled,"[11.999999882510098, 11.999999882510098]",[99.99999544490173],[0.8372217862028559 0.5742647288472181; 0.5742647288472181 0.8372217862028559],[3.068607929158033 0.049348; 0.049348 3.068607929158033],1
7,abc2x16_lv_oh_2w_bundled,"[22.411451595759598, 22.411451595759598]",[2.0000013317896115],[0.8175972973623918 0.8200649136227314; 0.8200649136227314 0.8175972973623918],[2.0451926733896038 0.049348; 0.049348 2.0451926733896038],1
