{"32":{"Xc_est":0.21387922258791914,"Zc_est":0.2283784333654268,"Rc_est":0.08007738114869906},"29":{"Xc_est":0.11800756156348279,"Zc_est":0.15555577056271322,"Rc_est":0.10134995396743059},"1":{"Xc_est":0.16406811535279445,"Zc_est":0.1956570803291319,"Rc_est":0.10659899909240472},"54":{"Xc_est":0.11022759623783666,"Zc_est":0.12883805991170105,"Rc_est":0.06670174442576092},"2":{"Xc_est":0.18837620224871837,"Zc_est":0.2171041957361429,"Rc_est":0.10792885727453713},"41":{"Xc_est":0.09178327230994827,"Zc_est":0.09646943706860062,"Rc_est":0.0297015691910474},"51":{"Xc_est":0.11801066906887579,"Zc_est":0.14249509023271206,"Rc_est":0.0798644647283448},"53":{"Xc_est":0.11954640903282199,"Zc_est":0.13075346929813125,"Rc_est":0.05296343852937199},"27":{"Xc_est":0.1669387471300649,"Zc_est":0.17570350735772966,"Rc_est":0.05480125185113938},"42":{"Xc_est":0.18788723523399659,"Zc_est":0.1990676345997106,"Rc_est":0.06577469103879341},"33":{"Xc_est":0.10172839384878424,"Zc_est":0.130580368395725,"Rc_est":0.08186920358297067},"28":{"Xc_est":0.1351366474904912,"Zc_est":0.15014453745120693,"Rc_est":0.0654329323159798},"50":{"Xc_est":0.18745589221780154,"Zc_est":0.20111412325894845,"Rc_est":0.0728503881049613},"52":{"Xc_est":0.05142370725542257,"Zc_est":0.056065101644512415,"Rc_est":0.022336023695324753},"26":{"Xc_est":0.17714884149751334,"Zc_est":0.1850193026830331,"Rc_est":0.05338942143725402},"10":{"Xc_est":0.15786955241822637,"Zc_est":0.16924170682797404,"Rc_est":0.0609914727590242},"24":{"Xc_est":0.1102813651519728,"Zc_est":0.11653795856426019,"Rc_est":0.03767115987784905},"25":{"Xc_est":0.10206745853030763,"Zc_est":0.11791446823266798,"Rc_est":0.059042829604929986},"23":{"Xc_est":0.08914044484461746,"Zc_est":0.09431231513761246,"Rc_est":0.03080249794286228},"49":{"Xc_est":0.15585177998135002,"Zc_est":0.16811599945680972,"Rc_est":0.0630334193107665},"5":{"Xc_est":0.09043054632115402,"Zc_est":0.09844477827507171,"Rc_est":0.03890617768023028},"31":{"Xc_est":0.14393685140523643,"Zc_est":0.15039595570825445,"Rc_est":0.04360190707923365},"43":{"Xc_est":0.13948699565454442,"Zc_est":0.15031075580484854,"Rc_est":0.056006261738254876},"39":{"Xc_est":0.06869749572102812,"Zc_est":0.08358158976453953,"Rc_est":0.04760815297012794},"34":{"Xc_est":0.11740845543832835,"Zc_est":0.12571226010744954,"Rc_est":0.04493135801318623},"44":{"Xc_est":0.23012667384997848,"Zc_est":0.24411767612610882,"Rc_est":0.08145645327386528},"55":{"Xc_est":0.09762772226057446,"Zc_est":0.11128688645509459,"Rc_est":0.05341908781588513},"17":{"Xc_est":0.1415736805837602,"Zc_est":0.1718191487336908,"Rc_est":0.09735868136708511},"37":{"Xc_est":0.18583527289770532,"Zc_est":0.20539501734251395,"Rc_est":0.08747779430328019},"47":{"Xc_est":0.216415811610606,"Zc_est":0.23038258911936357,"Rc_est":0.07899578377523823},"9":{"Xc_est":0.020649077580773577,"Zc_est":0.03187657675575171,"Rc_est":0.02428439294543975},"12":{"Xc_est":0.16901199360862024,"Zc_est":0.17931156042719643,"Rc_est":0.059896424929004134},"20":{"Xc_est":0.17095182871732545,"Zc_est":0.18144340997564276,"Rc_est":0.0608044676137486},"6":{"Xc_est":0.11269302170358926,"Zc_est":0.12083254132992356,"Rc_est":0.04359800343550201},"14":{"Xc_est":0.11956552554701766,"Zc_est":0.13071999591109187,"Rc_est":0.0528375097034422},"7":{"Xc_est":0.14683710450874035,"Zc_est":0.15873590438295293,"Rc_est":0.06029885637193494},"8":{"Xc_est":0.10887839641163856,"Zc_est":0.11621415693648846,"Rc_est":0.04063526876112496},"19":{"Xc_est":0.09120677646515465,"Zc_est":0.1003087329052485,"Rc_est":0.04175123739354074},"4":{"Xc_est":0.19588273034501483,"Zc_est":0.20534014385655694,"Rc_est":0.0615997616197799},"22":{"Xc_est":0.07851288102989998,"Zc_est":0.09800427004569294,"Rc_est":0.058656324975009125},"11":{"Xc_est":0.03489688471691666,"Zc_est":0.0427165145167535,"Rc_est":0.024635503841290537},"35":{"Xc_est":0.15049691879516355,"Zc_est":0.16580893583744802,"Rc_est":0.06959368244825752},"13":{"Xc_est":0.18703139864807414,"Zc_est":0.20537411856486026,"Rc_est":0.08483975775565634},"15":{"Xc_est":0.019035408577465683,"Zc_est":0.023458698417806872,"Rc_est":0.013709987299285168},"16":{"Xc_est":0.17134918419126163,"Zc_est":0.1823100609221353,"Rc_est":0.0622608656414427},"40":{"Xc_est":0.1611992415215927,"Zc_est":0.17327541226508883,"Rc_est":0.06355448865736958},"21":{"Xc_est":0.1993131392304064,"Zc_est":0.21406152732598252,"Rc_est":0.07808079156394997},"38":{"Xc_est":0.05345144167189542,"Zc_est":0.06118168208478256,"Rc_est":0.029768130709189072},"46":{"Xc_est":0.13435381655469283,"Zc_est":0.15437039490033383,"Rc_est":0.07602151536817034},"45":{"Xc_est":0.19000710518487432,"Zc_est":0.2012050788455729,"Rc_est":0.06618748924470022},"36":{"Xc_est":0.1871738439326181,"Zc_est":0.20047861318527843,"Rc_est":0.07181661710342818},"48":{"Xc_est":0.11488573336493184,"Zc_est":0.12599100977958078,"Rc_est":0.05172042937254301},"18":{"Xc_est":0.09370625043628501,"Zc_est":0.10269772350285597,"Rc_est":0.042023339251436115},"30":{"Xc_est":0.23207089989690308,"Zc_est":0.24757483688756082,"Rc_est":0.08623454807061923},"3":{"Xc_est":0.03165833023631168,"Zc_est":0.038007253229874145,"Rc_est":0.021030963475989695}}