linecode_id,linecode_name,A_p_est,dist_est,x_est,r_est,scenario_id
4,hydrogen,"[159.69689421313186, 159.69689421313186, 159.69689421313186, 159.69689421313186]","[573.544839829512, 1138.425545057396, 564.880705227884, 1731.7417849536105, 1158.1969451240984, 593.3162398962146]",[0.7559055238909407 0.4645182120325529 0.4214427689451405 0.395085906888178; 0.4645182120325529 0.7559055238909407 0.4654746125957347 0.4203609130412041; 0.4214427689451405 0.4654746125957347 0.7559055238909407 0.4623887460012503; 0.395085906888178 0.4203609130412041 0.4623887460012503 0.7559055238909407],[0.19992901840609037 0.049348 0.049348 0.049348; 0.049348 0.19992901840609037 0.049348 0.049348; 0.049348 0.049348 0.19992901840609037 0.049348; 0.049348 0.049348 0.049348 0.19992901840609037],1
1,pluto,"[247.56255883376886, 247.56255883376886, 247.56255883376886, 247.56255883376886]","[461.31535005418186, 2508.1500562061838, 2451.8768450396724, 3000.0000131554166, 2841.268778925267, 757.2531857487137]",[0.7421331985627219 0.4782001473284346 0.3718118195818372 0.36056069182503514; 0.4782001473284346 0.7421331985627219 0.37323758205853397 0.363976339090955; 0.3718118195818372 0.37323758205853397 0.7421331985627219 0.447059615933085; 0.36056069182503514 0.363976339090955 0.447059615933085 0.7421331985627219],[0.2377258772284984 0.049348 0.049348 0.049348; 0.049348 0.2377258772284984 0.049348 0.049348; 0.049348 0.049348 0.2377258772284984 0.049348; 0.049348 0.049348 0.049348 0.2377258772284984],1
10,tw2x16_lv_oh_2w_bundled,"[11.999999890106585, 11.999999890106585]",[2.1300373206663963],[0.8372217861829684 0.8161070219838619; 0.8161070219838619 0.8372217861829684],[3.0686079272467186 0.049348; 0.049348 3.0686079272467186],1
7,abc2x16_lv_oh_2w_bundled,"[16.59040090793921, 16.59040090793921]",[4.154516274477773],[0.8270455899528665 0.7741316959494103; 0.7741316959494103 0.8270455899528665],[2.7454718934811178 0.049348; 0.049348 2.7454718934811178],1
