linecode_id,linecode_name,A_p_est,dist_est,x_est,r_est,scenario_id
4,hydrogen,"[156.08938910156039, 156.08938910156039, 156.08938910156039, 156.08938910156039]","[442.91870826526144, 876.6299213181926, 433.71121305293104, 1332.356497762882, 889.4377894976207, 455.72657644468956]",[0.7566233404469682 0.48075713422482214 0.4378618113687713 0.41155910871581075; 0.48075713422482214 0.7566233404469682 0.48207706775809006 0.43695045550478917; 0.4378618113687713 0.48207706775809006 0.7566233404469682 0.47896599709122817; 0.41155910871581075 0.43695045550478917 0.47896599709122817 0.7566233404469682],[0.20340921521339644 0.049348 0.049348 0.049348; 0.049348 0.20340921521339644 0.049348 0.049348; 0.049348 0.049348 0.20340921521339644 0.049348; 0.049348 0.049348 0.049348 0.20340921521339644],1
1,pluto,"[257.6211318595942, 257.6211318595942, 257.6211318595942, 257.6211318595942]","[664.658370125165, 2857.413285211319, 2427.7003454446735, 2999.9999997853297, 2452.736474972833, 709.4322844068623]",[0.7408820025958788 0.45525444669576665 0.36362032893934204 0.3605606921050582; 0.45525444669576665 0.7408820025958788 0.3738602057792218 0.37321555697113595; 0.36362032893934204 0.3738602057792218 0.7408820025958788 0.4511583110419187; 0.3605606921050582 0.37321555697113595 0.4511583110419187 0.7408820025958788],[0.23037084147939105 0.049348 0.049348 0.049348; 0.049348 0.23037084147939105 0.049348 0.049348; 0.049348 0.049348 0.23037084147939105 0.049348; 0.049348 0.049348 0.049348 0.23037084147939105],1
10,tw2x16_lv_oh_2w_bundled,"[12.096269083535322, 12.096269083535322]",[3.961945598113433],[0.8369707590156046 0.7771137519398579; 0.7771137519398579 0.8369707590156046],[3.0445788885455722 0.049348; 0.049348 3.0445788885455722],1
7,abc2x16_lv_oh_2w_bundled,"[16.719603894643026, 16.719603894643026]",[14.006236761203334],[0.8268018757048031 0.6977715446253089; 0.6977715446253089 0.8268018757048031],[2.72463723365566 0.049348; 0.049348 2.72463723365566],1
