{"32":{"shunt_est":{"gs":11.5370666880574},"shunt_true":{"gs":1.1537066666666667}},"29":{"shunt_est":{"gs":10.686338264433754},"shunt_true":{"gs":5.768533333333333}},"1":{"shunt_est":{"gs":0.5768534450613468},"shunt_true":{"gs":0.7210666666666666}},"54":{"shunt_est":{"gs":11.537056810988373},"shunt_true":{"gs":1.9228444444444444}},"2":{"shunt_est":{"gs":11.537066694043196},"shunt_true":{"gs":0.7210666666666666}},"41":{"shunt_est":{"gs":0.5768536287838683},"shunt_true":{"gs":1.1537066666666667}},"51":{"shunt_est":{"gs":11.53706666881429},"shunt_true":{"gs":0.7210666666666666}},"53":{"shunt_est":{"gs":0.5768535110283953},"shunt_true":{"gs":0.8240761904761905}},"27":{"shunt_est":{"gs":0.5768534451621384},"shunt_true":{"gs":0.7210666666666666}},"42":{"shunt_est":{"gs":0.5768535436044657},"shunt_true":{"gs":2.8842666666666665}},"33":{"shunt_est":{"gs":0.5768535025009475},"shunt_true":{"gs":1.4421333333333333}},"28":{"shunt_est":{"gs":0.5768533936068494},"shunt_true":{"gs":0.9614222222222222}},"50":{"shunt_est":{"gs":0.5768539557944351},"shunt_true":{"gs":2.8842666666666665}},"52":{"shunt_est":{"gs":11.537064448576048},"shunt_true":{"gs":0.9614222222222222}},"26":{"shunt_est":{"gs":0.5768534607810266},"shunt_true":{"gs":1.9228444444444444}},"10":{"shunt_est":{"gs":11.53706658930146},"shunt_true":{"gs":2.8842666666666665}},"24":{"shunt_est":{"gs":0.57685370099856},"shunt_true":{"gs":1.1537066666666667}},"25":{"shunt_est":{"gs":0.5768539774493074},"shunt_true":{"gs":1.4421333333333333}},"23":{"shunt_est":{"gs":0.576853847269768},"shunt_true":{"gs":1.1537066666666667}},"49":{"shunt_est":{"gs":0.5768535378242379},"shunt_true":{"gs":1.1537066666666667}},"5":{"shunt_est":{"gs":0.5768535858260058},"shunt_true":{"gs":5.768533333333333}},"31":{"shunt_est":{"gs":0.5768538931856595},"shunt_true":{"gs":2.8842666666666665}},"43":{"shunt_est":{"gs":0.576853634918717},"shunt_true":{"gs":0.7210666666666666}},"39":{"shunt_est":{"gs":11.537066257288885},"shunt_true":{"gs":1.1537066666666667}},"34":{"shunt_est":{"gs":11.537065505442746},"shunt_true":{"gs":0.7210666666666666}},"44":{"shunt_est":{"gs":11.537066662968947},"shunt_true":{"gs":5.768533333333333}},"55":{"shunt_est":{"gs":0.5768554313407537},"shunt_true":{"gs":0.9614222222222222}},"17":{"shunt_est":{"gs":0.5768534744598418},"shunt_true":{"gs":0.7210666666666666}},"37":{"shunt_est":{"gs":0.5768534070705688},"shunt_true":{"gs":0.7210666666666666}},"47":{"shunt_est":{"gs":0.5768534813917833},"shunt_true":{"gs":2.8842666666666665}},"9":{"shunt_est":{"gs":0.5768590230379287},"shunt_true":{"gs":5.768533333333333}},"12":{"shunt_est":{"gs":0.5768533897441882},"shunt_true":{"gs":1.4421333333333333}},"20":{"shunt_est":{"gs":11.53706519265895},"shunt_true":{"gs":5.768533333333333}},"6":{"shunt_est":{"gs":0.576853628694051},"shunt_true":{"gs":1.1537066666666667}},"14":{"shunt_est":{"gs":11.537061870263887},"shunt_true":{"gs":0.9614222222222222}},"7":{"shunt_est":{"gs":0.5768541406652002},"shunt_true":{"gs":1.4421333333333333}},"8":{"shunt_est":{"gs":0.5768546145802393},"shunt_true":{"gs":1.4421333333333333}},"19":{"shunt_est":{"gs":0.5768535751698932},"shunt_true":{"gs":0.9614222222222222}},"4":{"shunt_est":{"gs":0.5768542945854891},"shunt_true":{"gs":0.7210666666666666}},"22":{"shunt_est":{"gs":0.5768541909160123},"shunt_true":{"gs":2.8842666666666665}},"11":{"shunt_est":{"gs":0.5768547506048777},"shunt_true":{"gs":1.1537066666666667}},"35":{"shunt_est":{"gs":0.5768533963235082},"shunt_true":{"gs":0.7210666666666666}},"13":{"shunt_est":{"gs":0.5768535423084267},"shunt_true":{"gs":5.768533333333333}},"15":{"shunt_est":{"gs":11.537063530665911},"shunt_true":{"gs":1.4421333333333333}},"16":{"shunt_est":{"gs":0.5768534330191566},"shunt_true":{"gs":1.1537066666666667}},"40":{"shunt_est":{"gs":0.5768535117307794},"shunt_true":{"gs":1.1537066666666667}},"21":{"shunt_est":{"gs":6.956706660548169},"shunt_true":{"gs":2.8842666666666665}},"38":{"shunt_est":{"gs":0.5768542136298045},"shunt_true":{"gs":1.9228444444444444}},"46":{"shunt_est":{"gs":0.5768539807033399},"shunt_true":{"gs":5.768533333333333}},"45":{"shunt_est":{"gs":0.5768535232833799},"shunt_true":{"gs":1.4421333333333333}},"36":{"shunt_est":{"gs":11.537062388860992},"shunt_true":{"gs":0.9614222222222222}},"48":{"shunt_est":{"gs":0.5768534034033778},"shunt_true":{"gs":0.8240761904761905}},"18":{"shunt_est":{"gs":0.5768535379218761},"shunt_true":{"gs":5.768533333333333}},"30":{"shunt_est":{"gs":11.537066667338715},"shunt_true":{"gs":1.9228444444444444}},"3":{"shunt_est":{"gs":0.5768558744689102},"shunt_true":{"gs":0.8240761904761905}}}