{"32":{"Xc_est":0.20803511931846208,"Zc_est":0.2225045520866805,"Rc_est":0.07892822580957691},"29":{"Xc_est":0.11279054620178416,"Zc_est":0.14347920915493678,"Rc_est":0.0886824455415461},"1":{"Xc_est":0.15509066785607334,"Zc_est":0.18427412772875584,"Rc_est":0.09951803300985687},"54":{"Xc_est":0.10050795038123055,"Zc_est":0.11936027241756356,"Rc_est":0.0643818805391632},"2":{"Xc_est":0.18111294102530706,"Zc_est":0.21051929298933855,"Rc_est":0.10731484200190866},"41":{"Xc_est":0.09310102992597744,"Zc_est":0.09852235422413438,"Rc_est":0.03223123498391063},"51":{"Xc_est":0.11747390226432808,"Zc_est":0.14184553454422819,"Rc_est":0.0794986663845937},"53":{"Xc_est":0.1191635704767866,"Zc_est":0.13393211642896,"Rc_est":0.06113800194939647},"27":{"Xc_est":0.16045351883743234,"Zc_est":0.17140551627022718,"Rc_est":0.06028697455129811},"42":{"Xc_est":0.1866010754292362,"Zc_est":0.1979298610903056,"Rc_est":0.06600203451318883},"33":{"Xc_est":0.10075842385865487,"Zc_est":0.1292533446294166,"Rc_est":0.08095781073750936},"28":{"Xc_est":0.13687563429791846,"Zc_est":0.15184970447980836,"Rc_est":0.06575251695674943},"50":{"Xc_est":0.1790074232691199,"Zc_est":0.19159930494953484,"Rc_est":0.06831278117376716},"52":{"Xc_est":0.050927357876107256,"Zc_est":0.05541225257141725,"Rc_est":0.02183854287257816},"26":{"Xc_est":0.17595858265968528,"Zc_est":0.18457703384878388,"Rc_est":0.0557427897831622},"10":{"Xc_est":0.15667535486927173,"Zc_est":0.17085814726122425,"Rc_est":0.0681567286636174},"24":{"Xc_est":0.11158858610837274,"Zc_est":0.11893750992992337,"Rc_est":0.04115967345187399},"25":{"Xc_est":0.0978867408445001,"Zc_est":0.1141407476109577,"Rc_est":0.05870516358915989},"23":{"Xc_est":0.08852669249731976,"Zc_est":0.09481589405389762,"Rc_est":0.03395700930183529},"49":{"Xc_est":0.15294603516935645,"Zc_est":0.16332629917019645,"Rc_est":0.057297384989251354},"5":{"Xc_est":0.09166271986712876,"Zc_est":0.09974231343487756,"Rc_est":0.03932524476594691},"31":{"Xc_est":0.14600994215657326,"Zc_est":0.1529965498141846,"Rc_est":0.04570602855727457},"43":{"Xc_est":0.14135331608751459,"Zc_est":0.15501567083622578,"Rc_est":0.06363252498422713},"39":{"Xc_est":0.06991889673898899,"Zc_est":0.08471871231528479,"Rc_est":0.04783939898412794},"34":{"Xc_est":0.11267506212041305,"Zc_est":0.1215087448727418,"Rc_est":0.045483023829887545},"44":{"Xc_est":0.22945424260513697,"Zc_est":0.2463891328344631,"Rc_est":0.08976834257922807},"55":{"Xc_est":0.09805705367019499,"Zc_est":0.11048898563908506,"Rc_est":0.05091787675340014},"17":{"Xc_est":0.14329400935298908,"Zc_est":0.17322745443182955,"Rc_est":0.09733744321933395},"37":{"Xc_est":0.18461950072302222,"Zc_est":0.20447395099559765,"Rc_est":0.0878933250510644},"47":{"Xc_est":0.2106765903979597,"Zc_est":0.22738781696560645,"Rc_est":0.08556046728878036},"9":{"Xc_est":0.02383857681732968,"Zc_est":0.03538691379827044,"Rc_est":0.02615255099393738},"12":{"Xc_est":0.16176662985885648,"Zc_est":0.17419367466510977,"Rc_est":0.06461419161021692},"20":{"Xc_est":0.16366018501256838,"Zc_est":0.1744420770046188,"Rc_est":0.06037699952247746},"6":{"Xc_est":0.11403037506122173,"Zc_est":0.12419415910065057,"Rc_est":0.04920632802917537},"14":{"Xc_est":0.11449532347741515,"Zc_est":0.12579368610861089,"Rc_est":0.05210443711042073},"7":{"Xc_est":0.14858782338103285,"Zc_est":0.16052864831459063,"Rc_est":0.06075447039186918},"8":{"Xc_est":0.1049821304784821,"Zc_est":0.11228409750242876,"Rc_est":0.03983052638534784},"19":{"Xc_est":0.09243871720572053,"Zc_est":0.10159415588718845,"Rc_est":0.0421480257164102},"4":{"Xc_est":0.1950006529617888,"Zc_est":0.20552792946134837,"Rc_est":0.06493439098925155},"22":{"Xc_est":0.07978138145285825,"Zc_est":0.09927064284902064,"Rc_est":0.05907276618824735},"11":{"Xc_est":0.03635700980364748,"Zc_est":0.045765715879861175,"Rc_est":0.02779691688179929},"35":{"Xc_est":0.1525482181287903,"Zc_est":0.16786222064090106,"Rc_est":0.07004831378574053},"13":{"Xc_est":0.18049475129916645,"Zc_est":0.20618690973722792,"Rc_est":0.09967289752204368},"15":{"Xc_est":0.021920999820704595,"Zc_est":0.02826345934853176,"Rc_est":0.017840765151942793},"16":{"Xc_est":0.16669952125453147,"Zc_est":0.18135985033772214,"Rc_est":0.071432940076907},"40":{"Xc_est":0.15994212014670964,"Zc_est":0.17499259521004468,"Rc_est":0.07099948296517412},"21":{"Xc_est":0.19758359007977355,"Zc_est":0.21149964269072014,"Rc_est":0.07545080376967694},"38":{"Xc_est":0.05295448426017055,"Zc_est":0.06047763839900219,"Rc_est":0.029212451849507846},"46":{"Xc_est":0.13432657159335407,"Zc_est":0.15137186351742876,"Rc_est":0.06978404709326196},"45":{"Xc_est":0.187077903349573,"Zc_est":0.19845022100140144,"Rc_est":0.0662144115267431},"36":{"Xc_est":0.17872695552760964,"Zc_est":0.19097542123239744,"Rc_est":0.06729254700725397},"48":{"Xc_est":0.11109895111763418,"Zc_est":0.12576797320893582,"Rc_est":0.058945789889059325},"18":{"Xc_est":0.09314725327331828,"Zc_est":0.10533486937110974,"Rc_est":0.049183573610150064},"30":{"Xc_est":0.2314217846794193,"Zc_est":0.25064022447190654,"Rc_est":0.09625216724375713},"3":{"Xc_est":0.034006805858558725,"Zc_est":0.04011910805693622,"Rc_est":0.021285675619590293}}