{"32":{"Xc_est":0.21339033462130008,"Zc_est":0.22789930266529407,"Rc_est":0.08001660606109764},"29":{"Xc_est":0.11753976266401181,"Zc_est":0.15445795068840762,"Rc_est":0.1002080970967433},"1":{"Xc_est":0.1612456283241129,"Zc_est":0.19310949735799698,"Rc_est":0.10625970692703932},"54":{"Xc_est":0.10985873341945446,"Zc_est":0.12861942918389616,"Rc_est":0.066888087542286},"2":{"Xc_est":0.1855941365888596,"Zc_est":0.2146277203086338,"Rc_est":0.10779552304579659},"41":{"Xc_est":0.09132984296171767,"Zc_est":0.09606054437832813,"Rc_est":0.029773947854604965},"51":{"Xc_est":0.11782513125087232,"Zc_est":0.14229813318676907,"Rc_est":0.07978719918730182},"53":{"Xc_est":0.11938336916512593,"Zc_est":0.13077389652543484,"Rc_est":0.053379988565270375},"27":{"Xc_est":0.16413729850902944,"Zc_est":0.17302132462304046,"Rc_est":0.0547295716452203},"42":{"Xc_est":0.1874092469005877,"Zc_est":0.1986148207752195,"Rc_est":0.06576945497514122},"33":{"Xc_est":0.10151648389336859,"Zc_est":0.13028259559624947,"Rc_est":0.0816575667848566},"28":{"Xc_est":0.13460680387049823,"Zc_est":0.1495502461601904,"Rc_est":0.06516352107078598},"50":{"Xc_est":0.18460459331092416,"Zc_est":0.19832960416136672,"Rc_est":0.07249673106639158},"52":{"Xc_est":0.05174400126476109,"Zc_est":0.05633940869257834,"Rc_est":0.02228648256100038},"26":{"Xc_est":0.17670129252876993,"Zc_est":0.18465696520337696,"Rc_est":0.053617609204283254},"10":{"Xc_est":0.15739828893244007,"Zc_est":0.16893163272144102,"Rc_est":0.061348799296090176},"24":{"Xc_est":0.11035609882680472,"Zc_est":0.11684317219876236,"Rc_est":0.0383908627305788},"25":{"Xc_est":0.10196233042975918,"Zc_est":0.11816854343613858,"Rc_est":0.05972845076804836},"23":{"Xc_est":0.08872673653532465,"Zc_est":0.09402361851075938,"Rc_est":0.031112811856981063},"49":{"Xc_est":0.15538155000998105,"Zc_est":0.167689476790476,"Rc_est":0.06305818378893693},"5":{"Xc_est":0.09025027928076473,"Zc_est":0.09825928299632103,"Rc_est":0.03885580760575016},"31":{"Xc_est":0.14341052288643094,"Zc_est":0.149838950071906,"Rc_est":0.04341811700306225},"43":{"Xc_est":0.1389745626890794,"Zc_est":0.14989149228351326,"Rc_est":0.05615630315786162},"39":{"Xc_est":0.06851520145964504,"Zc_est":0.08339722671385544,"Rc_est":0.047547498278105615},"34":{"Xc_est":0.11715867003372225,"Zc_est":0.12539234528722334,"Rc_est":0.04468877143712539},"44":{"Xc_est":0.22971514077343883,"Zc_est":0.24395393975250695,"Rc_est":0.08212477592181902},"55":{"Xc_est":0.09717291180576018,"Zc_est":0.11088111850585262,"Rc_est":0.05340456583756566},"17":{"Xc_est":0.14103769483964315,"Zc_est":0.17120712952619344,"Rc_est":0.09705797151660689},"37":{"Xc_est":0.18538637053848006,"Zc_est":0.20505002497198135,"Rc_est":0.08762081008287673},"47":{"Xc_est":0.21593316466469833,"Zc_est":0.23004353516303488,"Rc_est":0.07932777866671134},"9":{"Xc_est":0.020671332074036784,"Zc_est":0.03194986425725441,"Rc_est":0.024361647241963765},"12":{"Xc_est":0.1662120505226242,"Zc_est":0.17668274297528322,"Rc_est":0.05991949537783692},"20":{"Xc_est":0.168157423595967,"Zc_est":0.17874641183998174,"Rc_est":0.0606082555039731},"6":{"Xc_est":0.11251377955087276,"Zc_est":0.12073425224997487,"Rc_est":0.04378822989729284},"14":{"Xc_est":0.11942901959543345,"Zc_est":0.1306650807837026,"Rc_est":0.053010118040663703},"7":{"Xc_est":0.14631066598502576,"Zc_est":0.15815317239885193,"Rc_est":0.06004677309264175},"8":{"Xc_est":0.10871618677555069,"Zc_est":0.11607679878250167,"Rc_est":0.0406769461559857},"19":{"Xc_est":0.09102650936311195,"Zc_est":0.10012386190673099,"Rc_est":0.04170086709272878},"4":{"Xc_est":0.19540944855829478,"Zc_est":0.2049352552094922,"Rc_est":0.061754402611658786},"22":{"Xc_est":0.07834896113363575,"Zc_est":0.09789276725098998,"Rc_est":0.05868930200076103},"11":{"Xc_est":0.034673600193526666,"Zc_est":0.04261091896583599,"Rc_est":0.02476755669686674},"35":{"Xc_est":0.14996941908944272,"Zc_est":0.16522207310647133,"Rc_est":0.06933618665296819},"13":{"Xc_est":0.1842602531930494,"Zc_est":0.20308598971160513,"Rc_est":0.08539366668773225},"15":{"Xc_est":0.019035216497499764,"Zc_est":0.023553034748073378,"Rc_est":0.013871048220565913},"16":{"Xc_est":0.1685729483886472,"Zc_est":0.17965837284288846,"Rc_est":0.06213124820984049},"40":{"Xc_est":0.16070000971713572,"Zc_est":0.17290178545804857,"Rc_est":0.06380073895726868},"21":{"Xc_est":0.1990550322550589,"Zc_est":0.21411614004812418,"Rc_est":0.07888482466891454},"38":{"Xc_est":0.05377173567195424,"Zc_est":0.06143772555536699,"Rc_est":0.029718589539917226},"46":{"Xc_est":0.13381405285840633,"Zc_est":0.15374305199466667,"Rc_est":0.07570155410718074},"45":{"Xc_est":0.18903025707466492,"Zc_est":0.1999592521411231,"Rc_est":0.065201721044182},"36":{"Xc_est":0.1844151486568423,"Zc_est":0.19790029782611968,"Rc_est":0.07180237339769222},"48":{"Xc_est":0.11473009807194748,"Zc_est":0.12603695953570623,"Rc_est":0.05217585423743979},"18":{"Xc_est":0.09329585776168979,"Zc_est":0.10253763157162216,"Rc_est":0.04254231790615401},"30":{"Xc_est":0.2316607786999798,"Zc_est":0.2474556053326551,"Rc_est":0.08699172502410643},"3":{"Xc_est":0.031430075449231834,"Zc_est":0.037717122460449753,"Rc_est":0.02085022023749768}}