{"32":{"shunt_est":{"gs":2.8842665834614687},"shunt_true":{"gs":0.8240761904761905}},"29":{"shunt_est":{"gs":2.884265930151653},"shunt_true":{"gs":2.8842666666666665}},"1":{"shunt_est":{"gs":0.19228482803508445},"shunt_true":{"gs":0.3845688888888889}},"54":{"shunt_est":{"gs":2.884266193509473},"shunt_true":{"gs":1.1537066666666667}},"2":{"shunt_est":{"gs":2.8842665663514713},"shunt_true":{"gs":0.23074133333333333}},"41":{"shunt_est":{"gs":0.19228658204260643},"shunt_true":{"gs":0.8240761904761905}},"51":{"shunt_est":{"gs":2.8842665159412095},"shunt_true":{"gs":0.3845688888888889}},"53":{"shunt_est":{"gs":0.19228487389301402},"shunt_true":{"gs":0.3845688888888889}},"27":{"shunt_est":{"gs":0.19228485088303113},"shunt_true":{"gs":0.23074133333333333}},"42":{"shunt_est":{"gs":2.0567272508336654},"shunt_true":{"gs":1.9228444444444444}},"33":{"shunt_est":{"gs":0.19228503188643267},"shunt_true":{"gs":0.9614222222222222}},"28":{"shunt_est":{"gs":0.19228460895411273},"shunt_true":{"gs":0.7210666666666666}},"50":{"shunt_est":{"gs":2.8842657641762104},"shunt_true":{"gs":1.4421333333333333}},"52":{"shunt_est":{"gs":2.884265567450354},"shunt_true":{"gs":0.5768533333333333}},"26":{"shunt_est":{"gs":0.19228557815367575},"shunt_true":{"gs":1.4421333333333333}},"10":{"shunt_est":{"gs":2.884266443237994},"shunt_true":{"gs":1.9228444444444444}},"24":{"shunt_est":{"gs":2.8840971316351482},"shunt_true":{"gs":0.8240761904761905}},"25":{"shunt_est":{"gs":2.884264474402468},"shunt_true":{"gs":1.1537066666666667}},"23":{"shunt_est":{"gs":2.8842397218669693},"shunt_true":{"gs":0.8240761904761905}},"49":{"shunt_est":{"gs":0.19228526930239245},"shunt_true":{"gs":0.8240761904761905}},"5":{"shunt_est":{"gs":0.1923105612325656},"shunt_true":{"gs":2.8842666666666665}},"31":{"shunt_est":{"gs":2.8842646107605288},"shunt_true":{"gs":1.9228444444444444}},"43":{"shunt_est":{"gs":0.19228530106572153},"shunt_true":{"gs":0.3845688888888889}},"39":{"shunt_est":{"gs":2.884266292712},"shunt_true":{"gs":0.7210666666666666}},"34":{"shunt_est":{"gs":2.884266338940961},"shunt_true":{"gs":0.23074133333333333}},"44":{"shunt_est":{"gs":2.884266587984084},"shunt_true":{"gs":2.8842666666666665}},"55":{"shunt_est":{"gs":2.8842648396055552},"shunt_true":{"gs":0.5768533333333333}},"17":{"shunt_est":{"gs":0.1922953016871},"shunt_true":{"gs":0.3845688888888889}},"37":{"shunt_est":{"gs":0.19228480298381767},"shunt_true":{"gs":0.23074133333333333}},"47":{"shunt_est":{"gs":0.19228535261553434},"shunt_true":{"gs":1.9228444444444444}},"9":{"shunt_est":{"gs":0.19257977082205893},"shunt_true":{"gs":2.8842666666666665}},"12":{"shunt_est":{"gs":0.19228459124342637},"shunt_true":{"gs":0.9614222222222222}},"20":{"shunt_est":{"gs":2.884266259714558},"shunt_true":{"gs":1.9228444444444444}},"6":{"shunt_est":{"gs":0.19229067022271265},"shunt_true":{"gs":0.8240761904761905}},"14":{"shunt_est":{"gs":2.884266324572295},"shunt_true":{"gs":0.7210666666666666}},"7":{"shunt_est":{"gs":0.19228882740526956},"shunt_true":{"gs":1.1537066666666667}},"8":{"shunt_est":{"gs":2.884265800987132},"shunt_true":{"gs":0.9614222222222222}},"19":{"shunt_est":{"gs":0.192310056719899},"shunt_true":{"gs":0.5768533333333333}},"4":{"shunt_est":{"gs":2.884266268845858},"shunt_true":{"gs":0.23074133333333333}},"22":{"shunt_est":{"gs":2.884262634369312},"shunt_true":{"gs":1.4421333333333333}},"11":{"shunt_est":{"gs":0.1922945483408878},"shunt_true":{"gs":0.8240761904761905}},"35":{"shunt_est":{"gs":0.19228458871748685},"shunt_true":{"gs":0.23074133333333333}},"13":{"shunt_est":{"gs":0.1922850533704411},"shunt_true":{"gs":2.8842666666666665}},"15":{"shunt_est":{"gs":2.8842623705450467},"shunt_true":{"gs":1.1537066666666667}},"16":{"shunt_est":{"gs":0.1922847900152368},"shunt_true":{"gs":0.8240761904761905}},"40":{"shunt_est":{"gs":0.19228517690101607},"shunt_true":{"gs":0.8240761904761905}},"21":{"shunt_est":{"gs":2.88426631996666},"shunt_true":{"gs":1.4421333333333333}},"38":{"shunt_est":{"gs":2.884260949111585},"shunt_true":{"gs":1.1537066666666667}},"46":{"shunt_est":{"gs":2.884263429634159},"shunt_true":{"gs":2.8842666666666665}},"45":{"shunt_est":{"gs":2.884259218039277},"shunt_true":{"gs":0.9614222222222222}},"36":{"shunt_est":{"gs":2.8842662664586793},"shunt_true":{"gs":0.7210666666666666}},"48":{"shunt_est":{"gs":0.1922846094849987},"shunt_true":{"gs":0.3845688888888889}},"18":{"shunt_est":{"gs":0.1922855647122662},"shunt_true":{"gs":2.8842666666666665}},"30":{"shunt_est":{"gs":2.884266587598488},"shunt_true":{"gs":1.1537066666666667}},"3":{"shunt_est":{"gs":2.884204436862512},"shunt_true":{"gs":0.3845688888888889}}}