{"32":{"Xc_est":0.21434869090052502,"Zc_est":0.22907550953635822,"Rc_est":0.08080982476514433},"29":{"Xc_est":0.11303627289717216,"Zc_est":0.14418367097252358,"Rc_est":0.08950827886083478},"1":{"Xc_est":0.1532197348410218,"Zc_est":0.18353126641424874,"Rc_est":0.10103186926344043},"54":{"Xc_est":0.10132543185448789,"Zc_est":0.12172470046515689,"Rc_est":0.06745412932381306},"2":{"Xc_est":0.17885557427441812,"Zc_est":0.20866270838433087,"Rc_est":0.1074746920035243},"41":{"Xc_est":0.09247508700715047,"Zc_est":0.0979027522650361,"Rc_est":0.03214509580152129},"51":{"Xc_est":0.11703946266287957,"Zc_est":0.14159654142028102,"Rc_est":0.07969532434070258},"53":{"Xc_est":0.11873851676841378,"Zc_est":0.13359639037669513,"Rc_est":0.061230385898828336},"27":{"Xc_est":0.1582802224616875,"Zc_est":0.16939384588940828,"Rc_est":0.06034605374573651},"42":{"Xc_est":0.18426544536203066,"Zc_est":0.1955151236563904,"Rc_est":0.06536366899054948},"33":{"Xc_est":0.10027221376093554,"Zc_est":0.1289612063860045,"Rc_est":0.08109547397983996},"28":{"Xc_est":0.13530456493180978,"Zc_est":0.15025530630935174,"Rc_est":0.06534012383467591},"50":{"Xc_est":0.17651159177118644,"Zc_est":0.1889119498943247,"Rc_est":0.06731554637138337},"52":{"Xc_est":0.05071700303770559,"Zc_est":0.05516381323573706,"Rc_est":0.021698661101105778},"26":{"Xc_est":0.1736982521009313,"Zc_est":0.18230071983526824,"Rc_est":0.055339585014149505},"10":{"Xc_est":0.15435053474173313,"Zc_est":0.16851907260022456,"Rc_est":0.06763571730218278},"24":{"Xc_est":0.11065177025966577,"Zc_est":0.1183635833603433,"Rc_est":0.042025273399504286},"25":{"Xc_est":0.09805893454595772,"Zc_est":0.11535065924999267,"Rc_est":0.06074718055284128},"23":{"Xc_est":0.08721372731839334,"Zc_est":0.0935397945111748,"Rc_est":0.03381506948722328},"49":{"Xc_est":0.15106762306814847,"Zc_est":0.16194028633937455,"Rc_est":0.05833720596856207},"5":{"Xc_est":0.0910194618539865,"Zc_est":0.09910414216186894,"Rc_est":0.03920572097858456},"31":{"Xc_est":0.14436139024213807,"Zc_est":0.1512351397654764,"Rc_est":0.04507611903480932},"43":{"Xc_est":0.139790095314794,"Zc_est":0.15342613504015556,"Rc_est":0.06323217666062791},"39":{"Xc_est":0.06928216765358614,"Zc_est":0.08420418242350901,"Rc_est":0.04785734617414515},"34":{"Xc_est":0.11220793232721589,"Zc_est":0.12054061125343439,"Rc_est":0.04403883381973838},"44":{"Xc_est":0.23093052704246603,"Zc_est":0.24808999211520313,"Rc_est":0.09066275898962275},"55":{"Xc_est":0.09776811365359539,"Zc_est":0.11083563880530965,"Rc_est":0.05221048536451961},"17":{"Xc_est":0.14172142601474375,"Zc_est":0.1718261246806944,"Rc_est":0.09715582602774295},"37":{"Xc_est":0.1823109448563795,"Zc_est":0.20225466557195643,"Rc_est":0.08757664717947411},"47":{"Xc_est":0.2169909093847228,"Zc_est":0.23396387484972866,"Rc_est":0.08748737039762092},"9":{"Xc_est":0.02358734389052295,"Zc_est":0.03526590194689283,"Rc_est":0.026216808507483688},"12":{"Xc_est":0.1594910249783553,"Zc_est":0.17198923877376568,"Rc_est":0.06436545040107333},"20":{"Xc_est":0.1613906754766652,"Zc_est":0.17222796918882372,"Rc_est":0.060129221183149784},"6":{"Xc_est":0.112854569369586,"Zc_est":0.12316803158527005,"Rc_est":0.04933771556320156},"14":{"Xc_est":0.11448633240222325,"Zc_est":0.1259039302420806,"Rc_est":0.052389687377291584},"7":{"Xc_est":0.14701498112880285,"Zc_est":0.1588910945708747,"Rc_est":0.060274167415472375},"8":{"Xc_est":0.10455652323090303,"Zc_est":0.11186898785034743,"Rc_est":0.03978195435780921},"19":{"Xc_est":0.09179569198367522,"Zc_est":0.10096889233310676,"Rc_est":0.042050780637376134},"4":{"Xc_est":0.1964374316035689,"Zc_est":0.20706337900260294,"Rc_est":0.065479602846755},"22":{"Xc_est":0.07915789870916204,"Zc_est":0.09886721535099252,"Rc_est":0.059234730886613934},"11":{"Xc_est":0.036083005320699926,"Zc_est":0.04550925085267238,"Rc_est":0.027732808011411363},"35":{"Xc_est":0.15090163562656705,"Zc_est":0.1661839719540062,"Rc_est":0.06961184453551496},"13":{"Xc_est":0.17769559444415167,"Zc_est":0.20290954485304177,"Rc_est":0.09796202890716459},"15":{"Xc_est":0.02166917143926613,"Zc_est":0.028065729972871586,"Rc_est":0.017836261044451986},"16":{"Xc_est":0.1644309233061962,"Zc_est":0.17921296368672565,"Rc_est":0.07127241972917349},"40":{"Xc_est":0.15759445411789053,"Zc_est":0.1725927061498518,"Rc_est":0.07037208429067024},"21":{"Xc_est":0.1987778955019237,"Zc_est":0.21252339793200792,"Rc_est":0.07519004540757299},"38":{"Xc_est":0.05274473744047818,"Zc_est":0.06025453489484136,"Rc_est":0.029130768059367644},"46":{"Xc_est":0.1329140057537454,"Zc_est":0.15020988869044305,"Rc_est":0.06997769455254027},"45":{"Xc_est":0.18489964530310757,"Zc_est":0.19635829045026315,"Rc_est":0.06609613752205888},"36":{"Xc_est":0.17647575798889398,"Zc_est":0.18883169989411325,"Rc_est":0.06718420742366293},"48":{"Xc_est":0.11067513122363808,"Zc_est":0.12543837146600076,"Rc_est":0.05904066704122582},"18":{"Xc_est":0.09183565008960701,"Zc_est":0.10416478413436711,"Rc_est":0.049158067764900636},"30":{"Xc_est":0.2328986490838436,"Zc_est":0.25236654894969823,"Rc_est":0.09719616393511166},"3":{"Xc_est":0.03373507978214746,"Zc_est":0.039835302468651974,"Rc_est":0.02118479914611266}}