linecode_id,linecode_name,A_p_est,dist_est,x_est,r_est,scenario_id
4,hydrogen,"[152.09871597753144, 152.09871597753144, 152.09871597753144, 152.09871597753144]","[251.76484417880167, 446.6754896301108, 194.91064545130916, 685.085570912323, 433.32072673352127, 238.4100812822122]",[0.7574369863506978 0.516250350242974 0.4802264484570813 0.4533524861169063; 0.516250350242974 0.7574369863506978 0.5323324688562963 0.4821336632235029; 0.4802264484570813 0.5323324688562963 0.7574369863506978 0.5196748998464366; 0.4533524861169063 0.4821336632235029 0.5196748998464366 0.7574369863506978],[0.207451379192599 0.049348 0.049348 0.049348; 0.049348 0.207451379192599 0.049348 0.049348; 0.049348 0.049348 0.207451379192599 0.049348; 0.049348 0.049348 0.049348 0.207451379192599],1
1,pluto,"[254.32903404568265, 254.32903404568265, 254.32903404568265, 254.32903404568265]","[1026.7291739052057, 2835.887995759185, 2999.999816692032, 3000.0000099753415, 2999.999967765385, 481.6551224844314]",[0.7412860496200931 0.42793130497940984 0.36409544288975604 0.36056069189163864; 0.42793130497940984 0.7412860496200931 0.36056069593976436 0.3605606927756839; 0.36409544288975604 0.36056069593976436 0.7412860496200931 0.47548916777388295; 0.36056069189163864 0.3605606927756839 0.47548916777388295 0.7412860496200931],[0.2327140458364497 0.049348 0.049348 0.049348; 0.049348 0.2327140458364497 0.049348 0.049348; 0.049348 0.049348 0.2327140458364497 0.049348; 0.049348 0.049348 0.049348 0.2327140458364497],1
10,tw2x16_lv_oh_2w_bundled,"[12.518776897741374, 12.518776897741374]",[99.99976507034155],[0.8358921659228833 0.574264873596335; 0.574264873596335 0.8358921659228833],[2.9434900628480585 0.049348; 0.049348 2.9434900628480585],1
7,abc2x16_lv_oh_2w_bundled,"[17.90209877730494, 17.90209877730494]",[99.99970663621615],[0.8246550306961 0.5742649103117617; 0.5742649103117617 0.8246550306961],[2.547925225315676 0.049348; 0.049348 2.547925225315676],1
