{"32":{"Xc_est":0.21801130836464602,"Zc_est":0.23284580120031076,"Rc_est":0.08178163951492934},"29":{"Xc_est":0.11699297238888753,"Zc_est":0.14766703300499828,"Rc_est":0.09010103799686356},"1":{"Xc_est":0.15729262705488087,"Zc_est":0.1862686909652091,"Rc_est":0.0997750204613696},"54":{"Xc_est":0.10745182918313378,"Zc_est":0.12610698615929822,"Rc_est":0.06600815376436515},"2":{"Xc_est":0.18299139235706638,"Zc_est":0.21170984277913146,"Rc_est":0.10646693314258071},"41":{"Xc_est":0.09451338741892751,"Zc_est":0.09996871226875946,"Rc_est":0.03257242746977471},"51":{"Xc_est":0.11987994107797756,"Zc_est":0.14352575240318272,"Rc_est":0.07892047472006451},"53":{"Xc_est":0.12156727058666385,"Zc_est":0.1357021293822028,"Rc_est":0.06030312297860671},"27":{"Xc_est":0.16249479845286513,"Zc_est":0.17352685080828917,"Rc_est":0.06088520696528002},"42":{"Xc_est":0.19202219050936478,"Zc_est":0.20363440166264696,"Rc_est":0.0677823567935599},"33":{"Xc_est":0.10322288557988846,"Zc_est":0.13065504551502125,"Rc_est":0.08009854437562228},"28":{"Xc_est":0.1406428419935004,"Zc_est":0.15548180808483916,"Rc_est":0.06628863885555376},"50":{"Xc_est":0.18053060224097228,"Zc_est":0.19275993114442705,"Rc_est":0.06756546980015833},"52":{"Xc_est":0.053044484396669374,"Zc_est":0.057568522803727776,"Rc_est":0.022370013252003784},"26":{"Xc_est":0.17697300177892794,"Zc_est":0.18567021724099755,"Rc_est":0.05616036157001483},"10":{"Xc_est":0.16204914941791881,"Zc_est":0.17595724353272313,"Rc_est":0.06856401916867955},"24":{"Xc_est":0.1136936476261752,"Zc_est":0.12100854810091535,"Rc_est":0.041434565316250775},"25":{"Xc_est":0.10105388916555554,"Zc_est":0.11748354176307653,"Rc_est":0.05992073155187745},"23":{"Xc_est":0.09196775895841329,"Zc_est":0.09829920113201569,"Rc_est":0.034708273586562435},"49":{"Xc_est":0.15840143965072284,"Zc_est":0.16907599220206188,"Rc_est":0.059124234081213235},"5":{"Xc_est":0.09307531057074786,"Zc_est":0.1011442080422583,"Rc_est":0.03958708605914889},"31":{"Xc_est":0.15053530557871025,"Zc_est":0.15774959581179002,"Rc_est":0.047159906203335974},"43":{"Xc_est":0.14511297638647708,"Zc_est":0.15838683511420726,"Rc_est":0.06347136064204723},"39":{"Xc_est":0.0713017348640228,"Zc_est":0.08564825791321012,"Rc_est":0.047451940834367934},"34":{"Xc_est":0.1185160395851566,"Zc_est":0.12696450435910703,"Rc_est":0.04554046253831096},"44":{"Xc_est":0.23452926320497378,"Zc_est":0.2513257689209675,"Rc_est":0.09033640918393684},"55":{"Xc_est":0.09923073137016937,"Zc_est":0.11112149775227473,"Rc_est":0.050012490584353864},"17":{"Xc_est":0.147048404449364,"Zc_est":0.17604493672178542,"Rc_est":0.09679145878781709},"37":{"Xc_est":0.18562522557778785,"Zc_est":0.2051889439190767,"Rc_est":0.08744014144442687},"47":{"Xc_est":0.22063800042644868,"Zc_est":0.2372763121490925,"Rc_est":0.08728643121867233},"9":{"Xc_est":0.02443174035642346,"Zc_est":0.03545877237976414,"Rc_est":0.025698533067788788},"12":{"Xc_est":0.16364583166641786,"Zc_est":0.17587686057459592,"Rc_est":0.064441538341215},"20":{"Xc_est":0.16555200458300315,"Zc_est":0.1764396901460259,"Rc_est":0.06102047228082495},"6":{"Xc_est":0.11626525999862639,"Zc_est":0.12631705774192054,"Rc_est":0.04938004044173615},"14":{"Xc_est":0.12079429886015518,"Zc_est":0.1321372958415289,"Rc_est":0.0535630685752342},"7":{"Xc_est":0.152370983320251,"Zc_est":0.1643724277248867,"Rc_est":0.06165531962607031},"8":{"Xc_est":0.11082233039366657,"Zc_est":0.11837907978661029,"Rc_est":0.04161751575048242},"19":{"Xc_est":0.09385030794053377,"Zc_est":0.10294919248130463,"Rc_est":0.042316142688336944},"4":{"Xc_est":0.20006953966774882,"Zc_est":0.21080780536082844,"Rc_est":0.06642371638341239},"22":{"Xc_est":0.08116509598982521,"Zc_est":0.0999988087045437,"Rc_est":0.05841223275385374},"11":{"Xc_est":0.037168225139439515,"Zc_est":0.046234601755871775,"Rc_est":0.0274983897620933},"35":{"Xc_est":0.15706729036251094,"Zc_est":0.17231328861515077,"Rc_est":0.07086420627895954},"13":{"Xc_est":0.18181342959242844,"Zc_est":0.2054929432478128,"Rc_est":0.09576652100023202},"15":{"Xc_est":0.022511527039515897,"Zc_est":0.028364009836652535,"Rc_est":0.017255381895596122},"16":{"Xc_est":0.16852071762239762,"Zc_est":0.18305142917416317,"Rc_est":0.07147442517947103},"40":{"Xc_est":0.16532080107795508,"Zc_est":0.18003089760345548,"Rc_est":0.07127521885514682},"21":{"Xc_est":0.20228699686373341,"Zc_est":0.21596705919948173,"Rc_est":0.0756421943040017},"38":{"Xc_est":0.055068998492041506,"Zc_est":0.06247231982784236,"Rc_est":0.029499087269875927},"46":{"Xc_est":0.138046873680097,"Zc_est":0.15477190983659134,"Rc_est":0.06998145998489384},"45":{"Xc_est":0.19256246286387946,"Zc_est":0.2041297565756401,"Rc_est":0.06773961481605226},"36":{"Xc_est":0.18066457124492508,"Zc_est":0.19305116234217323,"Rc_est":0.06803722494746178},"48":{"Xc_est":0.1169192858541811,"Zc_est":0.1310264978393492,"Rc_est":0.05914240214425916},"18":{"Xc_est":0.09657632215122355,"Zc_est":0.10827198598247131,"Rc_est":0.04894728744610423},"30":{"Xc_est":0.23649169642808493,"Zc_est":0.25538446886922794,"Rc_est":0.09639971192998548},"3":{"Xc_est":0.034617769969637516,"Zc_est":0.040579053178970266,"Rc_est":0.02117237726923832}}