{"32":{"Xc_est":0.21547370226192336,"Zc_est":0.2304739761496336,"Rc_est":0.08178836907385967},"29":{"Xc_est":0.11848544128052252,"Zc_est":0.15654699343033557,"Rc_est":0.1023140330386667},"1":{"Xc_est":0.1649866168428602,"Zc_est":0.19695802410257193,"Rc_est":0.10757267088408906},"54":{"Xc_est":0.10990368160840161,"Zc_est":0.1277674463290205,"Rc_est":0.06515904473178089},"2":{"Xc_est":0.18931199770935564,"Zc_est":0.21844499277322738,"Rc_est":0.10899166202507546},"41":{"Xc_est":0.09217967010109078,"Zc_est":0.0970220534412362,"Rc_est":0.030268585596425934},"51":{"Xc_est":0.11843675323264582,"Zc_est":0.14328213768130943,"Rc_est":0.08063812040365936},"53":{"Xc_est":0.11997030692073093,"Zc_est":0.13135319225511524,"Rc_est":0.05348632136308207},"27":{"Xc_est":0.16786995011738368,"Zc_est":0.17688199213721287,"Rc_est":0.05573974336159212},"42":{"Xc_est":0.18944773751073293,"Zc_est":0.20104909741330557,"Rc_est":0.0673074611225922},"33":{"Xc_est":0.10214156115846718,"Zc_est":0.13134580352043332,"Rc_est":0.08257615628339324},"28":{"Xc_est":0.13664525811855127,"Zc_est":0.15205351010477713,"Rc_est":0.06669590218970019},"50":{"Xc_est":0.18817141856829822,"Zc_est":0.2018749944663595,"Rc_est":0.07310971635006523},"52":{"Xc_est":0.05181706484230841,"Zc_est":0.05661379678658026,"Rc_est":0.02280600310708151},"26":{"Xc_est":0.178686791851312,"Zc_est":0.1868875562724277,"Rc_est":0.05475389581907144},"10":{"Xc_est":0.15938365309258212,"Zc_est":0.17104506337746195,"Rc_est":0.06207467142614136},"24":{"Xc_est":0.1107169051678638,"Zc_est":0.11718277528746887,"Rc_est":0.038387103747530626},"25":{"Xc_est":0.10274765932003772,"Zc_est":0.11898873920938202,"Rc_est":0.06001032046983079},"23":{"Xc_est":0.08951744851842626,"Zc_est":0.09481341192549635,"Rc_est":0.031244351356761357},"49":{"Xc_est":0.157480032763844,"Zc_est":0.17027093477985342,"Rc_est":0.064747436331516},"5":{"Xc_est":0.09083244405348577,"Zc_est":0.09907057820003452,"Rc_est":0.03955308549480728},"31":{"Xc_est":0.14546309483846573,"Zc_est":0.15223933853563834,"Rc_est":0.044914410135102764},"43":{"Xc_est":0.14099341848063482,"Zc_est":0.15209781025442928,"Rc_est":0.05704910016237727},"39":{"Xc_est":0.06906750983846878,"Zc_est":0.08415939340075981,"Rc_est":0.04808827905318377},"34":{"Xc_est":0.1183705397826101,"Zc_est":0.12760438554810366,"Rc_est":0.04765810028402941},"44":{"Xc_est":0.23170859517818637,"Zc_est":0.24608808649474484,"Rc_est":0.08288831784513641},"55":{"Xc_est":0.09802500660438149,"Zc_est":0.11193451601265614,"Rc_est":0.054041039545872346},"17":{"Xc_est":0.1430815118066477,"Zc_est":0.17377510069128488,"Rc_est":0.09861778034102335},"37":{"Xc_est":0.18737409215978243,"Zc_est":0.20739230723617355,"Rc_est":0.08889611177121731},"47":{"Xc_est":0.21800628417883236,"Zc_est":0.2323796591544497,"Rc_est":0.0804584740551075},"9":{"Xc_est":0.020825056196799082,"Zc_est":0.03250747134373169,"Rc_est":0.024961024168965847},"12":{"Xc_est":0.16994222991004865,"Zc_est":0.18048258722040889,"Rc_est":0.06077501775378325},"20":{"Xc_est":0.17188605831965764,"Zc_est":0.18267844507657216,"Rc_est":0.06185949604487127},"6":{"Xc_est":0.11311935683267357,"Zc_est":0.12145701896978511,"Rc_est":0.04422463755407167},"14":{"Xc_est":0.11998534695114471,"Zc_est":0.13140376720530766,"Rc_est":0.053576735181980945},"7":{"Xc_est":0.14836218035986298,"Zc_est":0.16066050247124347,"Rc_est":0.06164787500944309},"8":{"Xc_est":0.1092978681966894,"Zc_est":0.11686656742480951,"Rc_est":0.041373549392294845},"19":{"Xc_est":0.09160867413326124,"Zc_est":0.10094430084723757,"Rc_est":0.04239814497219853},"4":{"Xc_est":0.19745176696236483,"Zc_est":0.20728661358609457,"Rc_est":0.06309151999619966},"22":{"Xc_est":0.07888522660389244,"Zc_est":0.09859700062459911,"Rc_est":0.059148030870179766},"11":{"Xc_est":0.035038750084835375,"Zc_est":0.042869090099422795,"Rc_est":0.024699086591306943},"35":{"Xc_est":0.15202391416371336,"Zc_est":0.1677664074369696,"Rc_est":0.07095277997831519},"13":{"Xc_est":0.18796018281202997,"Zc_est":0.2064796062392025,"Rc_est":0.08546810791145654},"15":{"Xc_est":0.019053718765000446,"Zc_est":0.023469968392666456,"Rc_est":0.013703839519530001},"16":{"Xc_est":0.1720387301526819,"Zc_est":0.18301219998585858,"Rc_est":0.06241907297546634},"40":{"Xc_est":0.16272689233772494,"Zc_est":0.17511368950965517,"Rc_est":0.06468974233825937},"21":{"Xc_est":0.20050723658246716,"Zc_est":0.2152484429265531,"Rc_est":0.0782862712125704},"38":{"Xc_est":0.05384479925000276,"Zc_est":0.06175439828815158,"Rc_est":0.030238110087413887},"46":{"Xc_est":0.13586116836462267,"Zc_est":0.1563015752494102,"Rc_est":0.077278233391083},"45":{"Xc_est":0.19158637817559818,"Zc_est":0.20316166684137135,"Rc_est":0.06759676450334767},"36":{"Xc_est":0.1881126047032957,"Zc_est":0.20174218492664853,"Rc_est":0.07289415018175095},"48":{"Xc_est":0.11530098402208847,"Zc_est":0.12656563312030686,"Rc_est":0.05219715098242637},"18":{"Xc_est":0.09408112527794428,"Zc_est":0.10316668459188731,"Rc_est":0.04233328095148915},"30":{"Xc_est":0.23365191472420524,"Zc_est":0.24953711484394486,"Rc_est":0.08761024158369184},"3":{"Xc_est":0.03180338679354387,"Zc_est":0.03827292625588815,"Rc_est":0.021292286693751137}}