linecode_id,linecode_name,A_p_est,dist_est,x_est,r_est,scenario_id
4,hydrogen,"[143.18630512667892, 143.18630512667892, 143.18630512667892, 143.18630512667892]","[489.2291886023057, 717.529587342007, 288.13593724220607, 985.5026565381442, 645.5051459323644, 370.70739880757003]",[0.759333983136762 0.47450881744513707 0.4504452223336686 0.4305062638178222; 0.47450881744513707 0.759333983136762 0.5077719962451611 0.45709165420310177; 0.4504452223336686 0.5077719962451611 0.759333983136762 0.49193954516136157; 0.4305062638178222 0.45709165420310177 0.49193954516136157 0.759333983136762],[0.21729228032504974 0.049348 0.049348 0.049348; 0.049348 0.21729228032504974 0.049348 0.049348; 0.049348 0.049348 0.21729228032504974 0.049348; 0.049348 0.049348 0.049348 0.21729228032504974],1
1,pluto,"[298.314319879977, 298.314319879977, 298.314319879977, 298.314319879977]","[330.97313554738196, 2999.999994687629, 2762.134285462656, 2891.2484768050317, 2620.7025171581745, 453.5446141156348]",[0.736274605208524 0.4990631770950562 0.36056069221182446 0.3628806933874042; 0.4990631770950562 0.736274605208524 0.3657511566573569 0.36905368540490574; 0.36056069221182446 0.3657511566573569 0.736274605208524 0.479267551394587; 0.3628806933874042 0.36905368540490574 0.479267551394587 0.736274605208524],[0.20567743578814368 0.049348 0.049348 0.049348; 0.049348 0.20567743578814368 0.049348 0.049348; 0.049348 0.049348 0.20567743578814368 0.049348; 0.049348 0.049348 0.049348 0.20567743578814368],1
10,tw2x16_lv_oh_2w_bundled,"[11.999999883137084, 11.999999883137084]",[99.9999946127717],[0.8372217862012145 0.5742647293700621; 0.5742647293700621 0.8372217862012145],[3.06860792900028 0.049348; 0.049348 3.06860792900028],1
7,abc2x16_lv_oh_2w_bundled,"[23.224831107560426, 23.224831107560426]",[2.0000032290231835],[0.8164773184551818 0.8200648540193095; 0.8200648540193095 0.8164773184551818],[1.975294246203907 0.049348; 0.049348 1.975294246203907],1
