{"32":{"Xc_est":0.21787822912251661,"Zc_est":0.23244446568974972,"Rc_est":0.08099078283502015},"29":{"Xc_est":0.11674970404347113,"Zc_est":0.14725426517937276,"Rc_est":0.0897403210339641},"1":{"Xc_est":0.15768752301714378,"Zc_est":0.18601700974458274,"Rc_est":0.09867610145842781},"54":{"Xc_est":0.10450030686494648,"Zc_est":0.12273109029237379,"Rc_est":0.0643630825045447},"2":{"Xc_est":0.18353038886085782,"Zc_est":0.2118681308607618,"Rc_est":0.10585226137884444},"41":{"Xc_est":0.09481359324931121,"Zc_est":0.1002237244873105,"Rc_est":0.03248349558256451},"51":{"Xc_est":0.12010340235507529,"Zc_est":0.14342863724787383,"Rc_est":0.078402466322923},"53":{"Xc_est":0.12179725183664684,"Zc_est":0.13601485330977173,"Rc_est":0.06054312319263967},"27":{"Xc_est":0.1629532927228331,"Zc_est":0.17384856881319302,"Rc_est":0.06057680471254801},"42":{"Xc_est":0.19193154605046256,"Zc_est":0.20333019049803921,"Rc_est":0.06712263402644517},"33":{"Xc_est":0.1033486046414847,"Zc_est":0.1304287769870577,"Rc_est":0.07956589586624237},"28":{"Xc_est":0.14111320789972215,"Zc_est":0.15573868159980694,"Rc_est":0.06589081501010469},"50":{"Xc_est":0.18127617182473338,"Zc_est":0.19356527071305513,"Rc_est":0.06787093306260097},"52":{"Xc_est":0.05304886238297133,"Zc_est":0.057488094630648634,"Rc_est":0.022151731854078163},"26":{"Xc_est":0.17561994956302185,"Zc_est":0.18413129411385698,"Rc_est":0.05533504122638173},"10":{"Xc_est":0.1619879283329817,"Zc_est":0.17589442626365512,"Rc_est":0.06854750371099733},"24":{"Xc_est":0.11443881941755787,"Zc_est":0.12173940091104803,"Rc_est":0.0415239490474649},"25":{"Xc_est":0.10109795971625751,"Zc_est":0.1174189218039262,"Rc_est":0.0597193916479941},"23":{"Xc_est":0.09146410453560362,"Zc_est":0.09773444251202802,"Rc_est":0.03444326980176367},"49":{"Xc_est":0.15835351433108322,"Zc_est":0.16886458478911298,"Rc_est":0.058646504542001016},"5":{"Xc_est":0.0933733207654852,"Zc_est":0.10131362189866912,"Rc_est":0.03931759086531495},"31":{"Xc_est":0.1507765049878494,"Zc_est":0.15789854518200122,"Rc_est":0.04688705700128244},"43":{"Xc_est":0.14558864691133053,"Zc_est":0.15890103340024456,"Rc_est":0.06366697971628275},"39":{"Xc_est":0.0716163248497551,"Zc_est":0.08576800320063498,"Rc_est":0.047193774886508943},"34":{"Xc_est":0.1160368801648925,"Zc_est":0.12431819006361186,"Rc_est":0.04461451358348199},"44":{"Xc_est":0.23442537144917436,"Zc_est":0.2511450170596391,"Rc_est":0.09010307883087589},"55":{"Xc_est":0.09977332057525587,"Zc_est":0.11184929864605447,"Rc_est":0.050552449090044166},"17":{"Xc_est":0.14751808357981328,"Zc_est":0.1761355750761348,"Rc_est":0.0962400946816863},"37":{"Xc_est":0.18426876359797692,"Zc_est":0.20348373783743245,"Rc_est":0.08631717283580273},"47":{"Xc_est":0.22051232746967406,"Zc_est":0.23709234121656303,"Rc_est":0.08710391321552889},"9":{"Xc_est":0.024590471903695447,"Zc_est":0.03547848124527293,"Rc_est":0.025574036111352238},"12":{"Xc_est":0.1641960839485673,"Zc_est":0.1764049973782323,"Rc_est":0.06448541785527315},"20":{"Xc_est":0.16609554873210328,"Zc_est":0.1768196435497769,"Rc_est":0.06064202368367723},"6":{"Xc_est":0.1170335441627342,"Zc_est":0.12714319931824983,"Rc_est":0.04968443089730969},"14":{"Xc_est":0.11826756676949593,"Zc_est":0.12936858633661766,"Rc_est":0.05243103833758894},"7":{"Xc_est":0.152832591136665,"Zc_est":0.16465078499220293,"Rc_est":0.06125422503796467},"8":{"Xc_est":0.11104907741127748,"Zc_est":0.11847932906791069,"Rc_est":0.04129714060908295},"19":{"Xc_est":0.094148166501679,"Zc_est":0.10310493080714926,"Rc_est":0.042032719411420026},"4":{"Xc_est":0.19997634789777285,"Zc_est":0.2105843314810708,"Rc_est":0.065994097817899},"22":{"Xc_est":0.08147606291053977,"Zc_est":0.10006498010329304,"Rc_est":0.05809174997940929},"11":{"Xc_est":0.03723870322636402,"Zc_est":0.04630373550670024,"Rc_est":0.027519355077712825},"35":{"Xc_est":0.1573057259231298,"Zc_est":0.17232047939208875,"Rc_est":0.0703509503113956},"13":{"Xc_est":0.18236651470994059,"Zc_est":0.2062403872954674,"Rc_est":0.09632004809141975},"15":{"Xc_est":0.02267419025159681,"Zc_est":0.028617493472346534,"Rc_est":0.017459725916353572},"16":{"Xc_est":0.1691303744833455,"Zc_est":0.18353582182753872,"Rc_est":0.07127632370593583},"40":{"Xc_est":0.16525553783157007,"Zc_est":0.17997370724547446,"Rc_est":0.07128213321498074},"21":{"Xc_est":0.20226670226129986,"Zc_est":0.21579122382610585,"Rc_est":0.07519330712707878},"38":{"Xc_est":0.055072980484922957,"Zc_est":0.06235598934171938,"Rc_est":0.029244422156915945},"46":{"Xc_est":0.13850539230806816,"Zc_est":0.15497424456875172,"Rc_est":0.06952174322644249},"45":{"Xc_est":0.1924366911325725,"Zc_est":0.20386148396901027,"Rc_est":0.06728762554878814},"36":{"Xc_est":0.18116531429468863,"Zc_est":0.19332551821621266,"Rc_est":0.06748247839308998},"48":{"Xc_est":0.11715318340725842,"Zc_est":0.1313529070268612,"Rc_est":0.05940301172459617},"18":{"Xc_est":0.09607597397688987,"Zc_est":0.10782612328210862,"Rc_est":0.048947728102951504},"30":{"Xc_est":0.23638921254857714,"Zc_est":0.25524416813278283,"Rc_est":0.09627941398066325},"3":{"Xc_est":0.03476642624931869,"Zc_est":0.040635360599017505,"Rc_est":0.021036352746207423}}