{"32":{"Zc_true":0.22427787140474692,"Rc_true":0.083735209873528,"Xc_true":0.20806003515639523},"29":{"Zc_true":0.13394475918297294,"Rc_true":0.07822906276746001,"Xc_true":0.10872631811621976},"1":{"Zc_true":0.16611841296642924,"Rc_true":0.078988929375228,"Xc_true":0.14613718268339637},"54":{"Zc_true":0.11916684966470553,"Rc_true":0.06884972834522801,"Xc_true":0.09726485987137819},"2":{"Zc_true":0.2011853014835383,"Rc_true":0.086260493834988,"Xc_true":0.18175437473790335},"41":{"Zc_true":0.1019995742749898,"Rc_true":0.035397636616816004,"Xc_true":0.09566044362338598},"51":{"Zc_true":0.12562845357801122,"Rc_true":0.060209173900908,"Xc_true":0.11026043590777582},"53":{"Zc_true":0.13635374489178367,"Rc_true":0.069008069258004,"Xc_true":0.11760199880655152},"27":{"Zc_true":0.16682743414304255,"Rc_true":0.060327625956227995,"Xc_true":0.15553768138054727},"42":{"Zc_true":0.1907987961093317,"Rc_true":0.06729884672132799,"Xc_true":0.1785358390540945},"33":{"Zc_true":0.10820283191584991,"Rc_true":0.058423522899132,"Xc_true":0.09107439160743412},"28":{"Zc_true":0.15042863294302472,"Rc_true":0.069718693923288,"Xc_true":0.13329695167834166},"50":{"Zc_true":0.1907107321607609,"Rc_true":0.065796645675948,"Xc_true":0.17900107479869287},"52":{"Zc_true":0.05656706731244119,"Rc_true":0.023879772692308003,"Xc_true":0.051279523793556755},"26":{"Zc_true":0.17458698392709865,"Rc_true":0.05578759610577999,"Xc_true":0.16543385106289268},"10":{"Zc_true":0.16117328525200603,"Rc_true":0.06005108250464799,"Xc_true":0.14956836352967315},"24":{"Zc_true":0.11767605663882699,"Rc_true":0.044256658837892,"Xc_true":0.1090367023280274},"25":{"Zc_true":0.11201755874153059,"Rc_true":0.060383339248988005,"Xc_true":0.09434927560693765},"23":{"Zc_true":0.09251077960404781,"Rc_true":0.035594230603428,"Xc_true":0.08538908062919227},"49":{"Zc_true":0.1597224233008364,"Rc_true":0.057870513349767984,"Xc_true":0.14886993044173122},"5":{"Zc_true":0.09557915119472732,"Rc_true":0.04052695118722801,"Xc_true":0.08656177199302578},"31":{"Zc_true":0.15364070972380825,"Rc_true":0.04899977867328799,"Xc_true":0.14561761354453073},"43":{"Zc_true":0.156783564335145,"Rc_true":0.071123772946928,"Xc_true":0.1397229221259933},"39":{"Zc_true":0.09023606772115925,"Rc_true":0.052776736692588005,"Xc_true":0.07319264978028103},"34":{"Zc_true":0.11011783491390399,"Rc_true":0.041554991416828,"Xc_true":0.10197607687331949},"44":{"Zc_true":0.23131564741256772,"Rc_true":0.08021295837580801,"Xc_true":0.21696269275268557},"55":{"Zc_true":0.10841772957710585,"Rc_true":0.044579506878868004,"Xc_true":0.09882849615921216},"17":{"Zc_true":0.15004757852694064,"Rc_true":0.072824147310432,"Xc_true":0.13119039366625485},"37":{"Zc_true":0.18510517651447395,"Rc_true":0.07136800194658,"Xc_true":0.170793836746551},"47":{"Zc_true":0.22051387392644975,"Rc_true":0.07830020372576799,"Xc_true":0.20614423758755276},"9":{"Zc_true":0.03207492379182212,"Rc_true":0.019210079197268002,"Xc_true":0.02568605834856504},"12":{"Zc_true":0.16498509767275016,"Rc_true":0.057590461536588,"Xc_true":0.15460731287390544},"20":{"Zc_true":0.17944598410207843,"Rc_true":0.06384467353742801,"Xc_true":0.16770426014643344},"6":{"Zc_true":0.12499829423681773,"Rc_true":0.054467241219092,"Xc_true":0.11250730285672707},"14":{"Zc_true":0.11011783491390399,"Rc_true":0.041554991416828,"Xc_true":0.10197607687331949},"7":{"Zc_true":0.1633537625526993,"Rc_true":0.065344795002728,"Xc_true":0.1497147604819749},"8":{"Zc_true":0.10984159273395254,"Rc_true":0.041272625924148,"Xc_true":0.1017926610500818},"19":{"Zc_true":0.09796454247021506,"Rc_true":0.043734026613228005,"Xc_true":0.08766063254159209},"4":{"Zc_true":0.2017224312301565,"Rc_true":0.06820002033832799,"Xc_true":0.18984387397874306},"22":{"Zc_true":0.10039298191440457,"Rc_true":0.06329300216122802,"Xc_true":0.07792783004219192},"11":{"Zc_true":0.04336595619957866,"Rc_true":0.024560782590188,"Xc_true":0.035740370950247465},"35":{"Zc_true":0.16124751918935631,"Rc_true":0.060353721580088,"Xc_true":0.14952655528753098},"13":{"Zc_true":0.2220890735672518,"Rc_true":0.113481336477948,"Xc_true":0.19090715772107375},"15":{"Zc_true":0.035050159839959905,"Rc_true":0.022589900853632005,"Xc_true":0.026799441864147358},"16":{"Zc_true":0.17899114205767835,"Rc_true":0.063170594467708,"Xc_true":0.16747329616899637},"40":{"Zc_true":0.1762929227188484,"Rc_true":0.079011586658168,"Xc_true":0.1575955702883576},"21":{"Zc_true":0.20413121322023758,"Rc_true":0.07176153268456799,"Xc_true":0.19110163431412033},"38":{"Zc_true":0.05656706731244119,"Rc_true":0.023879772692308003,"Xc_true":0.051279523793556755},"46":{"Zc_true":0.1381378576757581,"Rc_true":0.05949021480274,"Xc_true":0.12467149660596785},"45":{"Zc_true":0.1891080668917845,"Rc_true":0.064825083801172,"Xc_true":0.1776501322085595},"36":{"Zc_true":0.18962060550254742,"Rc_true":0.06415412426014801,"Xc_true":0.17843828729161856},"48":{"Zc_true":0.11555353245067937,"Rc_true":0.049327361113548,"Xc_true":0.10449607795225543},"18":{"Zc_true":0.09611581494350907,"Rc_true":0.040636494105588006,"Xc_true":0.08710295763670366},"30":{"Zc_true":0.23429394570534803,"Rc_true":0.084645332743728,"Xc_true":0.21846926703516936},"3":{"Zc_true":0.042804638232840024,"Rc_true":0.023854983861668004,"Xc_true":0.0355411986179964}}