{"32":{"Xc_est":0.21529850313697613,"Zc_est":0.23027097242974584,"Rc_est":0.08167787516040217},"29":{"Xc_est":0.11858443121975923,"Zc_est":0.15705922923317253,"Rc_est":0.10298220312075496},"1":{"Xc_est":0.16488434495009224,"Zc_est":0.19683170972265998,"Rc_est":0.10749825460315379},"54":{"Xc_est":0.10963938389961886,"Zc_est":0.12722316428336722,"Rc_est":0.06453633882073448},"2":{"Xc_est":0.18920792944627898,"Zc_est":0.21831314325911733,"Rc_est":0.10890816293707187},"41":{"Xc_est":0.09208090046723692,"Zc_est":0.09690458512873538,"Rc_est":0.03019282014180074},"51":{"Xc_est":0.11833771941037154,"Zc_est":0.14316747111437875,"Rc_est":0.08057982967243507},"53":{"Xc_est":0.11986917533278062,"Zc_est":0.13119584698902056,"Rc_est":0.053326645049220925},"27":{"Xc_est":0.16776587771882115,"Zc_est":0.17674479830799722,"Rc_est":0.0556177489850872},"42":{"Xc_est":0.18927383934333625,"Zc_est":0.20085054295795446,"Rc_est":0.06720382687569247},"33":{"Xc_est":0.10204377466516426,"Zc_est":0.13123708712021356,"Rc_est":0.0825241848665208},"28":{"Xc_est":0.13647503404956346,"Zc_est":0.15186332664523838,"Rc_est":0.06661107311047365},"50":{"Xc_est":0.188110410891391,"Zc_est":0.20184472612798954,"Rc_est":0.07318310447060267},"52":{"Xc_est":0.05167264615111039,"Zc_est":0.05645964338321667,"Rc_est":0.02275146084764973},"26":{"Xc_est":0.1785128420224889,"Zc_est":0.18668539621462837,"Rc_est":0.054631514649208686},"10":{"Xc_est":0.15921030619851775,"Zc_est":0.17081855765344375,"Rc_est":0.06189554134973784},"24":{"Xc_est":0.11060903402555712,"Zc_est":0.11704357012412135,"Rc_est":0.03827321386208975},"25":{"Xc_est":0.10266475659949394,"Zc_est":0.11883287543886248,"Rc_est":0.05984312857325286},"23":{"Xc_est":0.08941843753988035,"Zc_est":0.09469186347745291,"Rc_est":0.031159140500968505},"49":{"Xc_est":0.15723459725674058,"Zc_est":0.16990615163131678,"Rc_est":0.06438463937675354},"5":{"Xc_est":0.09073439505291096,"Zc_est":0.09895947988171312,"Rc_est":0.03949997737773368},"31":{"Xc_est":0.14529167754360325,"Zc_est":0.1520439274603578,"Rc_est":0.044807190428949706},"43":{"Xc_est":0.1408214322883643,"Zc_est":0.1518735494141907,"Rc_est":0.05687617444869382},"39":{"Xc_est":0.06897098092560584,"Zc_est":0.08405435855972654,"Rc_est":0.04804309506106772},"34":{"Xc_est":0.11838270266136179,"Zc_est":0.1277461104651935,"Rc_est":0.04800629593685628},"44":{"Xc_est":0.2315306160709416,"Zc_est":0.2458516673180123,"Rc_est":0.08268383242724567},"55":{"Xc_est":0.09792657617598502,"Zc_est":0.11182180102084426,"Rc_est":0.05398611730801066},"17":{"Xc_est":0.142911475477817,"Zc_est":0.17358748968720644,"Rc_est":0.0985338863166338},"37":{"Xc_est":0.18720047479091423,"Zc_est":0.20719174817079672,"Rc_est":0.08879415942575913},"47":{"Xc_est":0.21782955190481385,"Zc_est":0.23214301994273676,"Rc_est":0.08025377265326462},"9":{"Xc_est":0.020770066692906146,"Zc_est":0.032316565143779515,"Rc_est":0.024758124166914905},"12":{"Xc_est":0.16983778766026864,"Zc_est":0.18033554013346728,"Rc_est":0.060630297029578346},"20":{"Xc_est":0.17178236722185397,"Zc_est":0.182553245888081,"Rc_est":0.06177787545659264},"6":{"Xc_est":0.11301913604388628,"Zc_est":0.12131975592066967,"Rc_est":0.044103946133474126},"14":{"Xc_est":0.11988538995696965,"Zc_est":0.13128691262860076,"Rc_est":0.05351398604491329},"7":{"Xc_est":0.1481911130119266,"Zc_est":0.1604683004185691,"Rc_est":0.061558666843187435},"8":{"Xc_est":0.10919856224542716,"Zc_est":0.11675261634066039,"Rc_est":0.04131401004406383},"19":{"Xc_est":0.09151062513268395,"Zc_est":0.10083301373279227,"Rc_est":0.0423450368551365},"4":{"Xc_est":0.19727677030370178,"Zc_est":0.20707677337489663,"Rc_est":0.06294970984761397},"22":{"Xc_est":0.07878813604959083,"Zc_est":0.098490538857119,"Rc_est":0.05910004959555308},"11":{"Xc_est":0.03527665266032622,"Zc_est":0.04305579034768042,"Rc_est":0.02468519514903841},"35":{"Xc_est":0.1518527845734151,"Zc_est":0.16757346689261293,"Rc_est":0.07086323887397203},"13":{"Xc_est":0.1878534319469108,"Zc_est":0.20627971598770445,"Rc_est":0.08521977079138013},"15":{"Xc_est":0.019052177282114866,"Zc_est":0.0234414343983667,"Rc_est":0.013657063647204544},"16":{"Xc_est":0.17186037996954992,"Zc_est":0.18272358003608108,"Rc_est":0.062063809888888155},"40":{"Xc_est":0.16255347567318976,"Zc_est":0.1748834119765643,"Rc_est":0.06450252189744539},"21":{"Xc_est":0.2003724803142693,"Zc_est":0.21513712947849994,"Rc_est":0.07832530633809623},"38":{"Xc_est":0.0537003805587903,"Zc_est":0.06160177464152605,"Rc_est":0.030183567827983152},"46":{"Xc_est":0.13569124751506878,"Zc_est":0.15611268199572936,"Rc_est":0.07719491451970177},"45":{"Xc_est":0.1914113892055191,"Zc_est":0.2029398943793608,"Rc_est":0.06742611373288107},"36":{"Xc_est":0.18800782209492306,"Zc_est":0.201613030320235,"Rc_est":0.07280709323981939},"48":{"Xc_est":0.11520006303754948,"Zc_est":0.12640825426896604,"Rc_est":0.052038372605916414},"18":{"Xc_est":0.09398129979181824,"Zc_est":0.10302018097089936,"Rc_est":0.04219802100474905},"30":{"Xc_est":0.23347358878073446,"Zc_est":0.24929090984015412,"Rc_est":0.08738444410063131},"3":{"Xc_est":0.03204251034570132,"Zc_est":0.038505727412655164,"Rc_est":0.021353420670312456}}