{"32":{"Xc_est":0.21632177070688877,"Zc_est":0.23154041264432923,"Rc_est":0.08255818678812236},"29":{"Xc_est":0.11859392159343629,"Zc_est":0.1566866062431641,"Rc_est":0.10240202311033819},"1":{"Xc_est":0.16517466774716863,"Zc_est":0.1973388428763399,"Rc_est":0.10798123930750757},"54":{"Xc_est":0.11086041057671775,"Zc_est":0.12953294707677446,"Rc_est":0.06699816225207986},"2":{"Xc_est":0.1895121735276582,"Zc_est":0.21885355939736692,"Rc_est":0.109462397862095},"41":{"Xc_est":0.09234021798425128,"Zc_est":0.09724525961958416,"Rc_est":0.030494666109030982},"51":{"Xc_est":0.11860581485026238,"Zc_est":0.1435983613723537,"Rc_est":0.08095152915498491},"53":{"Xc_est":0.12013877551256114,"Zc_est":0.13155439755275034,"Rc_est":0.053602557157373804},"27":{"Xc_est":0.1680646937631127,"Zc_est":0.17718090729835173,"Rc_est":0.05610109287151418},"42":{"Xc_est":0.1902835724570964,"Zc_est":0.2020728966627997,"Rc_est":0.06801189321478618},"33":{"Xc_est":0.1023020569175238,"Zc_est":0.13164001348482374,"Rc_est":0.08284553277472656},"28":{"Xc_est":0.13745362522498877,"Zc_est":0.15302634831950712,"Rc_est":0.06725744711562763},"50":{"Xc_est":0.18834189805263604,"Zc_est":0.2021671993958871,"Rc_est":0.07347724783568599},"52":{"Xc_est":0.05214597264531082,"Zc_est":0.057005050754583904,"Rc_est":0.023029836048204577},"26":{"Xc_est":0.17951695299891818,"Zc_est":0.18786708566395147,"Rc_est":0.05538687084364567},"10":{"Xc_est":0.16019948805593323,"Zc_est":0.17196177494709997,"Rc_est":0.06250580828670214},"24":{"Xc_est":0.1108781070320619,"Zc_est":0.117409379558607,"Rc_est":0.03861357001526365},"25":{"Xc_est":0.1029559479047063,"Zc_est":0.11920114319509284,"Rc_est":0.06007483108640782},"23":{"Xc_est":0.0896750746782196,"Zc_est":0.09502509372236402,"Rc_est":0.0314348440174244},"49":{"Xc_est":0.15823390203874146,"Zc_est":0.17111121926920644,"Rc_est":0.06512358716615985},"5":{"Xc_est":0.09099248282837807,"Zc_est":0.09932339739439654,"Rc_est":0.039818404522187205},"31":{"Xc_est":0.14627851904900288,"Zc_est":0.15318524377919288,"Rc_est":0.04547871784165919},"43":{"Xc_est":0.1418008715552292,"Zc_est":0.1529916943652987,"Rc_est":0.05743667270083079},"39":{"Xc_est":0.06921450189089384,"Zc_est":0.08439221594036664,"Rc_est":0.048284561086551527},"34":{"Xc_est":0.11802257798126498,"Zc_est":0.1266992862044677,"Rc_est":0.04608014986279712},"44":{"Xc_est":0.23255925093436827,"Zc_est":0.24709438560785382,"Rc_est":0.08349748621227038},"55":{"Xc_est":0.09818628136196228,"Zc_est":0.1122065191963536,"Rc_est":0.054311666356973876},"17":{"Xc_est":0.143888777798537,"Zc_est":0.17475532733644317,"Rc_est":0.09917380730873773},"37":{"Xc_est":0.18820496573555073,"Zc_est":0.2084331696661561,"Rc_est":0.08957274747131955},"47":{"Xc_est":0.21885106727716347,"Zc_est":0.23336914190003605,"Rc_est":0.08102695071891589},"9":{"Xc_est":0.02088775259626636,"Zc_est":0.03273401891100578,"Rc_est":0.02520352724408336},"12":{"Xc_est":0.17013618101263345,"Zc_est":0.18077068055729234,"Rc_est":0.06108779632285864},"20":{"Xc_est":0.1720840220192684,"Zc_est":0.18302072737410152,"Rc_est":0.06231914644968389},"6":{"Xc_est":0.1132877101743073,"Zc_est":0.12168290092984813,"Rc_est":0.04441422184577125},"14":{"Xc_est":0.12015819227435248,"Zc_est":0.13169672394418014,"Rc_est":0.053907661115924266},"7":{"Xc_est":0.1491775877404733,"Zc_est":0.1616433920859646,"Rc_est":0.06224655429009922},"8":{"Xc_est":0.10946727659459475,"Zc_est":0.11713641398701828,"Rc_est":0.04168758612225733},"19":{"Xc_est":0.09176871290817325,"Zc_est":0.10120112563240843,"Rc_est":0.042663463999583914},"4":{"Xc_est":0.19829069501050597,"Zc_est":0.20828433899839685,"Rc_est":0.06374296937113613},"22":{"Xc_est":0.07903551273413507,"Zc_est":0.09884492529087914,"Rc_est":0.059360820265658816},"11":{"Xc_est":0.034924093446905655,"Zc_est":0.042707394620956504,"Rc_est":0.024581075082711613},"35":{"Xc_est":0.15283995488931645,"Zc_est":0.16876063317327902,"Rc_est":0.0715548705433652},"13":{"Xc_est":0.18815461014801885,"Zc_est":0.20670562388355915,"Rc_est":0.08558655049210981},"15":{"Xc_est":0.019059923738834243,"Zc_est":0.0234461186337697,"Rc_est":0.01365429551674584},"16":{"Xc_est":0.17203160215106242,"Zc_est":0.18290609126636997,"Rc_est":0.062127015731324446},"40":{"Xc_est":0.16354435443056886,"Zc_est":0.17603042756360643,"Rc_est":0.0651149411588044},"21":{"Xc_est":0.20121842012352786,"Zc_est":0.21600348876054326,"Rc_est":0.07854078278014275},"38":{"Xc_est":0.054173707053025294,"Zc_est":0.06215078848200318,"Rc_est":0.030461943028436266},"46":{"Xc_est":0.13666775704551984,"Zc_est":0.15727593443646684,"Rc_est":0.07783086622292326},"45":{"Xc_est":0.1924198760688645,"Zc_est":0.20413455729476174,"Rc_est":0.0681579692741149},"36":{"Xc_est":0.18831697024793148,"Zc_est":0.20211078379639125,"Rc_est":0.07338588177184556},"48":{"Xc_est":0.11546693160589916,"Zc_est":0.1267588554904401,"Rc_est":0.05229909321168853},"18":{"Xc_est":0.09423700604982968,"Zc_est":0.10334311265251174,"Rc_est":0.042416808265994005},"30":{"Xc_est":0.23450182725365026,"Zc_est":0.2505309099865536,"Rc_est":0.08817386162230721},"3":{"Xc_est":0.031691346555999395,"Zc_est":0.03820350067208787,"Rc_est":0.021334620152928994}}