linecode_id,linecode_name,A_p_est,dist_est,x_est,r_est,scenario_id
4,hydrogen,"[143.0095845357796, 143.0095845357796, 143.0095845357796, 143.0095845357796]","[470.99459449224264, 688.2581301982528, 275.5824814124309, 938.9467591265565, 618.0050551283431, 357.2000984102313]",[0.7593727807225404 0.4768954564536817 0.4530621893769327 0.4335468955684076; 0.4768954564536817 0.7593727807225404 0.5105708728957448 0.459827142399875; 0.4530621893769327 0.5105708728957448 0.7593727807225404 0.4942716770161466; 0.4335468955684076 0.459827142399875 0.4942716770161466 0.7593727807225404],[0.21749981335546548 0.049348 0.049348 0.049348; 0.049348 0.21749981335546548 0.049348 0.049348; 0.049348 0.049348 0.21749981335546548 0.049348; 0.049348 0.049348 0.049348 0.21749981335546548],1
1,pluto,"[297.7813943913405, 297.7813943913405, 297.7813943913405, 297.7813943913405]","[339.6906896103093, 2999.9999947925, 2756.1288558968813, 2901.1146537792742, 2624.4237508500055, 440.6462120658289]",[0.7363307787095601 0.4974296546417948 0.36056069220962805 0.362666648716109; 0.4974296546417948 0.7363307787095601 0.3658879146515941 0.3689645311757767; 0.36056069220962805 0.3658879146515941 0.7363307787095601 0.4810803380840069; 0.362666648716109 0.3689645311757767 0.4810803380840069 0.7363307787095601],[0.2059572112963683 0.049348 0.049348 0.049348; 0.049348 0.2059572112963683 0.049348 0.049348; 0.049348 0.049348 0.2059572112963683 0.049348; 0.049348 0.049348 0.049348 0.2059572112963683],1
10,tw2x16_lv_oh_2w_bundled,"[11.999999883229194, 11.999999883229194]",[99.99999452013135],[0.8372217862009734 0.5742647294282699; 0.5742647294282699 0.8372217862009734],[3.0686079289771047 0.049348; 0.049348 3.0686079289771047],1
7,abc2x16_lv_oh_2w_bundled,"[23.117334057337988, 23.117334057337988]",[2.00000662337841],[0.8166230662153444 0.8200647473825085; 0.8200647473825085 0.8166230662153444],[1.9842500167888883 0.049348; 0.049348 1.9842500167888883],1
