linecode_id,linecode_name,A_p_est,dist_est,x_est,r_est,scenario_id
4,hydrogen,"[143.5651287646313, 143.5651287646313, 143.5651287646313, 143.5651287646313]","[458.35785146656417, 648.0995385711065, 232.06129696714453, 867.9173210468485, 528.4353406263367, 308.73137202103857]",[0.7592509765399199 0.4786042608581608 0.4568396280643792 0.4384894064700615; 0.4786042608581608 0.7592509765399199 0.5213707778576572 0.469665137224123; 0.4568396280643792 0.5213707778576572 0.7592509765399199 0.5034341265190193; 0.4384894064700615 0.469665137224123 0.5034341265190193 0.7592509765399199],[0.21684912770300643 0.049348 0.049348 0.049348; 0.049348 0.21684912770300643 0.049348 0.049348; 0.049348 0.049348 0.21684912770300643 0.049348; 0.049348 0.049348 0.049348 0.21684912770300643],1
1,pluto,"[283.2656945306942, 283.2656945306942, 283.2656945306942, 283.2656945306942]","[388.4030849196237, 2999.999996082987, 2722.8413795740016, 2999.9944611747032, 2688.8738933959216, 383.01818327303897]",[0.7379007723961774 0.48900965067090774 0.36056069218260006 0.36056080810582625; 0.48900965067090774 0.7379007723961774 0.36665139550906417 0.367440155823222; 0.36056069218260006 0.36665139550906417 0.7379007723961774 0.4898868617354758; 0.36056080810582625 0.367440155823222 0.4898868617354758 0.7379007723961774],[0.21398251174920618 0.049348 0.049348 0.049348; 0.049348 0.21398251174920618 0.049348 0.049348; 0.049348 0.049348 0.21398251174920618 0.049348; 0.049348 0.049348 0.049348 0.21398251174920618],1
10,tw2x16_lv_oh_2w_bundled,"[11.999999883526955, 11.999999883526955]",[99.9999943917033],[0.8372217862001939 0.5742647295089638; 0.5742647295089638 0.8372217862001939],[3.0686079289021864 0.049348; 0.049348 3.0686079289021864],1
7,abc2x16_lv_oh_2w_bundled,"[23.612935943273182, 23.612935943273182]",[5.2526526568731295],[0.8159566710652856 0.7593952536222217; 0.7593952536222217 0.8159566710652856],[1.943639179960969 0.049348; 0.049348 1.943639179960969],1
