{"32":{"Xc_est":0.21608949593507001,"Zc_est":0.23128373781503558,"Rc_est":0.08244693520211338},"29":{"Xc_est":0.11861240144614896,"Zc_est":0.15685512346034938,"Rc_est":0.10263833581532314},"1":{"Xc_est":0.16284908624498692,"Zc_est":0.19518046265132402,"Rc_est":0.10758990710079504},"54":{"Xc_est":0.11015726805284021,"Zc_est":0.12790416934169063,"Rc_est":0.06499886791416126},"2":{"Xc_est":0.1872132130349301,"Zc_est":0.21673690928142642,"Rc_est":0.10920668802780872},"41":{"Xc_est":0.09228584332246267,"Zc_est":0.09718689998584358,"Rc_est":0.030473212024993937},"51":{"Xc_est":0.11853070427064262,"Zc_est":0.14348819271596336,"Rc_est":0.08086614615522932},"53":{"Xc_est":0.12007051382518061,"Zc_est":0.1313833123022503,"Rc_est":0.05333522720742595},"27":{"Xc_est":0.1657491218066618,"Zc_est":0.17484769158731858,"Rc_est":0.05566815852652641},"42":{"Xc_est":0.1900605809701668,"Zc_est":0.20184266331844952,"Rc_est":0.06795172033707196},"33":{"Xc_est":0.10220966716699198,"Zc_est":0.13145920277051926,"Rc_est":0.08267228030406092},"28":{"Xc_est":0.13719810435244534,"Zc_est":0.15269885319771997,"Rc_est":0.06703446822340249},"50":{"Xc_est":0.18602504347914214,"Zc_est":0.19990125289670713,"Rc_est":0.07317919177099826},"52":{"Xc_est":0.05212219233677276,"Zc_est":0.056931067542311434,"Rc_est":0.022900295140362133},"26":{"Xc_est":0.17931417309703976,"Zc_est":0.18767370792386254,"Rc_est":0.05538815733002969},"10":{"Xc_est":0.15997616040553475,"Zc_est":0.17166445679831618,"Rc_est":0.06226005003020463},"24":{"Xc_est":0.11080296623012843,"Zc_est":0.11728502229523001,"Rc_est":0.03845099646820116},"25":{"Xc_est":0.10303579327901922,"Zc_est":0.11921164318625246,"Rc_est":0.05995866221430887},"23":{"Xc_est":0.08964804141704355,"Zc_est":0.09503305395795857,"Rc_est":0.031535852845044614},"49":{"Xc_est":0.1579874126163179,"Zc_est":0.1708308776455153,"Rc_est":0.06498589240703195},"5":{"Xc_est":0.09092228736431206,"Zc_est":0.09923594263556908,"Rc_est":0.03976065858623842},"31":{"Xc_est":0.1460228935451346,"Zc_est":0.1528628551243438,"Rc_est":0.04521467723507942},"43":{"Xc_est":0.14154983068630245,"Zc_est":0.15261307485847808,"Rc_est":0.05704731413869146},"39":{"Xc_est":0.06914466488053615,"Zc_est":0.08430468740994003,"Rc_est":0.04823168707235992},"34":{"Xc_est":0.11857024155550114,"Zc_est":0.12804112613656876,"Rc_est":0.04832833330243059},"44":{"Xc_est":0.2323728005081266,"Zc_est":0.24689663566290165,"Rc_est":0.08343159045391621},"55":{"Xc_est":0.09813273075261197,"Zc_est":0.1121734736096019,"Rc_est":0.05434018160329812},"17":{"Xc_est":0.14362911086835187,"Zc_est":0.17440290224667324,"Rc_est":0.09892952452746022},"37":{"Xc_est":0.18800299350241878,"Zc_est":0.20827244046889057,"Rc_est":0.08962300984120677},"47":{"Xc_est":0.21861506791180632,"Zc_est":0.233030897764544,"Rc_est":0.08068984691313816},"9":{"Xc_est":0.020898269457287157,"Zc_est":0.0327653381050512,"Rc_est":0.025235485230701214},"12":{"Xc_est":0.16781971054967762,"Zc_est":0.17842606610661274,"Rc_est":0.060600378029380016},"20":{"Xc_est":0.16977673216913658,"Zc_est":0.1807503756040435,"Rc_est":0.062020637653704185},"6":{"Xc_est":0.1132115316245694,"Zc_est":0.12152964976676846,"Rc_est":0.044188288942349045},"14":{"Xc_est":0.12011686124878988,"Zc_est":0.13169563885029847,"Rc_est":0.05399704562221159},"7":{"Xc_est":0.14892348991671456,"Zc_est":0.1613252809683617,"Rc_est":0.062029351363262396},"8":{"Xc_est":0.10940844329045368,"Zc_est":0.11708113981166528,"Rc_est":0.04168675852543936},"19":{"Xc_est":0.09169851744409153,"Zc_est":0.1011131312597796,"Rc_est":0.04260571806357756},"4":{"Xc_est":0.19806735946916396,"Zc_est":0.2080286681650601,"Rc_est":0.06360226325722754},"22":{"Xc_est":0.07897807893078182,"Zc_est":0.09880553192633497,"Rc_est":0.05937167832939537},"11":{"Xc_est":0.03648289120613144,"Zc_est":0.04408590325151738,"Rc_est":0.024750060903838758},"35":{"Xc_est":0.15258502832755283,"Zc_est":0.1684357980659003,"Rc_est":0.07133321246359686},"13":{"Xc_est":0.18584913261473598,"Zc_est":0.2043378729711496,"Rc_est":0.08493565939417876},"15":{"Xc_est":0.01905511144468605,"Zc_est":0.023372802498240062,"Rc_est":0.013534793107112187},"16":{"Xc_est":0.16961358066173698,"Zc_est":0.18039265151149006,"Rc_est":0.06142265033723581},"40":{"Xc_est":0.16330049900677432,"Zc_est":0.17566684122328735,"Rc_est":0.06474400458348363},"21":{"Xc_est":0.20096963734602546,"Zc_est":0.21571571697771963,"Rc_est":0.07838670433318809},"38":{"Xc_est":0.054149926744455845,"Zc_est":0.06206665114881222,"Rc_est":0.030332402120478663},"46":{"Xc_est":0.13640553992941712,"Zc_est":0.15692073181705732,"Rc_est":0.07757347968581155},"45":{"Xc_est":0.1919116531155868,"Zc_est":0.20335813212107254,"Rc_est":0.06726401190989338},"36":{"Xc_est":0.1860337854404413,"Zc_est":0.19992111936739673,"Rc_est":0.07321123304393082},"48":{"Xc_est":0.1154041747807055,"Zc_est":0.12660333204449123,"Rc_est":0.05206035082432771},"18":{"Xc_est":0.0942079940442096,"Zc_est":0.1033088675596098,"Rc_est":0.04239782983379181},"30":{"Xc_est":0.2343145342322979,"Zc_est":0.2503144297627971,"Rc_est":0.08805687250280687},"3":{"Xc_est":0.0332531105249748,"Zc_est":0.03969813957502912,"Rc_est":0.021683471265743028}}