linecode_id,linecode_name,A_p_est,dist_est,x_est,r_est,scenario_id
4,hydrogen,"[141.22372322768624, 141.22372322768624, 141.22372322768624, 141.22372322768624]","[403.3695661783733, 569.7580994393475, 211.99093682637246, 746.9397362177434, 472.9446627863963, 276.21398271415495]",[0.7597675645541544 0.4866340041438563 0.4649344260280866 0.4479212405377347; 0.4866340041438563 0.7597675645541544 0.5270544364778483 0.47663584893249134; 0.4649344260280866 0.5270544364778483 0.7597675645541544 0.5104270571604417; 0.4479212405377347 0.47663584893249134 0.5104270571604417 0.7597675645541544],[0.2196261970146267 0.049348 0.049348 0.049348; 0.049348 0.2196261970146267 0.049348 0.049348; 0.049348 0.049348 0.2196261970146267 0.049348; 0.049348 0.049348 0.049348 0.2196261970146267],1
1,pluto,"[294.67485570597864, 294.67485570597864, 294.67485570597864, 294.67485570597864]","[399.864307656036, 2999.9999954457767, 2715.0770597041337, 2934.43385919433, 2612.8064383188357, 406.06813002309286]",[0.736660240720536 0.48718239685675857 0.36056069219594583 0.36194913773651044; 0.48718239685675857 0.736660240720536 0.366830820074926 0.3692432816418875; 0.36056069219594583 0.366830820074926 0.736660240720536 0.486215054563225; 0.36194913773651044 0.3692432816418875 0.486215054563225 0.736660240720536],[0.20760822618262517 0.049348 0.049348 0.049348; 0.049348 0.20760822618262517 0.049348 0.049348; 0.049348 0.049348 0.20760822618262517 0.049348; 0.049348 0.049348 0.049348 0.20760822618262517],1
10,tw2x16_lv_oh_2w_bundled,"[11.999999883526824, 11.999999883526824]",[99.99999426423938],[0.8372217862001942 0.5742647295890518; 0.5742647295890518 0.8372217862001942],[3.0686079289022192 0.049348; 0.049348 3.0686079289022192],1
7,abc2x16_lv_oh_2w_bundled,"[23.34829903868348, 23.34829903868348]",[11.400056390540769],[0.8163107469750587 0.7107076739644927; 0.7107076739644927 0.8163107469750587],[1.9651096671012054 0.049348; 0.049348 1.9651096671012054],1
