linecode_id,linecode_name,A_p_est,dist_est,x_est,r_est,scenario_id
4,hydrogen,"[154.92461598489263, 154.92461598489263, 154.92461598489263, 154.92461598489263]","[279.43407468628675, 512.0755770615513, 232.64150237526445, 788.9893527676965, 509.55527808140977, 276.91377570614526]",[0.7568586525725578 0.5096988009157686 0.47164109223261813 0.4444800375376376; 0.5096988009157686 0.7568586525725578 0.521213879792064 0.4719510980355222; 0.47164109223261813 0.521213879792064 0.7568586525725578 0.5102680724916636; 0.4444800375376376 0.4719510980355222 0.5102680724916636 0.7568586525725578],[0.20456749700522758 0.049348 0.049348 0.049348; 0.049348 0.20456749700522758 0.049348 0.049348; 0.049348 0.049348 0.20456749700522758 0.049348; 0.049348 0.049348 0.049348 0.20456749700522758],1
1,pluto,"[256.88689714165844, 256.88689714165844, 256.88689714165844, 256.88689714165844]","[901.3039090600851, 2862.9716106018595, 2949.1127153334637, 3000.0000013610024, 2918.16075595635, 549.1636723196107]",[0.7409716677993624 0.43611774698225103 0.36349822498402773 0.3605606920720573; 0.43611774698225103 0.7409716677993624 0.36163561806231803 0.36229854661406125; 0.36349822498402773 0.36163561806231803 0.7409716677993624 0.4672476086420011; 0.3605606920720573 0.36229854661406125 0.4672476086420011 0.7409716677993624],[0.23088824137962907 0.049348 0.049348 0.049348; 0.049348 0.23088824137962907 0.049348 0.049348; 0.049348 0.049348 0.23088824137962907 0.049348; 0.049348 0.049348 0.049348 0.23088824137962907],1
10,tw2x16_lv_oh_2w_bundled,"[12.584095645664297, 12.584095645664297]",[75.13123923360536],[0.8357286740027895 0.592230515064748; 0.592230515064748 0.8357286740027895],[2.9284677886076818 0.049348; 0.049348 2.9284677886076818],1
7,abc2x16_lv_oh_2w_bundled,"[17.568124477917916, 17.568124477917916]",[99.99992831894694],[0.8252466506916722 0.5742647710238141; 0.5742647710238141 0.8252466506916722],[2.5954237832487124 0.049348; 0.049348 2.5954237832487124],1
