{"32":{"shunt_est":{"gs":11.537066749772093},"shunt_true":{"gs":0.14138562091503268}},"29":{"shunt_est":{"gs":0.5768534946618885},"shunt_true":{"gs":0.028277124183006534}},"1":{"shunt_est":{"gs":0.576853410552164},"shunt_true":{"gs":0.22621699346405227}},"54":{"shunt_est":{"gs":11.537065566994585},"shunt_true":{"gs":0.08483137254901961}},"24":{"shunt_est":{"gs":0.5768535305939024},"shunt_true":{"gs":0.14138562091503268}},"2":{"shunt_est":{"gs":11.537066513049131},"shunt_true":{"gs":0.22621699346405227}},"25":{"shunt_est":{"gs":0.576853473714589},"shunt_true":{"gs":0.11310849673202614}},"23":{"shunt_est":{"gs":0.576853649395395},"shunt_true":{"gs":0.14138562091503268}},"41":{"shunt_est":{"gs":0.5768534722778051},"shunt_true":{"gs":0.14138562091503268}},"51":{"shunt_est":{"gs":11.53706670961802},"shunt_true":{"gs":0.22621699346405227}},"53":{"shunt_est":{"gs":0.5768534147381269},"shunt_true":{"gs":0.19793986928104573}},"49":{"shunt_est":{"gs":0.576853446085778},"shunt_true":{"gs":0.14138562091503268}},"27":{"shunt_est":{"gs":0.5768534107784078},"shunt_true":{"gs":0.22621699346405227}},"5":{"shunt_est":{"gs":8.459450468813204},"shunt_true":{"gs":0.028277124183006534}},"31":{"shunt_est":{"gs":8.200564310169502},"shunt_true":{"gs":0.05655424836601307}},"42":{"shunt_est":{"gs":7.8448800760221475},"shunt_true":{"gs":0.05655424836601307}},"33":{"shunt_est":{"gs":0.5768533769531182},"shunt_true":{"gs":0.11310849673202614}},"28":{"shunt_est":{"gs":0.5768533707240747},"shunt_true":{"gs":0.16966274509803922}},"43":{"shunt_est":{"gs":0.5768537454487657},"shunt_true":{"gs":0.22621699346405227}},"50":{"shunt_est":{"gs":0.576853474447926},"shunt_true":{"gs":0.05655424836601307}},"52":{"shunt_est":{"gs":0.5768628062231717},"shunt_true":{"gs":0.16966274509803922}},"39":{"shunt_est":{"gs":0.5768536514108474},"shunt_true":{"gs":0.14138562091503268}},"34":{"shunt_est":{"gs":11.53706644995839},"shunt_true":{"gs":0.22621699346405227}},"26":{"shunt_est":{"gs":0.576853615039052},"shunt_true":{"gs":0.08483137254901961}},"10":{"shunt_est":{"gs":11.537066716562679},"shunt_true":{"gs":0.05655424836601307}}}