linecode_id,linecode_name,A_p_est,dist_est,x_est,r_est,scenario_id
4,hydrogen,"[231.57251395418356, 144.54714074898433, 261.52905264269555, 300.00000254849556]","[380.0000004055339, 636.7674785352449, 616.6899238070407]",[0.7442308528414204 0.49038393889317833 0.4285439002339804 0.39875710774399603; 0.49038393889317833 0.7590368169137245 0.45794796760330064 0.415394595303117; 0.4285439002339804 0.45794796760330064 0.7404090236315631 0.4599609930493709; 0.39875710774399603 0.415394595303117 0.4599609930493709 0.7360975827143295],[0.15319158901791263 0.049348 0.049348 0.049348; 0.049348 0.21571117288809494 0.049348 0.049348; 0.049348 0.049348 0.1412969468719058 0.049348; 0.049348 0.049348 0.049348 0.12950573587540481],1
1,pluto,"[132.24151950239315, 275.92621622451094, 100.38782224078176, 300.0000027386626]","[380.0000008388383, 1199.999998549773, 1060.1075058015888]",[0.7618320788862909 0.49038393882153264 0.40084778145732336 0.3685901599278388; 0.49038393882153264 0.7387254992488785 0.418133071441613 0.37835470873372734; 0.40084778145732336 0.418133071441613 0.7704899840556583 0.425921175252939; 0.3685901599278388 0.37835470873372734 0.425921175252939 0.7360975826944152],[0.40200055185998274 0.049348 0.049348 0.049348; 0.049348 0.21836169486549692 0.049348 0.049348; 0.049348 0.049348 0.5138994592647015 0.049348; 0.049348 0.049348 0.049348 0.20479902962877566],1
10,tw2x16_lv_oh_2w_bundled,"[9.99999990534578, 9.999999903607456]",[11.861352398497761],[0.842949600220872 0.7082153097716143; 0.7082153097716143 0.842949600226333],[3.6724599138106675 0.049348; 0.049348 3.6724599144404815],1
7,abc2x16_lv_oh_2w_bundled,"[12.742722030218856, 48.83273554978708]",[2.000000704611145],[0.8353351408140144 0.8200649333261602; 0.8200649333261602 0.793129610580433],[3.5595694569423126 0.049348; 0.049348 0.9653273279391812],1
