{"32":{"shunt_est":{"gs":11.537066710438573},"shunt_true":{"gs":0.14138562091503268}},"29":{"shunt_est":{"gs":7.874678072723794},"shunt_true":{"gs":0.028277124183006534}},"1":{"shunt_est":{"gs":0.5768534066584342},"shunt_true":{"gs":0.22621699346405227}},"54":{"shunt_est":{"gs":11.537065657806462},"shunt_true":{"gs":0.08483137254901961}},"24":{"shunt_est":{"gs":0.5768539115265223},"shunt_true":{"gs":0.14138562091503268}},"2":{"shunt_est":{"gs":11.537066673553515},"shunt_true":{"gs":0.22621699346405227}},"25":{"shunt_est":{"gs":0.5768540302203298},"shunt_true":{"gs":0.11310849673202614}},"23":{"shunt_est":{"gs":0.5768573804181024},"shunt_true":{"gs":0.14138562091503268}},"41":{"shunt_est":{"gs":0.5768545745418463},"shunt_true":{"gs":0.14138562091503268}},"51":{"shunt_est":{"gs":11.537066643253743},"shunt_true":{"gs":0.22621699346405227}},"53":{"shunt_est":{"gs":0.5768535736043569},"shunt_true":{"gs":0.19793986928104573}},"49":{"shunt_est":{"gs":11.354862583406561},"shunt_true":{"gs":0.14138562091503268}},"27":{"shunt_est":{"gs":0.5768534887230616},"shunt_true":{"gs":0.22621699346405227}},"5":{"shunt_est":{"gs":11.537065616416562},"shunt_true":{"gs":0.028277124183006534}},"31":{"shunt_est":{"gs":11.5370662075224},"shunt_true":{"gs":0.05655424836601307}},"42":{"shunt_est":{"gs":11.537066414503416},"shunt_true":{"gs":0.05655424836601307}},"33":{"shunt_est":{"gs":0.5768533970759223},"shunt_true":{"gs":0.11310849673202614}},"28":{"shunt_est":{"gs":0.5768534511898958},"shunt_true":{"gs":0.16966274509803922}},"43":{"shunt_est":{"gs":11.53706545768875},"shunt_true":{"gs":0.22621699346405227}},"50":{"shunt_est":{"gs":0.5768536782751994},"shunt_true":{"gs":0.05655424836601307}},"52":{"shunt_est":{"gs":11.537065898608793},"shunt_true":{"gs":0.16966274509803922}},"39":{"shunt_est":{"gs":11.537066404118534},"shunt_true":{"gs":0.14138562091503268}},"34":{"shunt_est":{"gs":11.537066402578745},"shunt_true":{"gs":0.22621699346405227}},"26":{"shunt_est":{"gs":0.5768648435168773},"shunt_true":{"gs":0.08483137254901961}},"10":{"shunt_est":{"gs":11.53706638756914},"shunt_true":{"gs":0.05655424836601307}}}