linecode_id,linecode_name,A_p_est,dist_est,x_est,r_est,scenario_id
4,hydrogen,"[299.9999813197779, 153.85974270371227, 300.00000257748576, 138.5990431828379]","[896.1358908387048, 1067.7349698164753, 1189.5235024434246]",[0.736097584937401 0.43647905846061313 0.38718228591850734 0.35742743872929983; 0.43647905846061313 0.7570753357735182 0.4254707181564477 0.3784339630642519; 0.38718228591850734 0.4254707181564477 0.7360975827112937 0.4186840293383831; 0.35742743872929983 0.3784339630642519 0.4186840293383831 0.7603569330867803],[0.12950574154755828 0.049348 0.049348 0.049348; 0.049348 0.20564178123432197 0.049348 0.049348; 0.049348 0.049348 0.12950573586765884 0.049348; 0.049348 0.049348 0.049348 0.22285079204438796],1
1,pluto,"[105.20122971390451, 255.92246146362243, 106.69859008344363, 300.0000027524329]","[379.9999978470891, 1200.0000092196833, 380.00000372317356]",[0.7690186445338992 0.49038393931621044 0.40084778115198527 0.3873062519334939; 0.49038393931621044 0.7410898354827279 0.41813307088293644 0.40084778091831047; 0.40084778115198527 0.41813307088293644 0.7685746436242918 0.49038393834461536; 0.3873062519334939 0.40084778091831047 0.49038393834461536 0.7360975826929732],[0.49264423751723885 0.049348 0.049348 0.049348; 0.049348 0.23157237002072012 0.049348 0.049348; 0.049348 0.049348 0.48642321606320643 0.049348; 0.049348 0.049348 0.049348 0.2047990296216403],1
10,tw2x16_lv_oh_2w_bundled,"[9.999999911979959, 9.999999907944906]",[99.99997898264843],[0.8429496002000301 0.5742647391907824; 0.5742647391907824 0.8429496002127065],[3.6724599114070298 0.049348; 0.049348 3.6724599128689746],1
7,abc2x16_lv_oh_2w_bundled,"[10.000000022888134, 299.9997777227863]",[2.0000016793653286],[0.8429495998516009 0.820064902703301; 0.820064902703301 0.7360976062580864],[4.5223256187947625 0.049348; 0.049348 0.19844736477239033],1
