{"32":{"shunt_est":{"gs":11.537066616396125},"shunt_true":{"gs":0.9614222222222222}},"29":{"shunt_est":{"gs":11.53706586188789},"shunt_true":{"gs":1.9228444444444444}},"1":{"shunt_est":{"gs":0.5768534140645232},"shunt_true":{"gs":5.768533333333333}},"54":{"shunt_est":{"gs":11.537066404176539},"shunt_true":{"gs":5.768533333333333}},"2":{"shunt_est":{"gs":11.53706664668484},"shunt_true":{"gs":5.768533333333333}},"41":{"shunt_est":{"gs":11.537065407005317},"shunt_true":{"gs":5.768533333333333}},"51":{"shunt_est":{"gs":11.537066600373496},"shunt_true":{"gs":2.8842666666666665}},"53":{"shunt_est":{"gs":0.5768537616850204},"shunt_true":{"gs":1.4421333333333333}},"27":{"shunt_est":{"gs":0.5768536034900595},"shunt_true":{"gs":5.768533333333333}},"42":{"shunt_est":{"gs":0.576853656159355},"shunt_true":{"gs":1.1537066666666667}},"33":{"shunt_est":{"gs":0.5768534237572096},"shunt_true":{"gs":1.9228444444444444}},"28":{"shunt_est":{"gs":0.5768534557629671},"shunt_true":{"gs":1.1537066666666667}},"50":{"shunt_est":{"gs":0.5768541233862536},"shunt_true":{"gs":2.8842666666666665}},"52":{"shunt_est":{"gs":11.537066186461185},"shunt_true":{"gs":0.8240761904761905}},"26":{"shunt_est":{"gs":0.5768535258902364},"shunt_true":{"gs":1.1537066666666667}},"10":{"shunt_est":{"gs":0.5768538206156099},"shunt_true":{"gs":1.4421333333333333}},"24":{"shunt_est":{"gs":0.5768542696716216},"shunt_true":{"gs":2.8842666666666665}},"25":{"shunt_est":{"gs":0.5768546833716225},"shunt_true":{"gs":0.8240761904761905}},"23":{"shunt_est":{"gs":11.537065788114045},"shunt_true":{"gs":5.768533333333333}},"49":{"shunt_est":{"gs":0.5768541113617229},"shunt_true":{"gs":2.8842666666666665}},"5":{"shunt_est":{"gs":11.537063943604387},"shunt_true":{"gs":0.8240761904761905}},"31":{"shunt_est":{"gs":0.5768544615874499},"shunt_true":{"gs":0.9614222222222222}},"43":{"shunt_est":{"gs":0.5768539605315072},"shunt_true":{"gs":1.4421333333333333}},"39":{"shunt_est":{"gs":11.53706658717686},"shunt_true":{"gs":1.4421333333333333}},"34":{"shunt_est":{"gs":11.537066511059068},"shunt_true":{"gs":0.7210666666666666}},"44":{"shunt_est":{"gs":11.537066586569514},"shunt_true":{"gs":0.7210666666666666}},"55":{"shunt_est":{"gs":11.53706628745821},"shunt_true":{"gs":0.8240761904761905}},"17":{"shunt_est":{"gs":0.5768535826295356},"shunt_true":{"gs":1.9228444444444444}},"37":{"shunt_est":{"gs":0.576853405441321},"shunt_true":{"gs":1.4421333333333333}},"47":{"shunt_est":{"gs":11.537065333527428},"shunt_true":{"gs":0.8240761904761905}},"9":{"shunt_est":{"gs":11.537060179991482},"shunt_true":{"gs":2.8842666666666665}},"12":{"shunt_est":{"gs":0.5768535905424264},"shunt_true":{"gs":1.9228444444444444}},"20":{"shunt_est":{"gs":11.53706569543875},"shunt_true":{"gs":2.8842666666666665}},"6":{"shunt_est":{"gs":0.5768541650451317},"shunt_true":{"gs":1.1537066666666667}},"14":{"shunt_est":{"gs":11.537066479764981},"shunt_true":{"gs":0.8240761904761905}},"7":{"shunt_est":{"gs":11.537066494992146},"shunt_true":{"gs":0.8240761904761905}},"8":{"shunt_est":{"gs":11.53706304387767},"shunt_true":{"gs":0.9614222222222222}},"19":{"shunt_est":{"gs":0.576857772921967},"shunt_true":{"gs":1.9228444444444444}},"4":{"shunt_est":{"gs":0.5768539979070044},"shunt_true":{"gs":1.1537066666666667}},"22":{"shunt_est":{"gs":11.537065822283656},"shunt_true":{"gs":0.9614222222222222}},"11":{"shunt_est":{"gs":11.537062746583544},"shunt_true":{"gs":0.9614222222222222}},"35":{"shunt_est":{"gs":0.5768534609595202},"shunt_true":{"gs":1.1537066666666667}},"13":{"shunt_est":{"gs":0.5768537544612817},"shunt_true":{"gs":2.8842666666666665}},"15":{"shunt_est":{"gs":11.537061699730508},"shunt_true":{"gs":2.8842666666666665}},"16":{"shunt_est":{"gs":0.5768537911638005},"shunt_true":{"gs":5.768533333333333}}}