{"32":{"Xc_est":0.20414973755076482,"Zc_est":0.21881547223954206,"Rc_est":0.0787597330453046},"29":{"Xc_est":0.1105129125015244,"Zc_est":0.1387433974843706,"Rc_est":0.08388460237693485},"1":{"Xc_est":0.14651239961572837,"Zc_est":0.17471750971636582,"Rc_est":0.09518573926975357},"54":{"Xc_est":0.10207753974270489,"Zc_est":0.11012964645528893,"Rc_est":0.04133660494577941},"2":{"Xc_est":0.17264913101057677,"Zc_est":0.20185863366121035,"Rc_est":0.10459056145209004},"41":{"Xc_est":0.08632997672695256,"Zc_est":0.09081644930913109,"Rc_est":0.028191533896576196},"51":{"Xc_est":0.11308761794033023,"Zc_est":0.13490381510265528,"Rc_est":0.07355426566714744},"53":{"Xc_est":0.11175953503543443,"Zc_est":0.11904555807908145,"Rc_est":0.04100794102394631},"27":{"Xc_est":0.15186154253927722,"Zc_est":0.16118629369670237,"Rc_est":0.05402863290210928},"42":{"Xc_est":0.1782224661511395,"Zc_est":0.18992272641775967,"Rc_est":0.06563074408355521},"33":{"Xc_est":0.09652740340978548,"Zc_est":0.12087419177990338,"Rc_est":0.07275321731311543},"28":{"Xc_est":0.12985492756188904,"Zc_est":0.14357371552274925,"Rc_est":0.06124630255700237},"50":{"Xc_est":0.1700726338630259,"Zc_est":0.18391959811592493,"Rc_est":0.07001226879637937},"52":{"Xc_est":0.04928349429069836,"Zc_est":0.05320786987683738,"Rc_est":0.020055288762048793},"26":{"Xc_est":0.1679483546099554,"Zc_est":0.17654200707440174,"Rc_est":0.05440983776548847},"10":{"Xc_est":0.14853309458486252,"Zc_est":0.15727587085092662,"Rc_est":0.0517070533386078},"24":{"Xc_est":0.10509402658268883,"Zc_est":0.11047527330139313,"Rc_est":0.03405923645143266},"25":{"Xc_est":0.0962456128535422,"Zc_est":0.1036630873702849,"Rc_est":0.03850737188624269},"23":{"Xc_est":0.08399973013558475,"Zc_est":0.08927465522196915,"Rc_est":0.030232588413008875},"49":{"Xc_est":0.1448157700795104,"Zc_est":0.15508341329295655,"Rc_est":0.0554910606753228},"5":{"Xc_est":0.0846460563431555,"Zc_est":0.09218290151022121,"Rc_est":0.036506608667397335},"31":{"Xc_est":0.13900942658720009,"Zc_est":0.14516998080560942,"Rc_est":0.0418413987218262},"43":{"Xc_est":0.1341044355883447,"Zc_est":0.14172098266446684,"Rc_est":0.04583489154469133},"39":{"Xc_est":0.06702165470945894,"Zc_est":0.0802676750254258,"Rc_est":0.04417009683024732},"34":{"Xc_est":0.113800396686767,"Zc_est":0.12481208451310348,"Rc_est":0.0512594006445701},"44":{"Xc_est":0.22082928427691906,"Zc_est":0.2336909284751509,"Rc_est":0.07645833674179532},"55":{"Xc_est":0.09015798952860511,"Zc_est":0.10039232674255971,"Rc_est":0.04416057283306911},"17":{"Xc_est":0.13618282155479988,"Zc_est":0.16230536840862073,"Rc_est":0.08830216151166195},"37":{"Xc_est":0.17637556000986085,"Zc_est":0.1959921975096208,"Rc_est":0.08546697207610775},"47":{"Xc_est":0.20643743423281496,"Zc_est":0.21762347990490494,"Rc_est":0.06887354175075326},"9":{"Xc_est":0.02303262573588495,"Zc_est":0.0327634423305505,"Rc_est":0.02330110094089888},"12":{"Xc_est":0.15297060878835,"Zc_est":0.16264764846285576,"Rc_est":0.055265272978772866},"20":{"Xc_est":0.1551767466123146,"Zc_est":0.1674639615615823,"Rc_est":0.06296312994695089},"6":{"Xc_est":0.10747598555673483,"Zc_est":0.11357417171980634,"Rc_est":0.03671518773543973},"14":{"Xc_est":0.11420936301759146,"Zc_est":0.1257231651391489,"Rc_est":0.05255982925887141},"7":{"Xc_est":0.14162541309747442,"Zc_est":0.1529791440941214,"Rc_est":0.05783477234968312},"8":{"Xc_est":0.10074485246579627,"Zc_est":0.1082567682027728,"Rc_est":0.03962325785891192},"19":{"Xc_est":0.08541790740989669,"Zc_est":0.09388382946191948,"Rc_est":0.0389609359249633},"4":{"Xc_est":0.18617060451889483,"Zc_est":0.19538650078548828,"Rc_est":0.05929916274507475},"22":{"Xc_est":0.07280075322779701,"Zc_est":0.09026187997088685,"Rc_est":0.05335969738804923},"11":{"Xc_est":0.03635011829045588,"Zc_est":0.03906871606624538,"Rc_est":0.014318990024955128},"35":{"Xc_est":0.1455765078985383,"Zc_est":0.15981578431717613,"Rc_est":0.06594365219625756},"13":{"Xc_est":0.17090145629743383,"Zc_est":0.1843074929688443,"Rc_est":0.06900684168889994},"15":{"Xc_est":0.021226760712169553,"Zc_est":0.02318653899449226,"Rc_est":0.009329534833602646},"16":{"Xc_est":0.15819984358032257,"Zc_est":0.17405303719447568,"Rc_est":0.07257595502494617},"40":{"Xc_est":0.1515899957793017,"Zc_est":0.1601644885334364,"Rc_est":0.05170238453696862},"21":{"Xc_est":0.18798656074909886,"Zc_est":0.2011372089625117,"Rc_est":0.07153481534857319},"38":{"Xc_est":0.05129978970274123,"Zc_est":0.05772481471339319,"Rc_est":0.02646669246713876},"46":{"Xc_est":0.1273547006238032,"Zc_est":0.14275481628809944,"Rc_est":0.06449587430580724},"45":{"Xc_est":0.17857611546834504,"Zc_est":0.18771877617375657,"Rc_est":0.05786976682525353},"36":{"Xc_est":0.17022840524228489,"Zc_est":0.1842526259023901,"Rc_est":0.07050758966660647},"48":{"Xc_est":0.10647118887214402,"Zc_est":0.11365100171699186,"Rc_est":0.039754699488587786},"18":{"Xc_est":0.08841515337921321,"Zc_est":0.09514818613822264,"Rc_est":0.03515590957896075},"30":{"Xc_est":0.2227094740219326,"Zc_est":0.23615750382566283,"Rc_est":0.07855480121572511},"3":{"Xc_est":0.033946487814092055,"Zc_est":0.03892246845542118,"Rc_est":0.019041914708110536}}