{"32":{"shunt_est":{"gs":11.537066708958315},"shunt_true":{"gs":1.1537066666666667}},"29":{"shunt_est":{"gs":11.537061420632867},"shunt_true":{"gs":5.768533333333333}},"1":{"shunt_est":{"gs":0.5768534187956699},"shunt_true":{"gs":0.7210666666666666}},"54":{"shunt_est":{"gs":11.537065688458608},"shunt_true":{"gs":1.9228444444444444}},"24":{"shunt_est":{"gs":0.5768540337245568},"shunt_true":{"gs":1.1537066666666667}},"2":{"shunt_est":{"gs":11.537066685536576},"shunt_true":{"gs":0.7210666666666666}},"25":{"shunt_est":{"gs":0.5768541157544049},"shunt_true":{"gs":1.4421333333333333}},"23":{"shunt_est":{"gs":0.5769820920195776},"shunt_true":{"gs":1.1537066666666667}},"41":{"shunt_est":{"gs":0.576855145316331},"shunt_true":{"gs":1.1537066666666667}},"51":{"shunt_est":{"gs":11.537066654894662},"shunt_true":{"gs":0.7210666666666666}},"53":{"shunt_est":{"gs":0.576853617747509},"shunt_true":{"gs":0.8240761904761905}},"49":{"shunt_est":{"gs":11.537065327897851},"shunt_true":{"gs":1.1537066666666667}},"27":{"shunt_est":{"gs":0.5768535141457556},"shunt_true":{"gs":0.7210666666666666}},"5":{"shunt_est":{"gs":11.53706568301696},"shunt_true":{"gs":5.768533333333333}},"31":{"shunt_est":{"gs":11.537066268778494},"shunt_true":{"gs":2.8842666666666665}},"42":{"shunt_est":{"gs":11.537066428428925},"shunt_true":{"gs":2.8842666666666665}},"33":{"shunt_est":{"gs":0.576853398987505},"shunt_true":{"gs":1.4421333333333333}},"28":{"shunt_est":{"gs":0.5768534517289793},"shunt_true":{"gs":0.9614222222222222}},"43":{"shunt_est":{"gs":11.53706579867759},"shunt_true":{"gs":0.7210666666666666}},"50":{"shunt_est":{"gs":0.5768538963987571},"shunt_true":{"gs":2.8842666666666665}},"52":{"shunt_est":{"gs":11.537065973738272},"shunt_true":{"gs":0.9614222222222222}},"39":{"shunt_est":{"gs":11.537066439740245},"shunt_true":{"gs":1.1537066666666667}},"34":{"shunt_est":{"gs":11.537066399884136},"shunt_true":{"gs":0.7210666666666666}},"26":{"shunt_est":{"gs":4.933080398640915},"shunt_true":{"gs":1.9228444444444444}},"10":{"shunt_est":{"gs":11.537066397694133},"shunt_true":{"gs":2.8842666666666665}}}