{"32":{"Xc_est":0.19596901758197108,"Zc_est":0.2122821973720637,"Rc_est":0.08160806007416743},"29":{"Xc_est":0.09844163459411398,"Zc_est":0.12705158357578278,"Rc_est":0.08032029299967133},"1":{"Xc_est":0.1432709828837876,"Zc_est":0.17357712785832485,"Rc_est":0.09799206487802314},"54":{"Xc_est":0.10150107331188121,"Zc_est":0.11276299785498727,"Rc_est":0.049122558990549105},"2":{"Xc_est":0.1702480409202765,"Zc_est":0.20255175308038673,"Rc_est":0.10973977054261505},"41":{"Xc_est":0.08188481798068757,"Zc_est":0.08652255273951348,"Rc_est":0.027946891004753234},"51":{"Xc_est":0.10641602847036312,"Zc_est":0.1325110547201107,"Rc_est":0.07896080361566138},"53":{"Xc_est":0.10786056834447386,"Zc_est":0.11648122991638327,"Rc_est":0.04397697942378971},"27":{"Xc_est":0.14963123778822052,"Zc_est":0.15912037511962146,"Rc_est":0.05412750184678816},"42":{"Xc_est":0.16717533299121,"Zc_est":0.17956974195175013,"Rc_est":0.06555684757442337},"33":{"Xc_est":0.08993113874975668,"Zc_est":0.12015766747912256,"Rc_est":0.07968848936449605},"28":{"Xc_est":0.12059264452630959,"Zc_est":0.13671244653289852,"Rc_est":0.06440269499921389},"50":{"Xc_est":0.16749645636616337,"Zc_est":0.1810763924434581,"Rc_est":0.06880114101608481},"52":{"Xc_est":0.04391664474373639,"Zc_est":0.04863137313073565,"Rc_est":0.02088872344192646},"26":{"Xc_est":0.15721596449486647,"Zc_est":0.16589103136991462,"Rc_est":0.05294312794804335},"10":{"Xc_est":0.13917514351938315,"Zc_est":0.14881772560524514,"Rc_est":0.05269719993203756},"24":{"Xc_est":0.0995200801260989,"Zc_est":0.10554937395011807,"Rc_est":0.0351628211745974},"25":{"Xc_est":0.08545786584751802,"Zc_est":0.09299380128452772,"Rc_est":0.036671518132385006},"23":{"Xc_est":0.07935648473631877,"Zc_est":0.08448479146884019,"Rc_est":0.028986692116000735},"49":{"Xc_est":0.13531116456518097,"Zc_est":0.1461471435323769,"Rc_est":0.05522568520795089},"5":{"Xc_est":0.08274862835649158,"Zc_est":0.09151319201081172,"Rc_est":0.039081054452598026},"31":{"Xc_est":0.13049982013095845,"Zc_est":0.1371295850178715,"Rc_est":0.042122678368797295},"43":{"Xc_est":0.12484818665772174,"Zc_est":0.13363980831188288,"Rc_est":0.04767104628509295},"39":{"Xc_est":0.06194704381644982,"Zc_est":0.07782747057462779,"Rc_est":0.04711346875838586},"34":{"Xc_est":0.10980024324406451,"Zc_est":0.11909396578895017,"Rc_est":0.04612243782459789},"44":{"Xc_est":0.21731388108420938,"Zc_est":0.23109416419112042,"Rc_est":0.07860782283787424},"55":{"Xc_est":0.08776657628938069,"Zc_est":0.10266838110017965,"Rc_est":0.053271235804813494},"17":{"Xc_est":0.12698823871635107,"Zc_est":0.15901558595762152,"Rc_est":0.09570759533686318},"37":{"Xc_est":0.165133022888535,"Zc_est":0.18673478652279046,"Rc_est":0.08718351478007008},"47":{"Xc_est":0.19832336581453905,"Zc_est":0.21097613532000417,"Rc_est":0.07196368699946683},"9":{"Xc_est":0.021310828742223138,"Zc_est":0.03345475836579677,"Rc_est":0.025788940180501506},"12":{"Xc_est":0.15063023523711222,"Zc_est":0.16055962243556035,"Rc_est":0.05558709012947096},"20":{"Xc_est":0.15275469173747588,"Zc_est":0.16513394904554055,"Rc_est":0.06273137396521694},"6":{"Xc_est":0.10152615519560043,"Zc_est":0.10843753058157445,"Rc_est":0.03809380329960173},"14":{"Xc_est":0.11220219807567454,"Zc_est":0.1248792434807407,"Rc_est":0.054822369515638535},"7":{"Xc_est":0.13238485593377328,"Zc_est":0.14530783613435702,"Rc_est":0.05990506791118133},"8":{"Xc_est":0.09393701784241303,"Zc_est":0.10192986014712715,"Rc_est":0.039566817770539456},"19":{"Xc_est":0.0835244934067049,"Zc_est":0.09344098768736672,"Rc_est":0.04189125423216558},"4":{"Xc_est":0.1827847598829008,"Zc_est":0.19279907180887043,"Rc_est":0.061328734251672526},"22":{"Xc_est":0.07078896229209652,"Zc_est":0.09171877686272233,"Rc_est":0.05832029532505802},"11":{"Xc_est":0.036861645681867616,"Zc_est":0.041056800660480224,"Rc_est":0.018079821849201393},"35":{"Xc_est":0.1370907775989812,"Zc_est":0.15365865055654496,"Rc_est":0.06940532824045331},"13":{"Xc_est":0.16858708382522627,"Zc_est":0.18328997328115168,"Rc_est":0.07192780736760593},"15":{"Xc_est":0.019897067911668002,"Zc_est":0.02280489189103888,"Rc_est":0.011143149585303177},"16":{"Xc_est":0.15579350995963975,"Zc_est":0.17236274557145487,"Rc_est":0.07373803845631988},"40":{"Xc_est":0.14185083424791603,"Zc_est":0.1516914738338454,"Rc_est":0.053746107366528906},"21":{"Xc_est":0.18523361160437585,"Zc_est":0.20061590594275117,"Rc_est":0.07704057923737345},"38":{"Xc_est":0.04559895053776962,"Zc_est":0.052983926269982565,"Rc_est":0.02698207095159652},"46":{"Xc_est":0.11822961649822661,"Zc_est":0.1368865449581554,"Rc_est":0.0689904629152708},"45":{"Xc_est":0.16791579175576704,"Zc_est":0.17766981701645415,"Rc_est":0.058059028218651595},"36":{"Xc_est":0.16755447762838072,"Zc_est":0.1812099937854497,"Rc_est":0.06901129526681254},"48":{"Xc_est":0.09975081238359901,"Zc_est":0.10803234836996523,"Rc_est":0.04148208918487061},"18":{"Xc_est":0.08382395901323529,"Zc_est":0.09103677193131904,"Rc_est":0.035513909092388676},"30":{"Xc_est":0.21921623536916804,"Zc_est":0.23383679028762572,"Rc_est":0.08138726339292021},"3":{"Xc_est":0.03483346197484874,"Zc_est":0.042546785420845286,"Rc_est":0.024430695374757956}}