{"32":{"Xc_est":0.20460976170138592,"Zc_est":0.22411170442407716,"Rc_est":0.09143796518059115},"29":{"Xc_est":0.10884632146156363,"Zc_est":0.15317539005397401,"Rc_est":0.10777373716482619},"1":{"Xc_est":0.14628934480858333,"Zc_est":0.19564229469792518,"Rc_est":0.1299051002468541},"54":{"Xc_est":0.10893346451927184,"Zc_est":0.11366062215301415,"Rc_est":0.03243820796589718},"2":{"Xc_est":0.17126521921892107,"Zc_est":0.21952696249285647,"Rc_est":0.137332850939733},"41":{"Xc_est":0.08715618960017096,"Zc_est":0.09196778233981648,"Rc_est":0.02935764981879356},"51":{"Xc_est":0.11041550431371147,"Zc_est":0.1427337475509023,"Rc_est":0.09045075509399285},"53":{"Xc_est":0.10823555343665311,"Zc_est":0.11360087614262095,"Rc_est":0.0344996236592881},"27":{"Xc_est":0.14894187343331805,"Zc_est":0.1606666687702382,"Rc_est":0.060250284579401715},"42":{"Xc_est":0.17906406563021124,"Zc_est":0.19475806025160114,"Rc_est":0.07659479377180739},"33":{"Xc_est":0.09371532426166404,"Zc_est":0.1292918158920888,"Rc_est":0.08907194651069969},"28":{"Xc_est":0.1256851577509817,"Zc_est":0.14349457324033424,"Rc_est":0.06923823849966498},"50":{"Xc_est":0.16944642805163818,"Zc_est":0.19344226850202434,"Rc_est":0.09331569677042705},"52":{"Xc_est":0.05096218033639183,"Zc_est":0.05519461826602867,"Rc_est":0.021196746469534032},"26":{"Xc_est":0.1688595277579126,"Zc_est":0.1797529626162487,"Rc_est":0.061624568596406776},"10":{"Xc_est":0.14862338868362782,"Zc_est":0.1571230306609317,"Rc_est":0.05097779026469633},"24":{"Xc_est":0.10330418996436266,"Zc_est":0.10815561430927774,"Rc_est":0.03202938092477151},"25":{"Xc_est":0.09442057359653086,"Zc_est":0.09782990853894977,"Rc_est":0.02560168522658956},"23":{"Xc_est":0.0853486031439155,"Zc_est":0.09214006031530975,"Rc_est":0.03471896680909923},"49":{"Xc_est":0.14660428308794088,"Zc_est":0.16285624721675954,"Rc_est":0.07091784992367708},"5":{"Xc_est":0.08832199118572544,"Zc_est":0.09850079691818571,"Rc_est":0.04360771567631469},"31":{"Xc_est":0.1341942492264586,"Zc_est":0.13970068972437158,"Rc_est":0.03883537284502691},"43":{"Xc_est":0.12947151810350865,"Zc_est":0.13513768891861658,"Rc_est":0.03872106618157123},"39":{"Xc_est":0.06680759939410223,"Zc_est":0.08608693263265192,"Rc_est":0.054292767780763425},"34":{"Xc_est":0.11820933084081996,"Zc_est":0.13568641900053605,"Rc_est":0.06661350015841083},"44":{"Xc_est":0.22156212739245448,"Zc_est":0.23655669473373178,"Rc_est":0.08288120129847136},"55":{"Xc_est":0.09319553878821048,"Zc_est":0.1123024069301538,"Rc_est":0.06266116941360901},"17":{"Xc_est":0.13206663625380904,"Zc_est":0.169674383707367,"Rc_est":0.10652605350372699},"37":{"Xc_est":0.17779078260149472,"Zc_est":0.20770600270042147,"Rc_est":0.10738817988836355},"47":{"Xc_est":0.2063087527306474,"Zc_est":0.2169888338611513,"Rc_est":0.06723728554267278},"9":{"Xc_est":0.02059786997956293,"Zc_est":0.035362968336415654,"Rc_est":0.02874486531308429},"12":{"Xc_est":0.1508230577125702,"Zc_est":0.1626251606808018,"Rc_est":0.060822266882181585},"20":{"Xc_est":0.15352155735355066,"Zc_est":0.17269475426899797,"Rc_est":0.07908608967302688},"6":{"Xc_est":0.10450730270501608,"Zc_est":0.10941309255784383,"Rc_est":0.03239519261238369},"14":{"Xc_est":0.11820933088154335,"Zc_est":0.1356864191231155,"Rc_est":0.06661350033582954},"7":{"Xc_est":0.1373179843143973,"Zc_est":0.15121094803006196,"Rc_est":0.06331288958799022},"8":{"Xc_est":0.10172030851431783,"Zc_est":0.11212640566275461,"Rc_est":0.04717318817507047},"19":{"Xc_est":0.08910353185175361,"Zc_est":0.10074535916031269,"Rc_est":0.04701263664041754},"4":{"Xc_est":0.18670725059740126,"Zc_est":0.19709765749417826,"Rc_est":0.0631497360568642},"22":{"Xc_est":0.07698807621783338,"Zc_est":0.1042344643702458,"Rc_est":0.07026848285560974},"11":{"Xc_est":0.033032627698862345,"Zc_est":0.03369268532536896,"Rc_est":0.006636456263902082},"35":{"Xc_est":0.14095963387010507,"Zc_est":0.1593149563072315,"Rc_est":0.07424039953004705},"13":{"Xc_est":0.16841527686838614,"Zc_est":0.18223803373308464,"Rc_est":0.06962036667704169},"15":{"Xc_est":0.018473942611100767,"Zc_est":0.01921983311650771,"Rc_est":0.0053023984599576916},"16":{"Xc_est":0.15458199937782396,"Zc_est":0.17579051370554982,"Rc_est":0.08370609402675253},"40":{"Xc_est":0.15121732462849075,"Zc_est":0.15848938573074392,"Rc_est":0.04745741376761041},"21":{"Xc_est":0.18939922219860014,"Zc_est":0.20833212445141347,"Rc_est":0.08677677517057503},"38":{"Xc_est":0.05300378739645806,"Zc_est":0.060949914514317007,"Rc_est":0.030091370871624053},"46":{"Xc_est":0.12473189428001503,"Zc_est":0.14840181031907151,"Rc_est":0.08040554617249256},"45":{"Xc_est":0.1806120230798962,"Zc_est":0.19058950326511764,"Rc_est":0.06085766898124944},"36":{"Xc_est":0.16988245186521378,"Zc_est":0.1947459963863987,"Rc_est":0.09521531209209229},"48":{"Xc_est":0.10686813019213452,"Zc_est":0.1128681506089296,"Rc_est":0.03631008360107424},"18":{"Xc_est":0.08949143989003197,"Zc_est":0.09645298600822748,"Rc_est":0.035978614430132276},"30":{"Xc_est":0.22332624348694488,"Zc_est":0.23839694860143432,"Rc_est":0.08341758850796833},"3":{"Xc_est":0.030452787593734973,"Zc_est":0.036746192645989155,"Rc_est":0.020564785477777507}}