linecode_id,linecode_name,A_p_est,dist_est,x_est,r_est,scenario_id
4,hydrogen,"[296.81374766924694, 144.9361493521262, 300.0000025425305, 135.14837907951525]","[567.4444884417801, 873.5608335301546, 871.6731304006217]",[0.7364330318700909 0.4651900867314893 0.4066335930655223 0.37690995126066806; 0.4651900867314893 0.7589523830133874 0.4380821726305632 0.3945982734355528; 0.4066335930655223 0.4380821726305632 0.7360975827149542 0.4382180950475463; 0.37690995126066806 0.3945982734355528 0.4382180950475463 0.7611489902669716],[0.13036621817802085 0.049348 0.049348 0.049348; 0.049348 0.21526465415699345 0.049348 0.049348; 0.049348 0.049348 0.1295057358769986 0.049348; 0.049348 0.049348 0.049348 0.22728073682368552],1
1,pluto,"[98.9833432878376, 260.5473196664883, 102.14327186528529, 300.0000027531622]","[379.9999978025279, 1200.000008799439, 757.1031364592834]",[0.7709326141678675 0.49038393932357854 0.4008477811704692 0.3762498487379515; 0.49038393932357854 0.740527175538709 0.41813307090494045 0.38739918585991334; 0.4008477811704692 0.41813307090494045 0.7699453705308544 0.44707206729191795; 0.3762498487379515 0.38739918585991334 0.44707206729191795 0.7360975826928968],[0.5204910000777803 0.049348 0.049348 0.049348; 0.049348 0.22833778724500337 0.049348 0.049348; 0.049348 0.049348 0.5059156080541751 0.049348; 0.049348 0.049348 0.049348 0.2047990296212624],1
10,tw2x16_lv_oh_2w_bundled,"[9.999999910950924, 9.999999908174635]",[99.99997943587756],[0.8429496002032628 0.5742647389060095; 0.5742647389060095 0.8429496002119848],[3.6724599117798604 0.049348; 0.049348 3.672459912785741],1
7,abc2x16_lv_oh_2w_bundled,"[254.06994739753085, 9.999999949591187]",[2.000000544069271],[0.7413180696164584 0.820064938369742; 0.820064938369742 0.8429496000818706],[0.2254009993747715 0.049348; 0.049348 4.5223256515803225],1
