linecode_id,linecode_name,A_p_est,dist_est,x_est,r_est,scenario_id
4,hydrogen,"[232.09153825384027, 145.47002224599018, 255.2604704441178, 300.0000025029477]","[380.0000010042067, 607.582161324796, 579.2912311427067]",[0.7441605188392896 0.4903839387941894 0.4303738219126594 0.40137196885458654; 0.4903839387941894 0.75883687465738 0.46089586610013084 0.4188241673594265; 0.4303738219126594 0.46089586610013084 0.7411712040894495 0.46389182592546535; 0.40137196885458654 0.4188241673594265 0.46389182592546535 0.7360975827190993],[0.1529593644979264 0.049348 0.049348 0.049348; 0.049348 0.21465574241746518 0.049348 0.049348; 0.049348 0.049348 0.14355499149015932 0.049348; 0.049348 0.049348 0.049348 0.12950573588757483],1
1,pluto,"[132.06771318024718, 269.09848532572306, 101.74838139562299, 300.0000027251304]","[380.00000139657493, 1199.9999978416197, 996.8834387039935]",[0.7618733964001776 0.4903839387293123 0.40084778146330496 0.3701131409450968; 0.4903839387293123 0.7395126606939368 0.4181330714786919 0.38013741871360185; 0.40084778146330496 0.4181330714786919 0.7700670615789521 0.42978482497916193; 0.3701131409450968 0.38013741871360185 0.42978482497916193 0.7360975826958324],[0.40246465653445773 0.049348 0.049348 0.049348; 0.049348 0.22265001341680596 0.049348 0.049348; 0.049348 0.049348 0.5076875693837226 0.049348; 0.049348 0.049348 0.049348 0.20479902963578764],1
10,tw2x16_lv_oh_2w_bundled,"[9.999999905767428, 9.999999903699107]",[32.307841741034935],[0.8429496002195473 0.6452561025029105; 0.6452561025029105 0.8429496002260451],[3.6724599136578995 0.049348; 0.049348 3.672459914407275],1
7,abc2x16_lv_oh_2w_bundled,"[12.32753275530003, 55.37167750535023]",[2.0000009011733377],[0.8363757986810453 0.8200649271509647; 0.8200649271509647 0.789181645795985],[3.6777931380666473 0.049348; 0.049348 0.8571576656183799],1
