{"32":{"Xc_est":0.20518653670168627,"Zc_est":0.22410978764828088,"Rc_est":0.09013147106380272},"29":{"Xc_est":0.10862067106905601,"Zc_est":0.1521043056085514,"Rc_est":0.10647661527850862},"1":{"Xc_est":0.14667259914674088,"Zc_est":0.1952685929848657,"Rc_est":0.12890683482976617},"54":{"Xc_est":0.11092743739729348,"Zc_est":0.17216544687282725,"Rc_est":0.13166641458393952},"2":{"Xc_est":0.1715966404645311,"Zc_est":0.21871859872407245,"Rc_est":0.13561865066836595},"41":{"Xc_est":0.08800212728586636,"Zc_est":0.09615472700051285,"Rc_est":0.03874734981524968},"51":{"Xc_est":0.11051669713464386,"Zc_est":0.1427594208876275,"Rc_est":0.09036764856197253},"53":{"Xc_est":0.10945080783289907,"Zc_est":0.13662059745329105,"Rc_est":0.08176618074252945},"27":{"Xc_est":0.1497714981863635,"Zc_est":0.1693108961112243,"Rc_est":0.0789599763994259},"42":{"Xc_est":0.17965780746404345,"Zc_est":0.19484794319356202,"Rc_est":0.07542408888395181},"33":{"Xc_est":0.09197387766753551,"Zc_est":0.12747643560018657,"Rc_est":0.08826691033521974},"28":{"Xc_est":0.12636917007865478,"Zc_est":0.14409425086704636,"Rc_est":0.06923861629587433},"50":{"Xc_est":0.1699540267517683,"Zc_est":0.19331487980964918,"Rc_est":0.09212096149453901},"52":{"Xc_est":0.051432864869829564,"Zc_est":0.05567111129415074,"Rc_est":0.021305704494514383},"26":{"Xc_est":0.16967511466106597,"Zc_est":0.18355904354843586,"Rc_est":0.07003054999905889},"10":{"Xc_est":0.1502224933866892,"Zc_est":0.1757687037140727,"Rc_est":0.09125699801117494},"24":{"Xc_est":0.10337966592712876,"Zc_est":0.11546400518952071,"Rc_est":0.051425491414287136},"25":{"Xc_est":0.09652899431216212,"Zc_est":0.14599556394250637,"Rc_est":0.10953016912236116},"23":{"Xc_est":0.08627809276657664,"Zc_est":0.09881113619856939,"Rc_est":0.04816358941580482},"49":{"Xc_est":0.14704579215649602,"Zc_est":0.16255241746356525,"Rc_est":0.06928797465879467},"5":{"Xc_est":0.0882391703744238,"Zc_est":0.0980464564363726,"Rc_est":0.04274291089014551},"31":{"Xc_est":0.13506196476612592,"Zc_est":0.1430483515303573,"Rc_est":0.04712851099988671},"43":{"Xc_est":0.13112288815538073,"Zc_est":0.15357919276785728,"Rc_est":0.0799584683008509},"39":{"Xc_est":0.06675220211276565,"Zc_est":0.08568848147525983,"Rc_est":0.05372764065760224},"34":{"Xc_est":0.11807103275031657,"Zc_est":0.13477099107070023,"Rc_est":0.06498039134579314},"44":{"Xc_est":0.22307074931752469,"Zc_est":0.2545341174210085,"Rc_est":0.12258490009054875},"55":{"Xc_est":0.09365148455233849,"Zc_est":0.11197469076228306,"Rc_est":0.06138184432266616},"17":{"Xc_est":0.13275704537618224,"Zc_est":0.17027081606898128,"Rc_est":0.10661949966016132},"37":{"Xc_est":0.17837453986688678,"Zc_est":0.2074895016594757,"Rc_est":0.10599253193585849},"47":{"Xc_est":0.20795460951152503,"Zc_est":0.2357863720028325,"Rc_est":0.1111309750032243},"9":{"Xc_est":0.020567680399904358,"Zc_est":0.03518086956616701,"Rc_est":0.028542321321137258},"12":{"Xc_est":0.1519105847667459,"Zc_est":0.17679220074376148,"Rc_est":0.09043592471826536},"20":{"Xc_est":0.15386582945353056,"Zc_est":0.1723080683703967,"Rc_est":0.07755886120949915},"6":{"Xc_est":0.105301345754858,"Zc_est":0.12206389014650414,"Rc_est":0.061735078034401786},"14":{"Xc_est":0.11807103282704576,"Zc_est":0.1347709912990982,"Rc_est":0.06498039168007752},"7":{"Xc_est":0.13798561838898793,"Zc_est":0.15173937242929833,"Rc_est":0.06312532188469142},"8":{"Xc_est":0.10180485371368894,"Zc_est":0.11205416682818446,"Rc_est":0.04681781780362035},"19":{"Xc_est":0.0890207110246773,"Zc_est":0.10027117915838701,"Rc_est":0.046147831785190566},"4":{"Xc_est":0.18769326938164133,"Zc_est":0.20359442212103332,"Rc_est":0.07887918196601765},"22":{"Xc_est":0.07691354218445416,"Zc_est":0.10361232827058771,"Rc_est":0.06942493498947061},"11":{"Xc_est":0.033871810959066474,"Zc_est":0.054426261480312876,"Rc_est":0.042601858657535754},"35":{"Xc_est":0.1416267297853115,"Zc_est":0.15981785896040354,"Rc_est":0.07405145139027187},"13":{"Xc_est":0.17061730672789935,"Zc_est":0.2252057643025827,"Rc_est":0.1469944588072229},"15":{"Xc_est":0.018940667478711003,"Zc_est":0.03173894526636958,"Rc_est":0.025467857430151106},"16":{"Xc_est":0.15487752175221134,"Zc_est":0.1752299927985096,"Rc_est":0.0819664787096471},"40":{"Xc_est":0.15292530565551127,"Zc_est":0.17844558110933942,"Rc_est":0.09196018871021464},"21":{"Xc_est":0.18997765649670012,"Zc_est":0.2083167257163515,"Rc_est":0.08546547984539388},"38":{"Xc_est":0.05347447192912813,"Zc_est":0.061413182732274196,"Rc_est":0.03020032889239104},"46":{"Xc_est":0.12542746745617625,"Zc_est":0.14907119114845807,"Rc_est":0.08056159406286578},"45":{"Xc_est":0.1818104552401893,"Zc_est":0.20331487932869297,"Rc_est":0.09100493679903371},"36":{"Xc_est":0.17036221589675457,"Zc_est":0.19452600095651074,"Rc_est":0.09389931012994718},"48":{"Xc_est":0.10807885589848844,"Zc_est":0.1366192399523306,"Rc_est":0.08356899923312625},"18":{"Xc_est":0.09098889467458043,"Zc_est":0.11692688653359931,"Rc_est":0.07343648848045034},"30":{"Xc_est":0.22507671816814953,"Zc_est":0.26161205650243463,"Rc_est":0.13334668742075464},"3":{"Xc_est":0.030440570292076294,"Zc_est":0.036718533383625,"Rc_est":0.020533445257373283}}