linecode_id,linecode_name,A_p_est,dist_est,x_est,r_est,scenario_id
4,hydrogen,"[141.3161128379377, 146.10380562370034, 139.43263612805347, 300.0000022106705]","[732.652159925639, 1033.5284911657852, 682.5328696748753]",[0.7597470186931563 0.4491347439375854 0.3938486394539854 0.37331869800723144; 0.4491347439375854 0.758700298819294 0.42751658379150004 0.39565742397258; 0.3938486394539854 0.42751658379150004 0.7601685499895701 0.453587042051012; 0.37331869800723144 0.39565742397258 0.453587042051012 0.7360975827497066],[0.21951487258077007 0.049348 0.049348 0.049348; 0.049348 0.2139386543244909 0.049348 0.049348; 0.049348 0.049348 0.2218135119108432 0.049348; 0.049348 0.049348 0.049348 0.1295057359656691],1
1,pluto,"[210.38969630971064, 212.282000557628, 179.4153261880434, 300.00000269934964]","[380.0000112957709, 797.594547020978, 1199.9999777337644]",[0.7472446384774587 0.4903839370925064 0.41931731060542576 0.3751705779417853; 0.4903839370925064 0.7469633372789823 0.4437984639162325 0.38611249166567957; 0.41931731060542576 0.4437984639162325 0.75224789193729 0.41813307253153914; 0.3751705779417853 0.38611249166567957 0.41813307253153914 0.7360975826985321],[0.2710095648596672 0.049348 0.049348 0.049348; 0.049348 0.26903365018163455 0.049348 0.049348; 0.049348 0.049348 0.309277351105059 0.049348; 0.049348 0.049348 0.049348 0.20479902964914645],1
10,tw2x16_lv_oh_2w_bundled,"[12.151319487623514, 9.999999906840594]",[6.191302199687266],[0.836828108420783 0.7490649050708786; 0.7490649050708786 0.8429496002161758],[3.0310092781901035 0.049348; 0.049348 3.672459913269079],1
7,abc2x16_lv_oh_2w_bundled,"[39.98619726835699, 9.999999972399388]",[4.326994920150925],[0.7994086188108113 0.771575860726459; 0.771575860726459 0.8429496000102163],[1.167978411142461 0.049348; 0.049348 4.522325641378265],1
