{"32":{"shunt_est":{"gs":11.537066673063388},"shunt_true":{"gs":5.768533333333333}},"29":{"shunt_est":{"gs":11.537065714312227},"shunt_true":{"gs":0.9614222222222222}},"1":{"shunt_est":{"gs":0.576853399346441},"shunt_true":{"gs":0.7210666666666666}},"54":{"shunt_est":{"gs":11.537066526838101},"shunt_true":{"gs":0.9614222222222222}},"24":{"shunt_est":{"gs":0.576854645441849},"shunt_true":{"gs":1.4421333333333333}},"2":{"shunt_est":{"gs":11.537066586976966},"shunt_true":{"gs":2.8842666666666665}},"25":{"shunt_est":{"gs":11.537066477162524},"shunt_true":{"gs":1.1537066666666667}},"23":{"shunt_est":{"gs":11.537065864062651},"shunt_true":{"gs":5.768533333333333}},"41":{"shunt_est":{"gs":0.5768622030960039},"shunt_true":{"gs":1.9228444444444444}},"51":{"shunt_est":{"gs":11.537066576630792},"shunt_true":{"gs":2.8842666666666665}},"53":{"shunt_est":{"gs":0.5768536836612996},"shunt_true":{"gs":0.9614222222222222}},"49":{"shunt_est":{"gs":1.2411251074064444},"shunt_true":{"gs":5.768533333333333}},"27":{"shunt_est":{"gs":0.5768535630850229},"shunt_true":{"gs":1.1537066666666667}},"5":{"shunt_est":{"gs":11.537064066320287},"shunt_true":{"gs":2.8842666666666665}},"31":{"shunt_est":{"gs":11.537066153671232},"shunt_true":{"gs":0.8240761904761905}},"42":{"shunt_est":{"gs":0.5768551394282033},"shunt_true":{"gs":0.8240761904761905}},"33":{"shunt_est":{"gs":0.576853418446228},"shunt_true":{"gs":0.8240761904761905}},"28":{"shunt_est":{"gs":0.5768534742691723},"shunt_true":{"gs":1.4421333333333333}},"43":{"shunt_est":{"gs":11.537065177250042},"shunt_true":{"gs":1.1537066666666667}},"50":{"shunt_est":{"gs":0.5768536266647777},"shunt_true":{"gs":1.9228444444444444}},"52":{"shunt_est":{"gs":11.537066221306032},"shunt_true":{"gs":0.7210666666666666}},"39":{"shunt_est":{"gs":11.537066595167596},"shunt_true":{"gs":1.4421333333333333}},"34":{"shunt_est":{"gs":11.537066552369241},"shunt_true":{"gs":2.8842666666666665}},"26":{"shunt_est":{"gs":0.5768536776463788},"shunt_true":{"gs":2.8842666666666665}},"10":{"shunt_est":{"gs":11.537066636291994},"shunt_true":{"gs":1.1537066666666667}}}