{"32":{"Xc_est":0.19927631782600289,"Zc_est":0.2134482185173906,"Rc_est":0.076479351082221},"29":{"Xc_est":0.11126191005402444,"Zc_est":0.14054629488724993,"Rc_est":0.08587227944839934},"1":{"Xc_est":0.14642107820396696,"Zc_est":0.1732674801086412,"Rc_est":0.09264171587781697},"54":{"Xc_est":0.10094131531439546,"Zc_est":0.13921176874753932,"Rc_est":0.09586849023750275},"2":{"Xc_est":0.17289413423606015,"Zc_est":0.20118358257993604,"Rc_est":0.1028710466869136},"41":{"Xc_est":0.08666481554626602,"Zc_est":0.09399361338855203,"Rc_est":0.03638693589969172},"51":{"Xc_est":0.11264465139953583,"Zc_est":0.1340125514616285,"Rc_est":0.07259852932623825},"53":{"Xc_est":0.112644173089127,"Zc_est":0.1387573341988264,"Rc_est":0.08102399683446625},"27":{"Xc_est":0.15236861145649386,"Zc_est":0.1693216097163985,"Rc_est":0.07384858671479357},"42":{"Xc_est":0.17821850976003234,"Zc_est":0.18958877408036853,"Rc_est":0.06466889543057219},"33":{"Xc_est":0.09611115985359173,"Zc_est":0.12007297984265293,"Rc_est":0.07197336618424538},"28":{"Xc_est":0.1305548822260343,"Zc_est":0.14403987382186156,"Rc_est":0.060851524036494894},"50":{"Xc_est":0.17047491605144285,"Zc_est":0.1839452183764338,"Rc_est":0.06909519781292639},"52":{"Xc_est":0.04911920453381497,"Zc_est":0.05301834505484926,"Rc_est":0.019956168427839795},"26":{"Xc_est":0.16799869269507897,"Zc_est":0.17928412144228753,"Rc_est":0.06260379744134792},"10":{"Xc_est":0.14969983879523785,"Zc_est":0.1726851221387892,"Rc_est":0.0860819938940098},"24":{"Xc_est":0.10512995899930169,"Zc_est":0.11553547581173088,"Rc_est":0.047918033054876075},"25":{"Xc_est":0.0969667744487686,"Zc_est":0.13989169846623273,"Rc_est":0.10083219700457297},"23":{"Xc_est":0.08435361326459051,"Zc_est":0.09419963440830455,"Rc_est":0.04192897627972969},"49":{"Xc_est":0.1455732728104988,"Zc_est":0.15568846498575092,"Rc_est":0.055202539550816686},"5":{"Xc_est":0.0845291178298971,"Zc_est":0.09192321480253124,"Rc_est":0.03612070955188546},"31":{"Xc_est":0.13950027388718603,"Zc_est":0.14778601220536358,"Rc_est":0.04878912777416665},"43":{"Xc_est":0.13530582748258693,"Zc_est":0.15756375681913484,"Rc_est":0.08073828405540884},"39":{"Xc_est":0.0668074533989753,"Zc_est":0.07977704077596806,"Rc_est":0.04360206881919956},"34":{"Xc_est":0.11357965954848773,"Zc_est":0.1241964423964172,"Rc_est":0.05024357909998247},"44":{"Xc_est":0.22128019581829186,"Zc_est":0.24739416051689797,"Rc_est":0.11062976812991651},"55":{"Xc_est":0.09033491942760408,"Zc_est":0.10029363410097607,"Rc_est":0.043570808727733605},"17":{"Xc_est":0.13688492720611387,"Zc_est":0.16253318141473017,"Rc_est":0.08763305178167938},"37":{"Xc_est":0.17634322947570785,"Zc_est":0.1953653009742966,"Rc_est":0.08408725374785017},"47":{"Xc_est":0.20212270525970638,"Zc_est":0.22782362922992408,"Rc_est":0.10511906608218978},"9":{"Xc_est":0.023203386885192016,"Zc_est":0.032747440913637064,"Rc_est":0.02310839075851561},"12":{"Xc_est":0.15362619371062985,"Zc_est":0.17348377632820525,"Rc_est":0.0805953674542078},"20":{"Xc_est":0.15543959615375913,"Zc_est":0.16727594001610993,"Rc_est":0.06180430450890518},"6":{"Xc_est":0.10765793118065227,"Zc_est":0.12397603879601968,"Rc_est":0.0614803061919353},"14":{"Xc_est":0.11404636855085475,"Zc_est":0.12522224423307493,"Rc_est":0.05171108460601536},"7":{"Xc_est":0.14232085979858888,"Zc_est":0.15348242374484838,"Rc_est":0.057459788241722654},"8":{"Xc_est":0.10029325336544824,"Zc_est":0.10759648222189884,"Rc_est":0.03896493700625473},"19":{"Xc_est":0.08530062237994351,"Zc_est":0.0936057526222731,"Rc_est":0.038546604851484215},"4":{"Xc_est":0.18637406322636266,"Zc_est":0.2001094493041929,"Rc_est":0.07285945551075107},"22":{"Xc_est":0.07266888578478571,"Zc_est":0.08974951976293394,"Rc_est":0.052670763583557795},"11":{"Xc_est":0.036220093072944534,"Zc_est":0.05485729173804875,"Rc_est":0.041199846050933575},"35":{"Xc_est":0.14595937854794605,"Zc_est":0.1599432137865262,"Rc_est":0.06540406294917628},"13":{"Xc_est":0.1721265964553598,"Zc_est":0.21869628122304324,"Rc_est":0.1349092221216998},"15":{"Xc_est":0.021431961022233947,"Zc_est":0.03405016392333894,"Rc_est":0.026459113929753912},"16":{"Xc_est":0.15846133846736365,"Zc_est":0.1737656751123363,"Rc_est":0.07130577857633719},"40":{"Xc_est":0.1528311707632544,"Zc_est":0.1771644326729945,"Rc_est":0.08960953881968692},"21":{"Xc_est":0.18810829817896962,"Zc_est":0.20102587569629699,"Rc_est":0.07089901872152317},"38":{"Xc_est":0.05111145927805027,"Zc_est":0.05744474461639049,"Rc_est":0.026220553283836975},"46":{"Xc_est":0.12796735707279142,"Zc_est":0.14300016549696246,"Rc_est":0.06382321565044614},"45":{"Xc_est":0.17879331694748637,"Zc_est":0.1944794056246004,"Rc_est":0.07651920691573799},"36":{"Xc_est":0.17042380902041787,"Zc_est":0.183837536304763,"Rc_est":0.06893449842841529},"48":{"Xc_est":0.10660663366008842,"Zc_est":0.13302034476332686,"Rc_est":0.0795577637985008},"18":{"Xc_est":0.0890644151665169,"Zc_est":0.11157312356756403,"Rc_est":0.06720187388510253},"30":{"Xc_est":0.2232861646529396,"Zc_est":0.2541507837763728,"Rc_est":0.12139155476689861},"3":{"Xc_est":0.03354501855797163,"Zc_est":0.03849829963129923,"Rc_est":0.018890495082094408}}