{"32":{"shunt_est":{"gs":11.537066693416113},"shunt_true":{"gs":1.1537066666666667}},"29":{"shunt_est":{"gs":11.537064741732987},"shunt_true":{"gs":5.768533333333333}},"1":{"shunt_est":{"gs":0.5768534514526165},"shunt_true":{"gs":0.7210666666666666}},"54":{"shunt_est":{"gs":11.537066425266147},"shunt_true":{"gs":1.9228444444444444}},"2":{"shunt_est":{"gs":11.537066703197246},"shunt_true":{"gs":0.7210666666666666}},"41":{"shunt_est":{"gs":0.5768536489130279},"shunt_true":{"gs":1.1537066666666667}},"51":{"shunt_est":{"gs":11.537066695554586},"shunt_true":{"gs":0.7210666666666666}},"53":{"shunt_est":{"gs":0.5768535828369422},"shunt_true":{"gs":0.8240761904761905}},"27":{"shunt_est":{"gs":0.5768534642311623},"shunt_true":{"gs":0.7210666666666666}},"42":{"shunt_est":{"gs":0.5768537257047793},"shunt_true":{"gs":2.8842666666666665}},"33":{"shunt_est":{"gs":0.5768533870740766},"shunt_true":{"gs":1.4421333333333333}},"28":{"shunt_est":{"gs":0.5768533874131736},"shunt_true":{"gs":0.9614222222222222}},"50":{"shunt_est":{"gs":0.5768539091708877},"shunt_true":{"gs":2.8842666666666665}},"52":{"shunt_est":{"gs":11.537065509830557},"shunt_true":{"gs":0.9614222222222222}},"26":{"shunt_est":{"gs":0.5768535082634374},"shunt_true":{"gs":1.9228444444444444}},"10":{"shunt_est":{"gs":11.537066701403424},"shunt_true":{"gs":2.8842666666666665}},"24":{"shunt_est":{"gs":0.5768536829783019},"shunt_true":{"gs":1.1537066666666667}},"25":{"shunt_est":{"gs":0.5768561634097347},"shunt_true":{"gs":1.4421333333333333}},"23":{"shunt_est":{"gs":0.5768618641363824},"shunt_true":{"gs":1.1537066666666667}},"49":{"shunt_est":{"gs":0.5768536606609093},"shunt_true":{"gs":1.1537066666666667}},"5":{"shunt_est":{"gs":0.5768560537150995},"shunt_true":{"gs":5.768533333333333}},"31":{"shunt_est":{"gs":3.6845006742444975},"shunt_true":{"gs":2.8842666666666665}},"43":{"shunt_est":{"gs":11.537057680992284},"shunt_true":{"gs":0.7210666666666666}},"39":{"shunt_est":{"gs":11.537066562157317},"shunt_true":{"gs":1.1537066666666667}},"34":{"shunt_est":{"gs":11.537066500288459},"shunt_true":{"gs":0.7210666666666666}},"44":{"shunt_est":{"gs":11.537066503386518},"shunt_true":{"gs":5.768533333333333}},"55":{"shunt_est":{"gs":11.204703793078433},"shunt_true":{"gs":0.9614222222222222}},"17":{"shunt_est":{"gs":0.5768534285253705},"shunt_true":{"gs":0.7210666666666666}},"37":{"shunt_est":{"gs":0.5768534484460593},"shunt_true":{"gs":0.7210666666666666}},"47":{"shunt_est":{"gs":0.5768534091278154},"shunt_true":{"gs":2.8842666666666665}},"9":{"shunt_est":{"gs":0.5768570226867613},"shunt_true":{"gs":5.768533333333333}},"12":{"shunt_est":{"gs":0.5768533789198556},"shunt_true":{"gs":1.4421333333333333}},"20":{"shunt_est":{"gs":11.537066311311914},"shunt_true":{"gs":5.768533333333333}},"6":{"shunt_est":{"gs":0.5768535950364029},"shunt_true":{"gs":1.1537066666666667}},"14":{"shunt_est":{"gs":11.537066410881312},"shunt_true":{"gs":0.9614222222222222}},"7":{"shunt_est":{"gs":0.5768596056844417},"shunt_true":{"gs":1.4421333333333333}},"8":{"shunt_est":{"gs":11.536997268893074},"shunt_true":{"gs":1.4421333333333333}},"19":{"shunt_est":{"gs":0.5768536068356719},"shunt_true":{"gs":0.9614222222222222}},"4":{"shunt_est":{"gs":0.5768535661139822},"shunt_true":{"gs":0.7210666666666666}},"22":{"shunt_est":{"gs":11.537065834683899},"shunt_true":{"gs":2.8842666666666665}},"11":{"shunt_est":{"gs":0.5768569263681218},"shunt_true":{"gs":1.1537066666666667}},"35":{"shunt_est":{"gs":0.5768533951236434},"shunt_true":{"gs":0.7210666666666666}},"13":{"shunt_est":{"gs":0.5768535143162197},"shunt_true":{"gs":5.768533333333333}},"15":{"shunt_est":{"gs":11.537064073524151},"shunt_true":{"gs":1.4421333333333333}},"16":{"shunt_est":{"gs":0.5768535661065731},"shunt_true":{"gs":1.1537066666666667}},"40":{"shunt_est":{"gs":0.576853678072305},"shunt_true":{"gs":1.1537066666666667}},"21":{"shunt_est":{"gs":6.328517351595284},"shunt_true":{"gs":2.8842666666666665}},"38":{"shunt_est":{"gs":6.252619220287276},"shunt_true":{"gs":1.9228444444444444}},"46":{"shunt_est":{"gs":0.5768542158001242},"shunt_true":{"gs":5.768533333333333}},"45":{"shunt_est":{"gs":0.5768535858438739},"shunt_true":{"gs":1.4421333333333333}},"36":{"shunt_est":{"gs":11.537042928831491},"shunt_true":{"gs":0.9614222222222222}},"48":{"shunt_est":{"gs":0.5768533819652222},"shunt_true":{"gs":0.8240761904761905}},"18":{"shunt_est":{"gs":0.5768534855493601},"shunt_true":{"gs":5.768533333333333}},"30":{"shunt_est":{"gs":11.537066577291517},"shunt_true":{"gs":1.9228444444444444}},"3":{"shunt_est":{"gs":0.5768825651091911},"shunt_true":{"gs":0.8240761904761905}}}