linecode_id,linecode_name,A_p_est,dist_est,x_est,r_est,scenario_id
4,hydrogen,"[171.3562833206006, 161.03120596960485, 300.00000235711656, 140.508192462171]","[646.012966841113, 933.1179746780616, 779.912994665737]",[0.7536917228875499 0.45704224350623696 0.4008823508667282 0.3756627317157802; 0.45704224350623696 0.7556441250302879 0.4339381591409933 0.3957684770383854; 0.4008823508667282 0.4339381591409933 0.7360975827343708 0.44520703255482896; 0.3756627317157802 0.3957684770383854 0.44520703255482896 0.7599271429448908],[0.1896832156157094 0.049348 0.049348 0.049348; 0.049348 0.19868129736996493 0.049348 0.049348; 0.049348 0.049348 0.12950573592653983 0.049348; 0.049348 0.049348 0.049348 0.22049333000185972],1
1,pluto,"[171.11913170877435, 207.48585294764536, 102.21826164132642, 300.000002749188]","[379.9999994097721, 1200.0000053383037, 1199.9998954747036]",[0.7537352317404549 0.4903839390578249 0.40084778124419307 0.36534606498785926; 0.4903839390578249 0.7476812690087457 0.4181330710861655 0.3745812503134521; 0.40084778124419307 0.4181330710861655 0.7699223145391578 0.41813307683862383; 0.36534606498785926 0.3745812503134521 0.41813307683862383 0.736097582693313],[0.321879240946972 0.049348 0.049348 0.049348; 0.049348 0.2741118026970834 0.049348 0.049348; 0.049348 0.049348 0.505580659072204 0.049348; 0.049348 0.049348 0.049348 0.20479902962332172],1
10,tw2x16_lv_oh_2w_bundled,"[13.946704146041998, 9.999999914629504]",[2.0000023595276892],[0.8324988122551039 0.8200648813353418; 0.8200648813353418 0.8429496001917063],[2.6471745843866805 0.049348; 0.049348 3.67245991044707],1
7,abc2x16_lv_oh_2w_bundled,"[53.78568653962415, 9.999999987634842]",[2.000008460080256],[0.790094621282011 0.8200646896809007; 0.8200646896809007 0.8429495999623526],[0.8809777358661233 0.049348; 0.049348 4.52232563456348],1
