{"32":{"shunt_est":{"gs":2.884266594447449},"shunt_true":{"gs":0.8240761904761905}},"29":{"shunt_est":{"gs":2.8842659743652623},"shunt_true":{"gs":2.8842666666666665}},"1":{"shunt_est":{"gs":0.19228471000545966},"shunt_true":{"gs":0.3845688888888889}},"54":{"shunt_est":{"gs":2.8842662899065132},"shunt_true":{"gs":1.1537066666666667}},"2":{"shunt_est":{"gs":2.884266574014417},"shunt_true":{"gs":0.23074133333333333}},"41":{"shunt_est":{"gs":2.8842618622018303},"shunt_true":{"gs":0.8240761904761905}},"51":{"shunt_est":{"gs":2.8842665445502655},"shunt_true":{"gs":0.3845688888888889}},"53":{"shunt_est":{"gs":0.19228491558036456},"shunt_true":{"gs":0.3845688888888889}},"27":{"shunt_est":{"gs":0.1922847723826967},"shunt_true":{"gs":0.23074133333333333}},"42":{"shunt_est":{"gs":0.19232218018178177},"shunt_true":{"gs":1.9228444444444444}},"33":{"shunt_est":{"gs":0.19228455810983897},"shunt_true":{"gs":0.9614222222222222}},"28":{"shunt_est":{"gs":0.1922845790839504},"shunt_true":{"gs":0.7210666666666666}},"50":{"shunt_est":{"gs":0.19229326172706038},"shunt_true":{"gs":1.4421333333333333}},"52":{"shunt_est":{"gs":2.884265304885982},"shunt_true":{"gs":0.5768533333333333}},"26":{"shunt_est":{"gs":0.1922853470354195},"shunt_true":{"gs":1.4421333333333333}},"10":{"shunt_est":{"gs":2.8842647999349293},"shunt_true":{"gs":1.9228444444444444}},"24":{"shunt_est":{"gs":0.19228753906474985},"shunt_true":{"gs":0.8240761904761905}},"25":{"shunt_est":{"gs":0.19228688711768133},"shunt_true":{"gs":1.1537066666666667}},"23":{"shunt_est":{"gs":2.88426475929178},"shunt_true":{"gs":0.8240761904761905}},"49":{"shunt_est":{"gs":0.19228640762571245},"shunt_true":{"gs":0.8240761904761905}},"5":{"shunt_est":{"gs":2.884265882203332},"shunt_true":{"gs":2.8842666666666665}},"31":{"shunt_est":{"gs":2.3389578811013787},"shunt_true":{"gs":1.9228444444444444}},"43":{"shunt_est":{"gs":0.19228532005396431},"shunt_true":{"gs":0.3845688888888889}},"39":{"shunt_est":{"gs":2.8842664154500275},"shunt_true":{"gs":0.7210666666666666}},"34":{"shunt_est":{"gs":2.8842664226048025},"shunt_true":{"gs":0.23074133333333333}},"44":{"shunt_est":{"gs":2.8842665843382935},"shunt_true":{"gs":2.8842666666666665}},"55":{"shunt_est":{"gs":2.884265389598173},"shunt_true":{"gs":0.5768533333333333}},"17":{"shunt_est":{"gs":0.1922857350702148},"shunt_true":{"gs":0.3845688888888889}},"37":{"shunt_est":{"gs":0.19228478814249078},"shunt_true":{"gs":0.23074133333333333}},"47":{"shunt_est":{"gs":2.8842662678609443},"shunt_true":{"gs":1.9228444444444444}},"9":{"shunt_est":{"gs":0.19229513531516204},"shunt_true":{"gs":2.8842666666666665}},"12":{"shunt_est":{"gs":0.19228467308276964},"shunt_true":{"gs":0.9614222222222222}},"20":{"shunt_est":{"gs":2.8842662393929013},"shunt_true":{"gs":1.9228444444444444}},"6":{"shunt_est":{"gs":0.19228666106988332},"shunt_true":{"gs":0.8240761904761905}},"14":{"shunt_est":{"gs":2.8842664181479507},"shunt_true":{"gs":0.7210666666666666}},"7":{"shunt_est":{"gs":2.8842654692846605},"shunt_true":{"gs":1.1537066666666667}},"8":{"shunt_est":{"gs":2.884265903830383},"shunt_true":{"gs":0.9614222222222222}},"19":{"shunt_est":{"gs":0.19228582960410565},"shunt_true":{"gs":0.5768533333333333}},"4":{"shunt_est":{"gs":2.884266093402851},"shunt_true":{"gs":0.23074133333333333}},"22":{"shunt_est":{"gs":2.8842640629862677},"shunt_true":{"gs":1.4421333333333333}},"11":{"shunt_est":{"gs":2.88425905869249},"shunt_true":{"gs":0.8240761904761905}},"35":{"shunt_est":{"gs":0.19228457189661688},"shunt_true":{"gs":0.23074133333333333}},"13":{"shunt_est":{"gs":0.19228489796943882},"shunt_true":{"gs":2.8842666666666665}},"15":{"shunt_est":{"gs":2.8842559984970655},"shunt_true":{"gs":1.1537066666666667}},"16":{"shunt_est":{"gs":0.1922850099760611},"shunt_true":{"gs":0.8240761904761905}},"40":{"shunt_est":{"gs":0.19228503162493502},"shunt_true":{"gs":0.8240761904761905}},"21":{"shunt_est":{"gs":2.884266300668885},"shunt_true":{"gs":1.4421333333333333}},"38":{"shunt_est":{"gs":2.88426325189494},"shunt_true":{"gs":1.1537066666666667}},"46":{"shunt_est":{"gs":2.8842633189800932},"shunt_true":{"gs":2.8842666666666665}},"45":{"shunt_est":{"gs":0.19228860544459406},"shunt_true":{"gs":0.9614222222222222}},"36":{"shunt_est":{"gs":2.8842659493377067},"shunt_true":{"gs":0.7210666666666666}},"48":{"shunt_est":{"gs":0.19228478785110997},"shunt_true":{"gs":0.3845688888888889}},"18":{"shunt_est":{"gs":2.884264951163812},"shunt_true":{"gs":2.8842666666666665}},"30":{"shunt_est":{"gs":2.8842665834330217},"shunt_true":{"gs":1.1537066666666667}},"3":{"shunt_est":{"gs":2.8842559793800113},"shunt_true":{"gs":0.3845688888888889}}}