{"32":{"Xc_est":0.20435174725743555,"Zc_est":0.22187604010782197,"Rc_est":0.08642534678415247},"29":{"Xc_est":0.11188793958281133,"Zc_est":0.15288814025390407,"Rc_est":0.10419151791873753},"1":{"Xc_est":0.15416950848842068,"Zc_est":0.19940582722845332,"Rc_est":0.12646915270176584},"54":{"Xc_est":0.10994023712480377,"Zc_est":0.15620372212175307,"Rc_est":0.11096281839261188},"2":{"Xc_est":0.17898817681944956,"Zc_est":0.221866081093348,"Rc_est":0.13110221393466062},"41":{"Xc_est":0.08851482148369898,"Zc_est":0.09548893785983471,"Rc_est":0.03582266923762491},"51":{"Xc_est":0.11426521670812073,"Zc_est":0.1451860136376912,"Rc_est":0.08956806800780101},"53":{"Xc_est":0.11308162414895215,"Zc_est":0.13294422732454522,"Rc_est":0.06990503457373778},"27":{"Xc_est":0.15721407984864533,"Zc_est":0.17251754740204234,"Rc_est":0.07103546479723838},"42":{"Xc_est":0.18343745056083832,"Zc_est":0.19721490522751522,"Rc_est":0.07241837181018232},"33":{"Xc_est":0.09766183376839627,"Zc_est":0.13283320929806114,"Rc_est":0.09003792377335593},"28":{"Xc_est":0.13015531635188946,"Zc_est":0.14736431571394418,"Rc_est":0.06910741762776694},"50":{"Xc_est":0.17711695110369738,"Zc_est":0.1968281531800647,"Rc_est":0.08585398951711845},"52":{"Xc_est":0.04922886076135828,"Zc_est":0.053693911713524466,"Rc_est":0.02143724383493734},"26":{"Xc_est":0.17321373606937973,"Zc_est":0.18451108097625735,"Rc_est":0.06357153954337},"10":{"Xc_est":0.15373940544537038,"Zc_est":0.17298202514001676,"Rc_est":0.07929045487853764},"24":{"Xc_est":0.10653434200615515,"Zc_est":0.11514715328027482,"Rc_est":0.04369554762062916},"25":{"Xc_est":0.1001705502683948,"Zc_est":0.13540517412326947,"Rc_est":0.09110665199797383},"23":{"Xc_est":0.08652617937584613,"Zc_est":0.09639237857662643,"Rc_est":0.04248188943866042},"49":{"Xc_est":0.1495594509110601,"Zc_est":0.16184094958380818,"Rc_est":0.061842247738669295},"5":{"Xc_est":0.08678253063899927,"Zc_est":0.09634055460568539,"Rc_est":0.04183652516189892},"31":{"Xc_est":0.13890226483061602,"Zc_est":0.1459650292373113,"Rc_est":0.044854772156087866},"43":{"Xc_est":0.13478992248435873,"Zc_est":0.1518694301295949,"Rc_est":0.06997142705811042},"39":{"Xc_est":0.06516649207942099,"Zc_est":0.08408797181674654,"Rc_est":0.05314240598916012},"34":{"Xc_est":0.11448184162237819,"Zc_est":0.12617617483267746,"Rc_est":0.053050306635825425},"44":{"Xc_est":0.22661438949605536,"Zc_est":0.25063435802602796,"Rc_est":0.10706773508601589},"55":{"Xc_est":0.09436960168624885,"Zc_est":0.1126489657757731,"Rc_est":0.061515589633279466},"17":{"Xc_est":0.13656721031156,"Zc_est":0.1733637024504685,"Rc_est":0.1067912468091497},"37":{"Xc_est":0.1819305305436084,"Zc_est":0.20844097192199182,"Rc_est":0.10172964578679003},"47":{"Xc_est":0.2070397220905969,"Zc_est":0.22876240244218973,"Rc_est":0.09729743186626652},"9":{"Xc_est":0.01972637888787688,"Zc_est":0.03141063143720161,"Rc_est":0.02444376696124481},"12":{"Xc_est":0.1593338437795387,"Zc_est":0.17832051725813244,"Rc_est":0.08006830272739313},"20":{"Xc_est":0.16130561882761013,"Zc_est":0.17732449793846422,"Rc_est":0.07365103464154561},"6":{"Xc_est":0.10900010916398516,"Zc_est":0.12173317677833961,"Rc_est":0.05420279080255741},"14":{"Xc_est":0.11649685081750477,"Zc_est":0.1318876340284287,"Rc_est":0.061829052711656375},"7":{"Xc_est":0.14182789997467687,"Zc_est":0.1550748398680972,"Rc_est":0.06271405543328416},"8":{"Xc_est":0.10542063366528605,"Zc_est":0.11459743804060749,"Rc_est":0.044933982719990766},"19":{"Xc_est":0.08756407053307462,"Zc_est":0.09856091817627109,"Rc_est":0.045241442764663686},"4":{"Xc_est":0.19147575340203563,"Zc_est":0.20452167920871814,"Rc_est":0.07187595651869022},"22":{"Xc_est":0.07525597888608643,"Zc_est":0.10138250085720282,"Rc_est":0.06793341682822707},"11":{"Xc_est":0.0366613679602566,"Zc_est":0.0513293565831519,"Rc_est":0.03592557510358089},"35":{"Xc_est":0.1454820607149454,"Zc_est":0.1630751505614226,"Rc_est":0.07367818361471452},"13":{"Xc_est":0.17786869294373042,"Zc_est":0.2172596699318038,"Rc_est":0.12475773422664135},"15":{"Xc_est":0.01900516685417169,"Zc_est":0.02826763886894675,"Rc_est":0.020925177181335478},"16":{"Xc_est":0.1619132364918573,"Zc_est":0.17898970896636074,"Rc_est":0.07629822910523164},"40":{"Xc_est":0.15662261296044994,"Zc_est":0.17605092715672263,"Rc_est":0.08039456487961585},"21":{"Xc_est":0.19380852613830887,"Zc_est":0.21058029936889908,"Rc_est":0.08235482789971454},"38":{"Xc_est":0.051270467819116095,"Zc_est":0.059570824241539734,"Rc_est":0.030331868231703092},"46":{"Xc_est":0.1292554013541332,"Zc_est":0.15250267383214755,"Rc_est":0.08093272976204577},"45":{"Xc_est":0.18568893858317212,"Zc_est":0.20283978671338906,"Rc_est":0.08163085912685289},"36":{"Xc_est":0.17741569316000277,"Zc_est":0.19766742657271896,"Rc_est":0.08715551243861161},"48":{"Xc_est":0.11161025991428303,"Zc_est":0.13228848369180948,"Rc_est":0.07101684870046213},"18":{"Xc_est":0.09119442807846237,"Zc_est":0.11048527421420413,"Rc_est":0.062374450744115045},"30":{"Xc_est":0.22860223820319753,"Zc_est":0.25614081412184114,"Rc_est":0.11553844964983784},"3":{"Xc_est":0.03329391610683451,"Zc_est":0.03986326873079792,"Rc_est":0.021922484899638474}}