{"32":{"Xc_est":0.20464816236761932,"Zc_est":0.22215959548101133,"Rc_est":0.08645238865319521},"29":{"Xc_est":0.111689133056137,"Zc_est":0.15218742011514186,"Rc_est":0.10337576310949878},"1":{"Xc_est":0.15412331673408686,"Zc_est":0.1993495833549299,"Rc_est":0.12643678113060486},"54":{"Xc_est":0.10994430515249841,"Zc_est":0.158205933554008,"Rc_est":0.11376012999390211},"2":{"Xc_est":0.17894236689363988,"Zc_est":0.22181566230876337,"Rc_est":0.13107943155193083},"41":{"Xc_est":0.08849789106544542,"Zc_est":0.09556512152484127,"Rc_est":0.03606682310692522},"51":{"Xc_est":0.11424379649296794,"Zc_est":0.14514444903010845,"Rc_est":0.08952801822405695},"53":{"Xc_est":0.11307189037517534,"Zc_est":0.13360732583609242,"Rc_est":0.07117348610301517},"27":{"Xc_est":0.15717263689642913,"Zc_est":0.172696382374352,"Rc_est":0.07155978407046548},"42":{"Xc_est":0.18373518780479964,"Zc_est":0.19750290862821118,"Rc_est":0.07244846222618212},"33":{"Xc_est":0.09764023521448661,"Zc_est":0.1327859998082512,"Rc_est":0.08999170079699914},"28":{"Xc_est":0.13045385053743774,"Zc_est":0.14763708932350714,"Rc_est":0.06912671714954412},"50":{"Xc_est":0.17711518867178538,"Zc_est":0.19690197240579388,"Rc_est":0.08602672072705012},"52":{"Xc_est":0.049297990303930915,"Zc_est":0.053759064037608384,"Rc_est":0.02144166780344319},"26":{"Xc_est":0.17351560019254877,"Zc_est":0.18490081310920203,"Rc_est":0.0638799434741737},"10":{"Xc_est":0.15404897836917292,"Zc_est":0.17379271051392048,"Rc_est":0.08045382831903936},"24":{"Xc_est":0.10651692780687518,"Zc_est":0.11529204353746796,"Rc_est":0.04411801665567423},"25":{"Xc_est":0.10016931861581856,"Zc_est":0.13693204462935907,"Rc_est":0.09336215750730813},"23":{"Xc_est":0.08651224244147529,"Zc_est":0.09654686099569391,"Rc_est":0.04285940125420844},"49":{"Xc_est":0.1498590697178666,"Zc_est":0.16213028639785723,"Rc_est":0.06187478477333721},"5":{"Xc_est":0.08676230569843515,"Zc_est":0.09630607470214546,"Rc_est":0.04179907097563901},"31":{"Xc_est":0.13920212161688297,"Zc_est":0.1463279964896597,"Rc_est":0.04510711578051048},"43":{"Xc_est":0.13509874950805523,"Zc_est":0.15268134942438835,"Rc_est":0.07113313112335153},"39":{"Xc_est":0.06514759149181884,"Zc_est":0.08405034807480502,"Rc_est":0.0531060480012491},"34":{"Xc_est":0.1145408001481822,"Zc_est":0.12636279845126847,"Rc_est":0.05336629960799309},"44":{"Xc_est":0.22692289120798373,"Zc_est":0.25142707653804036,"Rc_est":0.10826622863236335},"55":{"Xc_est":0.0943502492929289,"Zc_est":0.11261582939308276,"Rc_est":0.06148459553623242},"17":{"Xc_est":0.13686560640584608,"Zc_est":0.1736097798935004,"Rc_est":0.10680899521028031},"37":{"Xc_est":0.1822300208425892,"Zc_est":0.20872130232227365,"Rc_est":0.10176837203579242},"47":{"Xc_est":0.2073470840827401,"Zc_est":0.2295832789065603,"Rc_est":0.09856809157061205},"9":{"Xc_est":0.019671845665781125,"Zc_est":0.03119351159808292,"Rc_est":0.024208545059987024},"12":{"Xc_est":0.15929504159979554,"Zc_est":0.17865757098551835,"Rc_est":0.08089262878757825},"20":{"Xc_est":0.16125953148019515,"Zc_est":0.1772718171655017,"Rc_est":0.07362513611496421},"6":{"Xc_est":0.10898576647945911,"Zc_est":0.12206581733519206,"Rc_est":0.05497423457032652},"14":{"Xc_est":0.11647707383058653,"Zc_est":0.13185749298131308,"Rc_est":0.061802020413422795},"7":{"Xc_est":0.14212581619358478,"Zc_est":0.15535516415902292,"Rc_est":0.0627333994151785},"8":{"Xc_est":0.10540015518698924,"Zc_est":0.11456540057297464,"Rc_est":0.04490031508803389},"19":{"Xc_est":0.08754384551193942,"Zc_est":0.0985257602795697,"Rc_est":0.04520398822724517},"4":{"Xc_est":0.19177724013282266,"Zc_est":0.2049794189276792,"Rc_est":0.07237439015954947},"22":{"Xc_est":0.07523749142390534,"Zc_est":0.10134752517088327,"Rc_est":0.06790169911350222},"11":{"Xc_est":0.03666728275628379,"Zc_est":0.052024950060434824,"Rc_est":0.03690671760074948},"35":{"Xc_est":0.14577986325313844,"Zc_est":0.16334943883090647,"Rc_est":0.07369715487227652},"13":{"Xc_est":0.17784203714798028,"Zc_est":0.2184815322621223,"Rc_est":0.1269109520989469},"15":{"Xc_est":0.019009127005243553,"Zc_est":0.02868470699556365,"Rc_est":0.021481748204460884},"16":{"Xc_est":0.1619477984154067,"Zc_est":0.17915992803536115,"Rc_est":0.07662369347687811},"40":{"Xc_est":0.15693174037387778,"Zc_est":0.1769057467838789,"Rc_est":0.08165826417692026},"21":{"Xc_est":0.1939850540666168,"Zc_est":0.21054934414180604,"Rc_est":0.08185856776976021},"38":{"Xc_est":0.05133959736167427,"Zc_est":0.05963258238320613,"Rc_est":0.03033629219978992},"46":{"Xc_est":0.1295537125093434,"Zc_est":0.15276449153706,"Rc_est":0.08094952408521548},"45":{"Xc_est":0.18599446308087095,"Zc_est":0.2034888680359467,"Rc_est":0.08254561840467042},"36":{"Xc_est":0.1773605271818526,"Zc_est":0.19759149003953672,"Rc_est":0.08709558159757394},"48":{"Xc_est":0.111601312981458,"Zc_est":0.13297053296669126,"Rc_est":0.07229321944871855},"18":{"Xc_est":0.09118630683325255,"Zc_est":0.11106802894678186,"Rc_est":0.0634126525248321},"30":{"Xc_est":0.22891321637073148,"Zc_est":0.25708858115413613,"Rc_est":0.11701828032685116},"3":{"Xc_est":0.03329111297171698,"Zc_est":0.03985583779575734,"Rc_est":0.021913228961202784}}