linecode_id,linecode_name,A_p_est,dist_est,x_est,r_est,scenario_id
4,hydrogen,"[168.75044971372668, 162.22951549632003, 299.9999997007232, 134.43197406484776]","[704.9316403807929, 776.1742939200414, 566.638387274892]",[0.7541731392349033 0.4515581875022322 0.40490897710197477 0.38455456359663565; 0.4515581875022322 0.755411209231801 0.4455089571306472 0.4110679350971689; 0.40490897710197477 0.4455089571306472 0.7360975830125482 0.465279408170217; 0.38455456359663565 0.4110679350971689 0.465279408170217 0.7613159655873959],[0.1918502630025441 0.049348 0.049348 0.049348; 0.049348 0.19757824585466727 0.049348 0.049348; 0.049348 0.049348 0.12950573663630807 0.049348; 0.049348 0.049348 0.049348 0.22822896291216435],1
1,pluto,"[181.3812957365409, 200.76178203014922, 99.3913507661762, 300.00000258277123]","[380.000026729724, 1199.9999860186986, 930.482088955876]",[0.751905518938948 0.49038393454054297 0.40084778092604256 0.37175342634293324; 0.49038393454054297 0.748716241407683 0.41813307209774 0.38206582426853225; 0.40084778092604256 0.41813307209774 0.7708033841662945 0.4341158990814133; 0.37175342634293324 0.38206582426853225 0.4341158990814133 0.7360975827107402],[0.3064600088484709 0.049348 0.049348 0.049348; 0.049348 0.2816397680983585 0.049348 0.049348; 0.049348 0.049348 0.5185569296992536 0.049348; 0.049348 0.049348 0.049348 0.2047990297095539],1
10,tw2x16_lv_oh_2w_bundled,"[14.113291936507444, 9.999999995659879]",[2.0000302057533093],[0.8321257841550099 0.8200640065254399; 0.8200640065254399 0.8429495999371411],[2.616510853157121 0.049348; 0.049348 3.6724598810888582],1
7,abc2x16_lv_oh_2w_bundled,"[10.000000615968636, 53.480995270103875]",[33.70305675096573],[0.8429495979883792 0.6425996560902071; 0.6425996560902071 0.7902730962102212],[4.522325353511198 0.049348; 0.049348 0.8857156865851052],1
