{"32":{"Xc_est":0.20053473102497102,"Zc_est":0.20948740099871702,"Rc_est":0.060587068174155684},"29":{"Xc_est":0.10934406376390864,"Zc_est":0.11458077380943942,"Rc_est":0.034243677465543916},"1":{"Xc_est":0.14567317095386464,"Zc_est":0.1538115199771278,"Rc_est":0.04936912944260327},"54":{"Xc_est":0.10038903547764927,"Zc_est":0.10506285584784923,"Rc_est":0.030987823976091407},"2":{"Xc_est":0.17228154465178064,"Zc_est":0.18217595303902664,"Rc_est":0.05922117221124683},"41":{"Xc_est":0.09029094180107813,"Zc_est":0.0945178350466082,"Rc_est":0.027949364403724062},"51":{"Xc_est":0.11206089885847381,"Zc_est":0.11749338292674655,"Rc_est":0.03531359481279129},"53":{"Xc_est":0.11120060095073064,"Zc_est":0.11631016576619516,"Rc_est":0.03409517574021521},"27":{"Xc_est":0.15265389114036887,"Zc_est":0.1606308614377596,"Rc_est":0.04999063078158875},"42":{"Xc_est":0.17965535761503695,"Zc_est":0.1877173176142118,"Rc_est":0.054421905630803305},"33":{"Xc_est":0.09537599786129021,"Zc_est":0.09982829066108713,"Rc_est":0.02948061478798672},"28":{"Xc_est":0.13036414898213755,"Zc_est":0.135995975042612,"Rc_est":0.03873104553137947},"50":{"Xc_est":0.17055853262457324,"Zc_est":0.18002571338272527,"Rc_est":0.057611148468951226},"52":{"Xc_est":0.04970708702532236,"Zc_est":0.05154102205231729,"Rc_est":0.013626534910038072},"26":{"Xc_est":0.16934688819550053,"Zc_est":0.17725515490477903,"Rc_est":0.0523547648148461},"10":{"Xc_est":0.14935727768641374,"Zc_est":0.1562455950651057,"Rc_est":0.04588125520681064},"24":{"Xc_est":0.10673351041824174,"Zc_est":0.11140229105742301,"Rc_est":0.03191282197866358},"25":{"Xc_est":0.09447845201094782,"Zc_est":0.09858621673598894,"Rc_est":0.028161396199947505},"23":{"Xc_est":0.08379772162487965,"Zc_est":0.08822471965350248,"Rc_est":0.027596068713102693},"49":{"Xc_est":0.14597030073282038,"Zc_est":0.15264861314486974,"Rc_est":0.044657254718825694},"5":{"Xc_est":0.08853584594355834,"Zc_est":0.09248762643066905,"Rc_est":0.026746308639464523},"31":{"Xc_est":0.1397598737908719,"Zc_est":0.14545284036740166,"Rc_est":0.040295241020552194},"43":{"Xc_est":0.1349085334416305,"Zc_est":0.14075393304622433,"Rc_est":0.040141714868817686},"39":{"Xc_est":0.0663989186681509,"Zc_est":0.06963130121385232,"Rc_est":0.020969065511713035},"34":{"Xc_est":0.11374775476749716,"Zc_est":0.11951688548963656,"Rc_est":0.03668425006043094},"44":{"Xc_est":0.22217835901340027,"Zc_est":0.23299294220426942,"Rc_est":0.0701604440059685},"55":{"Xc_est":0.09515697362134733,"Zc_est":0.09991227229769073,"Rc_est":0.030456732045873},"17":{"Xc_est":0.1360064485897633,"Zc_est":0.14225923632540124,"Rc_est":0.041712543220072756},"37":{"Xc_est":0.1769218669064756,"Zc_est":0.1856321013919665,"Rc_est":0.05619546314004958},"47":{"Xc_est":0.2029281842135234,"Zc_est":0.21197805531561403,"Rc_est":0.06127681443410573},"9":{"Xc_est":0.022993895832243094,"Zc_est":0.024192005452106334,"Rc_est":0.007518901665183306},"12":{"Xc_est":0.15363886640014077,"Zc_est":0.1616991645397323,"Rc_est":0.050415459376337256},"20":{"Xc_est":0.15578537381293434,"Zc_est":0.16407416716935136,"Rc_est":0.05149028683432022},"6":{"Xc_est":0.10860794859304712,"Zc_est":0.11343001769366111,"Rc_est":0.03272128384391888},"14":{"Xc_est":0.11417050726676813,"Zc_est":0.11998322105961617,"Rc_est":0.03689266331250115},"7":{"Xc_est":0.14231294647223708,"Zc_est":0.14836437129118876,"Rc_est":0.0419405762361451},"8":{"Xc_est":0.10055456744641453,"Zc_est":0.1051342999574259,"Rc_est":0.030692018395707985},"19":{"Xc_est":0.08924751502340604,"Zc_est":0.09327043882540476,"Rc_est":0.027097155216562592},"4":{"Xc_est":0.18776585960922876,"Zc_est":0.19611025762351358,"Rc_est":0.05659695318979861},"22":{"Xc_est":0.07617379489228025,"Zc_est":0.08023081065797029,"Rc_est":0.025189997033423773},"11":{"Xc_est":0.03619684782048106,"Zc_est":0.03756270059172253,"Rc_est":0.010037165117916901},"35":{"Xc_est":0.14576159364223457,"Zc_est":0.15207011586908867,"Rc_est":0.04334602587682218},"13":{"Xc_est":0.17116729129942096,"Zc_est":0.1806674150611771,"Rc_est":0.05781412676938748},"15":{"Xc_est":0.021315337435980748,"Zc_est":0.02227602339271043,"Rc_est":0.00647129107542382},"16":{"Xc_est":0.1585727565552591,"Zc_est":0.16715253017036816,"Rc_est":0.052864441932383724},"40":{"Xc_est":0.15238949342670216,"Zc_est":0.15902370476776803,"Rc_est":0.045453063386523766},"21":{"Xc_est":0.18981853384243522,"Zc_est":0.19842167605523164,"Rc_est":0.05779347487801336},"38":{"Xc_est":0.05145608574329226,"Zc_est":0.053457023725031076,"Rc_est":0.014488775846064093},"46":{"Xc_est":0.12759440005393224,"Zc_est":0.13304416068938196,"Rc_est":0.037688430166553585},"45":{"Xc_est":0.1801026610232053,"Zc_est":0.18813628613081876,"Rc_est":0.05439019811930926},"36":{"Xc_est":0.17047981927757733,"Zc_est":0.17993872155565976,"Rc_est":0.05757234348339338},"48":{"Xc_est":0.106133720984127,"Zc_est":0.11112378299187463,"Rc_est":0.03292610539509226},"18":{"Xc_est":0.0880198180007915,"Zc_est":0.0928054627948412,"Rc_est":0.029417096452100673},"30":{"Xc_est":0.22397622569517497,"Zc_est":0.23494094733471865,"Rc_est":0.07093587990487664},"3":{"Xc_est":0.03390325601200244,"Zc_est":0.035142953061706034,"Rc_est":0.00925183126099335}}