linecode_id,linecode_name,A_p_est,dist_est,x_est,r_est,scenario_id
4,hydrogen,"[173.89299507830097, 173.89299507830097, 173.89299507830097, 125.36088805718977]","[838.22318298593, 1474.5783510400524, 645.3881169940344, 1869.2837430509578, 1046.6788488087616, 402.4124490720141]",[0.7532300577910186 0.4406767181195968 0.405186504563406 0.39028380677760405; 0.4406767181195968 0.7532300577910186 0.4571030465660252 0.42672216848245026; 0.405186504563406 0.4571030465660252 0.7532300577910186 0.486783269352489; 0.39028380677760405 0.42672216848245026 0.486783269352489 0.7635107382408414],[0.187636037169496 0.049348 0.049348 0.049348; 0.049348 0.187636037169496 0.049348 0.049348; 0.049348 0.049348 0.187636037169496 0.049348; 0.049348 0.049348 0.049348 0.24117274964546087],1
1,pluto,"[178.12979912695735, 178.12979912695735, 178.12979912695735, 320.0000028809238]","[316.6822479657714, 1817.3695515573413, 1844.5829171386881, 2489.359480960224, 2314.827540267562, 1492.41448438639]",[0.7524738007209262 0.5018364755006028 0.39205348124773554 0.3722843169243373; 0.5018364755006028 0.7524738007209262 0.39111960693998715 0.37685159088229503; 0.39205348124773554 0.39111960693998715 0.7524738007209262 0.40443106395891715; 0.3722843169243373 0.37685159088229503 0.40443106395891715 0.7340700405183154],[0.3111532091392217 0.049348 0.049348 0.049348; 0.049348 0.3111532091392217 0.049348 0.049348; 0.049348 0.049348 0.3111532091392217 0.049348; 0.049348 0.049348 0.049348 0.19508334029533816],1
10,tw2x16_lv_oh_2w_bundled,"[110.10286330264455, 6.05156691874108]",[2.0860594963775845],[0.7675879580013579 0.8174178623173639; 0.8174178623173639 0.8587288470023157],[0.3784140906390216 0.049348; 0.049348 6.036412058229248],1
7,abc2x16_lv_oh_2w_bundled,"[161.7677135721023, 8.737973913502499]",[20.15640939686603],[0.7555007654241026 0.674899464573603; 0.674899464573603 0.8471878303148268],[0.3258542032627975 0.049348; 0.049348 5.16835805119806],1
