linecode_id,linecode_name,A_p_est,dist_est,x_est,r_est,scenario_id
11,uglv_240al_xlpe/nyl/pvc_ug_4w_bundled,"[300.0000029444426, 300.0000029444426, 300.0000029444426, 270.554249187775]","[18.852094735913802, 16.218161640166517]",[0.736097582672866 0.6791028177884273 0.6791028177884273 0.6508653301488001; 0.6791028177884273 0.736097582672866 0.657326905963956 0.672342620768155; 0.6791028177884273 0.657326905963956 0.736097582672866 0.672342620768155; 0.6508653301488001 0.672342620768155 0.672342620768155 0.7393431650702031],[0.1929363757786212 0.049348 0.049348 0.049348; 0.049348 0.1929363757786212 0.049348 0.049348; 0.049348 0.049348 0.1929363757786212 0.049348; 0.049348 0.049348 0.049348 0.20856380712811995],1
9,uglv_185al_xlpe/nyl/pvc_ug_2w_bundled,"[26.780989540999354, 26.78096192635874]",[99.99996184288479],[0.812001472212089 0.5742647499600418; 0.5742647499600418 0.8120015046060375],[1.7544952653097472 0.049348; 0.049348 1.754497023537441],1
8,ugsc_16al_xlpe/pvc_ug_2w_bundled,"[129.4183167882151, 6.805458687069002]",[22.24519707956469],[0.7625100368009265 0.6687039905057015; 0.6687039905057015 0.8550403634033286],[0.3905145433948296 0.049348; 0.049348 6.537257459285607],1
