{"32":{"length_est":14.036154925150386,"length_true":20.051664},"29":{"length_est":3.6764600622503076,"length_true":5.2521},"1":{"length_est":0.14852199198792806,"length_true":0.11424},"54":{"length_est":8.421799634380054,"length_true":6.4783},"2":{"length_est":13.20240195855349,"length_true":13.996288},"41":{"length_est":6.3168399289585615,"length_true":4.8591},"53":{"length_est":20.625665713317257,"length_true":29.465251},"51":{"length_est":8.281326098033945,"length_true":11.830480000000001},"27":{"length_est":13.89329199049018,"length_true":10.68714},"42":{"length_est":2.948825006286274,"length_true":4.212621},"33":{"length_est":1.7639900083070883,"length_true":2.52},"28":{"length_est":8.604733117606196,"length_true":12.29249},"52":{"length_est":12.543319967211158,"length_true":9.6487},"50":{"length_est":5.301539989503845,"length_true":4.0781},"26":{"length_est":16.685365290636224,"length_true":15.0},"10":{"length_est":10.241279985396327,"length_true":7.8779},"24":{"length_est":13.54457994320506,"length_true":10.4189},"25":{"length_est":10.211590044899738,"length_true":14.588000000000001},"23":{"length_est":5.382138930365708,"length_true":4.1401},"49":{"length_est":15.881836990361824,"length_true":12.21679},"5":{"length_est":16.9380219925752,"length_true":13.029240000000001},"31":{"length_est":5.707009985547174,"length_true":4.39},"43":{"length_est":8.33932800553059,"length_true":11.91334},"39":{"length_est":35.127320043395045,"length_true":50.1819},"34":{"length_est":8.69283501754732,"length_true":12.41835},"44":{"length_est":8.966626016103955,"length_true":12.809479999999999},"55":{"length_est":10.861009105891654,"length_true":12.23632},"17":{"length_est":12.203860052103831,"length_true":17.4341},"37":{"length_est":17.462461579949377,"length_true":16.546871},"47":{"length_est":5.792000066956444,"length_true":8.2743},"9":{"length_est":19.76403976493451,"length_true":15.2031},"12":{"length_est":9.36907002672879,"length_true":13.3844},"20":{"length_est":17.693399989955104,"length_true":13.610299999999999},"6":{"length_est":8.727310022955608,"length_true":12.467600000000001},"14":{"length_est":10.525199969359994,"length_true":8.0963},"7":{"length_est":10.759480005669882,"length_true":15.370700000000001},"57":{"length_est":15.457919972709012,"length_true":11.8907},"8":{"length_est":10.368180048053187,"length_true":14.8117},"19":{"length_est":7.549239857831313,"length_true":5.8071},"4":{"length_est":8.287437048303444,"length_true":11.83921},"22":{"length_est":9.30867400560479,"length_true":13.298119999999997},"11":{"length_est":16.161361695477073,"length_true":12.431809},"35":{"length_est":12.17634383677192,"length_true":11.80815},"13":{"length_est":9.969993157148942,"length_true":12.8793},"15":{"length_est":7.20667652071284,"length_true":6.1064},"16":{"length_est":27.009846015930584,"length_true":27.150599999999997},"40":{"length_est":25.668639977397397,"length_true":19.7451},"46":{"length_est":9.477919981150386,"length_true":7.2907},"21":{"length_est":13.828811980019728,"length_true":10.637540000000001},"38":{"length_est":12.838328903725632,"length_true":9.87563},"45":{"length_est":6.361689438159582,"length_true":4.8936},"56":{"length_est":6.481549963799156,"length_true":4.9858},"36":{"length_est":63.19202624547283,"length_true":59.543393},"48":{"length_est":15.530199131967859,"length_true":11.9463},"18":{"length_est":14.781301513741079,"length_true":20.456400000000002},"30":{"length_est":15.38206039881913,"length_true":17.905369999999998},"3":{"length_est":10.328462002193412,"length_true":14.754960000000002}}