{"24":{"Xc_est":0.2006156921888109,"Zc_est":0.21549858941286898,"Rc_est":0.07869552774167385},"4":{"Xc_est":0.040794685346160875,"Zc_est":0.0428871427212988,"Rc_est":0.013232560534710579},"1":{"Xc_est":0.23303284727866772,"Zc_est":0.24523289031733578,"Rc_est":0.07638627221295434},"12":{"Xc_est":0.11336328423724575,"Zc_est":0.1179144114166616,"Rc_est":0.03244340004813254},"29":{"Xc_est":0.22650034059824692,"Zc_est":0.23791896956608305,"Rc_est":0.0728219183231594},"20":{"Xc_est":0.07021659035851681,"Zc_est":0.08020065627897982,"Rc_est":0.038752750947556085},"2":{"Xc_est":0.25233344009255476,"Zc_est":0.26789296184685146,"Rc_est":0.08996929486294583},"6":{"Xc_est":0.08891117288118054,"Zc_est":0.09655621538898462,"Rc_est":0.03765509350853902},"25":{"Xc_est":0.18553017299870916,"Zc_est":0.1954530024240538,"Rc_est":0.061485210121184714},"23":{"Xc_est":0.22586081655471174,"Zc_est":0.2340810297549242,"Rc_est":0.06148837318033843},"22":{"Xc_est":0.20304032017547138,"Zc_est":0.21349340642910547,"Rc_est":0.0659853239118009},"11":{"Xc_est":0.2435192480458235,"Zc_est":0.2558426062355229,"Rc_est":0.07844625546564679},"13":{"Xc_est":0.257501531819363,"Zc_est":0.2708810897429396,"Rc_est":0.08408047270920918},"5":{"Xc_est":0.09329311925435772,"Zc_est":0.09779995808468127,"Rc_est":0.029346647187670355},"15":{"Xc_est":0.1530220910997585,"Zc_est":0.1582493140081795,"Rc_est":0.04033714193539988},"27":{"Xc_est":0.11119162581233946,"Zc_est":0.11552152052002444,"Rc_est":0.03133119934613283},"28":{"Xc_est":0.1543338535079369,"Zc_est":0.16025827408567078,"Rc_est":0.04317147292262156},"16":{"Xc_est":0.24090191340221273,"Zc_est":0.2553121116940881,"Rc_est":0.08456088041669928},"14":{"Xc_est":0.07880624745226819,"Zc_est":0.08198968514163037,"Rc_est":0.022624849880508755},"21":{"Xc_est":0.06396418621822277,"Zc_est":0.07717768935513197,"Rc_est":0.04318539817620966},"7":{"Xc_est":0.026579881138906365,"Zc_est":0.039048461736164365,"Rc_est":0.028605808546557497},"8":{"Xc_est":0.20452912166875692,"Zc_est":0.21893075524258454,"Rc_est":0.07809298291456976},"26":{"Xc_est":0.11232825552445444,"Zc_est":0.1258360705961199,"Rc_est":0.0567193060069016},"17":{"Xc_est":0.18968895368230423,"Zc_est":0.19971869304542214,"Rc_est":0.062495257441538596},"10":{"Xc_est":0.20921785147192498,"Zc_est":0.2200651217262604,"Rc_est":0.06823890698029497},"19":{"Xc_est":0.0481611572893369,"Zc_est":0.055894002275110315,"Rc_est":0.02836621967907934},"9":{"Xc_est":0.10602091196495396,"Zc_est":0.11042370912968687,"Rc_est":0.030870078783138428},"18":{"Xc_est":0.09593688846052477,"Zc_est":0.10378453836299589,"Rc_est":0.03958969355442141},"30":{"Xc_est":0.26803829621258196,"Zc_est":0.2783533797050121,"Rc_est":0.07507380206609242},"3":{"Xc_est":0.030378555737996894,"Zc_est":0.03738294554238343,"Rc_est":0.021785958062436023}}