{"24":{"Xc_est":0.20536724559801342,"Zc_est":0.2386646396274645,"Rc_est":0.12159401565863648},"4":{"Xc_est":0.048997597815539605,"Zc_est":0.07065693482694707,"Rc_est":0.05090813144720669},"1":{"Xc_est":0.22732036729566185,"Zc_est":0.2499788573583839,"Rc_est":0.10399461398922846},"12":{"Xc_est":0.11126057381158692,"Zc_est":0.13447694020909626,"Rc_est":0.07553232528604736},"29":{"Xc_est":0.2206141916549703,"Zc_est":0.24110365461242939,"Rc_est":0.09726433420269573},"20":{"Xc_est":0.06686543421805813,"Zc_est":0.08689182972383602,"Rc_est":0.05549057379038943},"2":{"Xc_est":0.24718793134915695,"Zc_est":0.2789181321102999,"Rc_est":0.1292031385656834},"6":{"Xc_est":0.08475669646538314,"Zc_est":0.10402184066638358,"Rc_est":0.06030626617439851},"25":{"Xc_est":0.18975251732173212,"Zc_est":0.20849600445078317,"Rc_est":0.08639772012042182},"23":{"Xc_est":0.22097158174822068,"Zc_est":0.2432875978161279,"Rc_est":0.10178612533558504},"22":{"Xc_est":0.20541223387921348,"Zc_est":0.22463772317276648,"Rc_est":0.09092810811292493},"11":{"Xc_est":0.23733580487418945,"Zc_est":0.2583218816382579,"Rc_est":0.10198975565149082},"13":{"Xc_est":0.252583790593011,"Zc_est":0.2773135891991514,"Rc_est":0.1144738200820679},"5":{"Xc_est":0.09049529292806152,"Zc_est":0.13510586035512753,"Rc_est":0.10032046381553249},"15":{"Xc_est":0.15598378029215115,"Zc_est":0.16277375196553343,"Rc_est":0.04652262476158144},"27":{"Xc_est":0.10648613199259727,"Zc_est":0.12127289552568501,"Rc_est":0.05803291206237084},"28":{"Xc_est":0.15746063115714845,"Zc_est":0.16620013673089507,"Rc_est":0.053184914073077745},"16":{"Xc_est":0.23532528118734164,"Zc_est":0.2641018763775284,"Rc_est":0.11988249722219624},"14":{"Xc_est":0.0734656002952213,"Zc_est":0.08994549979967967,"Rc_est":0.05189410860085136},"21":{"Xc_est":0.07158368213104697,"Zc_est":0.12161431660157201,"Rc_est":0.09831489437022561},"7":{"Xc_est":0.02751909525683089,"Zc_est":0.06429611771487842,"Rc_est":0.05810929486279256},"8":{"Xc_est":0.20925403747707036,"Zc_est":0.2406910218690973,"Rc_est":0.11893240016049082},"26":{"Xc_est":0.10600388474406151,"Zc_est":0.14236891554827202,"Rc_est":0.09503727970411785},"17":{"Xc_est":0.19500526709625554,"Zc_est":0.2155421985152118,"Rc_est":0.09182257426956082},"10":{"Xc_est":0.20890318596523655,"Zc_est":0.22881478106452682,"Rc_est":0.09335771487767432},"19":{"Xc_est":0.06397048948690243,"Zc_est":0.1081258346065169,"Rc_est":0.0871720860376873},"9":{"Xc_est":0.10029341365718555,"Zc_est":0.1260624243946868,"Rc_est":0.07637385692273756},"18":{"Xc_est":0.09131716347810166,"Zc_est":0.11753637937041275,"Rc_est":0.07399983871481913},"30":{"Xc_est":0.26825275024868056,"Zc_est":0.31456124553373904,"Rc_est":0.16428401984294239},"3":{"Xc_est":0.038181964606337215,"Zc_est":0.05809201687012424,"Rc_est":0.043781502976019585}}