{"32":{"length_est":14.036154892707597,"length_true":20.051664},"29":{"length_est":3.676460074007941,"length_true":5.2521},"1":{"length_est":0.07995800712796985,"length_true":0.11424},"54":{"length_est":8.421799589727335,"length_true":6.4783},"2":{"length_est":9.797391605214926,"length_true":13.996288},"41":{"length_est":6.316839907172498,"length_true":4.8591},"53":{"length_est":20.62566572109368,"length_true":29.465251},"51":{"length_est":8.281326015195802,"length_true":11.830480000000001},"27":{"length_est":13.893291995641611,"length_true":10.68714},"42":{"length_est":5.4764172841617755,"length_true":4.212621},"33":{"length_est":1.7639900037981144,"length_true":2.52},"28":{"length_est":8.604733076222761,"length_true":12.29249},"52":{"length_est":12.543319987659954,"length_true":9.6487},"50":{"length_est":5.301539953515883,"length_true":4.0781},"26":{"length_est":13.621627558909541,"length_true":15.0},"10":{"length_est":10.241279983907125,"length_true":7.8779},"24":{"length_est":13.54457993697459,"length_true":10.4189},"25":{"length_est":18.964409990630287,"length_true":14.588000000000001},"23":{"length_est":5.382139684271937,"length_true":4.1401},"49":{"length_est":15.88183696928534,"length_true":12.21679},"5":{"length_est":16.938021996007127,"length_true":13.029240000000001},"31":{"length_est":5.707009939706922,"length_true":4.39},"43":{"length_est":8.339328004356489,"length_true":11.91334},"39":{"length_est":35.127320033218496,"length_true":50.1819},"34":{"length_est":8.692835028586108,"length_true":12.41835},"44":{"length_est":8.966626007367429,"length_true":12.809479999999999},"55":{"length_est":9.750994746252383,"length_true":12.23632},"17":{"length_est":12.20386016993419,"length_true":17.4341},"37":{"length_est":16.522954609954105,"length_true":16.546871},"47":{"length_est":5.792000022122362,"length_true":8.2743},"9":{"length_est":14.991124420980501,"length_true":15.2031},"12":{"length_est":10.808499869575654,"length_true":13.3844},"20":{"length_est":13.312492145571907,"length_true":13.610299999999999},"6":{"length_est":8.727310011891902,"length_true":12.467600000000001},"14":{"length_est":10.525199917428662,"length_true":8.0963},"7":{"length_est":10.759480004469628,"length_true":15.370700000000001},"57":{"length_est":12.944882440112208,"length_true":11.8907},"8":{"length_est":10.368180411663257,"length_true":14.8117},"19":{"length_est":5.5041798527446035,"length_true":5.8071},"4":{"length_est":9.371156082379867,"length_true":11.83921},"22":{"length_est":9.30867404741975,"length_true":13.298119999999997},"11":{"length_est":16.161361693035264,"length_true":12.431809},"35":{"length_est":13.906545015460729,"length_true":11.80815},"13":{"length_est":9.015500075023036,"length_true":12.8793},"15":{"length_est":7.9383298549570345,"length_true":6.1064},"16":{"length_est":31.533354937041533,"length_true":27.150599999999997},"40":{"length_est":25.668639954117914,"length_true":19.7451},"46":{"length_est":5.103480114120003,"length_true":7.2907},"21":{"length_est":7.446268144600682,"length_true":10.637540000000001},"38":{"length_est":8.30656469213427,"length_true":9.87563},"45":{"length_est":5.3898223872628925,"length_true":4.8936},"56":{"length_est":3.490050296575767,"length_true":4.9858},"36":{"length_est":49.4822208577698,"length_true":59.543393},"48":{"length_est":10.179038515715252,"length_true":11.9463},"18":{"length_est":15.382253791062793,"length_true":20.456400000000002},"30":{"length_est":15.117916054260261,"length_true":17.905369999999998},"3":{"length_est":10.328462003752774,"length_true":14.754960000000002}}