{"32":{"length_est":14.036154913665232,"length_true":20.051664},"29":{"length_est":3.676460113649234,"length_true":5.2521},"1":{"length_est":0.07995801846346638,"length_true":0.11424},"54":{"length_est":8.421799678982488,"length_true":6.4783},"2":{"length_est":9.797391697613396,"length_true":13.996288},"41":{"length_est":6.31683983652437,"length_true":4.8591},"53":{"length_est":20.62566593153493,"length_true":29.465251},"51":{"length_est":8.281326029699999,"length_true":11.830480000000001},"27":{"length_est":13.89329199129386,"length_true":10.68714},"42":{"length_est":5.476417280173382,"length_true":4.212621},"33":{"length_est":1.7639900075877932,"length_true":2.52},"28":{"length_est":8.604733060129462,"length_true":12.29249},"52":{"length_est":12.543319988052616,"length_true":9.6487},"50":{"length_est":5.301539946839999,"length_true":4.0781},"26":{"length_est":19.500009972320584,"length_true":15.0},"10":{"length_est":10.241279987330222,"length_true":7.8779},"24":{"length_est":8.331474729151184,"length_true":10.4189},"25":{"length_est":18.96440949939325,"length_true":14.588000000000001},"23":{"length_est":5.38213986450443,"length_true":4.1401},"49":{"length_est":15.881836991120467,"length_true":12.21679},"5":{"length_est":16.938021993127773,"length_true":13.029240000000001},"31":{"length_est":5.707008291702642,"length_true":4.39},"43":{"length_est":8.339328005621667,"length_true":11.91334},"39":{"length_est":35.12732001729228,"length_true":50.1819},"34":{"length_est":8.692835018516568,"length_true":12.41835},"44":{"length_est":8.966626014577319,"length_true":12.809479999999999},"55":{"length_est":10.099943606216343,"length_true":12.23632},"17":{"length_est":12.203860253630099,"length_true":17.4341},"37":{"length_est":21.51094228009205,"length_true":16.546871},"47":{"length_est":5.792000026887198,"length_true":8.2743},"9":{"length_est":11.60488425393574,"length_true":15.2031},"12":{"length_est":13.047395267541988,"length_true":13.3844},"20":{"length_est":17.693399994097923,"length_true":13.610299999999999},"6":{"length_est":8.727310019827218,"length_true":12.467600000000001},"14":{"length_est":10.525199837901852,"length_true":8.0963},"7":{"length_est":10.759480007511815,"length_true":15.370700000000001},"57":{"length_est":15.457919969200079,"length_true":11.8907},"8":{"length_est":10.368180048738434,"length_true":14.8117},"19":{"length_est":7.549239432866775,"length_true":5.8071},"4":{"length_est":9.402258107962723,"length_true":11.83921},"22":{"length_est":9.698452686275447,"length_true":13.298119999999997},"11":{"length_est":16.1613616901085,"length_true":12.431809},"35":{"length_est":12.511178010727361,"length_true":11.80815},"13":{"length_est":9.01550002939055,"length_true":12.8793},"15":{"length_est":4.274471033939296,"length_true":6.1064},"16":{"length_est":29.47490274932024,"length_true":27.150599999999997},"40":{"length_est":25.668639983534188,"length_true":19.7451},"46":{"length_est":5.103480042962092,"length_true":7.2907},"21":{"length_est":7.446268062478208,"length_true":10.637540000000001},"38":{"length_est":6.912931040813743,"length_true":9.87563},"45":{"length_est":3.425510183175887,"length_true":4.8936},"56":{"length_est":6.481549573296675,"length_true":4.9858},"36":{"length_est":77.40642012945716,"length_true":59.543393},"48":{"length_est":8.362400027238907,"length_true":11.9463},"18":{"length_est":14.718220500850297,"length_true":20.456400000000002},"30":{"length_est":12.533749018094255,"length_true":17.905369999999998},"3":{"length_est":10.328462006058436,"length_true":14.754960000000002}}