linecode_id,linecode_name,A_p_est,dist_est,x_est,r_est,scenario_id
4,hydrogen,"[125.43667052864629, 125.43667052864629, 125.43667052864629, 125.43667052864629]","[703.026436562724, 592.223455293601, 187.46973765009204, 1090.4782350498035, 605.2392510250223, 554.0204341637298]",[0.7634917525520717 0.45172823210984014 0.46250457824520813 0.424146421058977; 0.45172823210984014 0.7634917525520717 0.5347781285493012 0.4611386222414317; 0.46250457824520813 0.5347781285493012 0.7634917525520717 0.4666943700121981; 0.424146421058977 0.4611386222414317 0.4666943700121981 0.7634917525520717],[0.24105685886524966 0.049348 0.049348 0.049348; 0.049348 0.24105685886524966 0.049348 0.049348; 0.049348 0.049348 0.24105685886524966 0.049348; 0.049348 0.049348 0.049348 0.24105685886524966],1
1,pluto,"[256.9424928823974, 256.9424928823974, 256.9424928823974, 256.9424928823974]","[62.88184030370365, 1957.9184308670237, 1957.9281571225529, 2890.4782940924356, 2888.7664682835784, 934.0536399286292]",[0.7409648694502146 0.6034132932364441 0.3873730168975793 0.36289743306480565; 0.6034132932364441 0.7409648694502146 0.3873727047709044 0.3629346550364612; 0.3873730168975793 0.3873727047709044 0.7409648694502146 0.43387518718545937; 0.36289743306480565 0.3629346550364612 0.43387518718545937 0.7409648694502146],[0.23084896074496172 0.049348 0.049348 0.049348; 0.049348 0.23084896074496172 0.049348 0.049348; 0.049348 0.049348 0.23084896074496172 0.049348; 0.049348 0.049348 0.049348 0.23084896074496172],1
10,tw2x16_lv_oh_2w_bundled,"[14.525497538925137, 14.525497538925137]",[99.99995321914177],[0.8312213642538763 0.5742647553785144; 0.5742647553785144 0.8312213642538763],[2.5436597230974303 0.049348; 0.049348 2.5436597230974303],1
7,abc2x16_lv_oh_2w_bundled,"[12.148873056911292, 12.148873056911292]",[99.99999030201816],[0.8368344340552301 0.574264732078595; 0.574264732078595 0.8368344340552301],[3.7311525658053615 0.049348; 0.049348 3.7311525658053615],1
