{"24":{"Xc_est":0.18702852841169826,"Zc_est":0.220853859943542,"Rc_est":0.1174595973606084},"4":{"Xc_est":0.046532993577101944,"Zc_est":0.06770453707763224,"Rc_est":0.049179109890784604},"1":{"Xc_est":0.21180682448716823,"Zc_est":0.23435351290511247,"Rc_est":0.1002967502545752},"12":{"Xc_est":0.11375132283852399,"Zc_est":0.13400844023044262,"Rc_est":0.07084418540347545},"29":{"Xc_est":0.2068717659458193,"Zc_est":0.22772839684819934,"Rc_est":0.09520659213263086},"20":{"Xc_est":0.06341447051551394,"Zc_est":0.08325215012322093,"Rc_est":0.05394001695750872},"2":{"Xc_est":0.22984162864764146,"Zc_est":0.2579362853061105,"Rc_est":0.11706388434574905},"6":{"Xc_est":0.0824114616547047,"Zc_est":0.10087892662258044,"Rc_est":0.058179969271727056},"25":{"Xc_est":0.1714279081405476,"Zc_est":0.19034337708608223,"Rc_est":0.08272287175316431},"23":{"Xc_est":0.20832092278591038,"Zc_est":0.2298521877731654,"Rc_est":0.0971309495152665},"22":{"Xc_est":0.18636398083372285,"Zc_est":0.2057598764396188,"Rc_est":0.087210053321019},"11":{"Xc_est":0.22210042295097104,"Zc_est":0.24339951743035385,"Rc_est":0.09957272322442981},"13":{"Xc_est":0.23733035522627108,"Zc_est":0.26236708364068817,"Rc_est":0.11185163863927901},"5":{"Xc_est":0.0882755071524667,"Zc_est":0.12348407069687994,"Rc_est":0.08634668814058154},"15":{"Xc_est":0.13769676378864462,"Zc_est":0.14438586420214194,"Rc_est":0.0434382207685073},"27":{"Xc_est":0.10845914112880899,"Zc_est":0.1214493088023244,"Rc_est":0.05464933040910422},"28":{"Xc_est":0.1391729313651521,"Zc_est":0.1478888058034164,"Rc_est":0.050019936597233645},"16":{"Xc_est":0.22009609663286742,"Zc_est":0.24939069734677874,"Rc_est":0.11727501085093997},"14":{"Xc_est":0.07134322407867581,"Zc_est":0.08489076194026939,"Rc_est":0.04600636739473505},"21":{"Xc_est":0.06288778060360062,"Zc_est":0.09950797094097985,"Rc_est":0.07711655679258693},"7":{"Xc_est":0.027493463404901514,"Zc_est":0.0635933128346669,"Rc_est":0.05734299353269893},"8":{"Xc_est":0.18873068107498087,"Zc_est":0.22065665117093844,"Rc_est":0.11432448437210235},"26":{"Xc_est":0.10430681330476685,"Zc_est":0.1308216515087118,"Rc_est":0.07895817374832924},"17":{"Xc_est":0.1766486324269615,"Zc_est":0.1973313884534435,"Rc_est":0.08794849362352977},"10":{"Xc_est":0.19259036929068293,"Zc_est":0.21282722217328998,"Rc_est":0.0905780114292498},"19":{"Xc_est":0.05941345143170453,"Zc_est":0.1033024556868626,"Rc_est":0.08450703603788678},"9":{"Xc_est":0.10217798634127574,"Zc_est":0.12329373924352964,"Rc_est":0.06900003799921813},"18":{"Xc_est":0.08744806702427065,"Zc_est":0.10893213528075112,"Rc_est":0.06495418131685236},"30":{"Xc_est":0.25453765017627156,"Zc_est":0.2964254357641566,"Rc_est":0.1519165021013587},"3":{"Xc_est":0.03365110736677468,"Zc_est":0.05359325950663083,"Rc_est":0.04171139457672062}}