linecode_id,linecode_name,A_p_est,dist_est,x_est,r_est,scenario_id
4,hydrogen,"[121.58761757400434, 121.58761757400434, 121.58761757400434, 121.58761757400434]","[144.6524629613995, 114.44595184268984, 30.872227879368126, 410.8169714174692, 388.5492304308883, 394.5538066672818]",[0.7644708597980044 0.5510694215589494 0.565786647820376 0.4854845171515809; 0.5510694215589494 0.7644708597980044 0.6481120037331934 0.4889860131459512; 0.565786647820376 0.6481120037331934 0.7644708597980044 0.4880224440872371; 0.4854845171515809 0.4889860131459512 0.4880224440872371 0.7644708597980044],[0.24712571327961635 0.049348 0.049348 0.049348; 0.049348 0.24712571327961635 0.049348 0.049348; 0.049348 0.049348 0.24712571327961635 0.049348; 0.049348 0.049348 0.049348 0.24712571327961635],1
1,pluto,"[300.00000276687564, 300.00000276687564, 300.00000276687564, 300.00000276687564]","[1.4232172570094896, 2000.0002493581849, 2000.0000413511284, 216.83825186652288, 215.41503460951594, 2011.6128072884724]",[0.7360975826914609 0.841442110752219 0.3860368679393781 0.525633919967954; 0.841442110752219 0.7360975826914609 0.3860368744741273 0.5260476769601461; 0.3860368679393781 0.3860368744741273 0.7360975826914609 0.38567310290641604; 0.525633919967954 0.5260476769601461 0.38567310290641604 0.7360975826914609],[0.2047990296141565 0.049348 0.049348 0.049348; 0.049348 0.2047990296141565 0.049348 0.049348; 0.049348 0.049348 0.2047990296141565 0.049348; 0.049348 0.049348 0.049348 0.2047990296141565],1
10,tw2x16_lv_oh_2w_bundled,"[11.999999905381532, 11.999999905381532]",[99.99997758153216],[0.8372217861429785 0.5742647400711319; 0.5742647400711319 0.8372217861429785],[3.0686079234034658 0.049348; 0.049348 3.0686079234034658],1
7,abc2x16_lv_oh_2w_bundled,"[11.999999882369263, 11.999999882369263]",[99.99999634907323],[0.8372217862032246 0.5742647282791091; 0.5742647282791091 0.8372217862032246],[3.77682939406601 0.049348; 0.049348 3.77682939406601],1
