linecode_id,linecode_name,A_p_est,dist_est,x_est,r_est,scenario_id
4,hydrogen,"[279.27434356856725, 279.27434356856725, 279.27434356856725, 279.27434356856725]","[135.08495575639233, 18.61436044717131, 123.15991499203108, 322.77484586618937, 195.7207716989266, 305.49882636334917]",[0.7383432757380234 0.5553690263715633 0.679900198871444 0.5006391420149815; 0.5553690263715633 0.7383432757380234 0.5611759754930487 0.532071855279752; 0.679900198871444 0.5611759754930487 0.7383432757380234 0.5040954720030382; 0.5006391420149815 0.532071855279752 0.5040954720030382 0.7383432757380234],[0.13545444522381267 0.049348 0.049348 0.049348; 0.049348 0.13545444522381267 0.049348 0.049348; 0.049348 0.049348 0.13545444522381267 0.049348; 0.049348 0.049348 0.049348 0.13545444522381267],1
1,pluto,"[184.2492916799148, 184.2492916799148, 184.2492916799148, 184.2492916799148]","[408.4963429809903, 472.941234731529, 211.90593983892916, 1120.48053258485, 1186.8345462191776, 994.8817523348944]",[0.7512883270208578 0.4858404496459786 0.47663630436066506 0.42244107937038117; 0.4858404496459786 0.7512883270208578 0.5270796337891785 0.41882622387820473; 0.47663630436066506 0.5270796337891785 0.7512883270208578 0.42991111496640655; 0.42244107937038117 0.41882622387820473 0.42991111496640655 0.7512883270208578],[0.30245784313240853 0.049348 0.049348 0.049348; 0.049348 0.30245784313240853 0.049348 0.049348; 0.049348 0.049348 0.30245784313240853 0.049348; 0.049348 0.049348 0.049348 0.30245784313240853],1
10,tw2x16_lv_oh_2w_bundled,"[69.13457966167813, 69.13457966167813]",[3.9773283781438384],[0.7821207996855056 0.7768702707229974; 0.7768702707229974 0.7821207996855056],[0.5734145231851702 0.049348; 0.049348 0.5734145231851702],1
7,abc2x16_lv_oh_2w_bundled,"[109.50580686503092, 109.50580686503092]",[67.3971789436039],[0.7676495527087743 0.5990561612611246; 0.5990561612611246 0.7676495527087743],[0.4578174462409329 0.049348; 0.049348 0.4578174462409329],1
