{"32":{"length_est":14.036154896521397,"length_true":20.051664},"29":{"length_est":3.676460361109083,"length_true":5.2521},"1":{"length_est":0.14852085378911956,"length_true":0.11424},"54":{"length_est":8.42179978080621,"length_true":6.4783},"2":{"length_est":9.797391618340189,"length_true":13.996288},"41":{"length_est":6.31683991899909,"length_true":4.8591},"53":{"length_est":35.70659874433765,"length_true":29.465251},"51":{"length_est":8.281326024995334,"length_true":11.830480000000001},"27":{"length_est":13.893291992858497,"length_true":10.68714},"42":{"length_est":5.476417178201651,"length_true":4.212621},"33":{"length_est":1.7639900063363416,"length_true":2.52},"28":{"length_est":9.456039363493458,"length_true":12.29249},"52":{"length_est":12.543319952544772,"length_true":9.6487},"50":{"length_est":5.301539818712846,"length_true":4.0781},"26":{"length_est":19.500009926978894,"length_true":15.0},"10":{"length_est":10.241279964446647,"length_true":7.8779},"24":{"length_est":7.293220051315548,"length_true":10.4189},"25":{"length_est":18.964398715893697,"length_true":14.588000000000001},"23":{"length_est":5.382139363629394,"length_true":4.1401},"49":{"length_est":15.881836991949601,"length_true":12.21679},"5":{"length_est":16.938021994200177,"length_true":13.029240000000001},"31":{"length_est":3.072990391431778,"length_true":4.39},"43":{"length_est":8.339328004661546,"length_true":11.91334},"39":{"length_est":35.12732002200861,"length_true":50.1819},"34":{"length_est":8.692835010894951,"length_true":12.41835},"44":{"length_est":8.966626012073968,"length_true":12.809479999999999},"55":{"length_est":9.065953235593685,"length_true":12.23632},"17":{"length_est":12.203860161570791,"length_true":17.4341},"37":{"length_est":21.510942237733268,"length_true":16.546871},"47":{"length_est":5.792000017801645,"length_true":8.2743},"9":{"length_est":19.76403970400591,"length_true":15.2031},"12":{"length_est":13.023457999290759,"length_true":13.3844},"20":{"length_est":17.586369029365457,"length_true":13.610299999999999},"6":{"length_est":8.727310021359887,"length_true":12.467600000000001},"14":{"length_est":9.308138412307244,"length_true":8.0963},"7":{"length_est":10.759480006748104,"length_true":15.370700000000001},"57":{"length_est":15.457919987675066,"length_true":11.8907},"8":{"length_est":10.368180030756616,"length_true":14.8117},"19":{"length_est":7.549239929513187,"length_true":5.8071},"4":{"length_est":11.303188339019101,"length_true":11.83921},"22":{"length_est":9.30867400537494,"length_true":13.298119999999997},"11":{"length_est":16.16136169021709,"length_true":12.431809},"35":{"length_est":11.584387908589896,"length_true":11.80815},"13":{"length_est":9.01550019209733,"length_true":12.8793},"15":{"length_est":7.938329819159054,"length_true":6.1064},"16":{"length_est":28.79480448116175,"length_true":27.150599999999997},"40":{"length_est":25.66863998154633,"length_true":19.7451},"46":{"length_est":8.995299416399407,"length_true":7.2907},"21":{"length_est":11.922072727469212,"length_true":10.637540000000001},"38":{"length_est":6.912931076018258,"length_true":9.87563},"45":{"length_est":4.979159724042371,"length_true":4.8936},"56":{"length_est":6.4815491659101605,"length_true":4.9858},"36":{"length_est":76.71541907412927,"length_true":59.543393},"48":{"length_est":8.362400204747834,"length_true":11.9463},"18":{"length_est":14.319470014440473,"length_true":20.456400000000002},"30":{"length_est":12.695717230387897,"length_true":17.905369999999998},"3":{"length_est":10.32846200517821,"length_true":14.754960000000002}}