{"24":{"shunt_est":{"gs":11.120579323494836},"shunt_true":{"gs":0.028277124183006534}},"4":{"shunt_est":{"gs":0.7760554219723829},"shunt_true":{"gs":0.16966274509803922}},"1":{"shunt_est":{"gs":0.6058048770286942},"shunt_true":{"gs":0.22621699346405227}},"12":{"shunt_est":{"gs":10.70714352994785},"shunt_true":{"gs":0.16966274509803922}},"29":{"shunt_est":{"gs":0.5973759678520393},"shunt_true":{"gs":0.05655424836601307}},"20":{"shunt_est":{"gs":0.7185785370792752},"shunt_true":{"gs":0.08483137254901961}},"2":{"shunt_est":{"gs":0.5958525008571789},"shunt_true":{"gs":0.05655424836601307}},"6":{"shunt_est":{"gs":9.337468538559198},"shunt_true":{"gs":0.16966274509803922}},"25":{"shunt_est":{"gs":0.6210477027033117},"shunt_true":{"gs":0.14138562091503268}},"23":{"shunt_est":{"gs":0.592581365745771},"shunt_true":{"gs":0.19793986928104573}},"22":{"shunt_est":{"gs":0.5920834617676919},"shunt_true":{"gs":0.19793986928104573}},"11":{"shunt_est":{"gs":0.5966483988034198},"shunt_true":{"gs":0.11310849673202614}},"13":{"shunt_est":{"gs":0.5956403079964827},"shunt_true":{"gs":0.08483137254901961}},"5":{"shunt_est":{"gs":0.6904692886375335},"shunt_true":{"gs":0.22621699346405227}},"15":{"shunt_est":{"gs":0.6633075220299774},"shunt_true":{"gs":0.05655424836601307}},"27":{"shunt_est":{"gs":0.8235851184315952},"shunt_true":{"gs":0.14138562091503268}},"28":{"shunt_est":{"gs":0.7452073833699261},"shunt_true":{"gs":0.11310849673202614}},"16":{"shunt_est":{"gs":0.5950598902159936},"shunt_true":{"gs":0.14138562091503268}},"14":{"shunt_est":{"gs":0.6893617084639856},"shunt_true":{"gs":0.028277124183006534}},"21":{"shunt_est":{"gs":9.751521720017372},"shunt_true":{"gs":0.028277124183006534}},"7":{"shunt_est":{"gs":8.503048279473145},"shunt_true":{"gs":0.05655424836601307}},"8":{"shunt_est":{"gs":0.6347335123693211},"shunt_true":{"gs":0.19793986928104573}},"26":{"shunt_est":{"gs":0.6837470850053977},"shunt_true":{"gs":0.14138562091503268}},"17":{"shunt_est":{"gs":0.6146559427015507},"shunt_true":{"gs":0.11310849673202614}},"10":{"shunt_est":{"gs":0.6004063079818495},"shunt_true":{"gs":0.05655424836601307}}}