linecode_id,linecode_name,A_p_est,dist_est,x_est,r_est,scenario_id
12,tw2x16_lv_oh_2w_bundled,"[77.08994063424424, 6.000000679030877]",[13.931183517647927],[0.7787859477080319 0.6981091389125992; 0.6981091389125992 0.8589976941643332],[0.519333039514605 0.049348; 0.049348 6.087867115803818],1
2,pluto,"[221.8057573181265, 221.8057573181265, 221.8057573181265, 264.4679812588842]","[472.2002524373472, 765.4454123272283, 602.4397015314008, 2999.999942707747, 2527.7996902703994, 2598.5967019944883]",[0.7455846005730448 0.4767348238091895 0.44638352816696897 0.3605606933004912; 0.4767348238091895 0.7455846005730448 0.46142992749021833 0.37132149218172394; 0.44638352816696897 0.46142992749021833 0.7455846005730448 0.3695859257787275; 0.3605606933004912 0.37132149218172394 0.3695859257787275 0.7400579557119117],[0.2596009252542061 0.049348 0.049348 0.049348; 0.049348 0.2596009252542061 0.049348 0.049348; 0.049348 0.049348 0.2596009252542061 0.049348; 0.049348 0.049348 0.049348 0.22568431524078497],1
6,hydrogen,"[247.7498592787739, 247.7498592787739, 247.7498592787739, 128.42474937937334]","[2000.0002558072024, 1158.2443616459311, 841.7560758587092, 186.30235689731114, 2008.565900604151, 1172.9731263229958]",[0.742109438887634 0.3860368677367758 0.4203583407550931 0.5351706089245214; 0.3860368677367758 0.742109438887634 0.44041245408057705 0.3857683440841625; 0.4203583407550931 0.44041245408057705 0.742109438887634 0.41956437789140794; 0.5351706089245214 0.3857683440841625 0.41956437789140794 0.7627521535944887],[0.146410904644658 0.049348 0.049348 0.049348; 0.049348 0.146410904644658 0.049348 0.049348; 0.049348 0.049348 0.146410904644658 0.049348; 0.049348 0.049348 0.049348 0.23659633868171348],1
9,abc2x16_lv_oh_2w_bundled,"[177.67460249558133, 6.000000024198372]",[35.245350617420634],[0.7525541845785108 0.6397882328994591; 0.6397882328994591 0.8589976975930359],[0.30109909814267427 0.049348; 0.049348 7.504310684987962],1
