{"24":{"shunt_est":{"gs":1.7335428053549757},"shunt_true":{"gs":0.1733542899408284}},"4":{"shunt_est":{"gs":6.865943953421112e-7},"shunt_true":{"gs":1.0401257396449703}},"1":{"shunt_est":{"gs":1.7335292494200818},"shunt_true":{"gs":1.3868343195266273}},"12":{"shunt_est":{"gs":1.733542731232716},"shunt_true":{"gs":1.0401257396449703}},"29":{"shunt_est":{"gs":1.7335427728764798},"shunt_true":{"gs":0.3467085798816568}},"20":{"shunt_est":{"gs":1.7335420665201111},"shunt_true":{"gs":0.5200628698224852}},"2":{"shunt_est":{"gs":2.449186622437903e-6},"shunt_true":{"gs":0.3467085798816568}},"6":{"shunt_est":{"gs":1.7335426415396826},"shunt_true":{"gs":1.0401257396449703}},"25":{"shunt_est":{"gs":1.7335427803050534},"shunt_true":{"gs":0.866771449704142}},"23":{"shunt_est":{"gs":2.1570456270253177e-6},"shunt_true":{"gs":1.2134800295857988}},"22":{"shunt_est":{"gs":1.0018075675975764e-7},"shunt_true":{"gs":1.2134800295857988}},"11":{"shunt_est":{"gs":1.7015068640548985},"shunt_true":{"gs":0.6934171597633136}},"13":{"shunt_est":{"gs":1.7335427719190633},"shunt_true":{"gs":0.5200628698224852}},"5":{"shunt_est":{"gs":1.733541962229154},"shunt_true":{"gs":1.3868343195266273}},"15":{"shunt_est":{"gs":1.733542349853017},"shunt_true":{"gs":0.3467085798816568}},"27":{"shunt_est":{"gs":1.73354234771317},"shunt_true":{"gs":0.866771449704142}},"28":{"shunt_est":{"gs":1.7335425901227275},"shunt_true":{"gs":0.6934171597633136}},"16":{"shunt_est":{"gs":5.755775033886013e-8},"shunt_true":{"gs":0.866771449704142}},"14":{"shunt_est":{"gs":6.615664949786234e-7},"shunt_true":{"gs":0.1733542899408284}},"21":{"shunt_est":{"gs":1.733542133845284},"shunt_true":{"gs":0.1733542899408284}},"7":{"shunt_est":{"gs":1.7335411932596798},"shunt_true":{"gs":0.3467085798816568}},"8":{"shunt_est":{"gs":1.8879486411531416e-6},"shunt_true":{"gs":1.2134800295857988}},"26":{"shunt_est":{"gs":1.7335424828020642},"shunt_true":{"gs":0.866771449704142}},"17":{"shunt_est":{"gs":1.733542506908953},"shunt_true":{"gs":0.6934171597633136}},"10":{"shunt_est":{"gs":1.7335424847244933},"shunt_true":{"gs":0.3467085798816568}}}