{"24":{"shunt_est":{"gs":1.733542607906677},"shunt_true":{"gs":0.1733542899408284}},"4":{"shunt_est":{"gs":7.240096304304818e-6},"shunt_true":{"gs":1.0401257396449703}},"1":{"shunt_est":{"gs":1.7335426154678784},"shunt_true":{"gs":1.3868343195266273}},"12":{"shunt_est":{"gs":1.7335424040383278},"shunt_true":{"gs":1.0401257396449703}},"29":{"shunt_est":{"gs":1.7335426980243591},"shunt_true":{"gs":0.3467085798816568}},"20":{"shunt_est":{"gs":7.451986222754499e-6},"shunt_true":{"gs":0.5200628698224852}},"2":{"shunt_est":{"gs":1.7335423607549938},"shunt_true":{"gs":0.3467085798816568}},"6":{"shunt_est":{"gs":1.7335422713488935},"shunt_true":{"gs":1.0401257396449703}},"25":{"shunt_est":{"gs":1.7335427213081027},"shunt_true":{"gs":0.866771449704142}},"23":{"shunt_est":{"gs":1.7335426015039817},"shunt_true":{"gs":1.2134800295857988}},"22":{"shunt_est":{"gs":1.7335424721990422},"shunt_true":{"gs":1.2134800295857988}},"11":{"shunt_est":{"gs":1.733542677046169},"shunt_true":{"gs":0.6934171597633136}},"13":{"shunt_est":{"gs":1.7335427412909123},"shunt_true":{"gs":0.5200628698224852}},"5":{"shunt_est":{"gs":5.354660012963836e-7},"shunt_true":{"gs":1.3868343195266273}},"15":{"shunt_est":{"gs":1.733542538143947},"shunt_true":{"gs":0.3467085798816568}},"27":{"shunt_est":{"gs":1.733541741703729},"shunt_true":{"gs":0.866771449704142}},"28":{"shunt_est":{"gs":1.7335425710008323},"shunt_true":{"gs":0.6934171597633136}},"16":{"shunt_est":{"gs":1.733542637605776},"shunt_true":{"gs":0.866771449704142}},"14":{"shunt_est":{"gs":3.530496035933471e-6},"shunt_true":{"gs":0.1733542899408284}},"21":{"shunt_est":{"gs":2.5550610007197064e-6},"shunt_true":{"gs":0.1733542899408284}},"7":{"shunt_est":{"gs":1.733535119272507},"shunt_true":{"gs":0.3467085798816568}},"8":{"shunt_est":{"gs":1.7335426758375678},"shunt_true":{"gs":1.2134800295857988}},"26":{"shunt_est":{"gs":4.479942592930039e-7},"shunt_true":{"gs":0.866771449704142}},"17":{"shunt_est":{"gs":1.7335426779524377},"shunt_true":{"gs":0.6934171597633136}},"10":{"shunt_est":{"gs":1.733542676345667},"shunt_true":{"gs":0.3467085798816568}}}