{"24":{"Xc_est":0.19719850760001012,"Zc_est":0.20460197927813148,"Rc_est":0.054540980233744346},"4":{"Xc_est":0.05123594458447454,"Zc_est":0.05382720729021459,"Rc_est":0.016499885672342868},"1":{"Xc_est":0.22589210314053293,"Zc_est":0.23415172049243008,"Rc_est":0.06164240381678773},"12":{"Xc_est":0.11822094156962434,"Zc_est":0.12332165372634596,"Rc_est":0.0351004166954218},"29":{"Xc_est":0.219409570547236,"Zc_est":0.2272925608991747,"Rc_est":0.05934095206838624},"20":{"Xc_est":0.07075792205487054,"Zc_est":0.07300121890658148,"Rc_est":0.017958129867096276},"2":{"Xc_est":0.24176602430133998,"Zc_est":0.2504864280740714,"Rc_est":0.06551824282465778},"6":{"Xc_est":0.08781277328257711,"Zc_est":0.0908884135772068,"Rc_est":0.023443987950092855},"25":{"Xc_est":0.18255797575891994,"Zc_est":0.18937144759576244,"Rc_est":0.05034014949640299},"23":{"Xc_est":0.21931061174911165,"Zc_est":0.22798998302050844,"Rc_est":0.0623080085697027},"22":{"Xc_est":0.19584001008341215,"Zc_est":0.20307681995702104,"Rc_est":0.05372974273514965},"11":{"Xc_est":0.23669609495109264,"Zc_est":0.24517660255096982,"Rc_est":0.06392593427819063},"13":{"Xc_est":0.24782925089764282,"Zc_est":0.2564946805433699,"Rc_est":0.06610736378466907},"5":{"Xc_est":0.09147240853031541,"Zc_est":0.09633397641077321,"Rc_est":0.03021644401273072},"15":{"Xc_est":0.15027403659739946,"Zc_est":0.15622563970597705,"Rc_est":0.04271023795608261},"27":{"Xc_est":0.1201084298661653,"Zc_est":0.12549110788932008,"Rc_est":0.03635908736991933},"28":{"Xc_est":0.15160153465625864,"Zc_est":0.1576478408173787,"Rc_est":0.0432413737553374},"16":{"Xc_est":0.23361363546183184,"Zc_est":0.24216390187738995,"Rc_est":0.06378106849832871},"14":{"Xc_est":0.07838455878188744,"Zc_est":0.08162584099130037,"Rc_est":0.022773644023429476},"21":{"Xc_est":0.07298738038770286,"Zc_est":0.07545745099370406,"Rc_est":0.019148608685959866},"7":{"Xc_est":0.026115842978732064,"Zc_est":0.02711549280509185,"Rc_est":0.007294703254636131},"8":{"Xc_est":0.19900579873975272,"Zc_est":0.20650063636869603,"Rc_est":0.05512898410663358},"26":{"Xc_est":0.11235022582301198,"Zc_est":0.11629784251027084,"Rc_est":0.03004355055684948},"17":{"Xc_est":0.18819760745883904,"Zc_est":0.19517971531741105,"Rc_est":0.05173762478268945},"10":{"Xc_est":0.20206838931649582,"Zc_est":0.20966177327612817,"Rc_est":0.05591444547098414},"19":{"Xc_est":0.06120443013793688,"Zc_est":0.06300848299873216,"Rc_est":0.014969524417693541},"9":{"Xc_est":0.11021960815649771,"Zc_est":0.11517495332906884,"Rc_est":0.03342017133680328},"18":{"Xc_est":0.09718458532271397,"Zc_est":0.100819245683531,"Rc_est":0.026826790263621045},"30":{"Xc_est":0.2605426429166512,"Zc_est":0.2716105440370374,"Rc_est":0.07674515524840522},"3":{"Xc_est":0.036771889277862915,"Zc_est":0.03776947068828893,"Rc_est":0.008623286786957013}}