linecode_id,linecode_name,A_p_est,dist_est,x_est,r_est,scenario_id
12,tw2x16_lv_oh_2w_bundled,"[71.1420363068965, 6.000000523097829]",[2.0000028566782224],[0.7813084769032621 0.8200648657168811; 0.8200648657168811 0.8589976949807985],[0.5586266301318115 0.049348; 0.049348 6.0878672727379195],1
2,pluto,"[232.3541399536081, 232.3541399536081, 232.3541399536081, 264.9731396986609]","[639.9621928502086, 1076.0800757484433, 436.11819954626236, 2001.8094992820565, 2100.66398961894, 2271.82435043525]",[0.7441249930662802 0.45763352248107314 0.4249815506366956 0.3859800542445238; 0.45763352248107314 0.7441249930662802 0.48172933023810627 0.38295142874882093; 0.4249815506366956 0.48172933023810627 0.7441249930662802 0.37802981659631424; 0.3859800542445238 0.38295142874882093 0.37802981659631424 0.7399980054672791],[0.25005589065205314 0.049348 0.049348 0.049348; 0.049348 0.25005589065205314 0.049348 0.049348; 0.049348 0.049348 0.25005589065205314 0.049348; 0.049348 0.049348 0.049348 0.22534813860799757],1
6,hydrogen,"[194.62673266080253, 194.62673266080253, 194.62673266080253, 135.0541905307035]","[2000.0002599127627, 1188.4770663684537, 811.5233642548568, 350.42330702464847, 2030.294727286391, 1238.7789863437745]",[0.749691252942494 0.38603686760779554 0.41873932762263827 0.4954751769888307; 0.38603686760779554 0.749691252942494 0.4427106663122114 0.3850922728174943; 0.41873932762263827 0.4427106663122114 0.749691252942494 0.4161347216429722; 0.4954751769888307 0.3850922728174943 0.4161347216429722 0.7611708925573435],[0.17290410474545134 0.049348 0.049348 0.049348; 0.049348 0.17290410474545134 0.049348 0.049348; 0.049348 0.049348 0.17290410474545134 0.049348; 0.049348 0.049348 0.049348 0.22740482942830348],1
9,abc2x16_lv_oh_2w_bundled,"[299.99974629615616, 6.489532305389553]",[29.52904177836729],[0.7360976095490858 0.6509069444777457; 0.6509069444777457 0.8565337095806078],[0.19844738039137216 0.049348; 0.049348 6.941951994463157],1
