{"24":{"shunt_est":{"gs":1.7335428650115863},"shunt_true":{"gs":0.1733542899408284}},"4":{"shunt_est":{"gs":1.7335405590321884},"shunt_true":{"gs":1.0401257396449703}},"1":{"shunt_est":{"gs":1.7335428710676446},"shunt_true":{"gs":1.3868343195266273}},"12":{"shunt_est":{"gs":1.7335428051799953},"shunt_true":{"gs":1.0401257396449703}},"29":{"shunt_est":{"gs":1.7335428606463033},"shunt_true":{"gs":0.3467085798816568}},"20":{"shunt_est":{"gs":1.7335425005743288},"shunt_true":{"gs":0.5200628698224852}},"2":{"shunt_est":{"gs":1.7335428636226096},"shunt_true":{"gs":0.3467085798816568}},"6":{"shunt_est":{"gs":1.7335427160963384},"shunt_true":{"gs":1.0401257396449703}},"25":{"shunt_est":{"gs":1.7335428446222652},"shunt_true":{"gs":0.866771449704142}},"23":{"shunt_est":{"gs":1.7335428512614988},"shunt_true":{"gs":1.2134800295857988}},"22":{"shunt_est":{"gs":1.7335428382360976},"shunt_true":{"gs":1.2134800295857988}},"11":{"shunt_est":{"gs":1.733542869360238},"shunt_true":{"gs":0.6934171597633136}},"13":{"shunt_est":{"gs":1.7335428608881218},"shunt_true":{"gs":0.5200628698224852}},"5":{"shunt_est":{"gs":1.7335425996961165},"shunt_true":{"gs":1.3868343195266273}},"15":{"shunt_est":{"gs":1.7335428407295332},"shunt_true":{"gs":0.3467085798816568}},"27":{"shunt_est":{"gs":1.7335428131314856},"shunt_true":{"gs":0.866771449704142}},"28":{"shunt_est":{"gs":1.7335428462076696},"shunt_true":{"gs":0.6934171597633136}},"16":{"shunt_est":{"gs":1.7335428672278919},"shunt_true":{"gs":0.866771449704142}},"14":{"shunt_est":{"gs":1.7335425777561402},"shunt_true":{"gs":0.1733542899408284}},"21":{"shunt_est":{"gs":1.7335425533474584},"shunt_true":{"gs":0.1733542899408284}},"7":{"shunt_est":{"gs":1.7335245265907056},"shunt_true":{"gs":0.3467085798816568}},"8":{"shunt_est":{"gs":1.7335428531210124},"shunt_true":{"gs":1.2134800295857988}},"26":{"shunt_est":{"gs":1.7335427739325953},"shunt_true":{"gs":0.866771449704142}},"17":{"shunt_est":{"gs":1.733542850226833},"shunt_true":{"gs":0.6934171597633136}},"10":{"shunt_est":{"gs":1.73354285428748},"shunt_true":{"gs":0.3467085798816568}}}