{"24":{"Xc_est":0.2276975988158668,"Zc_est":0.2385489843659319,"Rc_est":0.07112961011777165},"4":{"Xc_est":0.06471108821202073,"Zc_est":0.06827625153904406,"Rc_est":0.02177433320767565},"1":{"Xc_est":0.26526344995907075,"Zc_est":0.27771161246077,"Rc_est":0.08221339192231676},"12":{"Xc_est":0.14057784268282864,"Zc_est":0.14766527657333517,"Rc_est":0.045198496126767886},"29":{"Xc_est":0.25608315994708303,"Zc_est":0.2676412662579124,"Rc_est":0.07780271586297899},"20":{"Xc_est":0.08046941235352911,"Zc_est":0.08358840621650783,"Rc_est":0.02262068366105721},"2":{"Xc_est":0.279260080625428,"Zc_est":0.2918140698102963,"Rc_est":0.08467147517510211},"6":{"Xc_est":0.11430398230356272,"Zc_est":0.11991000228283152,"Rc_est":0.03623545607572071},"25":{"Xc_est":0.2183646636001533,"Zc_est":0.22852263372426593,"Rc_est":0.06737557283665113},"23":{"Xc_est":0.2564284809655967,"Zc_est":0.26884728117987683,"Rc_est":0.08076691616923587},"22":{"Xc_est":0.23226191580760175,"Zc_est":0.24317039830040563,"Rc_est":0.07201558911069485},"11":{"Xc_est":0.2727890342244761,"Zc_est":0.2849591555805956,"Rc_est":0.08238848922078673},"13":{"Xc_est":0.29426048120566317,"Zc_est":0.30677032803765314,"Rc_est":0.08671103369779913},"5":{"Xc_est":0.10728968828899182,"Zc_est":0.11366954732799167,"Rc_est":0.03754582235883919},"15":{"Xc_est":0.18184621526489775,"Zc_est":0.19079350386716695,"Rc_est":0.057741796921667775},"27":{"Xc_est":0.1381906050088761,"Zc_est":0.144859921154889,"Rc_est":0.04344828471046288},"28":{"Xc_est":0.1833772285194483,"Zc_est":0.19252948447554835,"Rc_est":0.05865487578152775},"16":{"Xc_est":0.26843554577233214,"Zc_est":0.2807604473295923,"Rc_est":0.08227263549092707},"14":{"Xc_est":0.09233509595022703,"Zc_est":0.09669589789706307,"Rc_est":0.028711090644237356},"21":{"Xc_est":0.07742215720436432,"Zc_est":0.08067358171985048,"Rc_est":0.022672369998129667},"7":{"Xc_est":0.04140506532564907,"Zc_est":0.0434636040859465,"Rc_est":0.01321761875371804},"8":{"Xc_est":0.232038099374471,"Zc_est":0.24318819372731884,"Rc_est":0.07279298047915796},"26":{"Xc_est":0.1367968653821385,"Zc_est":0.14315435374824675,"Rc_est":0.04218751733272819},"17":{"Xc_est":0.2208715879268657,"Zc_est":0.23108207378707887,"Rc_est":0.06793133645381778},"10":{"Xc_est":0.23852085140206986,"Zc_est":0.24991556212120564,"Rc_est":0.0746028929518816},"19":{"Xc_est":0.0666130431309036,"Zc_est":0.0690630606095927,"Rc_est":0.018232082316747365},"9":{"Xc_est":0.13046331888047905,"Zc_est":0.13705445522529208,"Rc_est":0.041991024324157994},"18":{"Xc_est":0.12056724108060368,"Zc_est":0.12659275357447222,"Rc_est":0.03859100459664973},"30":{"Xc_est":0.31189405020892763,"Zc_est":0.3278089253514814,"Rc_est":0.1008999156806586},"3":{"Xc_est":0.04996679843503224,"Zc_est":0.051477253582089925,"Rc_est":0.012378476905809122}}