{"24":{"shunt_est":{"gs":1.7335428530902008},"shunt_true":{"gs":0.1733542899408284}},"4":{"shunt_est":{"gs":1.7335387292006188},"shunt_true":{"gs":1.0401257396449703}},"1":{"shunt_est":{"gs":1.733542859045956},"shunt_true":{"gs":1.3868343195266273}},"12":{"shunt_est":{"gs":1.7335427571585937},"shunt_true":{"gs":1.0401257396449703}},"29":{"shunt_est":{"gs":1.7335428513365347},"shunt_true":{"gs":0.3467085798816568}},"20":{"shunt_est":{"gs":1.7335424069178316},"shunt_true":{"gs":0.5200628698224852}},"2":{"shunt_est":{"gs":1.733542847938543},"shunt_true":{"gs":0.3467085798816568}},"6":{"shunt_est":{"gs":1.733542657393625},"shunt_true":{"gs":1.0401257396449703}},"25":{"shunt_est":{"gs":1.733542836411734},"shunt_true":{"gs":0.866771449704142}},"23":{"shunt_est":{"gs":1.7335428408447575},"shunt_true":{"gs":1.2134800295857988}},"22":{"shunt_est":{"gs":1.7335428214339694},"shunt_true":{"gs":1.2134800295857988}},"11":{"shunt_est":{"gs":1.7335428549045262},"shunt_true":{"gs":0.6934171597633136}},"13":{"shunt_est":{"gs":1.7335428526135461},"shunt_true":{"gs":0.5200628698224852}},"5":{"shunt_est":{"gs":1.7335420738772949},"shunt_true":{"gs":1.3868343195266273}},"15":{"shunt_est":{"gs":1.733542817373578},"shunt_true":{"gs":0.3467085798816568}},"27":{"shunt_est":{"gs":1.7335427601506301},"shunt_true":{"gs":0.866771449704142}},"28":{"shunt_est":{"gs":1.7335428235419552},"shunt_true":{"gs":0.6934171597633136}},"16":{"shunt_est":{"gs":1.7335428545222493},"shunt_true":{"gs":0.866771449704142}},"14":{"shunt_est":{"gs":1.7335423515976962},"shunt_true":{"gs":0.1733542899408284}},"21":{"shunt_est":{"gs":1.7335422772172842},"shunt_true":{"gs":0.1733542899408284}},"7":{"shunt_est":{"gs":1.733539419431206},"shunt_true":{"gs":0.3467085798816568}},"8":{"shunt_est":{"gs":1.7335428423492791},"shunt_true":{"gs":1.2134800295857988}},"26":{"shunt_est":{"gs":1.7335426786231098},"shunt_true":{"gs":0.866771449704142}},"17":{"shunt_est":{"gs":1.7335428384183333},"shunt_true":{"gs":0.6934171597633136}},"10":{"shunt_est":{"gs":1.7335428437444533},"shunt_true":{"gs":0.3467085798816568}}}