linecode_id,linecode_name,A_p_est,dist_est,x_est,r_est,scenario_id
4,hydrogen,"[278.3108864015105, 278.3108864015105, 278.3108864015105, 278.3108864015105]","[1142.0828339991588, 451.82614257749714, 690.2567587507427, 1894.492411160147, 1721.3267706804925, 1738.2293133722999]",[0.7384551530805643 0.42124123934068647 0.47950607275736484 0.3894421335989972; 0.42124123934068647 0.7384551530805643 0.4528799963252554 0.3954649310231897; 0.47950607275736484 0.4528799963252554 0.7384551530805643 0.39485096264858577; 0.3894421335989972 0.3954649310231897 0.39485096264858577 0.7384551530805643],[0.13575252868311716 0.049348 0.049348 0.049348; 0.049348 0.13575252868311716 0.049348 0.049348; 0.049348 0.049348 0.13575252868311716 0.049348; 0.049348 0.049348 0.049348 0.13575252868311716],1
1,pluto,"[285.60291865809654, 285.60291865809654, 285.60291865809654, 285.60291865809654]","[5.8814415129602535, 797.6161115570844, 796.2344187703616, 2029.4587772081345, 2024.0918809821262, 1663.1175337165594]",[0.737642620844988 0.752290922938995 0.44379676515259214 0.38511814848506937; 0.752290922938995 0.737642620844988 0.44390570202122626 0.3852845275680755; 0.44379676515259214 0.44390570202122626 0.737642620844988 0.39762644596680985; 0.38511814848506937 0.3852845275680755 0.39762644596680985 0.737642620844988],[0.21263522946346738 0.049348 0.049348 0.049348; 0.049348 0.21263522946346738 0.049348 0.049348; 0.049348 0.049348 0.21263522946346738 0.049348; 0.049348 0.049348 0.049348 0.21263522946346738],1
10,tw2x16_lv_oh_2w_bundled,"[15.090017393062043, 15.090017393062043]",[69.82341506429607],[0.8300234765950769 0.596834028960566; 0.596834028960566 0.8300234765950769],[2.4503471407844146 0.049348; 0.049348 2.4503471407844146],1
7,abc2x16_lv_oh_2w_bundled,"[13.653363508484242, 13.653363508484242]",[69.68750837922005],[0.8331666284849818 0.596956446493576; 0.596956446493576 0.8331666284849818],[3.3254474214012184 0.049348; 0.049348 3.3254474214012184],1
