{"24":{"Xc_est":0.19645064267667778,"Zc_est":0.22916766331605498,"Rc_est":0.11800408002124757},"4":{"Xc_est":0.048918021810587575,"Zc_est":0.06947334704352769,"Rc_est":0.04933125876733044},"1":{"Xc_est":0.22130344698651186,"Zc_est":0.2475373174334161,"Rc_est":0.11090314636663803},"12":{"Xc_est":0.11001013274594922,"Zc_est":0.13150643880066315,"Rc_est":0.07205355049719059},"29":{"Xc_est":0.21227328727876751,"Zc_est":0.23202927432833906,"Rc_est":0.09368903699580577},"20":{"Xc_est":0.06678138075299327,"Zc_est":0.08649699497819793,"Rc_est":0.05497251426833358},"2":{"Xc_est":0.23882014437619106,"Zc_est":0.26976992459774757,"Rc_est":0.12546214910326403},"6":{"Xc_est":0.08433899491072455,"Zc_est":0.10251133290775849,"Rc_est":0.05827098173168242},"25":{"Xc_est":0.18286072891015398,"Zc_est":0.20103462263778704,"Rc_est":0.08352767997235777},"23":{"Xc_est":0.21290943202316076,"Zc_est":0.23442244846710988,"Rc_est":0.09809922579149073},"22":{"Xc_est":0.19649563108383036,"Zc_est":0.2150313684385844,"Rc_est":0.08733817251086412},"11":{"Xc_est":0.22897520885737863,"Zc_est":0.249181013160039,"Rc_est":0.09829308748932128},"13":{"Xc_est":0.2441996982380153,"Zc_est":0.2680914130524797,"Rc_est":0.11063233312615954},"5":{"Xc_est":0.09037877051877298,"Zc_est":0.13285583135625298,"Rc_est":0.09737735755747384},"15":{"Xc_est":0.14913892492374592,"Zc_est":0.15547766876614103,"Rc_est":0.04394185427975404},"27":{"Xc_est":0.10557473063631993,"Zc_est":0.11963395274201387,"Rc_est":0.05626952016631114},"28":{"Xc_est":0.15061577578875748,"Zc_est":0.1588895568155898,"Rc_est":0.050604143591264084},"16":{"Xc_est":0.22697593726500265,"Zc_est":0.2550163589813173,"Rc_est":0.11625518160822634},"14":{"Xc_est":0.0733714262920539,"Zc_est":0.0890246178948421,"Rc_est":0.050418413255400474},"21":{"Xc_est":0.07149962870781126,"Zc_est":0.1211462663613467,"Rc_est":0.09779683506095427},"7":{"Xc_est":0.0274915376163576,"Zc_est":0.06413083422274184,"Rc_est":0.057939444747021784},"8":{"Xc_est":0.20033743459087328,"Zc_est":0.2311687085725651,"Rc_est":0.11534246453347141},"26":{"Xc_est":0.10510131736326403,"Zc_est":0.1410777770664163,"Rc_est":0.09410978838839194},"17":{"Xc_est":0.18636315130278303,"Zc_est":0.20673257788441587,"Rc_est":0.08948259381148982},"10":{"Xc_est":0.20131150557801275,"Zc_est":0.22056947515639377,"Rc_est":0.09013640270545945},"19":{"Xc_est":0.06388643644604489,"Zc_est":0.10765870802685984,"Rc_est":0.08665402848245501},"9":{"Xc_est":0.09938274876508216,"Zc_est":0.12390432230477207,"Rc_est":0.0739956102326442},"18":{"Xc_est":0.09228197792869994,"Zc_est":0.12096034254754462,"Rc_est":0.078201285275795},"30":{"Xc_est":0.2609137430375092,"Zc_est":0.30686873515877755,"Rc_est":0.16153154277757825},"3":{"Xc_est":0.0381283533193612,"Zc_est":0.05780801864706247,"Rc_est":0.043451072403947404}}