{"32":{"length_est":14.03615523683023,"length_true":20.051664},"29":{"length_est":3.6764600407586276,"length_true":5.2521},"1":{"length_est":0.07995800412169213,"length_true":0.11424},"54":{"length_est":6.153360466904288,"length_true":6.4783},"2":{"length_est":9.797391607579856,"length_true":13.996288},"41":{"length_est":6.316839922808207,"length_true":4.8591},"53":{"length_est":21.5755363177318,"length_true":29.465251},"51":{"length_est":8.281326012991226,"length_true":11.830480000000001},"27":{"length_est":13.893291996785544,"length_true":10.68714},"42":{"length_est":5.476417277838962,"length_true":4.212621},"33":{"length_est":1.763990002774962,"length_true":2.52},"28":{"length_est":8.60473303591067,"length_true":12.29249},"52":{"length_est":12.543319886505234,"length_true":9.6487},"50":{"length_est":5.301539923538703,"length_true":4.0781},"26":{"length_est":11.122403532563764,"length_true":15.0},"10":{"length_est":9.52034500655493,"length_true":7.8779},"24":{"length_est":12.948445937740182,"length_true":10.4189},"25":{"length_est":18.628780301672826,"length_true":14.588000000000001},"23":{"length_est":5.3821399094067734,"length_true":4.1401},"49":{"length_est":15.353854533384814,"length_true":12.21679},"5":{"length_est":16.938021994500453,"length_true":13.029240000000001},"31":{"length_est":5.707009953430744,"length_true":4.39},"43":{"length_est":8.339328005145248,"length_true":11.91334},"39":{"length_est":35.1273202889769,"length_true":50.1819},"34":{"length_est":8.692835115173564,"length_true":12.41835},"44":{"length_est":8.966626035904163,"length_true":12.809479999999999},"55":{"length_est":10.428391510694551,"length_true":12.23632},"17":{"length_est":14.545494519665807,"length_true":17.4341},"37":{"length_est":16.285319645555745,"length_true":16.546871},"47":{"length_est":5.7920000250798465,"length_true":8.2743},"9":{"length_est":12.93996645352735,"length_true":15.2031},"12":{"length_est":11.49141638343546,"length_true":13.3844},"20":{"length_est":12.709765584810658,"length_true":13.610299999999999},"6":{"length_est":8.727310006979799,"length_true":12.467600000000001},"14":{"length_est":10.525199817168039,"length_true":8.0963},"7":{"length_est":10.75948000804358,"length_true":15.370700000000001},"57":{"length_est":11.801885372236137,"length_true":11.8907},"8":{"length_est":12.331016401797799,"length_true":14.8117},"19":{"length_est":6.960339537965956,"length_true":5.8071},"4":{"length_est":9.122004378893168,"length_true":11.83921},"22":{"length_est":9.867472864675351,"length_true":13.298119999999997},"11":{"length_est":16.161361692388695,"length_true":12.431809},"35":{"length_est":11.64373468405105,"length_true":11.80815},"13":{"length_est":10.671963928263756,"length_true":12.8793},"15":{"length_est":7.938329928548622,"length_true":6.1064},"16":{"length_est":25.707791161633782,"length_true":27.150599999999997},"40":{"length_est":19.988924260083888,"length_true":19.7451},"46":{"length_est":5.103480074032683,"length_true":7.2907},"21":{"length_est":7.446268102198278,"length_true":10.637540000000001},"38":{"length_est":10.729210908483939,"length_true":9.87563},"45":{"length_est":6.361689866812254,"length_true":4.8936},"56":{"length_est":4.008123518907985,"length_true":4.9858},"36":{"length_est":56.13957168705501,"length_true":59.543393},"48":{"length_est":10.307457410685636,"length_true":11.9463},"18":{"length_est":14.590566641292975,"length_true":20.456400000000002},"30":{"length_est":14.482113684919131,"length_true":17.905369999999998},"3":{"length_est":10.32846200486419,"length_true":14.754960000000002}}