{"32":{"length_est":14.036155070474885,"length_true":20.051664},"29":{"length_est":3.676460090108928,"length_true":5.2521},"1":{"length_est":0.07995801044564964,"length_true":0.11424},"54":{"length_est":8.42179926597844,"length_true":6.4783},"2":{"length_est":10.858865163529204,"length_true":13.996288},"41":{"length_est":6.316839960712879,"length_true":4.8591},"53":{"length_est":20.633857233229808,"length_true":29.465251},"51":{"length_est":8.28132601871724,"length_true":11.830480000000001},"27":{"length_est":13.893291997041196,"length_true":10.68714},"42":{"length_est":5.261830267473364,"length_true":4.212621},"33":{"length_est":1.7639900026922,"length_true":2.52},"28":{"length_est":8.96952612372899,"length_true":12.29249},"52":{"length_est":12.543319934579417,"length_true":9.6487},"50":{"length_est":5.301539940563457,"length_true":4.0781},"26":{"length_est":17.768023032017773,"length_true":15.0},"10":{"length_est":10.24127997914397,"length_true":7.8779},"24":{"length_est":11.948735261818873,"length_true":10.4189},"25":{"length_est":17.924156860389548,"length_true":14.588000000000001},"23":{"length_est":4.191483255648802,"length_true":4.1401},"49":{"length_est":15.39735012073641,"length_true":12.21679},"5":{"length_est":16.93802199409669,"length_true":13.029240000000001},"31":{"length_est":5.707009959284502,"length_true":4.39},"43":{"length_est":8.339328004704603,"length_true":11.91334},"39":{"length_est":40.869625962447664,"length_true":50.1819},"34":{"length_est":8.692835018651861,"length_true":12.41835},"44":{"length_est":8.966626005188836,"length_true":12.809479999999999},"55":{"length_est":10.505303167464271,"length_true":12.23632},"17":{"length_est":12.20386025382346,"length_true":17.4341},"37":{"length_est":18.55295534794645,"length_true":16.546871},"47":{"length_est":5.792000074113789,"length_true":8.2743},"9":{"length_est":16.423082260261413,"length_true":15.2031},"12":{"length_est":12.309813802588454,"length_true":13.3844},"20":{"length_est":13.169584704784162,"length_true":13.610299999999999},"6":{"length_est":8.72731000705804,"length_true":12.467600000000001},"14":{"length_est":7.843066673741499,"length_true":8.0963},"7":{"length_est":10.759480011484731,"length_true":15.370700000000001},"57":{"length_est":12.503086543207235,"length_true":11.8907},"8":{"length_est":10.368180650401492,"length_true":14.8117},"19":{"length_est":7.549239958000233,"length_true":5.8071},"4":{"length_est":9.547005559333279,"length_true":11.83921},"22":{"length_est":9.308674034653993,"length_true":13.298119999999997},"11":{"length_est":16.16136168433812,"length_true":12.431809},"35":{"length_est":10.410116904304683,"length_true":11.80815},"13":{"length_est":14.314977547378945,"length_true":12.8793},"15":{"length_est":5.15499563791769,"length_true":6.1064},"16":{"length_est":23.752082959977482,"length_true":27.150599999999997},"40":{"length_est":19.0280576793034,"length_true":19.7451},"46":{"length_est":7.286311910060202,"length_true":7.2907},"21":{"length_est":13.828805082132607,"length_true":10.637540000000001},"38":{"length_est":6.912931527280993,"length_true":9.87563},"45":{"length_est":6.361686580344378,"length_true":4.8936},"56":{"length_est":3.4900502894038,"length_true":4.9858},"36":{"length_est":56.81570419206439,"length_true":59.543393},"48":{"length_est":11.417321829884349,"length_true":11.9463},"18":{"length_est":14.319470014507404,"length_true":20.456400000000002},"30":{"length_est":15.430318185298935,"length_true":17.905369999999998},"3":{"length_est":10.328462301940753,"length_true":14.754960000000002}}