{"32":{"length_est":14.036154867742194,"length_true":20.051664},"29":{"length_est":3.676460111601517,"length_true":5.2521},"1":{"length_est":0.07995807747627467,"length_true":0.11424},"54":{"length_est":7.2316841513463395,"length_true":6.4783},"2":{"length_est":10.31944831641528,"length_true":13.996288},"41":{"length_est":6.316839924609974,"length_true":4.8591},"53":{"length_est":20.957658106240004,"length_true":29.465251},"51":{"length_est":8.28132601698978,"length_true":11.830480000000001},"27":{"length_est":13.893291995872161,"length_true":10.68714},"42":{"length_est":3.6871092706207382,"length_true":4.212621},"33":{"length_est":1.7639900037266867,"length_true":2.52},"28":{"length_est":10.857973575861257,"length_true":12.29249},"52":{"length_est":12.543319978853331,"length_true":9.6487},"50":{"length_est":5.301539885606151,"length_true":4.0781},"26":{"length_est":19.50000996988383,"length_true":15.0},"10":{"length_est":10.241279983166642,"length_true":7.8779},"24":{"length_est":13.150734294457761,"length_true":10.4189},"25":{"length_est":18.96440998220205,"length_true":14.588000000000001},"23":{"length_est":2.8980603078499962,"length_true":4.1401},"49":{"length_est":15.88183696218198,"length_true":12.21679},"5":{"length_est":16.938021996018744,"length_true":13.029240000000001},"31":{"length_est":5.707009888340971,"length_true":4.39},"43":{"length_est":8.339328004297792,"length_true":11.91334},"39":{"length_est":35.127320035416155,"length_true":50.1819},"34":{"length_est":8.692835015302299,"length_true":12.41835},"44":{"length_est":8.966626007093236,"length_true":12.809479999999999},"55":{"length_est":9.862026405338337,"length_true":12.23632},"17":{"length_est":12.203860120817108,"length_true":17.4341},"37":{"length_est":20.920948215839324,"length_true":16.546871},"47":{"length_est":5.792000022671839,"length_true":8.2743},"9":{"length_est":19.655997368303137,"length_true":15.2031},"12":{"length_est":12.371870075509309,"length_true":13.3844},"20":{"length_est":13.844267130660935,"length_true":13.610299999999999},"6":{"length_est":8.72731001124306,"length_true":12.467600000000001},"14":{"length_est":6.89053244525376,"length_true":8.0963},"7":{"length_est":10.75948000501602,"length_true":15.370700000000001},"57":{"length_est":14.73709816402795,"length_true":11.8907},"8":{"length_est":10.368180081164944,"length_true":14.8117},"19":{"length_est":7.5492399095752045,"length_true":5.8071},"4":{"length_est":10.20551361954728,"length_true":11.83921},"22":{"length_est":9.308674007946344,"length_true":13.298119999999997},"11":{"length_est":16.16136169250465,"length_true":12.431809},"35":{"length_est":11.809600119944582,"length_true":11.80815},"13":{"length_est":16.743099130382955,"length_true":12.8793},"15":{"length_est":7.938329748043154,"length_true":6.1064},"16":{"length_est":26.721699052117298,"length_true":27.150599999999997},"40":{"length_est":23.620447035437152,"length_true":19.7451},"46":{"length_est":9.477919763735244,"length_true":7.2907},"21":{"length_est":13.828811923998783,"length_true":10.637540000000001},"38":{"length_est":7.710385615354076,"length_true":9.87563},"45":{"length_est":3.42551020827903,"length_true":4.8936},"56":{"length_est":3.490050095784849,"length_true":4.9858},"36":{"length_est":57.86697342743263,"length_true":59.543393},"48":{"length_est":9.856587248634877,"length_true":11.9463},"18":{"length_est":14.319470016252374,"length_true":20.456400000000002},"30":{"length_est":17.47820017562035,"length_true":17.905369999999998},"3":{"length_est":10.328462008030034,"length_true":14.754960000000002}}