{"32":{"length_est":14.036154965221673,"length_true":20.051664},"29":{"length_est":3.676460147661263,"length_true":5.2521},"1":{"length_est":0.07995800674536531,"length_true":0.11424},"54":{"length_est":8.41320909264669,"length_true":6.4783},"2":{"length_est":9.79739161726833,"length_true":13.996288},"41":{"length_est":6.316685207405925,"length_true":4.8591},"53":{"length_est":20.62566573233219,"length_true":29.465251},"51":{"length_est":8.281333844696833,"length_true":11.830480000000001},"27":{"length_est":13.893287152951133,"length_true":10.68714},"42":{"length_est":5.476417259691107,"length_true":4.212621},"33":{"length_est":1.7639900040289351,"length_true":2.52},"28":{"length_est":8.604733739991163,"length_true":12.29249},"52":{"length_est":12.543290227590935,"length_true":9.6487},"50":{"length_est":5.3015399353216655,"length_true":4.0781},"26":{"length_est":12.299761958302254,"length_true":15.0},"10":{"length_est":10.24127807621246,"length_true":7.8779},"24":{"length_est":13.544579873910562,"length_true":10.4189},"25":{"length_est":18.964389489905038,"length_true":14.588000000000001},"23":{"length_est":5.046466849190264,"length_true":4.1401},"49":{"length_est":15.881818973961389,"length_true":12.21679},"5":{"length_est":16.938015804278614,"length_true":13.029240000000001},"31":{"length_est":5.707009916158446,"length_true":4.39},"43":{"length_est":8.33932800509149,"length_true":11.91334},"39":{"length_est":35.12736587528037,"length_true":50.1819},"34":{"length_est":8.692835030614553,"length_true":12.41835},"44":{"length_est":8.966626008742633,"length_true":12.809479999999999},"55":{"length_est":10.097594982713138,"length_true":12.23632},"17":{"length_est":12.20386023353824,"length_true":17.4341},"37":{"length_est":16.07788617608414,"length_true":16.546871},"47":{"length_est":5.792000024447384,"length_true":8.2743},"9":{"length_est":14.182872353310312,"length_true":15.2031},"12":{"length_est":10.8563370801212,"length_true":13.3844},"20":{"length_est":13.727214412851477,"length_true":13.610299999999999},"6":{"length_est":8.72731088594924,"length_true":12.467600000000001},"14":{"length_est":10.525199878113204,"length_true":8.0963},"7":{"length_est":10.7594800072692,"length_true":15.370700000000001},"57":{"length_est":13.253811362978688,"length_true":11.8907},"8":{"length_est":10.37950251100994,"length_true":14.8117},"19":{"length_est":7.5459394542300835,"length_true":5.8071},"4":{"length_est":9.590004745904514,"length_true":11.83921},"22":{"length_est":9.599187508140512,"length_true":13.298119999999997},"11":{"length_est":16.16136169305006,"length_true":12.431809},"35":{"length_est":13.737342659559205,"length_true":11.80815},"13":{"length_est":9.01570058692432,"length_true":12.8793},"15":{"length_est":7.9381408421655175,"length_true":6.1064},"16":{"length_est":29.041634378052677,"length_true":27.150599999999997},"40":{"length_est":24.78316683458097,"length_true":19.7451},"46":{"length_est":6.307117729746686,"length_true":7.2907},"21":{"length_est":7.446270868997102,"length_true":10.637540000000001},"38":{"length_est":12.837184373997106,"length_true":9.87563},"45":{"length_est":5.462001790558295,"length_true":4.8936},"56":{"length_est":3.490064006276033,"length_true":4.9858},"36":{"length_est":54.055141598356,"length_true":59.543393},"48":{"length_est":8.362400288753063,"length_true":11.9463},"18":{"length_est":14.723222578421238,"length_true":20.456400000000002},"30":{"length_est":13.807868225702395,"length_true":17.905369999999998},"3":{"length_est":10.328462910203104,"length_true":14.754960000000002}}