{"24":{"Xc_est":0.19778562741626912,"Zc_est":0.21517594508013732,"Rc_est":0.08474392561525014},"4":{"Xc_est":0.05578299379918426,"Zc_est":0.07506695284805294,"Rc_est":0.05023250952015013},"1":{"Xc_est":0.2272412384202269,"Zc_est":0.24366078773452482,"Rc_est":0.08793178629284615},"12":{"Xc_est":0.1230696747209026,"Zc_est":0.14289895663324018,"Rc_est":0.07262208321826005},"29":{"Xc_est":0.22377560137045852,"Zc_est":0.24113177297217717,"Rc_est":0.08982768041085798},"20":{"Xc_est":0.07491938938907176,"Zc_est":0.09567701655759221,"Rc_est":0.05950778596898405},"2":{"Xc_est":0.238746330197513,"Zc_est":0.2553749505609714,"Rc_est":0.09064521604165714},"6":{"Xc_est":0.09267946228123758,"Zc_est":0.10871727657767431,"Rc_est":0.05683276781687826},"25":{"Xc_est":0.1905577365535186,"Zc_est":0.2065608290444925,"Rc_est":0.07971903872443431},"23":{"Xc_est":0.21917201927339178,"Zc_est":0.23201718588806383,"Rc_est":0.07612884154537192},"22":{"Xc_est":0.20399794503977878,"Zc_est":0.22029754275870903,"Rc_est":0.08316156422935195},"11":{"Xc_est":0.23605005821587144,"Zc_est":0.2531603488108551,"Rc_est":0.0914906127770359},"13":{"Xc_est":0.25456166137278247,"Zc_est":0.2753414994660419,"Rc_est":0.10493475061835898},"5":{"Xc_est":0.09350103951647878,"Zc_est":0.11856362719044383,"Rc_est":0.07290328731883373},"15":{"Xc_est":0.14030171632009045,"Zc_est":0.14436842646327697,"Rc_est":0.03402456402541367},"27":{"Xc_est":0.11721158502933877,"Zc_est":0.1296138964267253,"Rc_est":0.055328170779702854},"28":{"Xc_est":0.14238893619281504,"Zc_est":0.14855499164837419,"Rc_est":0.04235535849838801},"16":{"Xc_est":0.23012691814185543,"Zc_est":0.24563398647649096,"Rc_est":0.08589328762403209},"14":{"Xc_est":0.08295250371235241,"Zc_est":0.09688153292255071,"Rc_est":0.05004911137348431},"21":{"Xc_est":0.06994678802783913,"Zc_est":0.09553919774310875,"Rc_est":0.06507830014671079},"7":{"Xc_est":0.040170560934546004,"Zc_est":0.08142011786509878,"Rc_est":0.07082062995604109},"8":{"Xc_est":0.20070121563508994,"Zc_est":0.2172050301696988,"Rc_est":0.08304846280104702},"26":{"Xc_est":0.11529465395320608,"Zc_est":0.13941171381989506,"Rc_est":0.07837581718879093},"17":{"Xc_est":0.19393822862433371,"Zc_est":0.2101104653001845,"Rc_est":0.08083545698958909},"10":{"Xc_est":0.20873369475403894,"Zc_est":0.22571294881818252,"Rc_est":0.0858870184517263},"19":{"Xc_est":0.06082986749954398,"Zc_est":0.08359252009918636,"Rc_est":0.05733617214743932},"9":{"Xc_est":0.10581003903643595,"Zc_est":0.11783931395944718,"Rc_est":0.0518684832392568},"18":{"Xc_est":0.09905002073816042,"Zc_est":0.11769482218516872,"Rc_est":0.06357015464011764},"30":{"Xc_est":0.2636033290990818,"Zc_est":0.2889547524558373,"Rc_est":0.1183559624805417},"3":{"Xc_est":0.04558923028873742,"Zc_est":0.06645548139977207,"Rc_est":0.04835238453019581}}