{"24":{"Xc_est":0.19191159659628815,"Zc_est":0.2242381404061985,"Rc_est":0.1159857004319651},"4":{"Xc_est":0.0453322825298247,"Zc_est":0.06608185116233678,"Rc_est":0.04808113157650702},"1":{"Xc_est":0.21673255436491687,"Zc_est":0.23796551087683365,"Rc_est":0.09825774394586304},"12":{"Xc_est":0.11484086784686681,"Zc_est":0.13507297365433066,"Rc_est":0.07110754730689266},"29":{"Xc_est":0.21280548636137947,"Zc_est":0.23232633674560496,"Rc_est":0.09321669228270746},"20":{"Xc_est":0.064147402338711,"Zc_est":0.08358815497388802,"Rc_est":0.05359188768026609},"2":{"Xc_est":0.234711968274437,"Zc_est":0.2612993407520356,"Rc_est":0.1148374391310956},"6":{"Xc_est":0.0834334772201159,"Zc_est":0.10126872344708375,"Rc_est":0.05739520213016355},"25":{"Xc_est":0.17632731755643058,"Zc_est":0.19406251260198545,"Rc_est":0.08104897211408327},"23":{"Xc_est":0.21367343845602974,"Zc_est":0.2335475360519331,"Rc_est":0.09427679085706231},"22":{"Xc_est":0.1907495907888293,"Zc_est":0.20886705575172723,"Rc_est":0.08508842807508726},"11":{"Xc_est":0.22692499298836766,"Zc_est":0.24678796536235437,"Rc_est":0.09700179073048035},"13":{"Xc_est":0.24212524320937448,"Zc_est":0.26560245599679044,"Rc_est":0.10917889554455235},"5":{"Xc_est":0.08936883766884386,"Zc_est":0.12535239340233023,"Rc_est":0.087900133022723},"15":{"Xc_est":0.14265424046454658,"Zc_est":0.14865887889390955,"Rc_est":0.04182379647374673},"27":{"Xc_est":0.10938911187296461,"Zc_est":0.12191462632060583,"Rc_est":0.05382562878905352},"28":{"Xc_est":0.14413095290372127,"Zc_est":0.1520626243047217,"Rc_est":0.04846968253975079},"16":{"Xc_est":0.22493683344742357,"Zc_est":0.25262148363049264,"Rc_est":0.11498275936120728},"14":{"Xc_est":0.07242798872211313,"Zc_est":0.08588604760477674,"Rc_est":0.04615841876450523},"21":{"Xc_est":0.06202187449609116,"Zc_est":0.09800499721809798,"Rc_est":0.07588324297043787},"7":{"Xc_est":0.0274622056508434,"Zc_est":0.06384984392321293,"Rc_est":0.05764225732749746},"8":{"Xc_est":0.193598598300652,"Zc_est":0.22402886594697768,"Rc_est":0.11273205184645443},"26":{"Xc_est":0.10547020848969328,"Zc_est":0.1317056165317843,"Rc_est":0.07888221946140997},"17":{"Xc_est":0.18188412382814914,"Zc_est":0.20197095412959795,"Rc_est":0.08780906451663559},"10":{"Xc_est":0.19694238463866345,"Zc_est":0.21582695297503277,"Rc_est":0.08828913162628652},"19":{"Xc_est":0.05878352241783806,"Zc_est":0.10289440247723951,"Rc_est":0.08444972204394566},"9":{"Xc_est":0.10317105533756626,"Zc_est":0.1242048777697596,"Rc_est":0.0691562361781912},"18":{"Xc_est":0.08846613975573345,"Zc_est":0.1092973716588032,"Rc_est":0.06418455864334968},"30":{"Xc_est":0.25850800710055866,"Zc_est":0.29843842408166565,"Rc_est":0.14912780838343204},"3":{"Xc_est":0.033057409099341364,"Zc_est":0.05307562592141795,"Rc_est":0.04152384580682618}}