{"24":{"Xc_est":0.19148456481293244,"Zc_est":0.22339181965221627,"Rc_est":0.11505462409625353},"4":{"Xc_est":0.04436782765845054,"Zc_est":0.06561765194106109,"Rc_est":0.04834430799099589},"1":{"Xc_est":0.2173399271611496,"Zc_est":0.23856569260736138,"Rc_est":0.09837146817454853},"12":{"Xc_est":0.1146829371207281,"Zc_est":0.13479985576238296,"Rc_est":0.07084366624421957},"29":{"Xc_est":0.21063738466584556,"Zc_est":0.22971749440172554,"Rc_est":0.09166253005093963},"20":{"Xc_est":0.06552876222315918,"Zc_est":0.08470707989216342,"Rc_est":0.05367746925254602},"2":{"Xc_est":0.2350314020414798,"Zc_est":0.26154167949503704,"Rc_est":0.11473574058461894},"6":{"Xc_est":0.08332862202768135,"Zc_est":0.10153987723239341,"Rc_est":0.058023162782955426},"25":{"Xc_est":0.17590956068956048,"Zc_est":0.1933246411546949,"Rc_est":0.08018879806804306},"23":{"Xc_est":0.21199410046216255,"Zc_est":0.23285721818318814,"Rc_est":0.09633787120987997},"22":{"Xc_est":0.19082911208785905,"Zc_est":0.20862179495022296,"Rc_est":0.08430482375292768},"11":{"Xc_est":0.22729953520271937,"Zc_est":0.24677593628791678,"Rc_est":0.09608997880843614},"13":{"Xc_est":0.24223044008353015,"Zc_est":0.26526156687649693,"Rc_est":0.10811157550749861},"5":{"Xc_est":0.08832607390285421,"Zc_est":0.1253638775249408,"Rc_est":0.08896407396806812},"15":{"Xc_est":0.14226452797675504,"Zc_est":0.1480918153971341,"Rc_est":0.04113380443345745},"27":{"Xc_est":0.10992168756761213,"Zc_est":0.12287102674605725,"Rc_est":0.05490457008226712},"28":{"Xc_est":0.14374110249149674,"Zc_est":0.15147247736571326,"Rc_est":0.047774541900844514},"16":{"Xc_est":0.2253240720461803,"Zc_est":0.252562917582478,"Rc_est":0.11409246203979184},"14":{"Xc_est":0.07210040003875991,"Zc_est":0.08626153949576101,"Rc_est":0.047355944826700774},"21":{"Xc_est":0.06133486158209416,"Zc_est":0.09664165669538782,"Rc_est":0.0746836298229709},"7":{"Xc_est":0.027445000176640203,"Zc_est":0.06372803370385793,"Rc_est":0.0575155130818136},"8":{"Xc_est":0.19316993914158606,"Zc_est":0.22318794793563143,"Rc_est":0.11179550400509886},"26":{"Xc_est":0.1061423699098686,"Zc_est":0.13245946277941528,"Rc_est":0.0792420758797239},"17":{"Xc_est":0.18129940809976014,"Zc_est":0.20074435775001437,"Rc_est":0.08619061312661828},"10":{"Xc_est":0.19701784015356774,"Zc_est":0.21556817112139448,"Rc_est":0.08748489619269167},"19":{"Xc_est":0.05826890609441254,"Zc_est":0.10224812833352863,"Rc_est":0.08402032093648698},"9":{"Xc_est":0.10372607791924908,"Zc_est":0.12591611943003156,"Rc_est":0.0713846614603434},"18":{"Xc_est":0.08902440937561477,"Zc_est":0.10967206600399741,"Rc_est":0.06405167130456563},"30":{"Xc_est":0.257450762599259,"Zc_est":0.29731358387786805,"Rc_est":0.14870935409503355},"3":{"Xc_est":0.03256140989874459,"Zc_est":0.052528157078493884,"Rc_est":0.04121846517604537}}