{"32":{"length_est":14.036154885281869,"length_true":20.051664},"29":{"length_est":3.6764600655108888,"length_true":5.2521},"1":{"length_est":0.07995800656078304,"length_true":0.11424},"54":{"length_est":8.42179968223993,"length_true":6.4783},"2":{"length_est":9.797391604689105,"length_true":13.996288},"41":{"length_est":6.316839906286943,"length_true":4.8591},"53":{"length_est":20.625665719078377,"length_true":29.465251},"51":{"length_est":8.281326014932992,"length_true":11.830480000000001},"27":{"length_est":13.893291995684132,"length_true":10.68714},"42":{"length_est":5.476417284508561,"length_true":4.212621},"33":{"length_est":1.763990003771028,"length_true":2.52},"28":{"length_est":8.60473307164295,"length_true":12.29249},"52":{"length_est":12.543319987094268,"length_true":9.6487},"50":{"length_est":5.301539957400191,"length_true":4.0781},"26":{"length_est":12.916203516260941,"length_true":15.0},"10":{"length_est":10.241279983908115,"length_true":7.8779},"24":{"length_est":13.544579941550959,"length_true":10.4189},"25":{"length_est":18.964409990219302,"length_true":14.588000000000001},"23":{"length_est":5.382139794356943,"length_true":4.1401},"49":{"length_est":15.881836982006115,"length_true":12.21679},"5":{"length_est":16.93802199598845,"length_true":13.029240000000001},"31":{"length_est":5.707009939848652,"length_true":4.39},"43":{"length_est":8.339328004556783,"length_true":11.91334},"39":{"length_est":35.12732003454318,"length_true":50.1819},"34":{"length_est":8.692835020662143,"length_true":12.41835},"44":{"length_est":8.966626007296616,"length_true":12.809479999999999},"55":{"length_est":9.841029163863096,"length_true":12.23632},"17":{"length_est":12.20386024916184,"length_true":17.4341},"37":{"length_est":16.279756640776434,"length_true":16.546871},"47":{"length_est":5.79200002437455,"length_true":8.2743},"9":{"length_est":17.10976517110575,"length_true":15.2031},"12":{"length_est":10.82913249842205,"length_true":13.3844},"20":{"length_est":13.545654348677035,"length_true":13.610299999999999},"6":{"length_est":8.727310010443198,"length_true":12.467600000000001},"14":{"length_est":10.52519992960724,"length_true":8.0963},"7":{"length_est":10.759480004890412,"length_true":15.370700000000001},"57":{"length_est":13.009049170834256,"length_true":11.8907},"8":{"length_est":10.36818061076404,"length_true":14.8117},"19":{"length_est":4.064960932894912,"length_true":5.8071},"4":{"length_est":9.784002634995314,"length_true":11.83921},"22":{"length_est":9.308674029252373,"length_true":13.298119999999997},"11":{"length_est":16.161361693325716,"length_true":12.431809},"35":{"length_est":13.184309178836163,"length_true":11.80815},"13":{"length_est":9.015500067675696,"length_true":12.8793},"15":{"length_est":7.9383298437857,"length_true":6.1064},"16":{"length_est":30.50230427222322,"length_true":27.150599999999997},"40":{"length_est":25.668639960806217,"length_true":19.7451},"46":{"length_est":5.103481186936365,"length_true":7.2907},"21":{"length_est":7.446268172582949,"length_true":10.637540000000001},"38":{"length_est":10.251151141017138,"length_true":9.87563},"45":{"length_est":4.769416018675596,"length_true":4.8936},"56":{"length_est":3.4900514588629,"length_true":4.9858},"36":{"length_est":55.24870719850911,"length_true":59.543393},"48":{"length_est":10.702942383193246,"length_true":11.9463},"18":{"length_est":15.56497548235907,"length_true":20.456400000000002},"30":{"length_est":14.391908836898281,"length_true":17.905369999999998},"3":{"length_est":10.328462003509305,"length_true":14.754960000000002}}