{"32":{"length_est":14.036154914017922,"length_true":20.051664},"29":{"length_est":3.6764601085462862,"length_true":5.2521},"1":{"length_est":0.0799580229426079,"length_true":0.11424},"54":{"length_est":8.421799852052313,"length_true":6.4783},"2":{"length_est":9.79739162899256,"length_true":13.996288},"41":{"length_est":6.316839906501841,"length_true":4.8591},"53":{"length_est":20.625665898877855,"length_true":29.465251},"51":{"length_est":8.281326029460974,"length_true":11.830480000000001},"27":{"length_est":13.893291991290864,"length_true":10.68714},"42":{"length_est":5.476417276328794,"length_true":4.212621},"33":{"length_est":1.7639900076053794,"length_true":2.52},"28":{"length_est":8.60473306328144,"length_true":12.29249},"52":{"length_est":12.543319987551401,"length_true":9.6487},"50":{"length_est":5.301539938671281,"length_true":4.0781},"26":{"length_est":19.50000997108946,"length_true":15.0},"10":{"length_est":10.241279986346019,"length_true":7.8779},"24":{"length_est":7.293221864516359,"length_true":10.4189},"25":{"length_est":18.964409952878697,"length_true":14.588000000000001},"23":{"length_est":5.382139900363711,"length_true":4.1401},"49":{"length_est":15.881836991114174,"length_true":12.21679},"5":{"length_est":16.93802199311805,"length_true":13.029240000000001},"31":{"length_est":3.07299628638449,"length_true":4.39},"43":{"length_est":8.339328005404617,"length_true":11.91334},"39":{"length_est":35.12732001742846,"length_true":50.1819},"34":{"length_est":8.692835015118014,"length_true":12.41835},"44":{"length_est":8.966626014585199,"length_true":12.809479999999999},"55":{"length_est":12.87577180157509,"length_true":12.23632},"17":{"length_est":12.203860260016274,"length_true":17.4341},"37":{"length_est":21.510942268493718,"length_true":16.546871},"47":{"length_est":5.792000026349273,"length_true":8.2743},"9":{"length_est":10.649867059199202,"length_true":15.2031},"12":{"length_est":14.308930546613828,"length_true":13.3844},"20":{"length_est":17.693399994552678,"length_true":13.610299999999999},"6":{"length_est":8.727310019974203,"length_true":12.467600000000001},"14":{"length_est":10.525199931688208,"length_true":8.0963},"7":{"length_est":10.759480007682704,"length_true":15.370700000000001},"57":{"length_est":15.457919979244682,"length_true":11.8907},"8":{"length_est":10.368180030239916,"length_true":14.8117},"19":{"length_est":7.549239741424149,"length_true":5.8071},"4":{"length_est":9.721652353277298,"length_true":11.83921},"22":{"length_est":9.30867403203162,"length_true":13.298119999999997},"11":{"length_est":16.161361690495667,"length_true":12.431809},"35":{"length_est":12.853306252639065,"length_true":11.80815},"13":{"length_est":9.015500047919566,"length_true":12.8793},"15":{"length_est":6.074398709085224,"length_true":6.1064},"16":{"length_est":30.759180467098485,"length_true":27.150599999999997},"40":{"length_est":25.668639983670907,"length_true":19.7451},"46":{"length_est":5.103480048848056,"length_true":7.2907},"21":{"length_est":7.446268071805162,"length_true":10.637540000000001},"38":{"length_est":6.912931048669864,"length_true":9.87563},"45":{"length_est":3.425510306725694,"length_true":4.8936},"56":{"length_est":6.481549620868821,"length_true":4.9858},"36":{"length_est":69.33372949550635,"length_true":59.543393},"48":{"length_est":8.362400030095346,"length_true":11.9463},"18":{"length_est":14.319470165424823,"length_true":20.456400000000002},"30":{"length_est":12.533749009379278,"length_true":17.905369999999998},"3":{"length_est":10.328462006245282,"length_true":14.754960000000002}}