{"24":{"shunt_est":{"gs":1.7335425833293336},"shunt_true":{"gs":0.1733542899408284}},"4":{"shunt_est":{"gs":3.696211429823355e-7},"shunt_true":{"gs":1.0401257396449703}},"1":{"shunt_est":{"gs":7.762157142116146e-7},"shunt_true":{"gs":1.3868343195266273}},"12":{"shunt_est":{"gs":1.733542722665666},"shunt_true":{"gs":1.0401257396449703}},"29":{"shunt_est":{"gs":1.733542783024712},"shunt_true":{"gs":0.3467085798816568}},"20":{"shunt_est":{"gs":1.7335424407929525},"shunt_true":{"gs":0.5200628698224852}},"2":{"shunt_est":{"gs":1.7335353548072356},"shunt_true":{"gs":0.3467085798816568}},"6":{"shunt_est":{"gs":1.733542555143041},"shunt_true":{"gs":1.0401257396449703}},"25":{"shunt_est":{"gs":1.7335426734691213},"shunt_true":{"gs":0.866771449704142}},"23":{"shunt_est":{"gs":1.0397308234838276e-6},"shunt_true":{"gs":1.2134800295857988}},"22":{"shunt_est":{"gs":9.012074910179488e-8},"shunt_true":{"gs":1.2134800295857988}},"11":{"shunt_est":{"gs":1.7335402345170607},"shunt_true":{"gs":0.6934171597633136}},"13":{"shunt_est":{"gs":2.1008874940099105e-6},"shunt_true":{"gs":0.5200628698224852}},"5":{"shunt_est":{"gs":1.7335426174554525},"shunt_true":{"gs":1.3868343195266273}},"15":{"shunt_est":{"gs":1.733542107872895},"shunt_true":{"gs":0.3467085798816568}},"27":{"shunt_est":{"gs":1.7335414009815964},"shunt_true":{"gs":0.866771449704142}},"28":{"shunt_est":{"gs":1.7335425826810804},"shunt_true":{"gs":0.6934171597633136}},"16":{"shunt_est":{"gs":3.763640221445092e-8},"shunt_true":{"gs":0.866771449704142}},"14":{"shunt_est":{"gs":9.88288275573685e-7},"shunt_true":{"gs":0.1733542899408284}},"21":{"shunt_est":{"gs":1.73354249571859},"shunt_true":{"gs":0.1733542899408284}},"7":{"shunt_est":{"gs":6.283086304665901e-6},"shunt_true":{"gs":0.3467085798816568}},"8":{"shunt_est":{"gs":2.1891145414009507e-7},"shunt_true":{"gs":1.2134800295857988}},"26":{"shunt_est":{"gs":1.7335424855345962},"shunt_true":{"gs":0.866771449704142}},"17":{"shunt_est":{"gs":1.7335416937869073},"shunt_true":{"gs":0.6934171597633136}},"10":{"shunt_est":{"gs":1.7335383996982727},"shunt_true":{"gs":0.3467085798816568}}}