linecode_id,linecode_name,A_p_est,dist_est,x_est,r_est,scenario_id
4,hydrogen,"[132.51964564517408, 132.51964564517408, 132.51964564517408, 132.51964564517408]","[1479.3985554860153, 1164.20486477505, 504.69282264213876, 2000.0579527303198, 1257.552783774703, 1012.6975706728986]",[0.7617660751408046 0.40498144991054946 0.42003582678955675 0.3860350551566159; 0.40498144991054946 0.7617660751408046 0.472553554457444 0.4151896409498866; 0.42003582678955675 0.472553554457444 0.7617660751408046 0.42879590833744047; 0.3860350551566159 0.4151896409498866 0.42879590833744047 0.7617660751408046],[0.23081030960570634 0.049348 0.049348 0.049348; 0.049348 0.23081030960570634 0.049348 0.049348; 0.049348 0.049348 0.23081030960570634 0.049348; 0.049348 0.049348 0.049348 0.23081030960570634],1
1,pluto,"[294.14378572830043, 294.14378572830043, 294.14378572830043, 294.14378572830043]","[90.4145892588845, 2088.7403991846036, 2089.6970056271653, 2999.9998695539566, 2997.148173889251, 915.593944611367]",[0.7367169104534804 0.5805959639396875 0.38330908582250456 0.3605606948326242; 0.5805959639396875 0.7367169104534804 0.38328031645672206 0.36062044915391533; 0.38330908582250456 0.38328031645672206 0.7367169104534804 0.43512936997849455; 0.3605606948326242 0.36062044915391533 0.43512936997849455 0.7367169104534804],[0.20789396145518263 0.049348 0.049348 0.049348; 0.049348 0.20789396145518263 0.049348 0.049348; 0.049348 0.049348 0.20789396145518263 0.049348; 0.049348 0.049348 0.049348 0.20789396145518263],1
10,tw2x16_lv_oh_2w_bundled,"[13.992500123056592, 13.992500123056592]",[56.95868191735995],[0.8323958223707214 0.6096293439409558; 0.6096293439409558 0.8323958223707214],[2.638672171987167 0.049348; 0.049348 2.638672171987167],1
7,abc2x16_lv_oh_2w_bundled,"[12.03001111460124, 12.03001111460124]",[99.99998327571362],[0.8371433148814856 0.5742647364933632; 0.5742647364933632 0.8371433148814856],[3.767530457540347 0.049348; 0.049348 3.767530457540347],1
