{"24":{"shunt_est":{"gs":0.7700064621986902},"shunt_true":{"gs":0.028277124183006534}},"4":{"shunt_est":{"gs":0.6263831874191355},"shunt_true":{"gs":0.16966274509803922}},"1":{"shunt_est":{"gs":0.8420587018682931},"shunt_true":{"gs":0.22621699346405227}},"12":{"shunt_est":{"gs":5.54273719313701},"shunt_true":{"gs":0.16966274509803922}},"29":{"shunt_est":{"gs":0.7572936178568554},"shunt_true":{"gs":0.05655424836601307}},"20":{"shunt_est":{"gs":0.6797337039682675},"shunt_true":{"gs":0.08483137254901961}},"2":{"shunt_est":{"gs":1.9073247500800565},"shunt_true":{"gs":0.05655424836601307}},"6":{"shunt_est":{"gs":8.225926428565666},"shunt_true":{"gs":0.16966274509803922}},"25":{"shunt_est":{"gs":1.319335531269773},"shunt_true":{"gs":0.14138562091503268}},"23":{"shunt_est":{"gs":1.2549492095448014},"shunt_true":{"gs":0.19793986928104573}},"22":{"shunt_est":{"gs":0.7497032970097848},"shunt_true":{"gs":0.19793986928104573}},"11":{"shunt_est":{"gs":1.9182757126049337},"shunt_true":{"gs":0.11310849673202614}},"13":{"shunt_est":{"gs":0.8210626314618417},"shunt_true":{"gs":0.08483137254901961}},"5":{"shunt_est":{"gs":0.6685150813170525},"shunt_true":{"gs":0.22621699346405227}},"15":{"shunt_est":{"gs":0.9104954749397978},"shunt_true":{"gs":0.05655424836601307}},"27":{"shunt_est":{"gs":0.5768535531580344},"shunt_true":{"gs":0.14138562091503268}},"28":{"shunt_est":{"gs":1.0804183811038},"shunt_true":{"gs":0.11310849673202614}},"16":{"shunt_est":{"gs":0.77280803870215},"shunt_true":{"gs":0.14138562091503268}},"14":{"shunt_est":{"gs":0.6605383735777759},"shunt_true":{"gs":0.028277124183006534}},"21":{"shunt_est":{"gs":6.441411766075304},"shunt_true":{"gs":0.028277124183006534}},"7":{"shunt_est":{"gs":0.9508617819392523},"shunt_true":{"gs":0.05655424836601307}},"8":{"shunt_est":{"gs":0.8530680601217882},"shunt_true":{"gs":0.19793986928104573}},"26":{"shunt_est":{"gs":1.2282237389572344},"shunt_true":{"gs":0.14138562091503268}},"17":{"shunt_est":{"gs":1.6079447085648275},"shunt_true":{"gs":0.11310849673202614}},"10":{"shunt_est":{"gs":3.1424177401141478},"shunt_true":{"gs":0.05655424836601307}}}