{"24":{"Xc_est":0.199658159094038,"Zc_est":0.20723176212005331,"Rc_est":0.05551236563651543},"4":{"Xc_est":0.04852319015018902,"Zc_est":0.05142503400517898,"Rc_est":0.017030388723761204},"1":{"Xc_est":0.2267759640856893,"Zc_est":0.2354585574356124,"Rc_est":0.06335135659688536},"12":{"Xc_est":0.1172074447502391,"Zc_est":0.12290079742003208,"Rc_est":0.03697324575418573},"29":{"Xc_est":0.21984960943911708,"Zc_est":0.22818496665694338,"Rc_est":0.06111078659040514},"20":{"Xc_est":0.069298598288466,"Zc_est":0.07157830952129543,"Rc_est":0.017920900345132988},"2":{"Xc_est":0.24243827489511108,"Zc_est":0.25153154704091185,"Rc_est":0.06702090735492172},"6":{"Xc_est":0.08831339131223774,"Zc_est":0.09150872827465349,"Rc_est":0.023970654254232147},"25":{"Xc_est":0.1850756674357054,"Zc_est":0.1922157063704027,"Rc_est":0.0519025538745547},"23":{"Xc_est":0.21880276001666818,"Zc_est":0.22812815812072054,"Rc_est":0.06455856826665833},"22":{"Xc_est":0.20061690950986016,"Zc_est":0.2083557091272834,"Rc_est":0.05625795183479139},"11":{"Xc_est":0.23669491118352104,"Zc_est":0.24561591835444377,"Rc_est":0.06559495688634813},"13":{"Xc_est":0.25030393757954,"Zc_est":0.2595831969111915,"Rc_est":0.06878499073789406},"5":{"Xc_est":0.08861285901651131,"Zc_est":0.09360493646232404,"Rc_est":0.030160327369503345},"15":{"Xc_est":0.14835636383147147,"Zc_est":0.15451727913042343,"Rc_est":0.04319697744719243},"27":{"Xc_est":0.11720393474758943,"Zc_est":0.12289669503786141,"Rc_est":0.03697073614241278},"28":{"Xc_est":0.1496548326557217,"Zc_est":0.15586184054326666,"Rc_est":0.04354703664226327},"16":{"Xc_est":0.23400553422910395,"Zc_est":0.24289641969212253,"Rc_est":0.06511590166313748},"14":{"Xc_est":0.07787104327655658,"Zc_est":0.08160150794634934,"Rc_est":0.024390709668616964},"21":{"Xc_est":0.06981811455606499,"Zc_est":0.07203150358033651,"Rc_est":0.017719153136654658},"7":{"Xc_est":0.02580100247685344,"Zc_est":0.026571673302584184,"Rc_est":0.006353116816859872},"8":{"Xc_est":0.20112110785836154,"Zc_est":0.2087931785009391,"Rc_est":0.05607933097274174},"26":{"Xc_est":0.10987739932887194,"Zc_est":0.11380140129795804,"Rc_est":0.029626273037668772},"17":{"Xc_est":0.19024313144370494,"Zc_est":0.19752249885227088,"Rc_est":0.05312897976941167},"10":{"Xc_est":0.2047557813943422,"Zc_est":0.21271105170199256,"Rc_est":0.05762865174338285},"19":{"Xc_est":0.0590648980066294,"Zc_est":0.06073302113143531,"Rc_est":0.014136395552538625},"9":{"Xc_est":0.1084680965985937,"Zc_est":0.11398725907926413,"Rc_est":0.035039509880725024},"18":{"Xc_est":0.0959444499208893,"Zc_est":0.09950716045180144,"Rc_est":0.02638820779360588},"30":{"Xc_est":0.26094161382383485,"Zc_est":0.2729056025089621,"Rc_est":0.07991834617778502},"3":{"Xc_est":0.03538986569954126,"Zc_est":0.036377552148185145,"Rc_est":0.008419246169483526}}