{"24":{"shunt_est":{"gs":9.880276715660186},"shunt_true":{"gs":0.028277124183006534}},"4":{"shunt_est":{"gs":0.9678827264711339},"shunt_true":{"gs":0.16966274509803922}},"1":{"shunt_est":{"gs":10.080967597585188},"shunt_true":{"gs":0.22621699346405227}},"12":{"shunt_est":{"gs":9.844729521355495},"shunt_true":{"gs":0.16966274509803922}},"29":{"shunt_est":{"gs":10.300611596137397},"shunt_true":{"gs":0.05655424836601307}},"20":{"shunt_est":{"gs":0.9756080430621952},"shunt_true":{"gs":0.08483137254901961}},"2":{"shunt_est":{"gs":10.312014247089468},"shunt_true":{"gs":0.05655424836601307}},"6":{"shunt_est":{"gs":9.562159551150259},"shunt_true":{"gs":0.16966274509803922}},"25":{"shunt_est":{"gs":10.016949011888132},"shunt_true":{"gs":0.14138562091503268}},"23":{"shunt_est":{"gs":10.283800491634455},"shunt_true":{"gs":0.19793986928104573}},"22":{"shunt_est":{"gs":10.208884783891715},"shunt_true":{"gs":0.19793986928104573}},"11":{"shunt_est":{"gs":10.295823899363109},"shunt_true":{"gs":0.11310849673202614}},"13":{"shunt_est":{"gs":10.377601177007522},"shunt_true":{"gs":0.08483137254901961}},"5":{"shunt_est":{"gs":0.9880451926000303},"shunt_true":{"gs":0.22621699346405227}},"15":{"shunt_est":{"gs":9.95122749274442},"shunt_true":{"gs":0.05655424836601307}},"27":{"shunt_est":{"gs":0.9917670005233066},"shunt_true":{"gs":0.14138562091503268}},"28":{"shunt_est":{"gs":10.017083790041353},"shunt_true":{"gs":0.11310849673202614}},"16":{"shunt_est":{"gs":1.0158712580691018},"shunt_true":{"gs":0.14138562091503268}},"14":{"shunt_est":{"gs":0.9728835133179565},"shunt_true":{"gs":0.028277124183006534}},"21":{"shunt_est":{"gs":0.9692338013150633},"shunt_true":{"gs":0.028277124183006534}},"7":{"shunt_est":{"gs":0.9686238249192165},"shunt_true":{"gs":0.05655424836601307}},"8":{"shunt_est":{"gs":10.011286233352472},"shunt_true":{"gs":0.19793986928104573}},"26":{"shunt_est":{"gs":0.9969361052075606},"shunt_true":{"gs":0.14138562091503268}},"17":{"shunt_est":{"gs":10.069666435274616},"shunt_true":{"gs":0.11310849673202614}},"10":{"shunt_est":{"gs":10.254139848757216},"shunt_true":{"gs":0.05655424836601307}}}