{"24":{"Xc_est":0.19250105199696235,"Zc_est":0.22183763803738116,"Rc_est":0.11025099831777915},"4":{"Xc_est":0.044323403089475785,"Zc_est":0.06817719987599478,"Rc_est":0.05180315165604495},"1":{"Xc_est":0.21835926433579675,"Zc_est":0.23912501007745987,"Rc_est":0.0974679543402596},"12":{"Xc_est":0.1140232621409942,"Zc_est":0.1351263246351069,"Rc_est":0.07251082195175021},"29":{"Xc_est":0.21181773251162497,"Zc_est":0.23026489463135077,"Rc_est":0.09030597927723705},"20":{"Xc_est":0.06335008248501804,"Zc_est":0.08065830276975763,"Rc_est":0.04992523264682202},"2":{"Xc_est":0.2331323503091927,"Zc_est":0.2562610943543811,"Rc_est":0.10639105093482663},"6":{"Xc_est":0.0842532178600869,"Zc_est":0.10122954476580442,"Rc_est":0.056114312022092334},"25":{"Xc_est":0.17692936386446742,"Zc_est":0.1936056998443016,"Rc_est":0.07860767910781165},"23":{"Xc_est":0.21146031451309258,"Zc_est":0.23120204890554708,"Rc_est":0.09348220581558263},"22":{"Xc_est":0.19291791705147995,"Zc_est":0.21008705590036514,"Rc_est":0.08318201931548336},"11":{"Xc_est":0.22635854490017215,"Zc_est":0.24522159785347314,"Rc_est":0.09431564665784387},"13":{"Xc_est":0.24336713178794428,"Zc_est":0.26559857749835386,"Rc_est":0.10637219342694049},"5":{"Xc_est":0.08364457129547093,"Zc_est":0.11423822224350666,"Rc_est":0.07780717906564727},"15":{"Xc_est":0.14322874691177928,"Zc_est":0.1493475732485638,"Rc_est":0.04231103512461735},"27":{"Xc_est":0.1107506248331609,"Zc_est":0.12655437658542554,"Rc_est":0.06123976920261984},"28":{"Xc_est":0.14469923093331627,"Zc_est":0.15253479770327857,"Rc_est":0.048259683771103644},"16":{"Xc_est":0.22606979948552375,"Zc_est":0.2517054137148621,"Rc_est":0.11067095849383876},"14":{"Xc_est":0.07139600726536444,"Zc_est":0.08642634171799893,"Rc_est":0.048704442192887804},"21":{"Xc_est":0.06086075383171656,"Zc_est":0.09246165296129495,"Rc_est":0.06960693867259313},"7":{"Xc_est":0.028171052489485055,"Zc_est":0.059598283473025544,"Rc_est":0.05251996948367152},"8":{"Xc_est":0.19413084031873257,"Zc_est":0.22105550341942612,"Rc_est":0.10572961945055258},"26":{"Xc_est":0.10468533453355001,"Zc_est":0.12663126233304833,"Rc_est":0.07124926198677445},"17":{"Xc_est":0.18193843144229763,"Zc_est":0.19981861167380582,"Rc_est":0.08261891269899152},"10":{"Xc_est":0.19910434163393406,"Zc_est":0.21696129433717992,"Rc_est":0.08619550094397097},"19":{"Xc_est":0.05733311185011824,"Zc_est":0.09518804999356588,"Rc_est":0.07598472969721895},"9":{"Xc_est":0.10316604544188801,"Zc_est":0.1266597835062097,"Rc_est":0.07348107120695925},"18":{"Xc_est":0.08936361673662918,"Zc_est":0.10912886287656177,"Rc_est":0.06263587403780899},"30":{"Xc_est":0.25586786374642057,"Zc_est":0.29362124416680657,"Rc_est":0.1440314942222936},"3":{"Xc_est":0.0324356532857629,"Zc_est":0.05003507591070008,"Rc_est":0.03809773244322158}}