linecode_id,linecode_name,A_p_est,dist_est,x_est,r_est,scenario_id
12,tw2x16_lv_oh_2w_bundled,"[37.2782931146779, 6.000000829782179]",[1998.0716919889494],[0.8016116068446881 0.3860974847205666; 0.3860974847205666 0.8589976933749994],[1.021257273949516 0.049348; 0.049348 6.087866964084736],1
2,pluto,"[299.99999990776024, 299.99999990776024, 299.99999990776024, 300.00000238137306]","[60.484013408978406, 218.87138246490804, 226.1089447417523, 2011.940435317483, 1951.7228070752096, 1999.9998964663428]",[0.7360975829908674 0.605856096194568 0.5250475359228106 0.38566287039643143; 0.605856096194568 0.7360975829908674 0.5230034427685066 0.3875721572975614; 0.5250475359228106 0.5230034427685066 0.7360975829908674 0.3860368790258278; 0.38566287039643143 0.3875721572975614 0.3860368790258278 0.7360975827318306],[0.2047990310956646 0.049348 0.049348 0.049348; 0.049348 0.2047990310956646 0.049348 0.049348; 0.049348 0.049348 0.2047990310956646 0.049348; 0.049348 0.049348 0.049348 0.2047990298139124],1
6,hydrogen,"[300.00000273323064, 300.00000273323064, 300.00000273323064, 121.499850561702]","[1999.9991004927542, 318.4288758495251, 1681.5715448701712, 33.14292637143011, 2000.2571256728165, 320.04549091932506]",[0.736097582694984 0.38603690403214036 0.5014908843253025 0.6436526718171542; 0.38603690403214036 0.736097582694984 0.39693309948972477 0.38602879843228893; 0.5014908843253025 0.39693309948972477 0.736097582694984 0.5011727027962712; 0.6436526718171542 0.38602879843228893 0.5011727027962712 0.7644935453654625],[0.12950573582604497 0.049348 0.049348 0.049348; 0.049348 0.12950573582604497 0.049348 0.049348; 0.049348 0.049348 0.12950573582604497 0.049348; 0.049348 0.049348 0.049348 0.24726858060755372],1
9,abc2x16_lv_oh_2w_bundled,"[27.349954959545858, 6.000000009473755]",[11.286859184521619],[0.8113410264705464 0.7113346843527676; 0.7113346843527676 0.858997697670134],[1.6848086929513006 0.049348; 0.049348 7.504310703283207],1
