{"32":{"length_est":17.734374797567735,"length_true":20.051664},"29":{"length_est":4.145287717074715,"length_true":5.2521},"1":{"length_est":0.11113483341788342,"length_true":0.11424},"54":{"length_est":8.135908937824583,"length_true":6.4783},"2":{"length_est":10.96707396568609,"length_true":13.996288},"41":{"length_est":6.0106525443652075,"length_true":4.8591},"53":{"length_est":37.640053560381105,"length_true":29.465251},"51":{"length_est":9.41310981782557,"length_true":11.830480000000001},"27":{"length_est":12.953217144325913,"length_true":10.68714},"42":{"length_est":5.246280042458634,"length_true":4.212621},"33":{"length_est":1.9944169173916861,"length_true":2.52},"28":{"length_est":10.799102420646683,"length_true":12.29249},"52":{"length_est":7.257743894436438,"length_true":9.6487},"50":{"length_est":2.8623292287177318,"length_true":4.0781},"26":{"length_est":19.50000992497144,"length_true":15.0},"10":{"length_est":6.104751132236652,"length_true":7.8779},"24":{"length_est":13.511900090451384,"length_true":10.4189},"25":{"length_est":18.964321779193213,"length_true":14.588000000000001},"23":{"length_est":5.17005433467252,"length_true":4.1401},"49":{"length_est":15.244125834068338,"length_true":12.21679},"5":{"length_est":15.809098371904621,"length_true":13.029240000000001},"31":{"length_est":3.080955987444552,"length_true":4.39},"43":{"length_est":9.367681812592451,"length_true":11.91334},"39":{"length_est":39.83602905798052,"length_true":50.1819},"34":{"length_est":9.86713536247645,"length_true":12.41835},"44":{"length_est":10.131988949818503,"length_true":12.809479999999999},"55":{"length_est":14.60218452951046,"length_true":12.23632},"17":{"length_est":22.652829245442263,"length_true":17.4341},"37":{"length_est":19.560494406220293,"length_true":16.546871},"47":{"length_est":6.438733246464388,"length_true":8.2743},"9":{"length_est":19.713334676752208,"length_true":15.2031},"12":{"length_est":15.513060259036703,"length_true":13.3844},"20":{"length_est":17.46604560921118,"length_true":13.610299999999999},"6":{"length_est":9.797383653962312,"length_true":12.467600000000001},"14":{"length_est":6.421427974164544,"length_true":8.0963},"7":{"length_est":12.008779381820831,"length_true":15.370700000000001},"57":{"length_est":14.25611159675057,"length_true":11.8907},"8":{"length_est":18.953499929986233,"length_true":14.8117},"19":{"length_est":7.30995886864876,"length_true":5.8071},"4":{"length_est":9.670060925195127,"length_true":11.83921},"22":{"length_est":16.628513517252557,"length_true":13.298119999999997},"11":{"length_est":15.123304481093664,"length_true":12.431809},"35":{"length_est":13.97088980946341,"length_true":11.80815},"13":{"length_est":12.756594442260644,"length_true":12.8793},"15":{"length_est":7.867023718624119,"length_true":6.1064},"16":{"length_est":34.33242426885326,"length_true":27.150599999999997},"40":{"length_est":25.558865345081315,"length_true":19.7451},"46":{"length_est":9.476436297113217,"length_true":7.2907},"21":{"length_est":13.778281986668977,"length_true":10.637540000000001},"38":{"length_est":12.83660368426243,"length_true":9.87563},"45":{"length_est":6.255911480049788,"length_true":4.8936},"56":{"length_est":6.354686081039611,"length_true":4.9858},"36":{"length_est":71.2742279780104,"length_true":59.543393},"48":{"length_est":15.141283520425047,"length_true":11.9463},"18":{"length_est":15.808856541558432,"length_true":20.456400000000002},"30":{"length_est":23.03314861472767,"length_true":17.905369999999998},"3":{"length_est":11.390930224019934,"length_true":14.754960000000002}}