{"32":{"length_est":19.996934054967024,"length_true":20.051664},"29":{"length_est":5.2366662959579156,"length_true":5.2521},"1":{"length_est":0.1141499945146658,"length_true":0.11424},"54":{"length_est":6.417508313610941,"length_true":6.4783},"2":{"length_est":13.936474919004404,"length_true":13.996288},"41":{"length_est":4.821410741426295,"length_true":4.8591},"53":{"length_est":31.836439504631276,"length_true":29.465251},"51":{"length_est":11.677946449375453,"length_true":11.830480000000001},"27":{"length_est":10.741272294698941,"length_true":10.68714},"42":{"length_est":4.053569992852045,"length_true":4.212621},"33":{"length_est":2.505164995050215,"length_true":2.52},"28":{"length_est":12.162474188065454,"length_true":12.29249},"52":{"length_est":9.975325330159936,"length_true":9.6487},"50":{"length_est":4.071527489597151,"length_true":4.0781},"26":{"length_est":15.683198158236829,"length_true":15.0},"10":{"length_est":8.464503420687466,"length_true":7.8779},"24":{"length_est":9.938020767907329,"length_true":10.4189},"25":{"length_est":14.549022029282888,"length_true":14.588000000000001},"23":{"length_est":4.128195677946808,"length_true":4.1401},"49":{"length_est":11.949307693766785,"length_true":12.21679},"5":{"length_est":12.771250210843753,"length_true":13.029240000000001},"31":{"length_est":4.401747315580697,"length_true":4.39},"43":{"length_est":11.606108225783181,"length_true":11.91334},"39":{"length_est":55.08974237566687,"length_true":50.1819},"34":{"length_est":12.118850845008216,"length_true":12.41835},"44":{"length_est":12.600251408485738,"length_true":12.809479999999999},"55":{"length_est":11.551093358610963,"length_true":12.23632},"17":{"length_est":17.36859670218339,"length_true":17.4341},"37":{"length_est":16.206590104881716,"length_true":16.546871},"47":{"length_est":7.856429819758464,"length_true":8.2743},"9":{"length_est":14.714693241290549,"length_true":15.2031},"12":{"length_est":13.099919093550183,"length_true":13.3844},"20":{"length_est":16.825739807218294,"length_true":13.610299999999999},"6":{"length_est":12.489391796386412,"length_true":12.467600000000001},"14":{"length_est":7.1952591871840665,"length_true":8.0963},"7":{"length_est":15.327730643303356,"length_true":15.370700000000001},"57":{"length_est":11.739731152493293,"length_true":11.8907},"8":{"length_est":12.016307530086834,"length_true":14.8117},"19":{"length_est":5.758067491839044,"length_true":5.8071},"4":{"length_est":11.762138338633964,"length_true":11.83921},"22":{"length_est":11.511410000404265,"length_true":13.298119999999997},"11":{"length_est":12.452239444829734,"length_true":12.431809},"35":{"length_est":11.649315762290193,"length_true":11.80815},"13":{"length_est":12.804512689428075,"length_true":12.8793},"15":{"length_est":5.922112906738638,"length_true":6.1064},"16":{"length_est":26.279041501554197,"length_true":27.150599999999997},"40":{"length_est":23.223729228520085,"length_true":19.7451},"46":{"length_est":6.842155738895885,"length_true":7.2907},"21":{"length_est":10.487314459138075,"length_true":10.637540000000001},"38":{"length_est":9.30529958946749,"length_true":9.87563},"45":{"length_est":4.775779541784598,"length_true":4.8936},"56":{"length_est":4.880958872004928,"length_true":4.9858},"36":{"length_est":45.58179057596903,"length_true":59.543393},"48":{"length_est":10.741564548167844,"length_true":11.9463},"18":{"length_est":19.862252448301994,"length_true":20.456400000000002},"30":{"length_est":17.398563694227175,"length_true":17.905369999999998},"3":{"length_est":14.12138891216567,"length_true":14.754960000000002}}