{"24":{"shunt_est":{"gs":1.733542813247645},"shunt_true":{"gs":0.1733542899408284}},"4":{"shunt_est":{"gs":2.912245783669905e-6},"shunt_true":{"gs":1.0401257396449703}},"1":{"shunt_est":{"gs":1.9845164789490865e-6},"shunt_true":{"gs":1.3868343195266273}},"12":{"shunt_est":{"gs":1.733542766549652},"shunt_true":{"gs":1.0401257396449703}},"29":{"shunt_est":{"gs":1.7335427573330182},"shunt_true":{"gs":0.3467085798816568}},"20":{"shunt_est":{"gs":1.7335425190021145},"shunt_true":{"gs":0.5200628698224852}},"2":{"shunt_est":{"gs":1.2787626475490176e-7},"shunt_true":{"gs":0.3467085798816568}},"6":{"shunt_est":{"gs":1.7335427468979598},"shunt_true":{"gs":1.0401257396449703}},"25":{"shunt_est":{"gs":1.7335428199943723},"shunt_true":{"gs":0.866771449704142}},"23":{"shunt_est":{"gs":1.733541330590881},"shunt_true":{"gs":1.2134800295857988}},"22":{"shunt_est":{"gs":1.9827365595351236e-7},"shunt_true":{"gs":1.2134800295857988}},"11":{"shunt_est":{"gs":1.7335401131506805},"shunt_true":{"gs":0.6934171597633136}},"13":{"shunt_est":{"gs":1.733542807853015},"shunt_true":{"gs":0.5200628698224852}},"5":{"shunt_est":{"gs":1.3129116454701297e-7},"shunt_true":{"gs":1.3868343195266273}},"15":{"shunt_est":{"gs":1.7335424138085667},"shunt_true":{"gs":0.3467085798816568}},"27":{"shunt_est":{"gs":1.7335421830841102},"shunt_true":{"gs":0.866771449704142}},"28":{"shunt_est":{"gs":1.7335425505496205},"shunt_true":{"gs":0.6934171597633136}},"16":{"shunt_est":{"gs":1.267620465350102e-7},"shunt_true":{"gs":0.866771449704142}},"14":{"shunt_est":{"gs":3.4513829840682823e-7},"shunt_true":{"gs":0.1733542899408284}},"21":{"shunt_est":{"gs":1.7335423054302062},"shunt_true":{"gs":0.1733542899408284}},"7":{"shunt_est":{"gs":1.7335421235550916},"shunt_true":{"gs":0.3467085798816568}},"8":{"shunt_est":{"gs":1.7335428167967597},"shunt_true":{"gs":1.2134800295857988}},"26":{"shunt_est":{"gs":1.7335421450751185},"shunt_true":{"gs":0.866771449704142}},"17":{"shunt_est":{"gs":1.7335427245202182},"shunt_true":{"gs":0.6934171597633136}},"10":{"shunt_est":{"gs":1.7335427434019828},"shunt_true":{"gs":0.3467085798816568}}}