linecode_id,linecode_name,A_p_est,dist_est,x_est,r_est,scenario_id
4,hydrogen,"[126.87012183425007, 126.87012183425007, 126.87012183425007, 126.87012183425007]","[311.17833353072706, 242.27449908209923, 72.62362628419487, 544.3040462144833, 466.38777044085975, 487.4114884595353]",[0.7631347761081607 0.5029380920716658 0.5186646143477729 0.4678060925049709; 0.5029380920716658 0.7631347761081607 0.5943634189940427 0.47751304498545116; 0.5186646143477729 0.5943634189940427 0.7631347761081607 0.4747427005301375; 0.4678060925049709 0.47751304498545116 0.4747427005301375 0.7631347761081607],[0.23889082237010684 0.049348 0.049348 0.049348; 0.049348 0.23889082237010684 0.049348 0.049348; 0.049348 0.049348 0.23889082237010684 0.049348; 0.049348 0.049348 0.049348 0.23889082237010684],1
1,pluto,"[300.0000025935063, 300.0000025935063, 300.0000025935063, 300.0000025935063]","[3.4328082468609797, 435.89792398324647, 434.91032167853217, 802.5012428450192, 799.2013757283969, 673.796134832326]",[0.736097582709616 0.7861211313305285 0.4817610735834329 0.44341311388865845; 0.7861211313305285 0.736097582709616 0.4819035918816319 0.4436720103175179; 0.4817610735834329 0.4819035918816319 0.736097582709616 0.45439651248828117; 0.44341311388865845 0.4436720103175179 0.45439651248828117 0.736097582709616],[0.20479902970399133 0.049348 0.049348 0.049348; 0.049348 0.20479902970399133 0.049348 0.049348; 0.049348 0.049348 0.20479902970399133 0.049348; 0.049348 0.049348 0.049348 0.20479902970399133],1
10,tw2x16_lv_oh_2w_bundled,"[12.38018174160785, 12.38018174160785]",[99.99995242068937],[0.8362419115052434 0.5742647558801983; 0.5742647558801983 0.8362419115052434],[2.975889754504034 0.049348; 0.049348 2.975889754504034],1
7,abc2x16_lv_oh_2w_bundled,"[11.999999882465405, 11.999999882465405]",[99.99999640543643],[0.837221786202973 0.5742647282436949; 0.5742647282436949 0.837221786202973],[3.7768293940361457 0.049348; 0.049348 3.7768293940361457],1
