{"24":{"Xc_est":0.21443152189120354,"Zc_est":0.22678515606138996,"Rc_est":0.07382837821062643},"4":{"Xc_est":0.05835306690637283,"Zc_est":0.06216765297593598,"Rc_est":0.0214414705455754},"1":{"Xc_est":0.24513564775089794,"Zc_est":0.2546940816988134,"Rc_est":0.06912010889856537},"12":{"Xc_est":0.12367602175024314,"Zc_est":0.12955075451476156,"Rc_est":0.03856993180415801},"29":{"Xc_est":0.23930391535232137,"Zc_est":0.2485072043547693,"Rc_est":0.06700348284434231},"20":{"Xc_est":0.07922256666104274,"Zc_est":0.08487812769320302,"Rc_est":0.030464429952656535},"2":{"Xc_est":0.2651325694472314,"Zc_est":0.2776701675597353,"Rc_est":0.08249510634553117},"6":{"Xc_est":0.09664476229736015,"Zc_est":0.10251297912570473,"Rc_est":0.034186266390378584},"25":{"Xc_est":0.20129057723953156,"Zc_est":0.20955127431333212,"Rc_est":0.05825667413196142},"23":{"Xc_est":0.23880303690229515,"Zc_est":0.24714113700090506,"Rc_est":0.0636541527658737},"22":{"Xc_est":0.21584418941096145,"Zc_est":0.2244596210672272,"Rc_est":0.06159064366580538},"11":{"Xc_est":0.2563012176855591,"Zc_est":0.26613757062929816,"Rc_est":0.07168606777724887},"13":{"Xc_est":0.2703037642947757,"Zc_est":0.2808280794891607,"Rc_est":0.07615960371249786},"5":{"Xc_est":0.10203654065523059,"Zc_est":0.11056983962930315,"Rc_est":0.04259382357529427},"15":{"Xc_est":0.16878790400336677,"Zc_est":0.17344154178163224,"Rc_est":0.0399075416148367},"27":{"Xc_est":0.11942429797829891,"Zc_est":0.123940705778783,"Rc_est":0.03315321404228136},"28":{"Xc_est":0.17021910146579147,"Zc_est":0.17553688035938225,"Rc_est":0.042879527311791385},"16":{"Xc_est":0.25370207632798464,"Zc_est":0.26544278905066493,"Rc_est":0.07807131820243117},"14":{"Xc_est":0.08570849849160712,"Zc_est":0.08962894301592118,"Rc_est":0.026218327796894765},"21":{"Xc_est":0.08363765898775634,"Zc_est":0.09682516856444971,"Rc_est":0.04878376027513544},"7":{"Xc_est":0.03767164934340995,"Zc_est":0.04710078893026617,"Rc_est":0.028272445129500993},"8":{"Xc_est":0.2183456483423977,"Zc_est":0.23034519097291611,"Rc_est":0.07337632352664719},"26":{"Xc_est":0.11961421289553456,"Zc_est":0.1302969332335907,"Rc_est":0.05166943858278829},"17":{"Xc_est":0.2059572995243024,"Zc_est":0.21556785534308276,"Rc_est":0.06364818166980932},"10":{"Xc_est":0.2220214489268504,"Zc_est":0.2310367418255035,"Rc_est":0.06390971983795822},"19":{"Xc_est":0.07279573483386367,"Zc_est":0.08406880435903341,"Rc_est":0.04205169266932357},"9":{"Xc_est":0.11403732809657938,"Zc_est":0.12013718257599593,"Rc_est":0.03779458212351722},"18":{"Xc_est":0.10628013711479092,"Zc_est":0.1143838906341677,"Rc_est":0.04228719536065831},"30":{"Xc_est":0.28465640623073407,"Zc_est":0.2977831772656806,"Rc_est":0.0874388417938335},"3":{"Xc_est":0.047912442744357644,"Zc_est":0.05282953141442211,"Rc_est":0.02225662193002484}}