linecode_id,linecode_name,A_p_est,dist_est,x_est,r_est,scenario_id
4,hydrogen,"[135.62796135347807, 135.62796135347807, 135.62796135347807, 135.62796135347807]","[1451.2910435136828, 1599.1493521056807, 652.7443794229173, 2816.043907989844, 1372.2661344645812, 1604.4745607113102]",[0.760985102626515 0.40618669890343667 0.4000908452152987 0.3645366544497698; 0.40618669890343667 0.760985102626515 0.45639092568485584 0.4097046656666543; 0.4000908452152987 0.45639092568485584 0.760985102626515 0.3998819606368449; 0.3645366544497698 0.4097046656666543 0.3998819606368449 0.760985102626515],[0.22665156430139174 0.049348 0.049348 0.049348; 0.049348 0.22665156430139174 0.049348 0.049348; 0.049348 0.049348 0.22665156430139174 0.049348; 0.049348 0.049348 0.049348 0.22665156430139174],1
1,pluto,"[298.7395015947678, 298.7395015947678, 298.7395015947678, 298.7395015947678]","[116.77336179967168, 2201.168802032606, 2121.5358205761704, 2467.3002147362718, 2369.166132749633, 620.1450877180857]",[0.7362271456161013 0.5645216949986426 0.38001497443377763 0.37284357943227253; 0.5645216949986426 0.7362271456161013 0.382330221973164 0.375393708632249; 0.38001497443377763 0.382330221973164 0.7362271456161013 0.45960994311697084; 0.37284357943227253 0.375393708632249 0.45960994311697084 0.7362271456161013],[0.20545493954233138 0.049348 0.049348 0.049348; 0.049348 0.20545493954233138 0.049348 0.049348; 0.049348 0.049348 0.20545493954233138 0.049348; 0.049348 0.049348 0.049348 0.20545493954233138],1
10,tw2x16_lv_oh_2w_bundled,"[13.207132791154516, 13.207132791154516]",[5.330312622385609],[0.8342060810644811 0.7584730889144093; 0.7584730889144093 0.8342060810644811],[2.792647349532523 0.049348; 0.049348 2.792647349532523],1
7,abc2x16_lv_oh_2w_bundled,"[12.039461932131525, 12.039461932131525]",[78.31369505405057],[0.8370651258619557 0.5896238634556455; 0.5896238634556455 0.8370651258619557],[3.764611733751144 0.049348; 0.049348 3.764611733751144],1
