{"32":{"shunt_est":{"gs":1.7335428685585066},"shunt_true":{"gs":0.866771449704142}},"29":{"shunt_est":{"gs":1.733542525714157},"shunt_true":{"gs":0.1733542899408284}},"1":{"shunt_est":{"gs":1.0288645946977389e-7},"shunt_true":{"gs":1.3868343195266273}},"54":{"shunt_est":{"gs":1.7335427596341917},"shunt_true":{"gs":0.5200628698224852}},"24":{"shunt_est":{"gs":9.153974390454413e-7},"shunt_true":{"gs":0.866771449704142}},"2":{"shunt_est":{"gs":1.7335428406176887},"shunt_true":{"gs":1.3868343195266273}},"25":{"shunt_est":{"gs":1.733542031358739},"shunt_true":{"gs":0.6934171597633136}},"23":{"shunt_est":{"gs":1.7335421312840902},"shunt_true":{"gs":0.866771449704142}},"41":{"shunt_est":{"gs":1.5167238200059377e-6},"shunt_true":{"gs":0.866771449704142}},"51":{"shunt_est":{"gs":1.7335428303216898},"shunt_true":{"gs":1.3868343195266273}},"53":{"shunt_est":{"gs":1.519182085027241e-7},"shunt_true":{"gs":1.2134800295857988}},"49":{"shunt_est":{"gs":1.240517402164866e-6},"shunt_true":{"gs":0.866771449704142}},"27":{"shunt_est":{"gs":1.1281387620748253e-7},"shunt_true":{"gs":1.3868343195266273}},"5":{"shunt_est":{"gs":1.733542580707235},"shunt_true":{"gs":0.1733542899408284}},"31":{"shunt_est":{"gs":1.733542623510326},"shunt_true":{"gs":0.3467085798816568}},"42":{"shunt_est":{"gs":0.9112769756136595},"shunt_true":{"gs":0.3467085798816568}},"33":{"shunt_est":{"gs":4.97047289845857e-8},"shunt_true":{"gs":0.6934171597633136}},"28":{"shunt_est":{"gs":6.940454132765653e-8},"shunt_true":{"gs":1.0401257396449703}},"43":{"shunt_est":{"gs":1.0094762750000085e-6},"shunt_true":{"gs":1.3868343195266273}},"50":{"shunt_est":{"gs":3.55429278863204e-7},"shunt_true":{"gs":0.3467085798816568}},"52":{"shunt_est":{"gs":1.7335422999022005},"shunt_true":{"gs":1.0401257396449703}},"39":{"shunt_est":{"gs":1.7335427738469187},"shunt_true":{"gs":0.866771449704142}},"34":{"shunt_est":{"gs":1.7335427906991525},"shunt_true":{"gs":1.3868343195266273}},"26":{"shunt_est":{"gs":6.014892980146336e-7},"shunt_true":{"gs":0.5200628698224852}},"10":{"shunt_est":{"gs":1.7335428457022795},"shunt_true":{"gs":0.3467085798816568}}}