{"32":{"Xc_est":0.20050703075138718,"Zc_est":0.21508324991966116,"Rc_est":0.07783145260924852},"29":{"Xc_est":0.11054512755678159,"Zc_est":0.13944537424560985,"Rc_est":0.08499874806109252},"1":{"Xc_est":0.14688100194865733,"Zc_est":0.1746630526587073,"Rc_est":0.0945153597602891},"54":{"Xc_est":0.10118589155522237,"Zc_est":0.10872410078960286,"Rc_est":0.039778705895020014},"2":{"Xc_est":0.17313642700427356,"Zc_est":0.20208737549458258,"Rc_est":0.1042261242610617},"41":{"Xc_est":0.08660871090839153,"Zc_est":0.09109993347695756,"Rc_est":0.028251178281493972},"51":{"Xc_est":0.11294052043535442,"Zc_est":0.1346223465937803,"Rc_est":0.07326400921466968},"53":{"Xc_est":0.11199027804617727,"Zc_est":0.11921364331923581,"Rc_est":0.0408664945473169},"27":{"Xc_est":0.152332144811926,"Zc_est":0.16158359183179402,"Rc_est":0.05389039623404358},"42":{"Xc_est":0.17944397769828185,"Zc_est":0.19117797746718446,"Rc_est":0.06594602289950327},"33":{"Xc_est":0.09638601956360986,"Zc_est":0.12060359154303697,"Rc_est":0.0724911134261512},"28":{"Xc_est":0.13055139570152588,"Zc_est":0.14424655014180085,"Rc_est":0.06134655905749463},"50":{"Xc_est":0.17058861979161924,"Zc_est":0.18436931688988029,"Rc_est":0.06993974412329138},"52":{"Xc_est":0.049146076301606716,"Zc_est":0.05308142053695752,"Rc_est":0.02005742731204543},"26":{"Xc_est":0.16917438990262504,"Zc_est":0.17779139929559692,"Rc_est":0.05467913189289847},"10":{"Xc_est":0.14920989655668648,"Zc_est":0.15788869228028388,"Rc_est":0.051626019791584654},"24":{"Xc_est":0.10464096276993486,"Zc_est":0.10998667400016691,"Rc_est":0.033872368801134936},"25":{"Xc_est":0.0963924363912304,"Zc_est":0.10378378424595,"Rc_est":0.03846520608254299},"23":{"Xc_est":0.08426039370974384,"Zc_est":0.08949404172419113,"Rc_est":0.03015575494014742},"49":{"Xc_est":0.14557061860958348,"Zc_est":0.15589493199370494,"Rc_est":0.05578911021825922},"5":{"Xc_est":0.08500949550981954,"Zc_est":0.09256926271629451,"Rc_est":0.03663951518517029},"31":{"Xc_est":0.1393968157442146,"Zc_est":0.14558110605826408,"Rc_est":0.041980783717327344},"43":{"Xc_est":0.13479015100842992,"Zc_est":0.14236938230462043,"Rc_est":0.04583291621666495},"39":{"Xc_est":0.06691282095324914,"Zc_est":0.08007707977951012,"Rc_est":0.043988783776008754},"34":{"Xc_est":0.11452561288308036,"Zc_est":0.12595698889420054,"Rc_est":0.052431355552270215},"44":{"Xc_est":0.22202730645543997,"Zc_est":0.23482257979359047,"Rc_est":0.07645599498443084},"55":{"Xc_est":0.09057981458066205,"Zc_est":0.1009695088405876,"Rc_est":0.04461097293315155},"17":{"Xc_est":0.13687898507157228,"Zc_est":0.1628544786955098,"Rc_est":0.08823675354954165},"37":{"Xc_est":0.17758116608166294,"Zc_est":0.19711956777043851,"Rc_est":0.08556315475180509},"47":{"Xc_est":0.20278622778016558,"Zc_est":0.2138228890803128,"Rc_est":0.06780836023192534},"9":{"Xc_est":0.0231311047647831,"Zc_est":0.03277888005189008,"Rc_est":0.02322513659414786},"12":{"Xc_est":0.1534619810274958,"Zc_est":0.163059426111596,"Rc_est":0.05511621197941264},"20":{"Xc_est":0.15567096630353905,"Zc_est":0.1678934738790614,"Rc_est":0.06288695271120616},"6":{"Xc_est":0.10702498435672751,"Zc_est":0.11306458157423811,"Rc_est":0.03645891290205695},"14":{"Xc_est":0.11456137166407199,"Zc_est":0.12603656996210982,"Rc_est":0.0525443535525956},"7":{"Xc_est":0.14232476195678886,"Zc_est":0.15368195440848978,"Rc_est":0.05798107660915341},"8":{"Xc_est":0.10059385786354245,"Zc_est":0.10807568370081326,"Rc_est":0.039512392581665445},"19":{"Xc_est":0.08578115348342821,"Zc_est":0.0942628942759961,"Rc_est":0.039077959828273424},"4":{"Xc_est":0.18739062370053222,"Zc_est":0.19663844985020684,"Rc_est":0.05959390999605442},"22":{"Xc_est":0.0731508821607178,"Zc_est":0.09050989742693329,"Rc_est":0.053300937809223986},"11":{"Xc_est":0.03596447395445411,"Zc_est":0.03863998624446924,"Rc_est":0.014128168676518695},"35":{"Xc_est":0.14596374542526083,"Zc_est":0.16017729603803094,"Rc_est":0.06596477232193441},"13":{"Xc_est":0.1713753157718671,"Zc_est":0.18456611732200828,"Rc_est":0.06852118509931193},"15":{"Xc_est":0.0210682245054702,"Zc_est":0.02289922943715221,"Rc_est":0.00897243696007073},"16":{"Xc_est":0.15867657394525128,"Zc_est":0.17440699256355446,"Rc_est":0.07238469407313222},"40":{"Xc_est":0.15227839302817645,"Zc_est":0.16080880700059674,"Rc_est":0.05167942942517258},"21":{"Xc_est":0.1891091717470419,"Zc_est":0.20217811183309964,"Rc_est":0.07151020951965636},"38":{"Xc_est":0.051161868371814676,"Zc_est":0.05758421061063998,"Rc_est":0.026427344481722927},"46":{"Xc_est":0.12796033719572608,"Zc_est":0.14320498503535392,"Rc_est":0.06429478862032305},"45":{"Xc_est":0.17979466882798043,"Zc_est":0.18895904775228792,"Rc_est":0.05813259660885849},"36":{"Xc_est":0.17070369200006663,"Zc_est":0.18461396137260574,"Rc_est":0.07030337311418534},"48":{"Xc_est":0.10631041270670798,"Zc_est":0.11338755585087239,"Rc_est":0.03943138308459557},"18":{"Xc_est":0.08867050249909816,"Zc_est":0.09530633090676581,"Rc_est":0.03494050224978697},"30":{"Xc_est":0.22390523318332067,"Zc_est":0.2372652005125325,"Rc_est":0.07849345149358032},"3":{"Xc_est":0.03355158660981024,"Zc_est":0.03853245896762323,"Rc_est":0.018948388587317143}}