linecode_id,linecode_name,A_p_est,dist_est,x_est,r_est,scenario_id
12,tw2x16_lv_oh_2w_bundled,"[9.999999910986421, 9.999999910245887]",[1999.9995797204924],[0.8429496002031514 0.38603688897671673; 0.38603688897671673 0.8429496002054778],[3.6724599117669996 0.049348; 0.049348 3.6724599120353036],1
2,pluto,"[105.12947960554024, 186.32093754576195, 124.81717627430862, 300.000002631252]","[809.7401822473573, 2157.7022778367723, 1999.999975699114, 2396.0809528093023, 1586.3407705619452, 2552.739028896239]",[0.7690400784129504 0.4428488806541254 0.3812681333963864 0.374683932233664; 0.4428488806541254 0.7510613950297731 0.386036876536651 0.40059613206398725; 0.3812681333963864 0.386036876536651 0.7636472911901143 0.37070462802713466; 0.374683932233664 0.40059613206398725 0.37070462802713466 0.7360975827056633],[0.492946783988492 0.049348 0.049348 0.049348; 0.049348 0.2996435917281524 0.049348 0.049348; 0.049348 0.049348 0.4229769403941568 0.049348; 0.049348 0.049348 0.049348 0.20479902968443262],1
6,hydrogen,"[300.00000069050515, 170.9042032879725, 204.5924140654898, 131.80648123807634]","[1698.590170713661, 1345.7506557140455, 352.8395922200108, 623.0885783158692, 1808.9227899709365, 1482.578116243242]",[0.7360975829088983 0.3963003940603783 0.4109306135128642 0.4593124194062337; 0.3963003940603783 0.753774715550276 0.49504341632303356 0.3923461922781041; 0.4109306135128642 0.49504341632303356 0.7481224559245035 0.4048465546967278; 0.4593124194062337 0.3923461922781041 0.4048465546967278 0.761935599264707],[0.12950573637184581 0.049348 0.049348 0.049348; 0.049348 0.19005443380481105 0.049348 0.049348; 0.049348 0.049348 0.16688569599299782 0.049348; 0.049348 0.049348 0.049348 0.23179214645640556],1
9,abc2x16_lv_oh_2w_bundled,"[184.2089429111344, 10.000000107672616]",[2.0000009355690667],[0.7514195369530708 0.820064926070389; 0.820064926070389 0.842949599585242],[0.2921688727732842 0.049348; 0.049348 4.522325580870854],1
