linecode_id,linecode_name,A_p_est,dist_est,x_est,r_est,scenario_id
4,hydrogen,"[20.032745764326094, 20.236901355478516, 20.040774348491, 20.04895187961533]","[1.000000304707134, 1.188809978989748, 0.9999999964831047, 1.501342585687683, 1.000000004713241, 1.0000000226853585]",[0.8211226596870158 0.8636167599658068 0.8527498094653941 0.8380843823624305; 0.8636167599658068 0.8208038021724231 0.863616779332136 0.8636167788150201; 0.8527498094653941 0.863616779332136 0.8211100739471385 0.8636167776857961; 0.8380843823624305 0.8636167788150201 0.8636167776857961 0.8210972289866801],[1.2497486465117753 0.049348 0.049348 0.049348; 0.049348 1.2376386648844737 0.049348 0.049348; 0.049348 0.049348 1.2492677510406454 0.049348; 0.049348 0.049348 0.049348 1.2487783298893675],1
1,pluto,"[20.03999624126829, 20.21833703201367, 20.03903904676898, 20.066021141403972]","[1.000004334712684, 1.1700115403352898, 1.00000002518225, 1.4956725858584021, 0.9999999935992918, 0.9999999976477213]",[0.8211112921507342 0.8636165067530854 0.8537512998234144 0.8383221241381131; 0.8636165067530854 0.8208326733881343 0.8636167775289113 0.8636167795133317; 0.8537512998234144 0.8636167775289113 0.8211127972616713 0.8636167792589609; 0.8383221241381131 0.8636167795133317 0.8636167792589609 0.8210704257673899],[2.376459679708038 0.049348 0.049348 0.049348; 0.049348 2.3559328215171393 0.049348 0.049348; 0.049348 0.049348 2.376570837657973 0.049348; 0.049348 0.049348 0.049348 2.3734415004366123],1
10,tw2x16_lv_oh_2w_bundled,"[20.00279761857795, 20.00184362993965]",[2.0213538638768016],[0.8211696720314255 0.8193976585111977; 0.8193976585111977 0.8211711583101206],[1.860650573071756 0.049348; 0.049348 1.8607369632119455],1
7,abc2x16_lv_oh_2w_bundled,"[20.00511238727511, 20.003514031556932]",[2.0213898840593556],[0.8211660377490779 0.8193965388656048; 0.8193965388656048 0.8211685348521414],[2.2852652707661236 0.049348; 0.049348 2.285443928933357],1
