linecode_id,linecode_name,A_p_est,dist_est,x_est,r_est,scenario_id
12,tw2x16_lv_oh_2w_bundled,"[15.051971290131855, 10.00000001652438]",[14.199166206176464],[0.8301028475495588 0.6969119694607974; 0.6969119694607974 0.8429495998715933],[2.456416024300388 0.049348; 0.049348 3.6724598735294163],1
2,pluto,"[197.39301608742502, 244.93191441136065, 132.78810976210937, 300.00000261374396]","[2000.0002635420294, 843.9007289750366, 1156.0998770961785, 1274.4673693993723, 2371.0164807966817, 1527.7062781831605]",[0.7492478722051136 0.3860368674937785 0.44025257228621834 0.414350158647787; 0.3860368674937785 0.742468816993632 0.42047478176636327 0.37534465521643123; 0.44025257228621834 0.42047478176636327 0.7617024956091845 0.40296254325844255; 0.414350158647787 0.37534465521643123 0.40296254325844255 0.7360975827074967],[0.2856041261727007 0.049348 0.049348 0.049348; 0.049348 0.23974911382152142 0.049348 0.049348; 0.049348 0.049348 0.40054894259876156 0.049348; 0.049348 0.049348 0.049348 0.20479902969350477],1
6,hydrogen,"[188.24609378864298, 128.0804022867697, 170.48207695857366, 122.629974466559]","[1217.5093533712886, 1250.3276599244723, 101.67273881570044, 1621.058418853362, 1036.7489955569029, 938.8982611224418]",[0.7507384555501331 0.4172229057632739 0.41555167594153225 0.39923586204599293; 0.4172229057632739 0.7628365028926581 0.5732224042894679 0.4273211018849237; 0.41555167594153225 0.5732224042894679 0.7538524077616534 0.4335501410189771; 0.39923586204599293 0.4273211018849237 0.4335501410189771 0.7642026818775295],[0.17709206354430215 0.049348 0.049348 0.049348; 0.049348 0.23709976012534342 0.049348 0.049348; 0.049348 0.049348 0.19040283342243924 0.049348; 0.049348 0.049348 0.049348 0.24544459931439305],1
9,abc2x16_lv_oh_2w_bundled,"[48.98748247580517, 10.000000150193694]",[76.76891707320586],[0.7930302132660634 0.5908756440279316; 0.5908756440279316 0.8429495994516577],[0.9624338339662113 0.049348; 0.049348 4.522325561851271],1
