{"32":{"shunt_est":{"gs":1.7335162172141525},"shunt_true":{"gs":0.866771449704142}},"29":{"shunt_est":{"gs":1.7328351041798018},"shunt_true":{"gs":0.1733542899408284}},"1":{"shunt_est":{"gs":1.994169263539546e-5},"shunt_true":{"gs":1.3868343195266273}},"54":{"shunt_est":{"gs":1.7334092906879344},"shunt_true":{"gs":0.5200628698224852}},"24":{"shunt_est":{"gs":0.0002342100296309958},"shunt_true":{"gs":0.866771449704142}},"2":{"shunt_est":{"gs":1.733488708855054},"shunt_true":{"gs":1.3868343195266273}},"25":{"shunt_est":{"gs":1.7329746295941717},"shunt_true":{"gs":0.6934171597633136}},"23":{"shunt_est":{"gs":1.7331386269599338},"shunt_true":{"gs":0.866771449704142}},"41":{"shunt_est":{"gs":0.0010589172510678943},"shunt_true":{"gs":0.866771449704142}},"51":{"shunt_est":{"gs":1.733482517900816},"shunt_true":{"gs":1.3868343195266273}},"53":{"shunt_est":{"gs":6.033537011958575e-5},"shunt_true":{"gs":1.2134800295857988}},"49":{"shunt_est":{"gs":0.0002220439784857314},"shunt_true":{"gs":0.866771449704142}},"27":{"shunt_est":{"gs":7.164364390645213e-5},"shunt_true":{"gs":1.3868343195266273}},"5":{"shunt_est":{"gs":1.73332103339962},"shunt_true":{"gs":0.1733542899408284}},"31":{"shunt_est":{"gs":1.7333424300807851},"shunt_true":{"gs":0.3467085798816568}},"42":{"shunt_est":{"gs":0.00010385616294799797},"shunt_true":{"gs":0.3467085798816568}},"33":{"shunt_est":{"gs":2.140151832000096e-5},"shunt_true":{"gs":0.6934171597633136}},"28":{"shunt_est":{"gs":3.828054034622979e-5},"shunt_true":{"gs":1.0401257396449703}},"43":{"shunt_est":{"gs":0.00019783387743706665},"shunt_true":{"gs":1.3868343195266273}},"50":{"shunt_est":{"gs":8.369941079425067e-5},"shunt_true":{"gs":0.3467085798816568}},"52":{"shunt_est":{"gs":1.7334088904274594},"shunt_true":{"gs":1.0401257396449703}},"39":{"shunt_est":{"gs":1.7334978981221518},"shunt_true":{"gs":0.866771449704142}},"34":{"shunt_est":{"gs":1.7335006270703825},"shunt_true":{"gs":1.3868343195266273}},"26":{"shunt_est":{"gs":6.123278444605144e-5},"shunt_true":{"gs":0.5200628698224852}},"10":{"shunt_est":{"gs":1.7334965482899567},"shunt_true":{"gs":0.3467085798816568}}}