linecode_id,linecode_name,A_p_est,dist_est,x_est,r_est,scenario_id
4,hydrogen,"[295.7339992762719, 142.51355148412804, 299.9998906536292, 120.58223288184418]","[492.0079725934841, 1189.1052564073693, 697.097283804934, 1455.29590191879, 963.287929310164, 266.1906455012954]",[0.7365475098880058 0.47415294624624305 0.4187061254600334 0.4060135518913054; 0.47415294624624305 0.7594819368606126 0.452260389015123 0.4319387996827066; 0.4187061254600334 0.452260389015123 0.7360975944319598 0.51274952269355; 0.4060135518913054 0.4319387996827066 0.51274952269355 0.7647317125214894],[0.13066202214744438 0.049348 0.049348 0.049348; 0.049348 0.21808508301053223 0.049348 0.049348; 0.049348 0.049348 0.1295057657728795 0.049348; 0.049348 0.049348 0.049348 0.24877473470366487],1
1,pluto,"[84.20599367800364, 299.9905865404671, 141.59761657857135, 299.99993127458623]","[299.2779366001003, 25.069216275161967, 300.2418301997684, 2999.9284143316195, 2808.7282732080853, 2981.271930197937]",[0.7760121253116733 0.50538812990942 0.6611946537765316 0.360562191408689; 0.50538812990942 0.7360985687606512 0.5051860901496236 0.36470009439328493; 0.6611946537765316 0.5051860901496236 0.759684495765132 0.3609541622323494; 0.360562191408689 0.36470009439328493 0.3609541622323494 0.7360975901781333],[0.6031721077314516 0.049348 0.049348 0.049348; 0.049348 0.20480390897422965 0.049348 0.049348; 0.049348 0.049348 0.3786989484213887 0.049348; 0.049348 0.049348 0.049348 0.20479906665933165],1
10,tw2x16_lv_oh_2w_bundled,"[10.0000025665802, 10.000002416925826]",[99.99607336476768],[0.8429495918603378 0.5742671932170478; 0.5742671932170478 0.842949592330492],[3.6724589496159012 0.049348; 0.049348 3.6724590038373286],1
7,abc2x16_lv_oh_2w_bundled,"[299.9002144381135, 10.182197488852735]",[2.0003865610946363],[0.7361080325251729 0.8200528124323389; 0.8200528124323389 0.8423823601759267],[0.19849686397840852 0.049348; 0.049348 4.442287376720496],1
