linecode_id,linecode_name,A_p_est,dist_est,x_est,r_est,scenario_id
4,hydrogen,"[168.8100430665974, 160.3814081430431, 300.00000150969237, 131.91671862735186]","[656.4359851466712, 1362.6650841810936, 706.2290990344228, 1851.947927680168, 1195.5119425334983, 489.28284349907585]",[0.7541620467946855 0.45603657942077097 0.41014581436205233 0.3908692322107568; 0.45603657942077097 0.7557711522559497 0.4514426486513851 0.4183685065991016; 0.41014581436205233 0.4514426486513851 0.7360975828231131 0.4745019268922023; 0.3908692322107568 0.4183685065991016 0.4745019268922023 0.7619093352270723],[0.19179995682709555 0.049348 0.049348 0.049348; 0.049348 0.19928633291110295 0.049348 0.049348; 0.049348 0.049348 0.12950573615296518 0.049348; 0.049348 0.049348 0.049348 0.23163968536881008],1
1,pluto,"[174.2505169140047, 203.61071236767617, 106.47491215078065, 300.00000280005105]","[385.7393465406378, 2000.0002099320886, 2036.6698558237972, 2419.062542318294, 2157.243638362261, 1775.0653355885047]",[0.7531655331938225 0.48944204828551074 0.3860368691779882 0.37408416186422383; 0.48944204828551074 0.7482735630474054 0.38489528934436024 0.3812814903357922; 0.3860368691779882 0.38489528934436024 0.7686405717855206 0.3935333585219411; 0.37408416186422383 0.3812814903357922 0.3935333585219411 0.7360975826879866],[0.31698169280204697 0.049348 0.049348 0.049348; 0.049348 0.27838953112606135 0.049348 0.049348; 0.049348 0.049348 0.4873414049470704 0.049348; 0.049348 0.049348 0.049348 0.204799029596966],1
10,tw2x16_lv_oh_2w_bundled,"[14.039274507526294, 9.999999995045053]",[2.0000039203972277],[0.8322909795315265 0.8200648322991414; 0.8200648322991414 0.8429495999390727],[2.630045369777958 0.049348; 0.049348 3.6724598813116165],1
7,abc2x16_lv_oh_2w_bundled,"[55.43867923504629, 10.000000157527689]",[2.0000017368858316],[0.7891436542824344 0.8200649008962384; 0.8200649008962384 0.8429495994286174],[0.8561813681017643 0.049348; 0.049348 4.522325558570792],1
