linecode_id,linecode_name,A_p_est,dist_est,x_est,r_est,scenario_id
4,hydrogen,"[130.83736618300952, 109.4886604578365, 300.00000153688796, 300.00000135945226]","[3.225760735796549, 8.872006974218827, 5.648496109495654, 1079.0217859567804, 1078.0260782451614, 1076.0535288018523]",[0.7621674406502364 0.7900299004726928 0.7264607412083541 0.4248100193936579; 0.7900299004726928 0.7677637010952771 0.7548301244510791 0.42486802674010427; 0.7264607412083541 0.7548301244510791 0.736097582820265 0.42498310072424106; 0.4248100193936579 0.42486802674010427 0.42498310072424106 0.7360975828388461],[0.23314351399152092 0.049348 0.049348 0.049348; 0.049348 0.26898098177498087 0.049348 0.049348; 0.049348 0.049348 0.1295057361456987 0.049348; 0.049348 0.049348 0.049348 0.12950573619310818],1
1,pluto,"[151.68000820130146, 299.9999996461462, 99.27418694871488, 299.9999986002469]","[28.036439214344025, 603.3862108162127, 603.990795647046, 1562.477471628171, 1562.7109819870836, 959.091767338463]",[0.7575235897286245 0.6541659888922259 0.4613312879055345 0.4015484941180405; 0.6541659888922259 0.7360975830182636 0.461268362610349 0.4015391046536186; 0.4613312879055345 0.461268362610349 0.7708404396008546 0.4322130989464791; 0.4015484941180405 0.4015391046536186 0.4322130989464791 0.7360975831277901],[0.3568065099736333 0.049348 0.049348 0.049348; 0.049348 0.2047990312312252 0.049348 0.049348; 0.049348 0.049348 0.5191106920727384 0.049348; 0.049348 0.049348 0.049348 0.20479903177317896],1
10,tw2x16_lv_oh_2w_bundled,"[9.999999944461997, 9.999999905654665]",[99.99998278021819],[0.8429496000979845 0.5742647368046929; 0.5742647368046929 0.8429496002199016],[3.6724598996384237 0.049348; 0.049348 3.672459913698755],1
7,abc2x16_lv_oh_2w_bundled,"[56.7799665109794, 9.999999912192045]",[2.0000001190637477],[0.7883926224450422 0.8200649517217133; 0.8200649517217133 0.8429496001993637],[0.8371219110972608 0.049348; 0.049348 4.522325668308875],1
