{"32":{"Xc_est":0.2085005469392599,"Zc_est":0.23060088866652692,"Rc_est":0.09851036381935363},"29":{"Xc_est":0.11027856161543005,"Zc_est":0.15324174936890403,"Rc_est":0.10640334862058523},"1":{"Xc_est":0.14492505107874107,"Zc_est":0.19665190278173977,"Rc_est":0.13292366394853522},"54":{"Xc_est":0.10917836232636673,"Zc_est":0.11442074556522124,"Rc_est":0.03423729275853569},"2":{"Xc_est":0.17003117074325835,"Zc_est":0.22182025341442138,"Rc_est":0.14245569767655852},"41":{"Xc_est":0.08839680343864503,"Zc_est":0.09438924786478053,"Rc_est":0.033095849502747784},"51":{"Xc_est":0.11350250014620623,"Zc_est":0.14717431438054948,"Rc_est":0.0936881063633227},"53":{"Xc_est":0.11128947961197579,"Zc_est":0.11754230774206462,"Rc_est":0.03782652293068779},"27":{"Xc_est":0.1476221776240283,"Zc_est":0.16099825453244165,"Rc_est":0.06425053023931168},"42":{"Xc_est":0.18293346099731428,"Zc_est":0.2010174335780409,"Rc_est":0.08332681111050737},"33":{"Xc_est":0.09671489170950655,"Zc_est":0.13272611575634055,"Rc_est":0.09089802817104413},"28":{"Xc_est":0.1293424684430615,"Zc_est":0.14831160576971222,"Rc_est":0.07257312355856108},"50":{"Xc_est":0.16865213191310027,"Zc_est":0.19664621655951348,"Rc_est":0.10112464036196765},"52":{"Xc_est":0.050998384441696916,"Zc_est":0.05542018931544463,"Rc_est":0.021692444954329343},"26":{"Xc_est":0.17419814529615077,"Zc_est":0.18751211639188228,"Rc_est":0.06939596507826629},"10":{"Xc_est":0.15238072458597782,"Zc_est":0.16251544716310923,"Rc_est":0.05649234763468167},"24":{"Xc_est":0.10523967699464944,"Zc_est":0.11092369451600137,"Rc_est":0.035052480527646625},"25":{"Xc_est":0.09733322281859487,"Zc_est":0.10104616373412266,"Rc_est":0.027139840477218888},"23":{"Xc_est":0.08665535450614571,"Zc_est":0.09528569922936159,"Rc_est":0.039625926021262525},"49":{"Xc_est":0.15036707742291172,"Zc_est":0.16870671095102976,"Rc_est":0.07649638126870044},"5":{"Xc_est":0.08847614302835148,"Zc_est":0.09971254263414515,"Rc_est":0.04598438075469655},"31":{"Xc_est":0.13787542710065456,"Zc_est":0.14432059359444263,"Rc_est":0.042647395433535754},"43":{"Xc_est":0.13311092936100208,"Zc_est":0.13967722893453294,"Rc_est":0.04232267438950707},"39":{"Xc_est":0.06690813021106791,"Zc_est":0.08714520217242816,"Rc_est":0.05583536848031147},"34":{"Xc_est":0.11850311940546909,"Zc_est":0.138273151316334,"Rc_est":0.07124938642629093},"44":{"Xc_est":0.2255748508009625,"Zc_est":0.24379974270159027,"Rc_est":0.09248946549464496},"55":{"Xc_est":0.09448251477631132,"Zc_est":0.11560272410923092,"Rc_est":0.06661114188346476},"17":{"Xc_est":0.13570696064032745,"Zc_est":0.1744280805502683,"Rc_est":0.10958456149574855},"37":{"Xc_est":0.18170203629350357,"Zc_est":0.2149469847478999,"Rc_est":0.11483281873666701},"47":{"Xc_est":0.21014472647252422,"Zc_est":0.2228020521068206,"Rc_est":0.07402667329279614},"9":{"Xc_est":0.020729132235705064,"Zc_est":0.03610691702239693,"Rc_est":0.029563702975387067},"12":{"Xc_est":0.14949013560404784,"Zc_est":0.16291228334594024,"Rc_est":0.0647542386417392},"20":{"Xc_est":0.15225337019897733,"Zc_est":0.1737211786453482,"Rc_est":0.08365380549013979},"6":{"Xc_est":0.10679106864401541,"Zc_est":0.11252782649039227,"Rc_est":0.035470824525531075},"14":{"Xc_est":0.11850312204100141,"Zc_est":0.13827315949157168,"Rc_est":0.07124939790845353},"7":{"Xc_est":0.1410090539227905,"Zc_est":0.15619337493829094,"Rc_est":0.06717750431813535},"8":{"Xc_est":0.1048540962056171,"Zc_est":0.11670149782132766,"Rc_est":0.05123336903468811},"19":{"Xc_est":0.08925766250260142,"Zc_est":0.10201090253062338,"Rc_est":0.049389208534699594},"4":{"Xc_est":0.19057735107847726,"Zc_est":0.2030643898546476,"Rc_est":0.07011005407893459},"22":{"Xc_est":0.0771393615005603,"Zc_est":0.1059562260915485,"Rc_est":0.07263773643808857},"11":{"Xc_est":0.03314368666307742,"Zc_est":0.03376518564761467,"Rc_est":0.006448549929839134},"35":{"Xc_est":0.14465108974774227,"Zc_est":0.16439102069256345,"Rc_est":0.07810550505011432},"13":{"Xc_est":0.16708535052394982,"Zc_est":0.18283951940195928,"Rc_est":0.07424806728412711},"15":{"Xc_est":0.01847219337686182,"Zc_est":0.019279849426473688,"Rc_est":0.00552183536112044},"16":{"Xc_est":0.15298806315854818,"Zc_est":0.17592348734990068,"Rc_est":0.08685462527894956},"40":{"Xc_est":0.1549176834632381,"Zc_est":0.16343620250573718,"Rc_est":0.05207594108492228},"21":{"Xc_est":0.19216907524508317,"Zc_est":0.21176140850589895,"Rc_est":0.08896033190052613},"38":{"Xc_est":0.053039988195293056,"Zc_est":0.06122751130964871,"Rc_est":0.030587052708888673},"46":{"Xc_est":0.12819021770844619,"Zc_est":0.15246863986141068,"Rc_est":0.08254667906735993},"45":{"Xc_est":0.1842949562123284,"Zc_est":0.1962153495089053,"Rc_est":0.0673485894254499},"36":{"Xc_est":0.16896854192157795,"Zc_est":0.197629099967546,"Rc_est":0.10250313651239282},"48":{"Xc_est":0.10994417717827687,"Zc_est":0.11701922165975433,"Rc_est":0.040072136734224426},"18":{"Xc_est":0.09076907246527058,"Zc_est":0.0994906159104968,"Rc_est":0.04073521987229793},"30":{"Xc_est":0.22732656898500186,"Zc_est":0.24559981803004682,"Rc_est":0.09296182899394406},"3":{"Xc_est":0.030607494678631234,"Zc_est":0.03689542039212451,"Rc_est":0.020602264812616063}}