{"32":{"Xc_est":0.2202033650434611,"Zc_est":0.24379982030433425,"Rc_est":0.10463665898700075},"29":{"Xc_est":0.12291180312884437,"Zc_est":0.1621475208909286,"Rc_est":0.10575683043042813},"1":{"Xc_est":0.16228519647790174,"Zc_est":0.21027781845533228,"Rc_est":0.13371714900663456},"54":{"Xc_est":0.11018028957672721,"Zc_est":0.1214990080045471,"Rc_est":0.051208522092299646},"2":{"Xc_est":0.1874958546545037,"Zc_est":0.23195877287236075,"Rc_est":0.13656565014610617},"41":{"Xc_est":0.09723641812975185,"Zc_est":0.10403382402841949,"Rc_est":0.036988045788770976},"51":{"Xc_est":0.12769930672454424,"Zc_est":0.1630289843837516,"Rc_est":0.1013476038753176},"53":{"Xc_est":0.12900982384363488,"Zc_est":0.13940396657473264,"Rc_est":0.052819799778146354},"27":{"Xc_est":0.16534379068909796,"Zc_est":0.1779704193662387,"Rc_est":0.06583996544618344},"42":{"Xc_est":0.19119696918486725,"Zc_est":0.20943464603844933,"Rc_est":0.08547859343585085},"33":{"Xc_est":0.10691693359265474,"Zc_est":0.14642836250586616,"Rc_est":0.10005016070598391},"28":{"Xc_est":0.13745647579238898,"Zc_est":0.1596431775198301,"Rc_est":0.08118904723769312},"50":{"Xc_est":0.18694342377724554,"Zc_est":0.21048503498780213,"Rc_est":0.096726967595689},"52":{"Xc_est":0.05242655437638111,"Zc_est":0.058702221403724324,"Rc_est":0.02640846822426899},"26":{"Xc_est":0.18047323552412736,"Zc_est":0.19301607852467706,"Rc_est":0.06844426804705522},"10":{"Xc_est":0.16049849811327838,"Zc_est":0.17284406193243057,"Rc_est":0.06415061845909102},"24":{"Xc_est":0.11994217106274961,"Zc_est":0.12812181851241514,"Rc_est":0.04504526589645523},"25":{"Xc_est":0.10712058134903182,"Zc_est":0.1163673022605128,"Rc_est":0.045459103453928805},"23":{"Xc_est":0.09480085266088328,"Zc_est":0.10238750283434465,"Rc_est":0.03867814720772486},"49":{"Xc_est":0.15739802260301317,"Zc_est":0.17456480949496175,"Rc_est":0.07548996751008469},"5":{"Xc_est":0.08797573593274852,"Zc_est":0.0995742510934028,"Rc_est":0.0466401261565975},"31":{"Xc_est":0.14738477096353114,"Zc_est":0.15653174681364548,"Rc_est":0.05272491866810871},"43":{"Xc_est":0.14161123334773398,"Zc_est":0.15210822076186417,"Rc_est":0.055526294789708774},"39":{"Xc_est":0.07375175853856145,"Zc_est":0.09513404449298865,"Rc_est":0.06009296576192318},"34":{"Xc_est":0.11688580065395576,"Zc_est":0.13251107046572505,"Rc_est":0.062425102334366},"44":{"Xc_est":0.24172652928743218,"Zc_est":0.26030299101762405,"Rc_est":0.09657086605893853},"55":{"Xc_est":0.10320044999094244,"Zc_est":0.12415187034234285,"Rc_est":0.0690170560888314},"17":{"Xc_est":0.1438827694116219,"Zc_est":0.18673228256394842,"Rc_est":0.1190239220408415},"37":{"Xc_est":0.189297109587304,"Zc_est":0.22036346039787144,"Rc_est":0.11281249478854935},"47":{"Xc_est":0.22239754242552184,"Zc_est":0.2387618082822966,"Rc_est":0.08687079035740589},"9":{"Xc_est":0.020066364099125045,"Zc_est":0.032720130785406885,"Rc_est":0.025844689792208317},"12":{"Xc_est":0.16722382483141757,"Zc_est":0.18045929686392514,"Rc_est":0.06783620149576214},"20":{"Xc_est":0.16951116344419204,"Zc_est":0.1877894024770476,"Rc_est":0.08081352083954133},"6":{"Xc_est":0.12213998103520048,"Zc_est":0.13100739266235667,"Rc_est":0.047378918992625516},"14":{"Xc_est":0.11774579493263893,"Zc_est":0.13506584335246014,"Rc_est":0.06617182040863197},"7":{"Xc_est":0.14932627941403415,"Zc_est":0.16733204432514506,"Rc_est":0.0755094387106282},"8":{"Xc_est":0.1186773845424732,"Zc_est":0.13108295950425036,"Rc_est":0.05566345902430858},"19":{"Xc_est":0.08875727637894965,"Zc_est":0.10189387005399483,"Rc_est":0.050045046152153064},"4":{"Xc_est":0.2125897528353187,"Zc_est":0.22732255639466994,"Rc_est":0.08050553791650614},"22":{"Xc_est":0.07600608386729771,"Zc_est":0.1038468702474809,"Rc_est":0.07076190836427776},"11":{"Xc_est":0.03698303053605899,"Zc_est":0.04041797305881324,"Rc_est":0.016305459164092297},"35":{"Xc_est":0.15405723089612097,"Zc_est":0.176887355371072,"Rc_est":0.08692241424851922},"13":{"Xc_est":0.1859116551606631,"Zc_est":0.20313269412600865,"Rc_est":0.08185198774808879},"15":{"Xc_est":0.019052712050242927,"Zc_est":0.021140217192782813,"Rc_est":0.009159855156527208},"16":{"Xc_est":0.17155524033761213,"Zc_est":0.19359928328415327,"Rc_est":0.08971890548174313},"40":{"Xc_est":0.16362970128465085,"Zc_est":0.17582122911583528,"Rc_est":0.06433059509517207},"21":{"Xc_est":0.21656040604029236,"Zc_est":0.24310537961041187,"Rc_est":0.11046183110552787},"38":{"Xc_est":0.054468161429629576,"Zc_est":0.06490831190544426,"Rc_est":0.03530309256836078},"46":{"Xc_est":0.13657981748474135,"Zc_est":0.16538185882401493,"Rc_est":0.0932583116077122},"45":{"Xc_est":0.19253213320306095,"Zc_est":0.20616283336717062,"Rc_est":0.07371900396952304},"36":{"Xc_est":0.18663690753492107,"Zc_est":0.2096017362656786,"Rc_est":0.095391575054553},"48":{"Xc_est":0.12434684004840005,"Zc_est":0.13461988591179305,"Rc_est":0.051578843074285674},"18":{"Xc_est":0.09920676432183666,"Zc_est":0.10826706738720515,"Rc_est":0.04335638123064674},"30":{"Xc_est":0.2436026687886651,"Zc_est":0.26278683120489643,"Rc_est":0.09856296674588609},"3":{"Xc_est":0.03400883151342665,"Zc_est":0.042273782156648426,"Rc_est":0.025109202235816357}}