{"32":{"shunt_est":{"gs":5.833360756936892},"shunt_true":{"gs":0.14138562091503268}},"29":{"shunt_est":{"gs":5.829335149830951},"shunt_true":{"gs":0.028277124183006534}},"1":{"shunt_est":{"gs":5.898574789897529},"shunt_true":{"gs":0.22621699346405227}},"54":{"shunt_est":{"gs":5.8214382111874805},"shunt_true":{"gs":0.08483137254901961}},"24":{"shunt_est":{"gs":5.8699852142988265},"shunt_true":{"gs":0.14138562091503268}},"2":{"shunt_est":{"gs":5.821752672129053},"shunt_true":{"gs":0.22621699346405227}},"25":{"shunt_est":{"gs":5.816168904456618},"shunt_true":{"gs":0.11310849673202614}},"23":{"shunt_est":{"gs":5.934760244545785},"shunt_true":{"gs":0.14138562091503268}},"41":{"shunt_est":{"gs":5.917683488343756},"shunt_true":{"gs":0.14138562091503268}},"51":{"shunt_est":{"gs":5.822881337112905},"shunt_true":{"gs":0.22621699346405227}},"53":{"shunt_est":{"gs":5.954589469231819},"shunt_true":{"gs":0.19793986928104573}},"49":{"shunt_est":{"gs":5.832981643454957},"shunt_true":{"gs":0.14138562091503268}},"27":{"shunt_est":{"gs":5.911439480009374},"shunt_true":{"gs":0.22621699346405227}},"5":{"shunt_est":{"gs":5.782521440458896},"shunt_true":{"gs":0.028277124183006534}},"31":{"shunt_est":{"gs":5.908263156921493},"shunt_true":{"gs":0.05655424836601307}},"42":{"shunt_est":{"gs":5.977569990187734},"shunt_true":{"gs":0.05655424836601307}},"33":{"shunt_est":{"gs":5.8146765734763015},"shunt_true":{"gs":0.11310849673202614}},"28":{"shunt_est":{"gs":5.809090988041223},"shunt_true":{"gs":0.16966274509803922}},"43":{"shunt_est":{"gs":5.947894740532792},"shunt_true":{"gs":0.22621699346405227}},"50":{"shunt_est":{"gs":5.945220366415267},"shunt_true":{"gs":0.05655424836601307}},"52":{"shunt_est":{"gs":5.9216179527163275},"shunt_true":{"gs":0.16966274509803922}},"39":{"shunt_est":{"gs":5.890439679918821},"shunt_true":{"gs":0.14138562091503268}},"34":{"shunt_est":{"gs":5.901150167558782},"shunt_true":{"gs":0.22621699346405227}},"26":{"shunt_est":{"gs":5.859979361698882},"shunt_true":{"gs":0.08483137254901961}},"10":{"shunt_est":{"gs":5.776377987134644},"shunt_true":{"gs":0.05655424836601307}}}