{"32":{"shunt_est":{"gs":1.733542813445405},"shunt_true":{"gs":0.866771449704142}},"29":{"shunt_est":{"gs":1.7335417732023048},"shunt_true":{"gs":0.1733542899408284}},"1":{"shunt_est":{"gs":7.901168354642198e-8},"shunt_true":{"gs":1.3868343195266273}},"54":{"shunt_est":{"gs":1.7335424212999526},"shunt_true":{"gs":0.5200628698224852}},"24":{"shunt_est":{"gs":4.064413692848882e-7},"shunt_true":{"gs":0.866771449704142}},"2":{"shunt_est":{"gs":1.7335427779902524},"shunt_true":{"gs":1.3868343195266273}},"25":{"shunt_est":{"gs":1.7335427889579533},"shunt_true":{"gs":0.6934171597633136}},"23":{"shunt_est":{"gs":1.7335421996845635},"shunt_true":{"gs":0.866771449704142}},"41":{"shunt_est":{"gs":1.3979848413415482e-6},"shunt_true":{"gs":0.866771449704142}},"51":{"shunt_est":{"gs":1.7335427865374553},"shunt_true":{"gs":1.3868343195266273}},"53":{"shunt_est":{"gs":1.4338330821284008e-6},"shunt_true":{"gs":1.2134800295857988}},"49":{"shunt_est":{"gs":1.733541519267713},"shunt_true":{"gs":0.866771449704142}},"27":{"shunt_est":{"gs":4.152017918599425e-7},"shunt_true":{"gs":1.3868343195266273}},"5":{"shunt_est":{"gs":1.7335426384057944},"shunt_true":{"gs":0.1733542899408284}},"31":{"shunt_est":{"gs":1.733542497829484},"shunt_true":{"gs":0.3467085798816568}},"42":{"shunt_est":{"gs":1.7335408546358442},"shunt_true":{"gs":0.3467085798816568}},"33":{"shunt_est":{"gs":8.947432590619289e-8},"shunt_true":{"gs":0.6934171597633136}},"28":{"shunt_est":{"gs":1.2750444039086982e-7},"shunt_true":{"gs":1.0401257396449703}},"43":{"shunt_est":{"gs":1.7335426373200573},"shunt_true":{"gs":1.3868343195266273}},"50":{"shunt_est":{"gs":5.2668067055799535e-6},"shunt_true":{"gs":0.3467085798816568}},"52":{"shunt_est":{"gs":1.7335422123334663},"shunt_true":{"gs":1.0401257396449703}},"39":{"shunt_est":{"gs":1.733542725858467},"shunt_true":{"gs":0.866771449704142}},"34":{"shunt_est":{"gs":1.7335426551409312},"shunt_true":{"gs":1.3868343195266273}},"26":{"shunt_est":{"gs":4.988620611954713e-7},"shunt_true":{"gs":0.5200628698224852}},"10":{"shunt_est":{"gs":1.7335428103636934},"shunt_true":{"gs":0.3467085798816568}}}