{"32":{"shunt_est":{"gs":0.5768535913441009},"shunt_true":{"gs":0.14138562091503268}},"29":{"shunt_est":{"gs":11.537066518903298},"shunt_true":{"gs":0.028277124183006534}},"1":{"shunt_est":{"gs":11.537066677690964},"shunt_true":{"gs":0.22621699346405227}},"54":{"shunt_est":{"gs":0.5769947794898055},"shunt_true":{"gs":0.08483137254901961}},"24":{"shunt_est":{"gs":11.537066428656974},"shunt_true":{"gs":0.14138562091503268}},"2":{"shunt_est":{"gs":11.537066661157638},"shunt_true":{"gs":0.22621699346405227}},"25":{"shunt_est":{"gs":11.537066254890378},"shunt_true":{"gs":0.11310849673202614}},"23":{"shunt_est":{"gs":0.5768548506915705},"shunt_true":{"gs":0.14138562091503268}},"41":{"shunt_est":{"gs":0.5768536334205414},"shunt_true":{"gs":0.14138562091503268}},"51":{"shunt_est":{"gs":11.537066643125133},"shunt_true":{"gs":0.22621699346405227}},"53":{"shunt_est":{"gs":11.537066704344904},"shunt_true":{"gs":0.19793986928104573}},"49":{"shunt_est":{"gs":11.537066625624377},"shunt_true":{"gs":0.14138562091503268}},"27":{"shunt_est":{"gs":11.537066611791966},"shunt_true":{"gs":0.22621699346405227}},"5":{"shunt_est":{"gs":0.5768536965675852},"shunt_true":{"gs":0.028277124183006534}},"31":{"shunt_est":{"gs":11.53706649979839},"shunt_true":{"gs":0.05655424836601307}},"42":{"shunt_est":{"gs":11.537066674019893},"shunt_true":{"gs":0.05655424836601307}},"33":{"shunt_est":{"gs":11.537066671333267},"shunt_true":{"gs":0.11310849673202614}},"28":{"shunt_est":{"gs":9.346506703470649},"shunt_true":{"gs":0.16966274509803922}},"43":{"shunt_est":{"gs":11.537066706587453},"shunt_true":{"gs":0.22621699346405227}},"50":{"shunt_est":{"gs":11.537066606371036},"shunt_true":{"gs":0.05655424836601307}},"52":{"shunt_est":{"gs":0.5768543305537888},"shunt_true":{"gs":0.16966274509803922}},"39":{"shunt_est":{"gs":0.5768535816964424},"shunt_true":{"gs":0.14138562091503268}},"34":{"shunt_est":{"gs":0.5768535262556244},"shunt_true":{"gs":0.22621699346405227}},"26":{"shunt_est":{"gs":11.537066542781801},"shunt_true":{"gs":0.08483137254901961}},"10":{"shunt_est":{"gs":11.53706665480186},"shunt_true":{"gs":0.05655424836601307}}}