{"32":{"Xc_est":0.2054352054670349,"Zc_est":0.22410123238992777,"Rc_est":0.08954182661416711},"29":{"Xc_est":0.10648156713223633,"Zc_est":0.15013215060499832,"Rc_est":0.10583637610172103},"1":{"Xc_est":0.14328747716801501,"Zc_est":0.1915616094330681,"Rc_est":0.12713988003538823},"54":{"Xc_est":0.10534539682875284,"Zc_est":0.10972843450880745,"Rc_est":0.030703040675904403},"2":{"Xc_est":0.16821206313901008,"Zc_est":0.2149735640079897,"Rc_est":0.13385938531464625},"41":{"Xc_est":0.08394611794824607,"Zc_est":0.08801437088516001,"Rc_est":0.026449551295431462},"51":{"Xc_est":0.10828547206442822,"Zc_est":0.14037553065033076,"Rc_est":0.0893283053972585},"53":{"Xc_est":0.10620829937673806,"Zc_est":0.11151354199616932,"Rc_est":0.03398627946734682},"27":{"Xc_est":0.14595875858558768,"Zc_est":0.1568474891604173,"Rc_est":0.05742103837515788},"42":{"Xc_est":0.1799063953608269,"Zc_est":0.19484948849678205,"Rc_est":0.0748332284198099},"33":{"Xc_est":0.09115551064025534,"Zc_est":0.1267903596547205,"Rc_est":0.08812756765784283},"28":{"Xc_est":0.12661688020061454,"Zc_est":0.14402307966587344,"Rc_est":0.06863536351404978},"50":{"Xc_est":0.1666725058522287,"Zc_est":0.18980723597292254,"Rc_est":0.09081333944206374},"52":{"Xc_est":0.05462340587604104,"Zc_est":0.05940592134440802,"Rc_est":0.023352666256324532},"26":{"Xc_est":0.16971510140630158,"Zc_est":0.17994003884554638,"Rc_est":0.05979299235182591},"10":{"Xc_est":0.1495953291217622,"Zc_est":0.15779362254110196,"Rc_est":0.05020024720651686},"24":{"Xc_est":0.10022416574439609,"Zc_est":0.10485390560504113,"Rc_est":0.03081327833046488},"25":{"Xc_est":0.09251646531363371,"Zc_est":0.09614815620666457,"Rc_est":0.026175782468006184},"23":{"Xc_est":0.08212773765196184,"Zc_est":0.08795983381109033,"Rc_est":0.03149550876307859},"49":{"Xc_est":0.14728489925302754,"Zc_est":0.16249963578568713,"Rc_est":0.06865340546911344},"5":{"Xc_est":0.08777670936716478,"Zc_est":0.10382273693331831,"Rc_est":0.055447362398921236},"31":{"Xc_est":0.13512913184487968,"Zc_est":0.14041850893186328,"Rc_est":0.03817689585989005},"43":{"Xc_est":0.13048855865040146,"Zc_est":0.13607416734990327,"Rc_est":0.03858646240989469},"39":{"Xc_est":0.066752597376476,"Zc_est":0.08569228792331524,"Rc_est":0.05373322019967208},"34":{"Xc_est":0.11270419734290983,"Zc_est":0.12599445795097738,"Rc_est":0.056323772384767046},"44":{"Xc_est":0.22242673367454355,"Zc_est":0.23661912818278522,"Rc_est":0.08071530194984726},"55":{"Xc_est":0.089996199168762,"Zc_est":0.10802315947445447,"Rc_est":0.059746858645622056},"17":{"Xc_est":0.13300468386586756,"Zc_est":0.170086672423452,"Rc_est":0.10601523572498103},"37":{"Xc_est":0.17862331406051427,"Zc_est":0.20740384507600618,"Rc_est":0.1054043007962714},"47":{"Xc_est":0.20724045579114486,"Zc_est":0.2175094233476573,"Rc_est":0.06604349118958615},"9":{"Xc_est":0.01863151719213533,"Zc_est":0.027412824464899534,"Rc_est":0.02010794649541718},"12":{"Xc_est":0.14786557655389454,"Zc_est":0.15889335914115527,"Rc_est":0.05816245223118176},"20":{"Xc_est":0.15048110830227857,"Zc_est":0.16849283292141573,"Rc_est":0.07579756453872398},"6":{"Xc_est":0.1024422284639133,"Zc_est":0.1072276123521419,"Rc_est":0.03167571116942135},"14":{"Xc_est":0.11411245022555108,"Zc_est":0.1300876148963859,"Rc_est":0.06245907662583183},"7":{"Xc_est":0.1382334648446818,"Zc_est":0.15171598669489705,"Rc_est":0.06252399392105645},"8":{"Xc_est":0.09957384410579938,"Zc_est":0.10959423555362523,"Rc_est":0.0457815032144801},"19":{"Xc_est":0.08506154362640425,"Zc_est":0.09559298504053083,"Rc_est":0.043618259764145545},"4":{"Xc_est":0.18757942286536264,"Zc_est":0.19741486501294384,"Rc_est":0.061535266681605486},"22":{"Xc_est":0.07295437463161969,"Zc_est":0.09898146481526669,"Rc_est":0.06689536306116564},"11":{"Xc_est":0.033105033559597735,"Zc_est":0.03387141304487828,"Rc_est":0.007164452154537581},"35":{"Xc_est":0.1418745762943178,"Zc_est":0.15976018286982738,"Rc_est":0.07345012343017872},"13":{"Xc_est":0.16554804629231595,"Zc_est":0.17873347835941844,"Rc_est":0.06737581654610145},"15":{"Xc_est":0.01850846042630309,"Zc_est":0.019305556615213115,"Rc_est":0.005490119203730579},"16":{"Xc_est":0.1511318512711509,"Zc_est":0.17036410674355815,"Rc_est":0.07863264206349166},"40":{"Xc_est":0.15221397658387037,"Zc_est":0.1593112218459919,"Rc_est":0.04702096063021047},"21":{"Xc_est":0.1904502181529611,"Zc_est":0.2089060107519399,"Rc_est":0.08585124188839183},"38":{"Xc_est":0.05666501293578215,"Zc_est":0.0651982472596261,"Rc_est":0.03224729065696814},"46":{"Xc_est":0.12499772467968286,"Zc_est":0.1468138940895271,"Rc_est":0.07700576811274},"45":{"Xc_est":0.1804488084316,"Zc_est":0.1899039114381976,"Rc_est":0.05917535901997152},"36":{"Xc_est":0.1667771108798448,"Zc_est":0.19011745797233892,"Rc_est":0.09126906985631009},"48":{"Xc_est":0.10483360029459317,"Zc_est":0.11073208595878008,"Rc_est":0.03565825444488464},"18":{"Xc_est":0.0863270261873828,"Zc_est":0.09246533860770198,"Rc_est":0.0331282869083191},"30":{"Xc_est":0.22421488825104455,"Zc_est":0.2385372049147776,"Rc_est":0.08141057680133586},"3":{"Xc_est":0.030440570159322975,"Zc_est":0.036718533163095424,"Rc_est":0.02053344505982067}}