{"32":{"Xc_est":0.2401513272120499,"Zc_est":0.5310069372238831,"Rc_est":0.4735986775933606},"29":{"Xc_est":0.10831126050546329,"Zc_est":0.23914398247688567,"Rc_est":0.21321002603682285},"1":{"Xc_est":0.16593034862136163,"Zc_est":0.4109365458227609,"Rc_est":0.37594675700042346},"54":{"Xc_est":0.10961961932902922,"Zc_est":0.25681276347571214,"Rc_est":0.2322419741179247},"2":{"Xc_est":0.19949371472846653,"Zc_est":0.5044661202004065,"Rc_est":0.46334471423972046},"41":{"Xc_est":0.10155435989372659,"Zc_est":0.23332129274808525,"Rc_est":0.21006079509564166},"51":{"Xc_est":0.1109521299956907,"Zc_est":0.24929087797503133,"Rc_est":0.22323881089761544},"53":{"Xc_est":0.12499577394292725,"Zc_est":0.29446642299833325,"Rc_est":0.2666205745433798},"27":{"Xc_est":0.17096239473814775,"Zc_est":0.4261630164281094,"Rc_est":0.39036748860080905},"42":{"Xc_est":0.20352059772158496,"Zc_est":0.4628764885014006,"Rc_est":0.41573309936837605},"33":{"Xc_est":0.09651922125933207,"Zc_est":0.2084910486162603,"Rc_est":0.1848041051508324},"28":{"Xc_est":0.14960278181774445,"Zc_est":0.33033627635008794,"Rc_est":0.29451835790869474},"50":{"Xc_est":0.1972703172820204,"Zc_est":0.5048923887092539,"Rc_est":0.4647588042156785},"52":{"Xc_est":0.03962932291334787,"Zc_est":0.07918773462883437,"Rc_est":0.06855810733295002},"26":{"Xc_est":0.186645250455824,"Zc_est":0.4337066830135646,"Rc_est":0.3914907883627804},"10":{"Xc_est":0.16493119774101958,"Zc_est":0.3809170207486416,"Rc_est":0.34335910750660703},"24":{"Xc_est":0.11019604558296478,"Zc_est":0.25318532052035286,"Rc_est":0.22794656844285013},"25":{"Xc_est":0.09203840655470816,"Zc_est":0.20267373871935915,"Rc_est":0.1805701417326611},"23":{"Xc_est":0.08588978589585546,"Zc_est":0.22097145704739565,"Rc_est":0.20359599580643312},"49":{"Xc_est":0.1608488811557986,"Zc_est":0.3671844415456147,"Rc_est":0.3300788565541463},"5":{"Xc_est":0.09236827476214883,"Zc_est":0.20615240991079564,"Rc_est":0.1843011609553583},"31":{"Xc_est":0.16239587195961394,"Zc_est":0.3519044828335581,"Rc_est":0.31219280230144747},"43":{"Xc_est":0.14829993450017426,"Zc_est":0.3338709542530671,"Rc_est":0.29912696889631607},"39":{"Xc_est":0.06946270637950622,"Zc_est":0.16239281616956977,"Rc_est":0.14678678130512363},"34":{"Xc_est":0.11797605632704654,"Zc_est":0.2810208454076132,"Rc_est":0.25505757327930334},"44":{"Xc_est":0.24532676917851207,"Zc_est":0.5661584798536387,"Rc_est":0.5102452357784598},"55":{"Xc_est":0.10375335155194271,"Zc_est":0.2378746692498937,"Rc_est":0.21405513381483124},"17":{"Xc_est":0.14880653765207036,"Zc_est":0.3268308805373463,"Rc_est":0.2909897572506979},"37":{"Xc_est":0.1951197419396779,"Zc_est":0.45381222845164954,"Rc_est":0.40972408398536403},"47":{"Xc_est":0.23780760999174813,"Zc_est":0.5291971140370608,"Rc_est":0.47275482666511887},"9":{"Xc_est":0.019699866184307437,"Zc_est":0.04193574514218676,"Rc_est":0.03702056175898498},"12":{"Xc_est":0.17304610532330705,"Zc_est":0.432310923660979,"Rc_est":0.396166354135537},"20":{"Xc_est":0.18384966334097755,"Zc_est":0.4618206727303303,"Rc_est":0.4236480084344833},"6":{"Xc_est":0.11262265317413836,"Zc_est":0.26032251354233754,"Rc_est":0.2346996997207671},"14":{"Xc_est":0.11543660790957082,"Zc_est":0.2747323651578079,"Rc_est":0.24930355396491063},"7":{"Xc_est":0.16462296336280943,"Zc_est":0.3578352590652033,"Rc_est":0.31771898363791273},"8":{"Xc_est":0.10872219513546161,"Zc_est":0.2525196176559391,"Rc_est":0.22791586514770815},"19":{"Xc_est":0.0931337582760097,"Zc_est":0.208046039028343,"Rc_est":0.18603563482507487},"4":{"Xc_est":0.20680868101242125,"Zc_est":0.4670894892629705,"Rc_est":0.4188111274045202},"22":{"Xc_est":0.07298417239050586,"Zc_est":0.17568329786453837,"Rc_est":0.1598059189424254},"11":{"Xc_est":0.02739620788252595,"Zc_est":0.053856649037896734,"Rc_est":0.04636794624790499},"35":{"Xc_est":0.1687159773463727,"Zc_est":0.36678235927878566,"Rc_est":0.3256750191005912},"13":{"Xc_est":0.21159945503055588,"Zc_est":0.5478018752465877,"Rc_est":0.5052846377582143},"15":{"Xc_est":0.020523548209432658,"Zc_est":0.045785041301752025,"Rc_est":0.04092742327459954},"16":{"Xc_est":0.18357999694072474,"Zc_est":0.4611527999422458,"Rc_est":0.4230369837470673},"40":{"Xc_est":0.16825502556539515,"Zc_est":0.3771301538870075,"Rc_est":0.3375165171407559},"21":{"Xc_est":0.20768360669375888,"Zc_est":0.46773675296477646,"Rc_est":0.41910045285671593},"38":{"Xc_est":0.03963328760694679,"Zc_est":0.07919749630144671,"Rc_est":0.06856709074973724},"46":{"Xc_est":0.13494334532912972,"Zc_est":0.29081205375044594,"Rc_est":0.2576081212965451},"45":{"Xc_est":0.2027878324374788,"Zc_est":0.462600977677254,"Rc_est":0.4157845109708396},"36":{"Xc_est":0.19688503747758182,"Zc_est":0.503938258790521,"Rc_est":0.4638858164357619},"48":{"Xc_est":0.11470331737864292,"Zc_est":0.27153863942468726,"Rc_est":0.24612269639946788},"18":{"Xc_est":0.08708960109837342,"Zc_est":0.22451437037794425,"Rc_est":0.2069350233448435},"30":{"Xc_est":0.2472598079665264,"Zc_est":0.5718446779273598,"Rc_est":0.5156247890066985},"3":{"Xc_est":0.027272083373141968,"Zc_est":0.05191207490354316,"Rc_est":0.044171223542929725}}