{"32":{"Xc_est":0.19990723273365088,"Zc_est":0.21277369197824325,"Rc_est":0.07286797855592178},"29":{"Xc_est":0.10644156276760122,"Zc_est":0.13351803799104223,"Rc_est":0.08060558407807866},"1":{"Xc_est":0.1441266103787633,"Zc_est":0.1697981946312076,"Rc_est":0.08977163850986355},"54":{"Xc_est":0.09739532500875607,"Zc_est":0.10430898861128671,"Rc_est":0.037343215870467204},"2":{"Xc_est":0.17187990261707767,"Zc_est":0.19727698522178216,"Rc_est":0.09682720678889356},"41":{"Xc_est":0.08770582113162724,"Zc_est":0.09186533489327198,"Rc_est":0.02732999624368837},"51":{"Xc_est":0.10612110526365572,"Zc_est":0.12517942328058987,"Rc_est":0.06639426956056665},"53":{"Xc_est":0.10742927119062566,"Zc_est":0.11419264954674047,"Rc_est":0.038715796542957676},"27":{"Xc_est":0.1486674178125721,"Zc_est":0.15683048577920428,"Rc_est":0.049937963020965544},"42":{"Xc_est":0.17228074091749607,"Zc_est":0.18220569143714516,"Rc_est":0.05931492477451813},"33":{"Xc_est":0.09106731874007107,"Zc_est":0.11270680319756608,"Rc_est":0.06640457020799995},"28":{"Xc_est":0.12354774760398626,"Zc_est":0.13541019075480318,"Rc_est":0.05542448756852777},"50":{"Xc_est":0.16955300090387213,"Zc_est":0.18172102509584562,"Rc_est":0.0653782138512249},"52":{"Xc_est":0.04519821735281714,"Zc_est":0.04853263190217136,"Rc_est":0.017678730369547483},"26":{"Xc_est":0.16258861298542374,"Zc_est":0.17004603558540127,"Rc_est":0.049805593519078276},"10":{"Xc_est":0.1421655883991632,"Zc_est":0.14993895710364916,"Rc_est":0.04765119444934884},"24":{"Xc_est":0.10013212078658645,"Zc_est":0.10486814264490836,"Rc_est":0.031159039275518607},"25":{"Xc_est":0.091111166518586,"Zc_est":0.09837385731527136,"Rc_est":0.03709678070544479},"23":{"Xc_est":0.08536863853895951,"Zc_est":0.09021260424249482,"Rc_est":0.02916349633047228},"49":{"Xc_est":0.1384265241608863,"Zc_est":0.14712135205553012,"Rc_est":0.04982759917337778},"5":{"Xc_est":0.08611325817771734,"Zc_est":0.09659739233436389,"Rc_est":0.04376714488993794},"31":{"Xc_est":0.13234899601917827,"Zc_est":0.13757632237940426,"Rc_est":0.03756311664595079},"43":{"Xc_est":0.127820486920648,"Zc_est":0.13468113238596216,"Rc_est":0.0424373720219987},"39":{"Xc_est":0.06446842301461482,"Zc_est":0.07611802686602201,"Rc_est":0.04046945079915382},"34":{"Xc_est":0.11152828420870171,"Zc_est":0.12083493000059921,"Rc_est":0.04650292603388269},"44":{"Xc_est":0.2213743199691745,"Zc_est":0.23304782917044317,"Rc_est":0.07283337929302479},"55":{"Xc_est":0.09116171389111626,"Zc_est":0.09986653911221259,"Rc_est":0.040778273071396094},"17":{"Xc_est":0.12986517705908718,"Zc_est":0.1528306111683066,"Rc_est":0.08057438487193097},"37":{"Xc_est":0.17043454652531972,"Zc_est":0.18726353341319962,"Rc_est":0.07758670180581954},"47":{"Xc_est":0.2022431452383511,"Zc_est":0.21249891469060414,"Rc_est":0.06521885424310887},"9":{"Xc_est":0.020886797921072828,"Zc_est":0.02969188531620636,"Rc_est":0.021103310788476267},"12":{"Xc_est":0.14978201857894724,"Zc_est":0.15832051314294313,"Rc_est":0.05129065989301297},"20":{"Xc_est":0.1519318498037722,"Zc_est":0.1623844216170773,"Rc_est":0.05731852579329588},"6":{"Xc_est":0.10235028028314457,"Zc_est":0.1078029325075619,"Rc_est":0.03385103223229231},"14":{"Xc_est":0.11207722448272998,"Zc_est":0.12197354027222693,"Rc_est":0.04812733400873473},"7":{"Xc_est":0.13525978894637875,"Zc_est":0.14497899791956864,"Rc_est":0.05218907291707111},"8":{"Xc_est":0.09726814536546781,"Zc_est":0.10376824331985285,"Rc_est":0.036149083236652196},"19":{"Xc_est":0.08343947358382962,"Zc_est":0.09081698023309782,"Rc_est":0.035854959862092715},"4":{"Xc_est":0.18686845037451452,"Zc_est":0.1952251083078808,"Rc_est":0.056506859481406345},"22":{"Xc_est":0.07087800227334332,"Zc_est":0.08627455495419484,"Rc_est":0.04918950727832434},"11":{"Xc_est":0.03310447647165397,"Zc_est":0.03570552424033315,"Rc_est":0.013378269649499787},"35":{"Xc_est":0.13888689347729563,"Zc_est":0.15115153882272706,"Rc_est":0.059642422055988825},"13":{"Xc_est":0.17023314305381,"Zc_est":0.18275203545818483,"Rc_est":0.06647543508793839},"15":{"Xc_est":0.018857495411766883,"Zc_est":0.020709522764720028,"Rc_est":0.008560327092912278},"16":{"Xc_est":0.15494624623010808,"Zc_est":0.16851082032661727,"Rc_est":0.0662386393757315},"40":{"Xc_est":0.1452322835842483,"Zc_est":0.15293786386714167,"Rc_est":0.04793301585701487},"21":{"Xc_est":0.18908862388241304,"Zc_est":0.20113403433459554,"Rc_est":0.06855940552517645},"38":{"Xc_est":0.04720870983197941,"Zc_est":0.05279157486594553,"Rc_est":0.02362812080607983},"46":{"Xc_est":0.12102877770010181,"Zc_est":0.13438058265630415,"Rc_est":0.058396711923421954},"45":{"Xc_est":0.17249273140072152,"Zc_est":0.1803628922017437,"Rc_est":0.05269753786749777},"36":{"Xc_est":0.16958809153721305,"Zc_est":0.18179114406272706,"Rc_est":0.06548205302524525},"48":{"Xc_est":0.10303572787018948,"Zc_est":0.10977722413740504,"Rc_est":0.03787713982832286},"18":{"Xc_est":0.08980046726138902,"Zc_est":0.09621473873082693,"Rc_est":0.034542032781489394},"30":{"Xc_est":0.22326149553791902,"Zc_est":0.23556159159933576,"Rc_est":0.07512368499337617},"3":{"Xc_est":0.030983452870191237,"Zc_est":0.035362349261390265,"Rc_est":0.017044688132236006}}