{"32":{"shunt_est":{"gs":1.7335428568333326},"shunt_true":{"gs":0.866771449704142}},"29":{"shunt_est":{"gs":1.7335427585896954},"shunt_true":{"gs":0.1733542899408284}},"1":{"shunt_est":{"gs":1.733542016045789},"shunt_true":{"gs":1.3868343195266273}},"54":{"shunt_est":{"gs":1.7335428052259747},"shunt_true":{"gs":0.5200628698224852}},"24":{"shunt_est":{"gs":1.7335425842954657},"shunt_true":{"gs":0.866771449704142}},"2":{"shunt_est":{"gs":1.7335427878636775},"shunt_true":{"gs":1.3868343195266273}},"25":{"shunt_est":{"gs":1.7335426805895648},"shunt_true":{"gs":0.6934171597633136}},"23":{"shunt_est":{"gs":1.7335426849435254},"shunt_true":{"gs":0.866771449704142}},"41":{"shunt_est":{"gs":1.7335422519957706},"shunt_true":{"gs":0.866771449704142}},"51":{"shunt_est":{"gs":1.7335428623522107},"shunt_true":{"gs":1.3868343195266273}},"53":{"shunt_est":{"gs":1.7335411574102142},"shunt_true":{"gs":1.2134800295857988}},"49":{"shunt_est":{"gs":1.7335415841834854},"shunt_true":{"gs":0.866771449704142}},"27":{"shunt_est":{"gs":1.73354194841517},"shunt_true":{"gs":1.3868343195266273}},"5":{"shunt_est":{"gs":1.733542746168932},"shunt_true":{"gs":0.1733542899408284}},"31":{"shunt_est":{"gs":1.7335427189149344},"shunt_true":{"gs":0.3467085798816568}},"42":{"shunt_est":{"gs":1.5111736284967093e-6},"shunt_true":{"gs":0.3467085798816568}},"33":{"shunt_est":{"gs":8.49824751903351e-8},"shunt_true":{"gs":0.6934171597633136}},"28":{"shunt_est":{"gs":8.394521670509682e-8},"shunt_true":{"gs":1.0401257396449703}},"43":{"shunt_est":{"gs":1.7335425967986828},"shunt_true":{"gs":1.3868343195266273}},"50":{"shunt_est":{"gs":1.7335426526579303},"shunt_true":{"gs":0.3467085798816568}},"52":{"shunt_est":{"gs":1.7335426197424009},"shunt_true":{"gs":1.0401257396449703}},"39":{"shunt_est":{"gs":1.7335428360073482},"shunt_true":{"gs":0.866771449704142}},"34":{"shunt_est":{"gs":1.7335428100432446},"shunt_true":{"gs":1.3868343195266273}},"26":{"shunt_est":{"gs":3.5088289367756917e-7},"shunt_true":{"gs":0.5200628698224852}},"10":{"shunt_est":{"gs":1.7335428556361618},"shunt_true":{"gs":0.3467085798816568}}}