{"32":{"length_est":14.036154894942545,"length_true":20.051664},"29":{"length_est":3.6764600928249096,"length_true":5.2521},"1":{"length_est":0.14852067604074232,"length_true":0.11424},"54":{"length_est":8.421799897193127,"length_true":6.4783},"2":{"length_est":14.213000579641367,"length_true":13.996288},"41":{"length_est":6.316839875865323,"length_true":4.8591},"53":{"length_est":20.625665728295978,"length_true":29.465251},"51":{"length_est":8.281326024784013,"length_true":11.830480000000001},"27":{"length_est":13.893291992734685,"length_true":10.68714},"42":{"length_est":5.476417233197475,"length_true":4.212621},"33":{"length_est":1.7639900063453566,"length_true":2.52},"28":{"length_est":8.604733056687735,"length_true":12.29249},"52":{"length_est":12.543319974980173,"length_true":9.6487},"50":{"length_est":3.424438672320188,"length_true":4.0781},"26":{"length_est":18.303093723820403,"length_true":15.0},"10":{"length_est":10.241279968356311,"length_true":7.8779},"24":{"length_est":7.293220090059099,"length_true":10.4189},"25":{"length_est":18.96440973492905,"length_true":14.588000000000001},"23":{"length_est":5.382139914244769,"length_true":4.1401},"49":{"length_est":15.88183699207919,"length_true":12.21679},"5":{"length_est":16.938021993835836,"length_true":13.029240000000001},"31":{"length_est":3.0729900624695055,"length_true":4.39},"43":{"length_est":8.33932800400808,"length_true":11.91334},"39":{"length_est":35.127320014273536,"length_true":50.1819},"34":{"length_est":8.692835012430406,"length_true":12.41835},"44":{"length_est":8.966626012181077,"length_true":12.809479999999999},"55":{"length_est":8.56541401367448,"length_true":12.23632},"17":{"length_est":12.203860231220492,"length_true":17.4341},"37":{"length_est":21.510942276000026,"length_true":16.546871},"47":{"length_est":5.792000034731838,"length_true":8.2743},"9":{"length_est":19.764039049608378,"length_true":15.2031},"12":{"length_est":12.252031085818452,"length_true":13.3844},"20":{"length_est":17.69339999592562,"length_true":13.610299999999999},"6":{"length_est":8.727310015715434,"length_true":12.467600000000001},"14":{"length_est":10.313096317412082,"length_true":8.0963},"7":{"length_est":10.759480004435268,"length_true":15.370700000000001},"57":{"length_est":15.45791998240561,"length_true":11.8907},"8":{"length_est":10.3681800952938,"length_true":14.8117},"19":{"length_est":7.549239465217611,"length_true":5.8071},"4":{"length_est":8.287437027538969,"length_true":11.83921},"22":{"length_est":9.308674017224652,"length_true":13.298119999999997},"11":{"length_est":16.16136169078847,"length_true":12.431809},"35":{"length_est":11.989738443697217,"length_true":11.80815},"13":{"length_est":9.015500031130447,"length_true":12.8793},"15":{"length_est":6.552724449508177,"length_true":6.1064},"16":{"length_est":26.560129973382075,"length_true":27.150599999999997},"40":{"length_est":25.668639988648348,"length_true":19.7451},"46":{"length_est":5.103480089330454,"length_true":7.2907},"21":{"length_est":7.44626972834359,"length_true":10.637540000000001},"38":{"length_est":6.912931140844108,"length_true":9.87563},"45":{"length_est":3.4255100976611086,"length_true":4.8936},"56":{"length_est":3.4900501737418437,"length_true":4.9858},"36":{"length_est":72.19111194945201,"length_true":59.543393},"48":{"length_est":8.36240004152,"length_true":11.9463},"18":{"length_est":14.319470073899963,"length_true":20.456400000000002},"30":{"length_est":13.995479824765043,"length_true":17.905369999999998},"3":{"length_est":10.32846200505845,"length_true":14.754960000000002}}