linecode_id,linecode_name,A_p_est,dist_est,x_est,r_est,scenario_id
4,hydrogen,"[273.41396113858207, 164.56006488559518, 299.99999842456094, 104.11170748001432]","[1199.9995327653355, 729.39538970871, 797.6300349422033]",[0.739012845994159 0.41813309583009084 0.3882951042527418 0.3665549297983976; 0.41813309583009084 0.7549631057100066 0.44941466605745756 0.4029905518654222; 0.3882951042527418 0.44941466605745756 0.736097583146188 0.4437956683511541; 0.3665549297983976 0.4029905518654222 0.4437956683511541 0.7693457025752929],[0.13730005945871393 0.049348 0.049348 0.049348; 0.049348 0.19547896429939524 0.049348 0.049348; 0.049348 0.049348 0.129505736977289 0.049348; 0.049348 0.049348 0.049348 0.2803241461891237],1
1,pluto,"[231.9916790380854, 300.0000027869729, 178.3504457145042, 299.18329559196127]","[379.9999970954447, 1200.00000992161, 380.00000710751243]",[0.7441740387299606 0.49038393944049286 0.40084778115396236 0.38730625182659545; 0.49038393944049286 0.7360975826893562 0.4181330708461836 0.40084778075581157; 0.40084778115396236 0.4181330708461836 0.7524349102961133 0.4903839377850238; 0.38730625182659545 0.40084778075581157 0.4903839377850238 0.7361832248933274],[0.25036947416547917 0.049348 0.049348 0.049348; 0.049348 0.20479902960374272 0.049348 0.049348; 0.049348 0.049348 0.3108293163349894 0.049348; 0.049348 0.049348 0.049348 0.20522337807579943],1
10,tw2x16_lv_oh_2w_bundled,"[10.869340935970534, 10.86934097898442]",[17.93211590474078],[0.8403307315380751 0.6822463495237784; 0.6822463495237784 0.8403307314137508],[3.3826797087572547 0.049348; 0.049348 3.382679695566064],1
7,abc2x16_lv_oh_2w_bundled,"[11.53303938485666, 11.533039472344994]",[98.61537588473847],[0.8384687102955557 0.575140792215665; 0.575140792215665 0.8384687100572377],[3.9277511509558276 0.049348; 0.049348 3.9277511215347],1
