linecode_id,linecode_name,A_p_est,dist_est,x_est,r_est,scenario_id
4,hydrogen,"[300.00000249241583, 262.32968777626826, 300.0000020581317, 101.42539071406813]","[1199.999987504411, 379.999997447444, 996.2908616101369]",[0.7360975827202023 0.41813307201994815 0.4008477820314311 0.37012759172813225; 0.41813307201994815 0.740312994794014 0.4903839393822907 0.40952065516444136; 0.4008477820314311 0.4903839393822907 0.7360975827656804 0.42982218528934896; 0.37012759172813225 0.40952065516444136 0.42982218528934896 0.7701669473438224],[0.12950573589038888 0.049348 0.049348 0.049348; 0.049348 0.14101631695927677 0.049348 0.049348; 0.049348 0.049348 0.12950573600642631 0.049348; 0.049348 0.049348 0.049348 0.28644169811249454],1
1,pluto,"[202.35834294871256, 300.00000287290567, 134.421693507778, 300.0000023333601]","[379.9999966873957, 1200.000010973292, 379.99999726211337]",[0.748467393399542 0.4903839395079627 0.400847781128367 0.3873062521215778; 0.4903839395079627 0.7360975826803573 0.4181330707911175 0.4008477811055121; 0.400847781128367 0.4181330707911175 0.7613183681879064 0.4903839394129347; 0.3873062521215778 0.4008477811055121 0.4903839394129347 0.7360975827368585],[0.27980703932006534 0.049348 0.049348 0.049348; 0.049348 0.20479902955921492 0.049348 0.049348; 0.049348 0.049348 0.396280910138215 0.049348; 0.049348 0.049348 0.049348 0.2047990298387913],1
10,tw2x16_lv_oh_2w_bundled,"[9.999999913591237, 9.999999913591237]",[99.99998108508575],[0.842949600194968 0.5742647378697787; 0.5742647378697787 0.842949600194968],[3.6724599108232456 0.049348; 0.049348 3.6724599108232456],1
7,abc2x16_lv_oh_2w_bundled,"[9.99999990508707, 9.99999990508707]",[99.99999278397871],[0.8429496002216847 0.5742647305191294; 0.5742647305191294 0.8429496002216847],[4.522325671486915 0.049348; 0.049348 4.522325671486915],1
