{"24":{"Xc_est":0.2008523062314211,"Zc_est":0.23164211750579144,"Rc_est":0.11539680101322708},"4":{"Xc_est":0.04950804315386581,"Zc_est":0.08050382889067709,"Rc_est":0.06348086427526312},"1":{"Xc_est":0.22772714966373073,"Zc_est":0.24741287363399214,"Rc_est":0.0967133669451258},"12":{"Xc_est":0.11626953035285768,"Zc_est":0.13820657438389747,"Rc_est":0.07471581836838628},"29":{"Xc_est":0.22104611572663738,"Zc_est":0.23860678569597835,"Rc_est":0.08984326854212599},"20":{"Xc_est":0.06750573957491945,"Zc_est":0.08978094252572617,"Rc_est":0.05919115445107402},"2":{"Xc_est":0.24359735318677675,"Zc_est":0.26831452682404555,"Rc_est":0.1124856205263953},"6":{"Xc_est":0.08793143994000317,"Zc_est":0.10434892123977899,"Rc_est":0.05618504457578736},"25":{"Xc_est":0.18550711069556738,"Zc_est":0.20206629609514237,"Rc_est":0.08011179625368703},"23":{"Xc_est":0.22055307921545206,"Zc_est":0.23954117387538298,"Rc_est":0.09346824717613457},"22":{"Xc_est":0.19874031809092094,"Zc_est":0.21542468594398423,"Rc_est":0.08312689865009887},"11":{"Xc_est":0.23734977120632286,"Zc_est":0.2550130380750453,"Rc_est":0.09325629038606821},"13":{"Xc_est":0.2504063965673944,"Zc_est":0.27107161240880717,"Rc_est":0.10380970865985226},"5":{"Xc_est":0.08940942385997662,"Zc_est":0.1358785394040657,"Rc_est":0.10231780097133283},"15":{"Xc_est":0.1526223466471847,"Zc_est":0.15852298637939988,"Rc_est":0.04284806313650588},"27":{"Xc_est":0.1158042649256721,"Zc_est":0.13680906595105516,"Rc_est":0.07284293206224547},"28":{"Xc_est":0.1541013970704839,"Zc_est":0.16194118743327798,"Rc_est":0.04977657690345059},"16":{"Xc_est":0.23566379369717244,"Zc_est":0.26130802220896204,"Rc_est":0.11289135844260156},"14":{"Xc_est":0.0724714598661895,"Zc_est":0.08786191577328113,"Rc_est":0.04967498110935154},"21":{"Xc_est":0.06936179166133263,"Zc_est":0.11382783975134785,"Rc_est":0.09025363682416576},"7":{"Xc_est":0.027011508726556596,"Zc_est":0.06394735945839575,"Rc_est":0.05796242902101698},"8":{"Xc_est":0.20256393284936106,"Zc_est":0.2315243575686337,"Rc_est":0.11212217111779502},"26":{"Xc_est":0.1089924624667554,"Zc_est":0.13676349180170677,"Rc_est":0.08261292765196276},"17":{"Xc_est":0.1911565490823494,"Zc_est":0.21027387166926295,"Rc_est":0.08760293859060328},"10":{"Xc_est":0.2049928545399661,"Zc_est":0.22258546234667806,"Rc_est":0.0867307191002169},"19":{"Xc_est":0.06054124966720813,"Zc_est":0.10255708569819771,"Rc_est":0.08278111448657986},"9":{"Xc_est":0.105704385596325,"Zc_est":0.13108064141865455,"Rc_est":0.07751591720691525},"18":{"Xc_est":0.09701225493595465,"Zc_est":0.1196272415700793,"Rc_est":0.06999499494897797},"30":{"Xc_est":0.2622640996368922,"Zc_est":0.2999680201935417,"Rc_est":0.14559654934263835},"3":{"Xc_est":0.03532030855915493,"Zc_est":0.053650629436714246,"Rc_est":0.04038398001982613}}