{"32":{"length_est":14.036154981698026,"length_true":20.051664},"29":{"length_est":3.6764600648934778,"length_true":5.2521},"1":{"length_est":0.07995801203762866,"length_true":0.11424},"54":{"length_est":8.281681046916356,"length_true":6.4783},"2":{"length_est":11.850990582117065,"length_true":13.996288},"41":{"length_est":6.316839788496651,"length_true":4.8591},"53":{"length_est":20.62566577044885,"length_true":29.465251},"51":{"length_est":8.281326014223662,"length_true":11.830480000000001},"27":{"length_est":13.893291995861853,"length_true":10.68714},"42":{"length_est":5.476415325603427,"length_true":4.212621},"33":{"length_est":1.7639900036076965,"length_true":2.52},"28":{"length_est":8.604733083050354,"length_true":12.29249},"52":{"length_est":12.54331998641465,"length_true":9.6487},"50":{"length_est":5.301539901848023,"length_true":4.0781},"26":{"length_est":16.99488895477037,"length_true":15.0},"10":{"length_est":10.241279982884928,"length_true":7.8779},"24":{"length_est":7.2932201536130945,"length_true":10.4189},"25":{"length_est":18.964409987451194,"length_true":14.588000000000001},"23":{"length_est":3.0190653679525936,"length_true":4.1401},"49":{"length_est":15.88183697945154,"length_true":12.21679},"5":{"length_est":16.938021995707867,"length_true":13.029240000000001},"31":{"length_est":5.70700983833016,"length_true":4.39},"43":{"length_est":8.33932800323319,"length_true":11.91334},"39":{"length_est":35.12732002525478,"length_true":50.1819},"34":{"length_est":8.692835018852891,"length_true":12.41835},"44":{"length_est":8.96662600699975,"length_true":12.809479999999999},"55":{"length_est":9.995211789024383,"length_true":12.23632},"17":{"length_est":12.203860119944805,"length_true":17.4341},"37":{"length_est":20.20011156589593,"length_true":16.546871},"47":{"length_est":5.79200002261954,"length_true":8.2743},"9":{"length_est":18.006999257700578,"length_true":15.2031},"12":{"length_est":12.25870624739627,"length_true":13.3844},"20":{"length_est":15.01380217350256,"length_true":13.610299999999999},"6":{"length_est":8.727310010379112,"length_true":12.467600000000001},"14":{"length_est":10.525199878681336,"length_true":8.0963},"7":{"length_est":10.759480004097165,"length_true":15.370700000000001},"57":{"length_est":13.394958217659205,"length_true":11.8907},"8":{"length_est":16.511098603901644,"length_true":14.8117},"19":{"length_est":7.549225954669207,"length_true":5.8071},"4":{"length_est":10.047065914569488,"length_true":11.83921},"22":{"length_est":9.308674017211734,"length_true":13.298119999999997},"11":{"length_est":16.161361694431683,"length_true":12.431809},"35":{"length_est":11.354447380311278,"length_true":11.80815},"13":{"length_est":13.765800615948905,"length_true":12.8793},"15":{"length_est":7.938329902962841,"length_true":6.1064},"16":{"length_est":24.84639631561296,"length_true":27.150599999999997},"40":{"length_est":25.668639667860926,"length_true":19.7451},"46":{"length_est":8.878709727437748,"length_true":7.2907},"21":{"length_est":10.460516599881712,"length_true":10.637540000000001},"38":{"length_est":6.912932122352912,"length_true":9.87563},"45":{"length_est":3.4255103450158844,"length_true":4.8936},"56":{"length_est":3.4900501377156297,"length_true":4.9858},"36":{"length_est":64.92952215123266,"length_true":59.543393},"48":{"length_est":8.36240009056104,"length_true":11.9463},"18":{"length_est":14.319470034100494,"length_true":20.456400000000002},"30":{"length_est":16.82377180928695,"length_true":17.905369999999998},"3":{"length_est":10.328462004034968,"length_true":14.754960000000002}}