{"24":{"Xc_est":0.1943461271502954,"Zc_est":0.2317029356824001,"Rc_est":0.1261579694887471},"4":{"Xc_est":0.047991431282489436,"Zc_est":0.07510024450871657,"Rc_est":0.057765640728092905},"1":{"Xc_est":0.22027386690040926,"Zc_est":0.24077068719421815,"Rc_est":0.09721083979020462},"12":{"Xc_est":0.10746624953290106,"Zc_est":0.13194636163209095,"Rc_est":0.0765561725746446},"29":{"Xc_est":0.2147599774859268,"Zc_est":0.2351709219664195,"Rc_est":0.09583065589246478},"20":{"Xc_est":0.06815529147495657,"Zc_est":0.10229699760141812,"Rc_est":0.07628585689515624},"2":{"Xc_est":0.2408947593415464,"Zc_est":0.274203965145187,"Rc_est":0.13098675285356678},"6":{"Xc_est":0.08207159733899698,"Zc_est":0.10169856841911029,"Rc_est":0.060057070597241094},"25":{"Xc_est":0.182315119903566,"Zc_est":0.20176476539602883,"Rc_est":0.08643042062759451},"23":{"Xc_est":0.21480380683742986,"Zc_est":0.23690590500739897,"Rc_est":0.0999186288713114},"22":{"Xc_est":0.1922250401141769,"Zc_est":0.2118055871873232,"Rc_est":0.08894459352242749},"11":{"Xc_est":0.23115608798153056,"Zc_est":0.2515812175200658,"Rc_est":0.09929739169763505},"13":{"Xc_est":0.24591744325650733,"Zc_est":0.2699395967988656,"Rc_est":0.11131934702519876},"5":{"Xc_est":0.0881019793833416,"Zc_est":0.14040716390725483,"Rc_est":0.10932617666970694},"15":{"Xc_est":0.14955354679101734,"Zc_est":0.15613092265398323,"Rc_est":0.044839732949819},"27":{"Xc_est":0.10299527010590241,"Zc_est":0.11775344145534922,"Rc_est":0.05707755522436608},"28":{"Xc_est":0.1510405014616612,"Zc_est":0.16000898721791199,"Rc_est":0.052817070239760976},"16":{"Xc_est":0.22941481007594303,"Zc_est":0.25989470365175044,"Rc_est":0.1221233061460841},"14":{"Xc_est":0.07113980499783093,"Zc_est":0.08828448209889168,"Rc_est":0.052280760556251624},"21":{"Xc_est":0.06913298495860515,"Zc_est":0.1276891420173475,"Rc_est":0.10735523918207071},"7":{"Xc_est":0.02701427384193505,"Zc_est":0.07145084886617893,"Rc_est":0.06614720562873753},"8":{"Xc_est":0.19606800518167866,"Zc_est":0.2311150507678041,"Rc_est":0.12235809754765677},"26":{"Xc_est":0.1025912860936593,"Zc_est":0.14403403920272795,"Rc_est":0.10109813285467698},"17":{"Xc_est":0.18453339898240328,"Zc_est":0.2038407420730157,"Rc_est":0.0865937225720137},"10":{"Xc_est":0.19747642203918991,"Zc_est":0.2181259601226374,"Rc_est":0.09263906960900545},"19":{"Xc_est":0.061413096277034604,"Zc_est":0.11207879700883303,"Rc_est":0.09375547101164218},"9":{"Xc_est":0.09703637779170643,"Zc_est":0.12556156056234183,"Rc_est":0.0796846715241762},"18":{"Xc_est":0.08837248744300541,"Zc_est":0.11577616388742377,"Rc_est":0.07479587948291977},"30":{"Xc_est":0.2592365948303642,"Zc_est":0.30474325082255344,"Rc_est":0.16020248694279154},"3":{"Xc_est":0.03621377954330449,"Zc_est":0.058223901961042566,"Rc_est":0.0455915006416551}}