linecode_id,linecode_name,A_p_est,dist_est,x_est,r_est,scenario_id
10,ugsc_16al_xlpe/pvc_ug_2w_bundled,"[13.570398415952026, 13.56963812418114]",[1999.9962517033289],[0.8333581147806761 0.3860369935298129; 0.3860369935298129 0.833359874934996],[3.3029886402563857 0.049348; 0.049348 3.303170938132097],1
11,uglv_185al_xlpe/nyl/pvc_ug_2w_bundled,"[13.147187343060848, 13.146858149273598]",[1999.9987968039259],[0.8343534675312676 0.3860369135728336; 0.3860369135728336 0.8343542541695977],[3.522754888221342 0.049348; 0.049348 3.52284186139434],1
13,uglv_240al_xlpe/nyl/pvc_ug_4w_bundled,"[300.0000028394674, 300.0000028394674, 300.0000028394674, 223.38988783801435]","[1.8201059911232036, 2.5296457319413728, 1.7716388063817745, 10.883271065876139, 9.694389229554677, 8.354156288958967]",[0.7360975826838589 0.8259870250416018 0.8053037026677076 0.7136225419434622; 0.8259870250416018 0.7360975826838589 0.8276828443060048 0.7208909198982648; 0.8053037026677076 0.8276828443060048 0.7360975826838589 0.730239574679177; 0.7136225419434622 0.7208909198982648 0.730239574679177 0.7453610258144177],[0.19293637582886525 0.049348 0.049348 0.049348; 0.049348 0.19293637582886525 0.049348 0.049348; 0.049348 0.049348 0.19293637582886525 0.049348; 0.049348 0.049348 0.049348 0.2421790792098609],1
