linecode_id,linecode_name,A_p_est,dist_est,x_est,r_est,scenario_id
11,uglv_240al_xlpe/nyl/pvc_ug_4w_bundled,"[300.00000293771836, 300.00000293771836, 300.00000293771836, 256.14355099258836]","[12.110082763157035, 24.788215873733016, 27.14571021696245, 27.369368281711477, 15.333607307433992, 34.5946719284816]",[0.7360975826735701 0.7069113588760886 0.6619029134446726 0.6556790225649207; 0.7069113588760886 0.7360975826735701 0.6561945849655698 0.6920824675441911; 0.6619029134446726 0.6561945849655698 0.7360975826735701 0.6409590408362764; 0.6556790225649207 0.6920824675441911 0.6409590408362764 0.741062707148183],[0.1929363757818396 0.049348 0.049348 0.049348; 0.049348 0.1929363757818396 0.049348 0.049348; 0.049348 0.049348 0.1929363757818396 0.049348; 0.049348 0.049348 0.049348 0.21752132698577495],1
9,uglv_185al_xlpe/nyl/pvc_ug_2w_bundled,"[14.649677960815206, 14.647555946738658]",[99.99913082255158],[0.8309539262262521 0.5742652721091065; 0.5742652721091065 0.8309584771811002],[3.1665176197192624 0.049348; 0.049348 3.166969208901518],1
8,ugsc_16al_xlpe/pvc_ug_2w_bundled,"[13.952517854220458, 13.951895851936948]",[99.9998036722868],[0.83248571916894 0.5742648493419086; 0.5742648493419086 0.8324871197232715],[3.2138807568784737 0.049348; 0.049348 3.2140218378198675],1
