linecode_id,linecode_name,A_p_est,dist_est,x_est,r_est,scenario_id
10,ugsc_16al_xlpe/pvc_ug_2w_bundled,"[148.477108953795, 7.005616520297722]",[6.517954678370776],[0.7581940792581379 0.7458343857899595; 0.7458343857899595 0.8541297031263053],[0.34672178442863233 0.049348; 0.049348 6.351891061368707],1
11,uglv_185al_xlpe/nyl/pvc_ug_2w_bundled,"[137.41755539857076, 14.075675716317543]",[942.7205199937322],[0.7606258868172289 0.43329487092691754; 0.43329487092691754 0.8322096291463905],[0.3816602067313311 0.049348; 0.049348 3.2936349527880076],1
13,uglv_240al_xlpe/nyl/pvc_ug_4w_bundled,"[300.0000028568761, 300.0000028568761, 300.0000028568761, 238.01306090648367]","[19.27022680601802, 18.791105444026684, 15.232228946915713, 26.974335626182825, 32.32657897157982, 17.395415482876217]",[0.736097582682036 0.6777244585092032 0.6793064180414687 0.6565925093985739; 0.6777244585092032 0.736097582682036 0.6924992615394572 0.6452196730682659; 0.6793064180414687 0.6924992615394572 0.736097582682036 0.6841556001446403; 0.6565925093985739 0.6452196730682659 0.6841556001446403 0.7433690337285923],[0.19293637582053294 0.049348 0.049348 0.049348; 0.049348 0.19293637582053294 0.049348 0.049348; 0.049348 0.049348 0.19293637582053294 0.049348; 0.049348 0.049348 0.049348 0.2303318207714955],1
