{"32":{"length_est":14.036154915033878,"length_true":20.051664},"29":{"length_est":3.676460184557224,"length_true":5.2521},"1":{"length_est":0.14852199262527366,"length_true":0.11424},"54":{"length_est":8.421799935719491,"length_true":6.4783},"2":{"length_est":13.643078849201993,"length_true":13.996288},"41":{"length_est":6.316839954747638,"length_true":4.8591},"53":{"length_est":20.625665711792188,"length_true":29.465251},"51":{"length_est":8.281326031774565,"length_true":11.830480000000001},"27":{"length_est":13.893291991258394,"length_true":10.68714},"42":{"length_est":5.476417191025981,"length_true":4.212621},"33":{"length_est":1.7639900086688713,"length_true":2.52},"28":{"length_est":12.119401842781055,"length_true":12.29249},"52":{"length_est":12.543319963045024,"length_true":9.6487},"50":{"length_est":5.301539968995752,"length_true":4.0781},"26":{"length_est":10.49999003754509,"length_true":15.0},"10":{"length_est":10.241279955004483,"length_true":7.8779},"24":{"length_est":7.293220303267256,"length_true":10.4189},"25":{"length_est":10.327259006964178,"length_true":14.588000000000001},"23":{"length_est":5.3821398784339545,"length_true":4.1401},"49":{"length_est":15.881836990987198,"length_true":12.21679},"5":{"length_est":16.938021992905828,"length_true":13.029240000000001},"31":{"length_est":5.707009941749366,"length_true":4.39},"43":{"length_est":8.339328005009538,"length_true":11.91334},"39":{"length_est":35.12732002116086,"length_true":50.1819},"34":{"length_est":8.692835020736537,"length_true":12.41835},"44":{"length_est":8.96662601480594,"length_true":12.809479999999999},"55":{"length_est":8.565414027855939,"length_true":12.23632},"17":{"length_est":12.20386007288318,"length_true":17.4341},"37":{"length_est":14.637279645026288,"length_true":16.546871},"47":{"length_est":5.792000026865108,"length_true":8.2743},"9":{"length_est":19.764039912737697,"length_true":15.2031},"12":{"length_est":9.369070007791768,"length_true":13.3844},"20":{"length_est":17.6933999914385,"length_true":13.610299999999999},"6":{"length_est":8.72731002352304,"length_true":12.467600000000001},"14":{"length_est":5.667400074968037,"length_true":8.0963},"7":{"length_est":10.759480005238633,"length_true":15.370700000000001},"57":{"length_est":15.457919987047342,"length_true":11.8907},"8":{"length_est":10.368180019731817,"length_true":14.8117},"19":{"length_est":7.549239891424754,"length_true":5.8071},"4":{"length_est":9.32334101382878,"length_true":11.83921},"22":{"length_est":9.308674005146347,"length_true":13.298119999999997},"11":{"length_est":16.1613616944836,"length_true":12.431809},"35":{"length_est":13.602970865753848,"length_true":11.80815},"13":{"length_est":9.015500254508511,"length_true":12.8793},"15":{"length_est":7.9383299444014455,"length_true":6.1064},"16":{"length_est":26.779823656752,"length_true":27.150599999999997},"40":{"length_est":25.668639993095404,"length_true":19.7451},"46":{"length_est":9.477919842818395,"length_true":7.2907},"21":{"length_est":13.828811956130318,"length_true":10.637540000000001},"38":{"length_est":12.838328966330852,"length_true":9.87563},"45":{"length_est":6.361689945781166,"length_true":4.8936},"56":{"length_est":6.481549927007992,"length_true":4.9858},"36":{"length_est":62.03525366850158,"length_true":59.543393},"48":{"length_est":15.53019928831187,"length_true":11.9463},"18":{"length_est":14.319470005357823,"length_true":20.456400000000002},"30":{"length_est":12.533749051663564,"length_true":17.905369999999998},"3":{"length_est":10.328462002794007,"length_true":14.754960000000002}}