{"24":{"Xc_est":0.19514300445258712,"Zc_est":0.22260709647630683,"Rc_est":0.10711268465886452},"4":{"Xc_est":0.037415846300523616,"Zc_est":0.06122987626782021,"Rc_est":0.048468053327817555},"1":{"Xc_est":0.22626602583522284,"Zc_est":0.24263394690889095,"Rc_est":0.08760660788616792},"12":{"Xc_est":0.11164206046349909,"Zc_est":0.13362681150138314,"Rc_est":0.07343143119598446},"29":{"Xc_est":0.2208441272206557,"Zc_est":0.23726052588454113,"Rc_est":0.08672040483736143},"20":{"Xc_est":0.06800942778732973,"Zc_est":0.09479951858091545,"Rc_est":0.06604291373957782},"2":{"Xc_est":0.24682766929473354,"Zc_est":0.27262871626516627,"Rc_est":0.11576924722447751},"6":{"Xc_est":0.08669510620608441,"Zc_est":0.10186332613264851,"Rc_est":0.05347986322647111},"25":{"Xc_est":0.17986528743959487,"Zc_est":0.19475949167700754,"Rc_est":0.07469764368812634},"23":{"Xc_est":0.22364878354252032,"Zc_est":0.24748408639874556,"Rc_est":0.1059697817331556},"22":{"Xc_est":0.19737413794463274,"Zc_est":0.21263254729720807,"Rc_est":0.07909519480165983},"11":{"Xc_est":0.23982688723412354,"Zc_est":0.2605772352515687,"Rc_est":0.10189975314465854},"13":{"Xc_est":0.25189074157416624,"Zc_est":0.2715987678374266,"Rc_est":0.10157236336733008},"5":{"Xc_est":0.09268755893111405,"Zc_est":0.13891411289282163,"Rc_est":0.10347051357846279},"15":{"Xc_est":0.14717412467628121,"Zc_est":0.15227075704765722,"Rc_est":0.03906610394750264},"27":{"Xc_est":0.10767730103990861,"Zc_est":0.12217070041557632,"Rc_est":0.057717232095738924},"28":{"Xc_est":0.1485219960173984,"Zc_est":0.1551192203146077,"Rc_est":0.044757001798821354},"16":{"Xc_est":0.2353611698718363,"Zc_est":0.2587883004615405,"Rc_est":0.10759416421132317},"14":{"Xc_est":0.07587251975074288,"Zc_est":0.09183808547326676,"Rc_est":0.05174547989987321},"21":{"Xc_est":0.05803676623121622,"Zc_est":0.08445917323881419,"Rc_est":0.061360294243160106},"7":{"Xc_est":0.026893617204067553,"Zc_est":0.05981251785522191,"Rc_est":0.05342537455051038},"8":{"Xc_est":0.19903282604153372,"Zc_est":0.22486468161318376,"Rc_est":0.10464253052616362},"26":{"Xc_est":0.11029960403041353,"Zc_est":0.14071104380967508,"Rc_est":0.08737044809741039},"17":{"Xc_est":0.18402290817223005,"Zc_est":0.19895275886481306,"Rc_est":0.07561593435087237},"10":{"Xc_est":0.20356086735562115,"Zc_est":0.21948477742290093,"Rc_est":0.08207643268202865},"19":{"Xc_est":0.04472392724008464,"Zc_est":0.06377336875984184,"Rc_est":0.0454622139276387},"9":{"Xc_est":0.10474177907279887,"Zc_est":0.13017982303546566,"Rc_est":0.07730424336483832},"18":{"Xc_est":0.09372217145427378,"Zc_est":0.10893326223257996,"Rc_est":0.05552125897823049},"30":{"Xc_est":0.270406359042212,"Zc_est":0.3208159802970576,"Rc_est":0.17263630615689274},"3":{"Xc_est":0.030392855461208214,"Zc_est":0.04834171575225799,"Rc_est":0.03759249684160676}}