linecode_id,linecode_name,A_p_est,dist_est,x_est,r_est,scenario_id
11,uglv_240al_xlpe/nyl/pvc_ug_4w_bundled,"[300.0000029454568, 300.0000029454568, 300.0000029454568, 244.69349682625227]","[16.405457546925682, 38.82288001389801, 41.75576761805852, 34.41171450779374, 18.445385551152548, 46.640807113169615]",[0.7360975826727598 0.6878370926991021 0.6337138776251938 0.6412922160157438; 0.6878370926991021 0.7360975826727598 0.6291379597633586 0.6804731711870952; 0.6337138776251938 0.6291379597633586 0.7360975826727598 0.6221863366884762; 0.6412922160157438 0.6804731711870952 0.6221863366884762 0.7424994123315122],[0.19293637577813574 0.049348 0.049348 0.049348; 0.049348 0.19293637577813574 0.049348 0.049348; 0.049348 0.049348 0.19293637577813574 0.049348; 0.049348 0.049348 0.049348 0.2253907380175171],1
9,uglv_185al_xlpe/nyl/pvc_ug_2w_bundled,"[28.804353931093257, 22.313586031000252]",[90.49021286182263],[0.8097133109869512 0.5805434326365835; 0.5805434326365835 0.817734784087224],[1.6347170448106076 0.049348; 0.049348 2.095882833741242],1
8,ugsc_16al_xlpe/pvc_ug_2w_bundled,"[118.99331340521547, 6.515479406573345]",[14.202406046319059],[0.7651484348560352 0.6968976346461673; 0.6968976346461673 0.8564083494147784],[0.4204041419552601 0.049348; 0.049348 6.826009705977776],1
