{"32":{"length_est":14.03615492501935,"length_true":20.051664},"29":{"length_est":3.6764601178293197,"length_true":5.2521},"1":{"length_est":0.14852199200771574,"length_true":0.11424},"54":{"length_est":7.833221665227846,"length_true":6.4783},"2":{"length_est":13.595854672445018,"length_true":13.996288},"41":{"length_est":6.316839932170271,"length_true":4.8591},"53":{"length_est":20.625665707320895,"length_true":29.465251},"51":{"length_est":8.28132603705794,"length_true":11.830480000000001},"27":{"length_est":13.893291990571813,"length_true":10.68714},"42":{"length_est":5.476417186907731,"length_true":4.212621},"33":{"length_est":1.7639900092673209,"length_true":2.52},"28":{"length_est":8.604733110061446,"length_true":12.29249},"52":{"length_est":12.543319973556308,"length_true":9.6487},"50":{"length_est":5.301539972050568,"length_true":4.0781},"26":{"length_est":10.499990025177931,"length_true":15.0},"10":{"length_est":10.241279974704755,"length_true":7.8779},"24":{"length_est":13.544579972243923,"length_true":10.4189},"25":{"length_est":12.882793809984666,"length_true":14.588000000000001},"23":{"length_est":5.382139487132372,"length_true":4.1401},"49":{"length_est":15.881836989993282,"length_true":12.21679},"5":{"length_est":16.938021992434468,"length_true":13.029240000000001},"31":{"length_est":5.707009960628091,"length_true":4.39},"43":{"length_est":8.339328007463415,"length_true":11.91334},"39":{"length_est":35.12732002872338,"length_true":50.1819},"34":{"length_est":8.692835025858857,"length_true":12.41835},"44":{"length_est":8.966626016134569,"length_true":12.809479999999999},"55":{"length_est":8.5654140561854,"length_true":12.23632},"17":{"length_est":12.20386005167216,"length_true":17.4341},"37":{"length_est":15.952823022817205,"length_true":16.546871},"47":{"length_est":5.792000055278693,"length_true":8.2743},"9":{"length_est":19.764039507135568,"length_true":15.2031},"12":{"length_est":9.36907001034789,"length_true":13.3844},"20":{"length_est":17.6933999861892,"length_true":13.610299999999999},"6":{"length_est":8.72731004091278,"length_true":12.467600000000001},"14":{"length_est":7.16441450414623,"length_true":8.0963},"7":{"length_est":10.759480006353789,"length_true":15.370700000000001},"57":{"length_est":15.457919977188276,"length_true":11.8907},"8":{"length_est":10.368180021521859,"length_true":14.8117},"19":{"length_est":7.549239603546203,"length_true":5.8071},"4":{"length_est":11.380663045047614,"length_true":11.83921},"22":{"length_est":9.30867400558991,"length_true":13.298119999999997},"11":{"length_est":16.16136169490757,"length_true":12.431809},"35":{"length_est":12.431265018000483,"length_true":11.80815},"13":{"length_est":9.01550006543816,"length_true":12.8793},"15":{"length_est":7.9383292406518935,"length_true":6.1064},"16":{"length_est":26.32070972240774,"length_true":27.150599999999997},"40":{"length_est":25.66863998837717,"length_true":19.7451},"46":{"length_est":9.477919979336715,"length_true":7.2907},"21":{"length_est":13.828811967830019,"length_true":10.637540000000001},"38":{"length_est":12.838328973731262,"length_true":9.87563},"45":{"length_est":6.361689516600986,"length_true":4.8936},"56":{"length_est":6.292910429986915,"length_true":4.9858},"36":{"length_est":51.537112584698306,"length_true":59.543393},"48":{"length_est":10.16101603556836,"length_true":11.9463},"18":{"length_est":14.319470016295469,"length_true":20.456400000000002},"30":{"length_est":14.325786712790418,"length_true":17.905369999999998},"3":{"length_est":10.3284620023659,"length_true":14.754960000000002}}