{"32":{"length_est":14.036154915185929,"length_true":20.051664},"29":{"length_est":3.67646009998914,"length_true":5.2521},"1":{"length_est":0.1485219926122252,"length_true":0.11424},"54":{"length_est":8.421799934122552,"length_true":6.4783},"2":{"length_est":13.335150941220931,"length_true":13.996288},"41":{"length_est":6.316839952953203,"length_true":4.8591},"53":{"length_est":20.625665711131845,"length_true":29.465251},"51":{"length_est":8.281326030168492,"length_true":11.830480000000001},"27":{"length_est":13.89329199122106,"length_true":10.68714},"42":{"length_est":5.476417198766079,"length_true":4.212621},"33":{"length_est":1.763990008779019,"length_true":2.52},"28":{"length_est":11.1469765370263,"length_true":12.29249},"52":{"length_est":12.54331986579272,"length_true":9.6487},"50":{"length_est":5.3015399741870946,"length_true":4.0781},"26":{"length_est":10.499990024084463,"length_true":15.0},"10":{"length_est":8.416752575485118,"length_true":7.8779},"24":{"length_est":10.049205457990363,"length_true":10.4189},"25":{"length_est":10.21159009289347,"length_true":14.588000000000001},"23":{"length_est":5.382139867697733,"length_true":4.1401},"49":{"length_est":15.881836991047775,"length_true":12.21679},"5":{"length_est":16.93802199294957,"length_true":13.029240000000001},"31":{"length_est":5.707009947995855,"length_true":4.39},"43":{"length_est":8.339328004925466,"length_true":11.91334},"39":{"length_est":35.12732002153633,"length_true":50.1819},"34":{"length_est":8.692835016974854,"length_true":12.41835},"44":{"length_est":8.966626014810158,"length_true":12.809479999999999},"55":{"length_est":8.565414033474129,"length_true":12.23632},"17":{"length_est":12.203860075645542,"length_true":17.4341},"37":{"length_est":14.918531379040672,"length_true":16.546871},"47":{"length_est":5.792000035007168,"length_true":8.2743},"9":{"length_est":19.764039883391668,"length_true":15.2031},"12":{"length_est":9.36907001022291,"length_true":13.3844},"20":{"length_est":17.693399992560717,"length_true":13.610299999999999},"6":{"length_est":8.727310020874059,"length_true":12.467600000000001},"14":{"length_est":5.667401464019273,"length_true":8.0963},"7":{"length_est":10.759480005214334,"length_true":15.370700000000001},"57":{"length_est":15.457919986280672,"length_true":11.8907},"8":{"length_est":10.368180026690409,"length_true":14.8117},"19":{"length_est":7.54923984456285,"length_true":5.8071},"4":{"length_est":8.287437026294883,"length_true":11.83921},"22":{"length_est":9.308674005179206,"length_true":13.298119999999997},"11":{"length_est":16.16136169492155,"length_true":12.431809},"35":{"length_est":12.263117736933129,"length_true":11.80815},"13":{"length_est":10.782596764876018,"length_true":12.8793},"15":{"length_est":7.938329915381957,"length_true":6.1064},"16":{"length_est":24.582467721950188,"length_true":27.150599999999997},"40":{"length_est":25.668639993327503,"length_true":19.7451},"46":{"length_est":9.477917647783546,"length_true":7.2907},"21":{"length_est":13.828811905513552,"length_true":10.637540000000001},"38":{"length_est":12.838328811510756,"length_true":9.87563},"45":{"length_est":6.361689742783278,"length_true":4.8936},"56":{"length_est":6.481549885460416,"length_true":4.9858},"36":{"length_est":69.30530640425695,"length_true":59.543393},"48":{"length_est":8.362400067415503,"length_true":11.9463},"18":{"length_est":14.319470005902206,"length_true":20.456400000000002},"30":{"length_est":12.533749021648074,"length_true":17.905369999999998},"3":{"length_est":10.328462002566608,"length_true":14.754960000000002}}