linecode_id,linecode_name,A_p_est,dist_est,x_est,r_est,scenario_id
10,ugsc_16al_xlpe/pvc_ug_2w_bundled,"[159.62739367761708, 7.781229544033713]",[3.9680732876034557],[0.7559191991980877 0.7770166487505172; 0.7770166487505172 0.8508309547210042],[0.3259496457036443 0.049348; 0.049348 5.723669717506332],1
11,uglv_185al_xlpe/nyl/pvc_ug_2w_bundled,"[43.366756638504725, 43.366744687226316]",[1999.9996597507122],[0.7968589325283553 0.38603688646248685; 0.38603688646248685 0.7968589411861722],[1.1023557556590482 0.049348; 0.049348 1.1023560458535036],1
13,uglv_240al_xlpe/nyl/pvc_ug_4w_bundled,"[259.2240744556738, 259.2240744556738, 259.2240744556738, 244.66982341559682]","[15.667523035963166, 17.224532968412323, 7.15634388739816, 31.116644448463486, 19.57902373214393, 14.181694683663412]",[0.7406871349432679 0.6907288779013606 0.6847758770559015 0.6476165192735757; 0.6907288779013606 0.7406871349432679 0.7399634521009665 0.6767255853354324; 0.6847758770559015 0.7399634521009665 0.7406871349432679 0.696989329400334; 0.6476165192735757 0.6767255853354324 0.696989329400334 0.742502451888581],[0.21552281708374266 0.049348 0.049348 0.049348; 0.049348 0.21552281708374266 0.049348 0.049348; 0.049348 0.049348 0.21552281708374266 0.049348; 0.049348 0.049348 0.049348 0.22540777130740886],1
