{"24":{"Xc_est":0.19569617174054918,"Zc_est":0.20311152489217013,"Rc_est":0.05438106205395526},"4":{"Xc_est":0.03995311569680779,"Zc_est":0.04181153161653023,"Rc_est":0.012326910490370175},"1":{"Xc_est":0.22743648538257344,"Zc_est":0.2355199147533165,"Rc_est":0.06117413965256828},"12":{"Xc_est":0.11404510851918252,"Zc_est":0.11845254336152393,"Rc_est":0.03201122071495537},"29":{"Xc_est":0.22200265043268536,"Zc_est":0.2299103176721507,"Rc_est":0.05977940592689227},"20":{"Xc_est":0.06969010579719044,"Zc_est":0.07271459001103875,"Rc_est":0.02075333116513732},"2":{"Xc_est":0.24748996118974212,"Zc_est":0.2565789918853168,"Rc_est":0.06768676522914509},"6":{"Xc_est":0.08948815712896172,"Zc_est":0.09295576116950488,"Rc_est":0.02515240084493501},"25":{"Xc_est":0.18105241552240156,"Zc_est":0.18755948498957448,"Rc_est":0.048975333006096695},"23":{"Xc_est":0.22297189102257042,"Zc_est":0.23102240433190235,"Rc_est":0.06045566240735396},"22":{"Xc_est":0.19856554252237224,"Zc_est":0.2056609360356734,"Rc_est":0.05355507383866932},"11":{"Xc_est":0.24098881771143238,"Zc_est":0.24969860439620958,"Rc_est":0.0653741751417239},"13":{"Xc_est":0.2528994380109605,"Zc_est":0.2619464305433712,"Rc_est":0.0682481261878562},"5":{"Xc_est":0.0942375573247416,"Zc_est":0.09845261553888324,"Rc_est":0.02849912798513656},"15":{"Xc_est":0.1489651410818091,"Zc_est":0.1540039800870515,"Rc_est":0.03907189047294306},"27":{"Xc_est":0.11002367005752431,"Zc_est":0.11408580439198068,"Rc_est":0.030172218858385412},"28":{"Xc_est":0.15019390787413714,"Zc_est":0.15534922932571907,"Rc_est":0.03968845032991411},"16":{"Xc_est":0.23613881790421945,"Zc_est":0.24476987746559303,"Rc_est":0.06442632686502711},"14":{"Xc_est":0.07857554774165651,"Zc_est":0.08163073682476617,"Rc_est":0.022123754013568614},"21":{"Xc_est":0.0609960577413958,"Zc_est":0.06378524779309365,"Rc_est":0.01865579738404843},"7":{"Xc_est":0.025858765451409634,"Zc_est":0.027492647472873628,"Rc_est":0.009336482977903838},"8":{"Xc_est":0.19966386332012526,"Zc_est":0.20716139571253486,"Rc_est":0.05522848502039322},"26":{"Xc_est":0.11247446970702962,"Zc_est":0.11713314462419006,"Rc_est":0.03270576759034863},"17":{"Xc_est":0.18600179751233842,"Zc_est":0.19272278305372628,"Rc_est":0.05045198142940183},"10":{"Xc_est":0.204721932394641,"Zc_est":0.21204466166415034,"Rc_est":0.055243723054008785},"19":{"Xc_est":0.04753838941909728,"Zc_est":0.049654939700335195,"Rc_est":0.014342753155589904},"9":{"Xc_est":0.10700638317856681,"Zc_est":0.11125148653554078,"Rc_est":0.030438909563408195},"18":{"Xc_est":0.09651076977718681,"Zc_est":0.10021751046160016,"Rc_est":0.027004087100581303},"30":{"Xc_est":0.26501980273041,"Zc_est":0.2750036220296414,"Rc_est":0.07342680906968835},"3":{"Xc_est":0.029731767820750588,"Zc_est":0.031190628609642806,"Rc_est":0.009427475553808035}}