{"24":{"Xc_est":0.19143611904650745,"Zc_est":0.20398697119697343,"Rc_est":0.07044782993482696},"4":{"Xc_est":0.04146909431016613,"Zc_est":0.043637576769264254,"Rc_est":0.01358500362119859},"1":{"Xc_est":0.2229709505055407,"Zc_est":0.23441089212919644,"Rc_est":0.0723354793960854},"12":{"Xc_est":0.11641814562669855,"Zc_est":0.12167922198716766,"Rc_est":0.03539277372915597},"29":{"Xc_est":0.21750833411416032,"Zc_est":0.22876806997703614,"Rc_est":0.07088691298047127},"20":{"Xc_est":0.07051661928646961,"Zc_est":0.07758452061720061,"Rc_est":0.03235373616459044},"2":{"Xc_est":0.24293055547663311,"Zc_est":0.2570900958869045,"Rc_est":0.08414310797060112},"6":{"Xc_est":0.0863623642428628,"Zc_est":0.09253572138785232,"Rc_est":0.03323254090726924},"25":{"Xc_est":0.1764302816269898,"Zc_est":0.18590638583465047,"Rc_est":0.05859641643584532},"23":{"Xc_est":0.2172278243371325,"Zc_est":0.2266087415539376,"Rc_est":0.06452591791222484},"22":{"Xc_est":0.193911052926575,"Zc_est":0.20408474252295505,"Rc_est":0.06363242635298363},"11":{"Xc_est":0.23348305082868798,"Zc_est":0.24536460877790348,"Rc_est":0.07542848411881245},"13":{"Xc_est":0.24822580375384704,"Zc_est":0.26129222132396507,"Rc_est":0.08159396592376533},"5":{"Xc_est":0.090668504441315,"Zc_est":0.09522485237160852,"Rc_est":0.0291031752832896},"15":{"Xc_est":0.14388501065865653,"Zc_est":0.14988863169278357,"Rc_est":0.041996495312028335},"27":{"Xc_est":0.11240877290887578,"Zc_est":0.11734135472099692,"Rc_est":0.03366394660285125},"28":{"Xc_est":0.1451723107784237,"Zc_est":0.15162932827641246,"Rc_est":0.04377731577893757},"16":{"Xc_est":0.23189531970023167,"Zc_est":0.2451669700561829,"Rc_est":0.0795701194397535},"14":{"Xc_est":0.07501625762664846,"Zc_est":0.07844037027985054,"Rc_est":0.022922756844070205},"21":{"Xc_est":0.06288560546513815,"Zc_est":0.07064328461927219,"Rc_est":0.032185000964463036},"7":{"Xc_est":0.026462000669406658,"Zc_est":0.03312053276612117,"Rc_est":0.01991813774638652},"8":{"Xc_est":0.19525556638975133,"Zc_est":0.20764083926273605,"Rc_est":0.0706398041018716},"26":{"Xc_est":0.11438633749220933,"Zc_est":0.1243162461793993,"Rc_est":0.048685674065944665},"17":{"Xc_est":0.1830809054753305,"Zc_est":0.1936755253150265,"Rc_est":0.06317904048325333},"10":{"Xc_est":0.20011878588161156,"Zc_est":0.2106579375730562,"Rc_est":0.06579694673617731},"19":{"Xc_est":0.05019640214764835,"Zc_est":0.056447916741430494,"Rc_est":0.025820312079427567},"9":{"Xc_est":0.10821381733024694,"Zc_est":0.11319239835816813,"Rc_est":0.03320073470407199},"18":{"Xc_est":0.09343066473345969,"Zc_est":0.09989161043068025,"Rc_est":0.03534182680477395},"30":{"Xc_est":0.25954834581711156,"Zc_est":0.271105474874942,"Rc_est":0.07831241721955005},"3":{"Xc_est":0.03019950880333303,"Zc_est":0.03445762690551063,"Rc_est":0.016592700804774995}}