{"24":{"Xc_est":0.21149261646915474,"Zc_est":0.22350297094497049,"Rc_est":0.07228036524713563},"4":{"Xc_est":0.04625287625043055,"Zc_est":0.048437877678624064,"Rc_est":0.014383999185612638},"1":{"Xc_est":0.24316173264541466,"Zc_est":0.25376052566385743,"Rc_est":0.0725725579132851},"12":{"Xc_est":0.12422993163661697,"Zc_est":0.12904933901737195,"Rc_est":0.034937887548935606},"29":{"Xc_est":0.23747777538033413,"Zc_est":0.24784274492870015,"Rc_est":0.07092483637062758},"20":{"Xc_est":0.07412960959806777,"Zc_est":0.08076055351332577,"Rc_est":0.03204790140737475},"2":{"Xc_est":0.26322848320350456,"Zc_est":0.27641869002256686,"Rc_est":0.0843685831585089},"6":{"Xc_est":0.09101570736189636,"Zc_est":0.09685255442916012,"Rc_est":0.03311432186935234},"25":{"Xc_est":0.19651235719515858,"Zc_est":0.20541017620611313,"Rc_est":0.059801621705676634},"23":{"Xc_est":0.2370797997760702,"Zc_est":0.2455732749862219,"Rc_est":0.06402657202753417},"22":{"Xc_est":0.21402321431892485,"Zc_est":0.22348323212150872,"Rc_est":0.06433365194104648},"11":{"Xc_est":0.2537858036119012,"Zc_est":0.26465798062295387,"Rc_est":0.07507737736816168},"13":{"Xc_est":0.2684540903185096,"Zc_est":0.28042674276243235,"Rc_est":0.08106515557012707},"5":{"Xc_est":0.09541770473659245,"Zc_est":0.0997173047950035,"Rc_est":0.02896553984271814},"15":{"Xc_est":0.16410454210800018,"Zc_est":0.16968542977958362,"Rc_est":0.043160680474311354},"27":{"Xc_est":0.12005411857850994,"Zc_est":0.12450575320151527,"Rc_est":0.032995320768462115},"28":{"Xc_est":0.16539652895033205,"Zc_est":0.17143678031230478,"Rc_est":0.04510607337190217},"16":{"Xc_est":0.251816109453256,"Zc_est":0.26416427835551615,"Rc_est":0.07982113115533016},"14":{"Xc_est":0.07974560427480053,"Zc_est":0.08285725882640461,"Rc_est":0.022493642192244503},"21":{"Xc_est":0.06720740408765837,"Zc_est":0.07503927917446437,"Rc_est":0.033377511213711},"7":{"Xc_est":0.026408059162599896,"Zc_est":0.03366676530441279,"Rc_est":0.020882181335460052},"8":{"Xc_est":0.21541897510854402,"Zc_est":0.22721509293854525,"Rc_est":0.07225900374525131},"26":{"Xc_est":0.11893176039074087,"Zc_est":0.12854320664730123,"Rc_est":0.048770814484999064},"17":{"Xc_est":0.20067177311157364,"Zc_est":0.2096919007721487,"Rc_est":0.06084022292606893},"10":{"Xc_est":0.2201957082537997,"Zc_est":0.22997805353527176,"Rc_est":0.06636079546298287},"19":{"Xc_est":0.05274941036772575,"Zc_est":0.05806361942794857,"Rc_est":0.024266924134115422},"9":{"Xc_est":0.1127818877431551,"Zc_est":0.1172478579185876,"Rc_est":0.03205161436788587},"18":{"Xc_est":0.09804068366916327,"Zc_est":0.1041060712037387,"Rc_est":0.03501568801495943},"30":{"Xc_est":0.2799298146802315,"Zc_est":0.2904464876470076,"Rc_est":0.07744973234023861},"3":{"Xc_est":0.03475334475841625,"Zc_est":0.03915074132455361,"Rc_est":0.018027356277745543}}