linecode_id,linecode_name,A_p_est,dist_est,x_est,r_est,scenario_id
4,hydrogen,"[193.18181667303918, 193.18181667303918, 193.18181667303918, 193.18181667303918]","[558.8468710860469, 379.9999986849431, 1060.1181623685945]",[0.7499253565526454 0.46614936957125924 0.4335535802731571 0.3860693987392993; 0.46614936957125924 0.7499253565526454 0.4903839391776735 0.406672287760085; 0.4335535802731571 0.4903839391776735 0.7499253565526454 0.4259205436471357; 0.3860693987392993 0.406672287760085 0.4259205436471357 0.7499253565526454],[0.17382825068323712 0.049348 0.049348 0.049348; 0.049348 0.17382825068323712 0.049348 0.049348; 0.049348 0.049348 0.17382825068323712 0.049348; 0.049348 0.049348 0.049348 0.17382825068323712],1
1,pluto,"[300.00000281579173, 300.00000281579173, 300.00000281579173, 300.00000281579173]","[379.9999967273599, 1200.0000105825345, 428.010501314927]",[0.7360975826863383 0.4903839395013548 0.40084778114231695 0.3857857202700044; 0.4903839395013548 0.7360975826863383 0.4181330708115776 0.3989669760444372; 0.40084778114231695 0.4181330708115776 0.7360975826863383 0.48290840887299075; 0.3857857202700044 0.3989669760444372 0.48290840887299075 0.7360975826863383],[0.20479902958880966 0.049348 0.049348 0.049348; 0.049348 0.20479902958880966 0.049348 0.049348; 0.049348 0.049348 0.20479902958880966 0.049348; 0.049348 0.049348 0.049348 0.20479902958880966],1
10,tw2x16_lv_oh_2w_bundled,"[11.999999887505776, 11.999999887505776]",[99.99998911200147],[0.8372217861897773 0.5742647328263063; 0.5742647328263063 0.8372217861897773],[3.068607927901095 0.049348; 0.049348 3.068607927901095],1
7,abc2x16_lv_oh_2w_bundled,"[11.99999988276572, 11.99999988276572]",[99.99999481588168],[0.8372217862021867 0.574264729242444; 0.574264729242444 0.8372217862021867],[3.7768293939428608 0.049348; 0.049348 3.7768293939428608],1
