linecode_id,linecode_name,A_p_est,dist_est,x_est,r_est,scenario_id
4,hydrogen,"[160.77237454087125, 160.77237454087125, 160.77237454087125, 160.77237454087125]","[380.0000003688033, 491.6409748040632, 1199.5905569114234]",[0.7556946617577269 0.49038393889925164 0.4382204129055434 0.3838379949843913; 0.49038393889925164 0.7556946617577269 0.47419983127821685 0.39657318642079925; 0.4382204129055434 0.47419983127821685 0.7556946617577269 0.4181545134640546; 0.3838379949843913 0.39657318642079925 0.4181545134640546 0.7556946617577269],[0.19892171274497042 0.049348 0.049348 0.049348; 0.049348 0.19892171274497042 0.049348 0.049348; 0.049348 0.049348 0.19892171274497042 0.049348; 0.049348 0.049348 0.049348 0.19892171274497042],1
1,pluto,"[300.0000027401119, 300.0000027401119, 300.0000027401119, 300.0000027401119]","[379.9999965953982, 1200.0000109906782, 702.3451325006522]",[0.7360975826942634 0.4903839395231743 0.400847781131334 0.3777395140800358; 0.4903839395231743 0.7360975826942634 0.4181330707902072 0.38918223120693796; 0.400847781131334 0.4181330707902072 0.7360975826942634 0.45178915222680277; 0.3777395140800358 0.38918223120693796 0.45178915222680277 0.7360975826942634],[0.20479902962802468 0.049348 0.049348 0.049348; 0.049348 0.20479902962802468 0.049348 0.049348; 0.049348 0.049348 0.20479902962802468 0.049348; 0.049348 0.049348 0.049348 0.20479902962802468],1
10,tw2x16_lv_oh_2w_bundled,"[11.999999908865377, 11.999999908865377]",[99.99994980533158],[0.8372217861338578 0.5742647575234806; 0.5742647575234806 0.8372217861338578],[3.068607922526913 0.049348; 0.049348 3.068607922526913],1
7,abc2x16_lv_oh_2w_bundled,"[12.256806021842687, 12.256806021842687]",[99.9999735992922],[0.8365565606863613 0.5742647425732537; 0.5742647425732537 0.8365565606863613],[3.698730735650169 0.049348; 0.049348 3.698730735650169],1
