{"24":{"shunt_est":{"gs":0.5768563663288752},"shunt_true":{"gs":5.768533333333333}},"4":{"shunt_est":{"gs":0.5768605050328217},"shunt_true":{"gs":0.9614222222222222}},"1":{"shunt_est":{"gs":0.576853680912811},"shunt_true":{"gs":0.7210666666666666}},"12":{"shunt_est":{"gs":11.537066476598373},"shunt_true":{"gs":0.9614222222222222}},"29":{"shunt_est":{"gs":0.5768545704201069},"shunt_true":{"gs":2.8842666666666665}},"20":{"shunt_est":{"gs":11.537066247911998},"shunt_true":{"gs":1.9228444444444444}},"2":{"shunt_est":{"gs":0.5768534872239212},"shunt_true":{"gs":2.8842666666666665}},"6":{"shunt_est":{"gs":11.53706648994839},"shunt_true":{"gs":0.9614222222222222}},"25":{"shunt_est":{"gs":11.53706630854191},"shunt_true":{"gs":1.1537066666666667}},"23":{"shunt_est":{"gs":0.5768536885140303},"shunt_true":{"gs":0.8240761904761905}},"22":{"shunt_est":{"gs":0.5768537791857625},"shunt_true":{"gs":0.8240761904761905}},"11":{"shunt_est":{"gs":0.5768540730612604},"shunt_true":{"gs":1.4421333333333333}},"13":{"shunt_est":{"gs":11.537063925701432},"shunt_true":{"gs":1.9228444444444444}},"5":{"shunt_est":{"gs":11.537063957123562},"shunt_true":{"gs":0.7210666666666666}},"15":{"shunt_est":{"gs":11.53706466104969},"shunt_true":{"gs":2.8842666666666665}},"27":{"shunt_est":{"gs":11.537066240687954},"shunt_true":{"gs":1.1537066666666667}},"28":{"shunt_est":{"gs":11.537065449072099},"shunt_true":{"gs":1.4421333333333333}},"16":{"shunt_est":{"gs":1.5643376288882676},"shunt_true":{"gs":1.1537066666666667}},"14":{"shunt_est":{"gs":11.537064683117226},"shunt_true":{"gs":5.768533333333333}},"21":{"shunt_est":{"gs":0.5768551801373484},"shunt_true":{"gs":5.768533333333333}},"7":{"shunt_est":{"gs":11.537062897484025},"shunt_true":{"gs":2.8842666666666665}},"8":{"shunt_est":{"gs":11.537064771673366},"shunt_true":{"gs":0.8240761904761905}},"26":{"shunt_est":{"gs":11.5370659403665},"shunt_true":{"gs":1.1537066666666667}},"17":{"shunt_est":{"gs":11.537065802985554},"shunt_true":{"gs":1.4421333333333333}},"10":{"shunt_est":{"gs":0.5768542229662138},"shunt_true":{"gs":2.8842666666666665}}}