{"24":{"shunt_est":{"gs":8.25325574191381},"shunt_true":{"gs":1.1537066666666667}},"4":{"shunt_est":{"gs":0.5768546796170285},"shunt_true":{"gs":5.768533333333333}},"1":{"shunt_est":{"gs":0.5768537781648387},"shunt_true":{"gs":0.7210666666666666}},"12":{"shunt_est":{"gs":11.537066405548352},"shunt_true":{"gs":1.9228444444444444}},"29":{"shunt_est":{"gs":8.249013495242146},"shunt_true":{"gs":0.7210666666666666}},"20":{"shunt_est":{"gs":11.537066283607802},"shunt_true":{"gs":1.1537066666666667}},"2":{"shunt_est":{"gs":0.5768536629646192},"shunt_true":{"gs":0.7210666666666666}},"6":{"shunt_est":{"gs":11.53706654779566},"shunt_true":{"gs":0.8240761904761905}},"25":{"shunt_est":{"gs":11.537066474926675},"shunt_true":{"gs":0.7210666666666666}},"23":{"shunt_est":{"gs":0.5768535936917405},"shunt_true":{"gs":2.8842666666666665}},"22":{"shunt_est":{"gs":0.5768535724037173},"shunt_true":{"gs":1.4421333333333333}},"11":{"shunt_est":{"gs":0.5768543959681987},"shunt_true":{"gs":0.9614222222222222}},"13":{"shunt_est":{"gs":11.537065523766001},"shunt_true":{"gs":2.8842666666666665}},"5":{"shunt_est":{"gs":11.537065856728034},"shunt_true":{"gs":0.9614222222222222}},"15":{"shunt_est":{"gs":0.5768619865132056},"shunt_true":{"gs":1.9228444444444444}},"27":{"shunt_est":{"gs":11.537066323167217},"shunt_true":{"gs":2.8842666666666665}},"28":{"shunt_est":{"gs":11.537064455655536},"shunt_true":{"gs":1.1537066666666667}},"16":{"shunt_est":{"gs":11.537061770314589},"shunt_true":{"gs":1.4421333333333333}},"14":{"shunt_est":{"gs":2.3523013366923524},"shunt_true":{"gs":1.1537066666666667}},"21":{"shunt_est":{"gs":0.576857364219776},"shunt_true":{"gs":1.1537066666666667}},"7":{"shunt_est":{"gs":11.537063455469577},"shunt_true":{"gs":5.768533333333333}},"8":{"shunt_est":{"gs":11.537065678307968},"shunt_true":{"gs":2.8842666666666665}},"26":{"shunt_est":{"gs":11.537066503331234},"shunt_true":{"gs":0.7210666666666666}},"17":{"shunt_est":{"gs":11.537065941738748},"shunt_true":{"gs":1.1537066666666667}},"10":{"shunt_est":{"gs":0.5768537983814899},"shunt_true":{"gs":0.7210666666666666}}}