{"24":{"Xc_est":0.20174896698367023,"Zc_est":0.2307183571751927,"Rc_est":0.11192995425104818},"4":{"Xc_est":0.04751118510752464,"Zc_est":0.06688958004858013,"Rc_est":0.04708400162214272},"1":{"Xc_est":0.23697043222781797,"Zc_est":0.26013935309575403,"Rc_est":0.1073196034228534},"12":{"Xc_est":0.11284035976455177,"Zc_est":0.13241462364912496,"Rc_est":0.06928698120387354},"29":{"Xc_est":0.22775066838520297,"Zc_est":0.2446138966180745,"Rc_est":0.08925016228988802},"20":{"Xc_est":0.07569321790043704,"Zc_est":0.10390127287284273,"Rc_est":0.07117591775645668},"2":{"Xc_est":0.2540317417121921,"Zc_est":0.28082664944868524,"Rc_est":0.11971416475607582},"6":{"Xc_est":0.0871368543382769,"Zc_est":0.1030294688022073,"Rc_est":0.05497490388981977},"25":{"Xc_est":0.1882696805102737,"Zc_est":0.20378720951966683,"Rc_est":0.07799842411467071},"23":{"Xc_est":0.22793921943445059,"Zc_est":0.24626710202490246,"Rc_est":0.0932265937560581},"22":{"Xc_est":0.20395527023298823,"Zc_est":0.2197719082104932,"Rc_est":0.08186537352672485},"11":{"Xc_est":0.24425790110201517,"Zc_est":0.2613263383198973,"Rc_est":0.09289527893775659},"13":{"Xc_est":0.2592500897159502,"Zc_est":0.2793660800804351,"Rc_est":0.10409033423800632},"5":{"Xc_est":0.09320178201393543,"Zc_est":0.1341318042580794,"Rc_est":0.09646122922166495},"15":{"Xc_est":0.15501189081516528,"Zc_est":0.1602654685093854,"Rc_est":0.04069808475149759},"27":{"Xc_est":0.1083997605666793,"Zc_est":0.12066769647789871,"Rc_est":0.05301117695702378},"28":{"Xc_est":0.15648874168026358,"Zc_est":0.1634984137662575,"Rc_est":0.047360374063240625},"16":{"Xc_est":0.24236987657393017,"Zc_est":0.26674763680041136,"Rc_est":0.1114053170550761},"14":{"Xc_est":0.07814725228396527,"Zc_est":0.09217278364749407,"Rc_est":0.048875648392569006},"21":{"Xc_est":0.07460065620162451,"Zc_est":0.12065906294442659,"Rc_est":0.09483328300187714},"7":{"Xc_est":0.02721908441188592,"Zc_est":0.06280249964360034,"Rc_est":0.05659748585637925},"8":{"Xc_est":0.20563575909615214,"Zc_est":0.2328639845211217,"Rc_est":0.10926833881780434},"26":{"Xc_est":0.10791751322603939,"Zc_est":0.1405310922678381,"Rc_est":0.09001554439706091},"17":{"Xc_est":0.19053074953951477,"Zc_est":0.206006289927552,"Rc_est":0.07833661321263066},"10":{"Xc_est":0.2101431799559974,"Zc_est":0.22669994507293295,"Rc_est":0.08504533505167763},"19":{"Xc_est":0.06057694178327615,"Zc_est":0.0961430495473155,"Rc_est":0.0746586907228029},"9":{"Xc_est":0.10229128969139195,"Zc_est":0.12496158190870775,"Rc_est":0.0717766605965923},"18":{"Xc_est":0.09541569427180085,"Zc_est":0.12174228022433803,"Rc_est":0.0756110314759128},"30":{"Xc_est":0.2752300600051658,"Zc_est":0.3158941749514125,"Rc_est":0.15504045871251293},"3":{"Xc_est":0.03683217706361898,"Zc_est":0.054864132851141646,"Rc_est":0.04066280617790587}}