{"32":{"length_est":14.03615486807626,"length_true":20.051664},"29":{"length_est":3.6764600563537395,"length_true":5.2521},"1":{"length_est":0.14852127364822865,"length_true":0.11424},"54":{"length_est":8.421799742150396,"length_true":6.4783},"2":{"length_est":12.138094748293899,"length_true":13.996288},"41":{"length_est":6.316839090367286,"length_true":4.8591},"53":{"length_est":20.62566571263377,"length_true":29.465251},"51":{"length_est":8.281326015940705,"length_true":11.830480000000001},"27":{"length_est":13.893291995578144,"length_true":10.68714},"42":{"length_est":2.9488247570374515,"length_true":4.212621},"33":{"length_est":1.7639900038877594,"length_true":2.52},"28":{"length_est":8.60473305386659,"length_true":12.29249},"52":{"length_est":12.543319978829814,"length_true":9.6487},"50":{"length_est":5.30153997754729,"length_true":4.0781},"26":{"length_est":11.98483798839645,"length_true":15.0},"10":{"length_est":10.24127998568816,"length_true":7.8779},"24":{"length_est":7.293220081014055,"length_true":10.4189},"25":{"length_est":18.964409846629806,"length_true":14.588000000000001},"23":{"length_est":5.382139881486162,"length_true":4.1401},"49":{"length_est":15.881836994964385,"length_true":12.21679},"5":{"length_est":16.938021996169905,"length_true":13.029240000000001},"31":{"length_est":5.70700995464607,"length_true":4.39},"43":{"length_est":8.339328002722151,"length_true":11.91334},"39":{"length_est":35.127320014867706,"length_true":50.1819},"34":{"length_est":8.69283502387038,"length_true":12.41835},"44":{"length_est":8.966626007524193,"length_true":12.809479999999999},"55":{"length_est":10.430048844806514,"length_true":12.23632},"17":{"length_est":12.203860833638654,"length_true":17.4341},"37":{"length_est":18.056712148407605,"length_true":16.546871},"47":{"length_est":5.792000035175087,"length_true":8.2743},"9":{"length_est":14.529636038865958,"length_true":15.2031},"12":{"length_est":11.930025095489373,"length_true":13.3844},"20":{"length_est":15.464486651377563,"length_true":13.610299999999999},"6":{"length_est":8.72731001007565,"length_true":12.467600000000001},"14":{"length_est":10.525199975829667,"length_true":8.0963},"7":{"length_est":10.759480004890223,"length_true":15.370700000000001},"57":{"length_est":13.10294657337826,"length_true":11.8907},"8":{"length_est":10.368180056851932,"length_true":14.8117},"19":{"length_est":7.549237757722224,"length_true":5.8071},"4":{"length_est":8.781744092757451,"length_true":11.83921},"22":{"length_est":9.30867400515574,"length_true":13.298119999999997},"11":{"length_est":16.161361694047876,"length_true":12.431809},"35":{"length_est":11.86964232485088,"length_true":11.80815},"13":{"length_est":9.067664658458359,"length_true":12.8793},"15":{"length_est":7.938329799053224,"length_true":6.1064},"16":{"length_est":25.974547463934226,"length_true":27.150599999999997},"40":{"length_est":25.66863997670773,"length_true":19.7451},"46":{"length_est":9.477919949337249,"length_true":7.2907},"21":{"length_est":13.828811952316743,"length_true":10.637540000000001},"38":{"length_est":12.83832866678679,"length_true":9.87563},"45":{"length_est":3.425510977489785,"length_true":4.8936},"56":{"length_est":6.481549883331747,"length_true":4.9858},"36":{"length_est":71.2811705235794,"length_true":59.543393},"48":{"length_est":15.014294788779868,"length_true":11.9463},"18":{"length_est":14.877067979762161,"length_true":20.456400000000002},"30":{"length_est":14.35226098342145,"length_true":17.905369999999998},"3":{"length_est":10.328462003042336,"length_true":14.754960000000002}}