{"24":{"Xc_est":0.2085206119661813,"Zc_est":0.23831850972619634,"Rc_est":0.11539006223832446},"4":{"Xc_est":0.04439888975444931,"Zc_est":0.06880701252551877,"Rc_est":0.05256561196503998},"1":{"Xc_est":0.23552749855185548,"Zc_est":0.2559325370314058,"Rc_est":0.10014120499193935},"12":{"Xc_est":0.1194718760181196,"Zc_est":0.14085890087523265,"Rc_est":0.07461702752381441},"29":{"Xc_est":0.22854608554388234,"Zc_est":0.24647936671472323,"Rc_est":0.0922971559619224},"20":{"Xc_est":0.0716456046705787,"Zc_est":0.09434052789217627,"Rc_est":0.061376237538331074},"2":{"Xc_est":0.25296869374731706,"Zc_est":0.2774815299942998,"Rc_est":0.11402999373740937},"6":{"Xc_est":0.09019102368898414,"Zc_est":0.1065309424485275,"Rc_est":0.056695863560797616},"25":{"Xc_est":0.19300821567517626,"Zc_est":0.20946950867980135,"Rc_est":0.08139596887095833},"23":{"Xc_est":0.22840443900703944,"Zc_est":0.24764657609277863,"Rc_est":0.09570913693245801},"22":{"Xc_est":0.208571359701309,"Zc_est":0.22537793054400032,"Rc_est":0.08540023119783348},"11":{"Xc_est":0.24513842933892901,"Zc_est":0.2633832136714103,"Rc_est":0.09632168865381618},"13":{"Xc_est":0.26023064389951417,"Zc_est":0.2816711189787173,"Rc_est":0.1077897548117027},"5":{"Xc_est":0.09626214371081913,"Zc_est":0.13801966138799776,"Rc_est":0.09890918368814479},"15":{"Xc_est":0.1596106143515646,"Zc_est":0.1655943440273205,"Rc_est":0.044112793610864225},"27":{"Xc_est":0.11460811699308567,"Zc_est":0.12790681207219928,"Rc_est":0.05679024646690741},"28":{"Xc_est":0.16108629176230205,"Zc_est":0.16885772512113867,"Rc_est":0.05063731765562354},"16":{"Xc_est":0.2431982989106587,"Zc_est":0.2686796138314068,"Rc_est":0.11420736532971854},"14":{"Xc_est":0.0811906013807435,"Zc_est":0.09601268637528591,"Rc_est":0.051249606753927646},"21":{"Xc_est":0.06714660018938007,"Zc_est":0.1049342964207766,"Rc_est":0.08063833237568194},"7":{"Xc_est":0.027328742915935726,"Zc_est":0.06232954166237681,"Rc_est":0.056018850170961726},"8":{"Xc_est":0.21240810667535706,"Zc_est":0.24050677845885882,"Rc_est":0.11281093343842488},"26":{"Xc_est":0.11220581409794292,"Zc_est":0.14016983593100127,"Rc_est":0.08400856020395592},"17":{"Xc_est":0.19769107871517275,"Zc_est":0.21486262276410667,"Rc_est":0.08416759505594887},"10":{"Xc_est":0.214758995637387,"Zc_est":0.23229761977820895,"Rc_est":0.08854805445317322},"19":{"Xc_est":0.05772658560431386,"Zc_est":0.09959858440333497,"Rc_est":0.08116353448203241},"9":{"Xc_est":0.10842255692845007,"Zc_est":0.13197750157226062,"Rc_est":0.0752503160814163},"18":{"Xc_est":0.09936060610514198,"Zc_est":0.12058969626186984,"Rc_est":0.06833260421606108},"30":{"Xc_est":0.2729761873336232,"Zc_est":0.31037236433735965,"Rc_est":0.1476990375498817},"3":{"Xc_est":0.03214467337791445,"Zc_est":0.051044753666271446,"Rc_est":0.03965207245879502}}