{"32":{"length_est":14.036154915953025,"length_true":20.051664},"29":{"length_est":3.676460134090864,"length_true":5.2521},"1":{"length_est":0.07996134573928788,"length_true":0.11424},"54":{"length_est":8.421799898075093,"length_true":6.4783},"2":{"length_est":14.749641930918735,"length_true":13.996288},"41":{"length_est":6.316839862005838,"length_true":4.8591},"53":{"length_est":20.6256657233796,"length_true":29.465251},"51":{"length_est":8.28132603388292,"length_true":11.830480000000001},"27":{"length_est":13.893291991286748,"length_true":10.68714},"42":{"length_est":2.9488248418985625,"length_true":4.212621},"33":{"length_est":1.7639900077106385,"length_true":2.52},"28":{"length_est":8.604733049958952,"length_true":12.29249},"52":{"length_est":12.543319965216929,"length_true":9.6487},"50":{"length_est":5.301539948838339,"length_true":4.0781},"26":{"length_est":18.478389312556647,"length_true":15.0},"10":{"length_est":10.241279975647103,"length_true":7.8779},"24":{"length_est":7.293220055924028,"length_true":10.4189},"25":{"length_est":16.919137039530792,"length_true":14.588000000000001},"23":{"length_est":5.382139928929727,"length_true":4.1401},"49":{"length_est":15.881836991114985,"length_true":12.21679},"5":{"length_est":16.938021993127094,"length_true":13.029240000000001},"31":{"length_est":3.0729902342937625,"length_true":4.39},"43":{"length_est":8.339328004875167,"length_true":11.91334},"39":{"length_est":35.12732001614699,"length_true":50.1819},"34":{"length_est":8.692835029737031,"length_true":12.41835},"44":{"length_est":8.966626014587831,"length_true":12.809479999999999},"55":{"length_est":13.102240000970328,"length_true":12.23632},"17":{"length_est":12.20386033614745,"length_true":17.4341},"37":{"length_est":21.51094228338546,"length_true":16.546871},"47":{"length_est":5.792000032814527,"length_true":8.2743},"9":{"length_est":19.764039728609564,"length_true":15.2031},"12":{"length_est":14.481729374770353,"length_true":13.3844},"20":{"length_est":17.69339999531018,"length_true":13.610299999999999},"6":{"length_est":8.727310018770252,"length_true":12.467600000000001},"14":{"length_est":10.52519990851835,"length_true":8.0963},"7":{"length_est":10.759480005357046,"length_true":15.370700000000001},"57":{"length_est":15.45791998264161,"length_true":11.8907},"8":{"length_est":10.368180035648027,"length_true":14.8117},"19":{"length_est":7.549239773520454,"length_true":5.8071},"4":{"length_est":8.287437014207617,"length_true":11.83921},"22":{"length_est":9.308674009640871,"length_true":13.298119999999997},"11":{"length_est":16.161361692169617,"length_true":12.431809},"35":{"length_est":12.24563906234567,"length_true":11.80815},"13":{"length_est":9.015500078065926,"length_true":12.8793},"15":{"length_est":7.938329868082022,"length_true":6.1064},"16":{"length_est":29.84638212967282,"length_true":27.150599999999997},"40":{"length_est":25.668639986167143,"length_true":19.7451},"46":{"length_est":5.363209136212662,"length_true":7.2907},"21":{"length_est":13.828811926058675,"length_true":10.637540000000001},"38":{"length_est":9.174421728581951,"length_true":9.87563},"45":{"length_est":6.361689817550501,"length_true":4.8936},"56":{"length_est":6.481549890457222,"length_true":4.9858},"36":{"length_est":73.4863953079728,"length_true":59.543393},"48":{"length_est":8.362400152201758,"length_true":11.9463},"18":{"length_est":14.31947003097623,"length_true":20.456400000000002},"30":{"length_est":12.548487543027033,"length_true":17.905369999999998},"3":{"length_est":10.328462006031696,"length_true":14.754960000000002}}