{"24":{"Xc_est":0.20277999431022692,"Zc_est":0.23361555924488372,"Rc_est":0.11600216993161855},"4":{"Xc_est":0.04374345352987524,"Zc_est":0.06954356019382106,"Rc_est":0.054063083871633326},"1":{"Xc_est":0.22951596278939335,"Zc_est":0.25160608537171,"Rc_est":0.10309241010343106},"12":{"Xc_est":0.11605243888384036,"Zc_est":0.13768522155102303,"Rc_est":0.0740881344256069},"29":{"Xc_est":0.2218734915103444,"Zc_est":0.24024430136880914,"Rc_est":0.09213836391642907},"20":{"Xc_est":0.0680997514044828,"Zc_est":0.09220084194565054,"Rc_est":0.06215640847197072},"2":{"Xc_est":0.24466745111707122,"Zc_est":0.26984721234429115,"Rc_est":0.11382159888993185},"6":{"Xc_est":0.08679192891800168,"Zc_est":0.10379160322928987,"Rc_est":0.056919750312162135},"25":{"Xc_est":0.18724391856205444,"Zc_est":0.2041118489675534,"Rc_est":0.08124876522434085},"23":{"Xc_est":0.221603539245738,"Zc_est":0.24087722311380877,"Rc_est":0.09441243566809547},"22":{"Xc_est":0.20282498300360063,"Zc_est":0.22004602114847777,"Rc_est":0.08533626247302747},"11":{"Xc_est":0.23684831473001638,"Zc_est":0.25549766026781356,"Rc_est":0.0958223888863046},"13":{"Xc_est":0.2519706522444689,"Zc_est":0.2739831047304857,"Rc_est":0.10759894091139191},"5":{"Xc_est":0.09285685652227142,"Zc_est":0.13530022667550792,"Rc_est":0.09840607468670888},"15":{"Xc_est":0.15372615907783876,"Zc_est":0.15956957908489314,"Rc_est":0.04278689734609154},"27":{"Xc_est":0.11399917568697863,"Zc_est":0.13200898821104542,"Rc_est":0.06656245872256607},"28":{"Xc_est":0.1552030099396096,"Zc_est":0.16289013583952056,"Rc_est":0.049449186641469675},"16":{"Xc_est":0.23653944836895915,"Zc_est":0.26279594379706356,"Rc_est":0.11450239054927147},"14":{"Xc_est":0.07778050349726512,"Zc_est":0.09285810859658174,"Rc_est":0.05072298894827172},"21":{"Xc_est":0.06609023154150084,"Zc_est":0.1053403785636603,"Rc_est":0.08202851120632429},"7":{"Xc_est":0.027371728894123346,"Zc_est":0.0634834758814147,"Rc_est":0.05727949168186443},"8":{"Xc_est":0.20666678642874622,"Zc_est":0.23570583766329892,"Rc_est":0.11334055450619793},"26":{"Xc_est":0.10894030497751732,"Zc_est":0.13836545008216763,"Rc_est":0.08530537924331819},"17":{"Xc_est":0.19283901771803524,"Zc_est":0.2120406776236845,"Rc_est":0.08817234380833136},"10":{"Xc_est":0.20631593489820482,"Zc_est":0.2242077447157337,"Rc_est":0.08776586920663026},"19":{"Xc_est":0.05611779721556641,"Zc_est":0.09782636332713326,"Rc_est":0.08012983337986454},"9":{"Xc_est":0.10502916795593983,"Zc_est":0.12894559636346856,"Rc_est":0.07480535208134197},"18":{"Xc_est":0.09632166144486844,"Zc_est":0.11929346462501399,"Rc_est":0.07037803804269914},"30":{"Xc_est":0.26527071613974945,"Zc_est":0.30411865139283495,"Rc_est":0.14872659911293987},"3":{"Xc_est":0.031079325096067586,"Zc_est":0.050896248928718,"Rc_est":0.04030513250923475}}