{"24":{"Xc_est":0.19820713952630856,"Zc_est":0.22713204898703393,"Rc_est":0.11091842731416104},"4":{"Xc_est":0.04533525980511493,"Zc_est":0.06638743560653984,"Rc_est":0.048497482664724},"1":{"Xc_est":0.23438924334151853,"Zc_est":0.25919287359741977,"Rc_est":0.11064641128151623},"12":{"Xc_est":0.1113894903574168,"Zc_est":0.13098368495934973,"Rc_est":0.06891376613888646},"29":{"Xc_est":0.22420051785810455,"Zc_est":0.24092767159839973,"Rc_est":0.08820584296963602},"20":{"Xc_est":0.07406085607834445,"Zc_est":0.10331928132464197,"Rc_est":0.07204070717575765},"2":{"Xc_est":0.2504744470299141,"Zc_est":0.2771521260045156,"Rc_est":0.11864169728169618},"6":{"Xc_est":0.08520397113492624,"Zc_est":0.10113499769160134,"Rc_est":0.05448459471188956},"25":{"Xc_est":0.18473082637528207,"Zc_est":0.20013561547642966,"Rc_est":0.07699861277214481},"23":{"Xc_est":0.22439525051078713,"Zc_est":0.24260058527474712,"Rc_est":0.0922052901077316},"22":{"Xc_est":0.20041344263964458,"Zc_est":0.21610852018363375,"Rc_est":0.08085384657074715},"11":{"Xc_est":0.2407025174050151,"Zc_est":0.2576247530395878,"Rc_est":0.09183034081172188},"13":{"Xc_est":0.25568846193689104,"Zc_est":0.27565513443714007,"Rc_est":0.10300079404502069},"5":{"Xc_est":0.09126889881587871,"Zc_est":0.13244028612234454,"Rc_est":0.09597092005970029},"15":{"Xc_est":0.15148551416673806,"Zc_est":0.15661328107434525,"Rc_est":0.039747437735165626},"27":{"Xc_est":0.10960566512099718,"Zc_est":0.1261115478370421,"Rc_est":0.062375641649913174},"28":{"Xc_est":0.15296236503186114,"Zc_est":0.15984788982259293,"Rc_est":0.046409727047198604},"16":{"Xc_est":0.23881748315548332,"Zc_est":0.26308057632097137,"Rc_est":0.11035216072490321},"14":{"Xc_est":0.07621541615232151,"Zc_est":0.09027917775355868,"Rc_est":0.048389464520565764},"21":{"Xc_est":0.07184417297290632,"Zc_est":0.11840489768825847,"Rc_est":0.09411766362594257},"7":{"Xc_est":0.02721176097848648,"Zc_est":0.06277332234992475,"Rc_est":0.056568631442675744},"8":{"Xc_est":0.20209393160766348,"Zc_est":0.2292629374961677,"Rc_est":0.10825681187218072},"26":{"Xc_est":0.1064666438196992,"Zc_est":0.1391793571415787,"Rc_est":0.08964232933225474},"17":{"Xc_est":0.18699080449792627,"Zc_est":0.20235087592310172,"Rc_est":0.077332502998835},"10":{"Xc_est":0.2066013522723578,"Zc_est":0.2230376641952024,"Rc_est":0.08403380801132954},"19":{"Xc_est":0.059051928599370536,"Zc_est":0.09903094360741836,"Rc_est":0.07949841206257217},"9":{"Xc_est":0.10084247682269269,"Zc_est":0.12356704400562415,"Rc_est":0.07141154831364842},"18":{"Xc_est":0.0948763403730069,"Zc_est":0.12368301786638057,"Rc_est":0.07934714201507674},"30":{"Xc_est":0.2716921752126464,"Zc_est":0.3123208696775594,"Rc_est":0.15403794196355552},"3":{"Xc_est":0.03408378384610705,"Zc_est":0.05253598465220006,"Rc_est":0.03997906154611501}}