{"24":{"shunt_est":{"gs":0.5768534878800851},"shunt_true":{"gs":0.028277124183006534}},"4":{"shunt_est":{"gs":0.5768539763184638},"shunt_true":{"gs":0.16966274509803922}},"1":{"shunt_est":{"gs":0.5768534247192655},"shunt_true":{"gs":0.22621699346405227}},"12":{"shunt_est":{"gs":0.5768545538488401},"shunt_true":{"gs":0.16966274509803922}},"29":{"shunt_est":{"gs":0.5768534554288458},"shunt_true":{"gs":0.05655424836601307}},"20":{"shunt_est":{"gs":11.537065608000413},"shunt_true":{"gs":0.08483137254901961}},"2":{"shunt_est":{"gs":0.5768534322828607},"shunt_true":{"gs":0.05655424836601307}},"6":{"shunt_est":{"gs":11.537066164900786},"shunt_true":{"gs":0.16966274509803922}},"25":{"shunt_est":{"gs":0.5768537626467938},"shunt_true":{"gs":0.14138562091503268}},"23":{"shunt_est":{"gs":0.5768534260242378},"shunt_true":{"gs":0.19793986928104573}},"22":{"shunt_est":{"gs":0.5768534186619869},"shunt_true":{"gs":0.19793986928104573}},"11":{"shunt_est":{"gs":0.5768534537305016},"shunt_true":{"gs":0.11310849673202614}},"13":{"shunt_est":{"gs":0.5768536038406872},"shunt_true":{"gs":0.08483137254901961}},"5":{"shunt_est":{"gs":11.537065681506618},"shunt_true":{"gs":0.22621699346405227}},"15":{"shunt_est":{"gs":0.5768535168352127},"shunt_true":{"gs":0.05655424836601307}},"27":{"shunt_est":{"gs":0.5768538405153005},"shunt_true":{"gs":0.14138562091503268}},"28":{"shunt_est":{"gs":0.576853552618865},"shunt_true":{"gs":0.11310849673202614}},"16":{"shunt_est":{"gs":0.5768535452820845},"shunt_true":{"gs":0.14138562091503268}},"14":{"shunt_est":{"gs":0.5768537106140453},"shunt_true":{"gs":0.028277124183006534}},"21":{"shunt_est":{"gs":0.5768544784588887},"shunt_true":{"gs":0.028277124183006534}},"7":{"shunt_est":{"gs":11.537064244918197},"shunt_true":{"gs":0.05655424836601307}},"8":{"shunt_est":{"gs":0.5768535518089836},"shunt_true":{"gs":0.19793986928104573}},"26":{"shunt_est":{"gs":11.537065814378169},"shunt_true":{"gs":0.14138562091503268}},"17":{"shunt_est":{"gs":0.576853691411871},"shunt_true":{"gs":0.11310849673202614}},"10":{"shunt_est":{"gs":0.57685345986974},"shunt_true":{"gs":0.05655424836601307}}}