{"24":{"Xc_est":0.19701429097072926,"Zc_est":0.2260844240665389,"Rc_est":0.11090327298506303},"4":{"Xc_est":0.04509590025573138,"Zc_est":0.06612983297833669,"Rc_est":0.04836852891982381},"1":{"Xc_est":0.23331105766760787,"Zc_est":0.25842991037722984,"Rc_est":0.11113941221549267},"12":{"Xc_est":0.11047312703780138,"Zc_est":0.13017795904345503,"Rc_est":0.06886210295372375},"29":{"Xc_est":0.22302426023677574,"Zc_est":0.2398520743047448,"Rc_est":0.08825642692817194},"20":{"Xc_est":0.07343518606026377,"Zc_est":0.10320845284703233,"Rc_est":0.07252074315237357},"2":{"Xc_est":0.24931243080937787,"Zc_est":0.2761484096678354,"Rc_est":0.11874870949190902},"6":{"Xc_est":0.0844640075223676,"Zc_est":0.10049249345869198,"Rc_est":0.05444788953491841},"25":{"Xc_est":0.18353205032961611,"Zc_est":0.19901470003162097,"Rc_est":0.07695997226145113},"23":{"Xc_est":0.22309336396734042,"Zc_est":0.24124034789988583,"Rc_est":0.09179464259200386},"22":{"Xc_est":0.19922059397510034,"Zc_est":0.2149970679407196,"Rc_est":0.08083869221675105},"11":{"Xc_est":0.23953669171520037,"Zc_est":0.2565687595241012,"Rc_est":0.09192225892499115},"13":{"Xc_est":0.25453508357433846,"Zc_est":0.2746386489064394,"Rc_est":0.10314203169881349},"5":{"Xc_est":0.09052893520257325,"Zc_est":0.1319047447746633,"Rc_est":0.09593421488268594},"15":{"Xc_est":0.150261868978439,"Zc_est":0.15539498590608788,"Rc_est":0.03961025594287026},"27":{"Xc_est":0.10878374247878739,"Zc_est":0.12554460240822624,"Rc_est":0.06267012498909244},"28":{"Xc_est":0.1517387198434454,"Zc_est":0.15863728295720725,"Rc_est":0.04627254525436683},"16":{"Xc_est":0.23764569653995823,"Zc_est":0.2620460934524338,"Rc_est":0.1104204601046371},"14":{"Xc_est":0.07547336536505876,"Zc_est":0.08962933971601608,"Rc_est":0.048344489431592585},"21":{"Xc_est":0.07167012236809457,"Zc_est":0.11838933589800195,"Rc_est":0.0942307190575997},"7":{"Xc_est":0.027226359778798503,"Zc_est":0.06283177866711505,"Rc_est":0.056626475642306724},"8":{"Xc_est":0.20090108304185328,"Zc_est":0.22820495523638934,"Rc_est":0.10824165754021339},"26":{"Xc_est":0.10555028049667425,"Zc_est":0.13844619594992066,"Rc_est":0.08959066614372958},"17":{"Xc_est":0.1857942035258357,"Zc_est":0.20123409148691945,"Rc_est":0.07730248063785668},"10":{"Xc_est":0.20540850355071116,"Zc_est":0.22192743744261045,"Rc_est":0.08401865363656609},"19":{"Xc_est":0.05847144542801143,"Zc_est":0.09730532264218428,"Rc_est":0.07777799100040231},"9":{"Xc_est":0.09992201393498817,"Zc_est":0.12277753892651515,"Rc_est":0.07134364159494504},"18":{"Xc_est":0.09394133182265195,"Zc_est":0.12288295224672159,"Rc_est":0.07921645112131986},"30":{"Xc_est":0.27040058805251355,"Zc_est":0.3110172824847872,"Rc_est":0.15367261299619003},"3":{"Xc_est":0.03389360634918792,"Zc_est":0.052450307865134764,"Rc_est":0.04002821809416085}}