linecode_id,linecode_name,A_p_est,dist_est,x_est,r_est,scenario_id
4,hydrogen,"[191.02493873593477, 191.02493873593477, 191.02493873593477, 191.02493873593477]","[380.00000530676397, 380.0000006282221, 842.7743579825127]",[0.7502780894921961 0.49038393808277286 0.4468321148206227 0.3999485764670881; 0.49038393808277286 0.7502780894921961 0.49038393885635745 0.41695178046674647; 0.4468321148206227 0.49038393885635745 0.7502780894921961 0.4403364914159548; 0.3999485764670881 0.41695178046674647 0.4403364914159548 0.7502780894921961],[0.17523376719893693 0.049348 0.049348 0.049348; 0.049348 0.17523376719893693 0.049348 0.049348; 0.049348 0.049348 0.17523376719893693 0.049348; 0.049348 0.049348 0.049348 0.17523376719893693],1
1,pluto,"[300.0000028157658, 300.0000028157658, 300.0000028157658, 300.0000028157658]","[379.9999967787696, 1200.0000105306653, 380.0000184118482]",[0.736097582686341 0.49038393949285425 0.40084778114233527 0.3873062514548379; 0.49038393949285425 0.736097582686341 0.4181330708142934 0.4008477802820507; 0.40084778114233527 0.4181330708142934 0.736097582686341 0.49038393591588175; 0.3873062514548379 0.4008477802820507 0.49038393591588175 0.736097582686341],[0.2047990295888231 0.049348 0.049348 0.049348; 0.049348 0.2047990295888231 0.049348 0.049348; 0.049348 0.049348 0.2047990295888231 0.049348; 0.049348 0.049348 0.049348 0.2047990295888231],1
10,tw2x16_lv_oh_2w_bundled,"[11.999999886203756, 11.999999886203756]",[99.99999347291343],[0.837221786193186 0.5742647300862579; 0.5742647300862579 0.837221786193186],[3.06860792822869 0.049348; 0.049348 3.06860792822869],1
7,abc2x16_lv_oh_2w_bundled,"[11.99999988244678, 11.99999988244678]",[99.99999610183431],[0.8372217862030217 0.5742647284344542; 0.5742647284344542 0.8372217862030217],[3.7768293940419313 0.049348; 0.049348 3.7768293940419313],1
