{"32":{"length_est":14.036154935929725,"length_true":20.051664},"29":{"length_est":3.676460129517901,"length_true":5.2521},"1":{"length_est":0.07996732850214966,"length_true":0.11424},"54":{"length_est":8.421799917588759,"length_true":6.4783},"2":{"length_est":15.107342325209267,"length_true":13.996288},"41":{"length_est":6.316839894298629,"length_true":4.8591},"53":{"length_est":20.625665723682605,"length_true":29.465251},"51":{"length_est":8.281326039419032,"length_true":11.830480000000001},"27":{"length_est":13.893291991326143,"length_true":10.68714},"42":{"length_est":2.9488247838798602,"length_true":4.212621},"33":{"length_est":1.7639900077383697,"length_true":2.52},"28":{"length_est":8.604733041084787,"length_true":12.29249},"52":{"length_est":12.543319958655706,"length_true":9.6487},"50":{"length_est":5.30153993850877,"length_true":4.0781},"26":{"length_est":14.830287499986635,"length_true":15.0},"10":{"length_est":10.24127997551057,"length_true":7.8779},"24":{"length_est":7.29322004407898,"length_true":10.4189},"25":{"length_est":18.390037667163515,"length_true":14.588000000000001},"23":{"length_est":5.382139946233053,"length_true":4.1401},"49":{"length_est":15.881836991122833,"length_true":12.21679},"5":{"length_est":16.938021993131994,"length_true":13.029240000000001},"31":{"length_est":3.0729904841220095,"length_true":4.39},"43":{"length_est":8.339328004884358,"length_true":11.91334},"39":{"length_est":35.12732001803475,"length_true":50.1819},"34":{"length_est":8.692835018534367,"length_true":12.41835},"44":{"length_est":8.966626014592125,"length_true":12.809479999999999},"55":{"length_est":14.259593624717604,"length_true":12.23632},"17":{"length_est":12.203860428861237,"length_true":17.4341},"37":{"length_est":21.510942285718098,"length_true":16.546871},"47":{"length_est":5.792000030544591,"length_true":8.2743},"9":{"length_est":19.76403979524285,"length_true":15.2031},"12":{"length_est":15.564918333076983,"length_true":13.3844},"20":{"length_est":17.69339999546879,"length_true":13.610299999999999},"6":{"length_est":8.727310018612329,"length_true":12.467600000000001},"14":{"length_est":10.525199908340502,"length_true":8.0963},"7":{"length_est":10.759480005157382,"length_true":15.370700000000001},"57":{"length_est":15.457919986706534,"length_true":11.8907},"8":{"length_est":10.368180031368237,"length_true":14.8117},"19":{"length_est":7.549239736181114,"length_true":5.8071},"4":{"length_est":8.287437034728812,"length_true":11.83921},"22":{"length_est":9.308674008683825,"length_true":13.298119999999997},"11":{"length_est":16.161361692175053,"length_true":12.431809},"35":{"length_est":12.251463346780813,"length_true":11.80815},"13":{"length_est":12.188821657502578,"length_true":12.8793},"15":{"length_est":7.938329764442848,"length_true":6.1064},"16":{"length_est":29.874741384865644,"length_true":27.150599999999997},"40":{"length_est":25.66863998769305,"length_true":19.7451},"46":{"length_est":6.024344182331386,"length_true":7.2907},"21":{"length_est":13.828811931510877,"length_true":10.637540000000001},"38":{"length_est":10.294717277622386,"length_true":9.87563},"45":{"length_est":6.3616896688179425,"length_true":4.8936},"56":{"length_est":6.481549848161649,"length_true":4.9858},"36":{"length_est":70.66677967603852,"length_true":59.543393},"48":{"length_est":8.362400496537393,"length_true":11.9463},"18":{"length_est":14.319470030296504,"length_true":20.456400000000002},"30":{"length_est":13.236601784604757,"length_true":17.905369999999998},"3":{"length_est":10.32846200602142,"length_true":14.754960000000002}}