{"32":{"length_est":14.036154934707525,"length_true":20.051664},"29":{"length_est":3.6764601201846085,"length_true":5.2521},"1":{"length_est":0.07996004141857184,"length_true":0.11424},"54":{"length_est":8.421799912044762,"length_true":6.4783},"2":{"length_est":15.246350747892327,"length_true":13.996288},"41":{"length_est":6.316839884928459,"length_true":4.8591},"53":{"length_est":20.625665722711037,"length_true":29.465251},"51":{"length_est":8.281326040946563,"length_true":11.830480000000001},"27":{"length_est":13.89329199132578,"length_true":10.68714},"42":{"length_est":2.9488247866844306,"length_true":4.212621},"33":{"length_est":1.7639900075991122,"length_true":2.52},"28":{"length_est":8.604733038586527,"length_true":12.29249},"52":{"length_est":12.543319960415577,"length_true":9.6487},"50":{"length_est":5.301539940128306,"length_true":4.0781},"26":{"length_est":14.543363028875717,"length_true":15.0},"10":{"length_est":10.241279976258186,"length_true":7.8779},"24":{"length_est":7.293220042636554,"length_true":10.4189},"25":{"length_est":17.904583783738488,"length_true":14.588000000000001},"23":{"length_est":5.382139946295848,"length_true":4.1401},"49":{"length_est":15.881836991121032,"length_true":12.21679},"5":{"length_est":16.93802199313167,"length_true":13.029240000000001},"31":{"length_est":3.0729905028819933,"length_true":4.39},"43":{"length_est":8.339328004784555,"length_true":11.91334},"39":{"length_est":35.127320017858494,"length_true":50.1819},"34":{"length_est":8.692835018693778,"length_true":12.41835},"44":{"length_est":8.96662601459212,"length_true":12.809479999999999},"55":{"length_est":14.376733410089484,"length_true":12.23632},"17":{"length_est":12.203860417784355,"length_true":17.4341},"37":{"length_est":21.510942285086657,"length_true":16.546871},"47":{"length_est":5.792000029791346,"length_true":8.2743},"9":{"length_est":19.764039757627636,"length_true":15.2031},"12":{"length_est":15.55371038514973,"length_true":13.3844},"20":{"length_est":17.693399995498414,"length_true":13.610299999999999},"6":{"length_est":8.727310018596077,"length_true":12.467600000000001},"14":{"length_est":10.525199912161172,"length_true":8.0963},"7":{"length_est":10.75948000515611,"length_true":15.370700000000001},"57":{"length_est":15.457919986709818,"length_true":11.8907},"8":{"length_est":10.368180032236621,"length_true":14.8117},"19":{"length_est":7.54923969144015,"length_true":5.8071},"4":{"length_est":8.287437038703274,"length_true":11.83921},"22":{"length_est":9.308674008840466,"length_true":13.298119999999997},"11":{"length_est":16.161361692179003,"length_true":12.431809},"35":{"length_est":12.10451693359199,"length_true":11.80815},"13":{"length_est":12.301624118677703,"length_true":12.8793},"15":{"length_est":7.938329688432975,"length_true":6.1064},"16":{"length_est":29.709661115971105,"length_true":27.150599999999997},"40":{"length_est":25.668639987703397,"length_true":19.7451},"46":{"length_est":5.772120287234164,"length_true":7.2907},"21":{"length_est":13.828811931085392,"length_true":10.637540000000001},"38":{"length_est":9.523080055757179,"length_true":9.87563},"45":{"length_est":6.361689532953083,"length_true":4.8936},"56":{"length_est":6.481549834271372,"length_true":4.9858},"36":{"length_est":70.24934077347888,"length_true":59.543393},"48":{"length_est":8.362400646960014,"length_true":11.9463},"18":{"length_est":14.319470031044077,"length_true":20.456400000000002},"30":{"length_est":13.169199323259102,"length_true":17.905369999999998},"3":{"length_est":10.328462006059043,"length_true":14.754960000000002}}