{"24":{"Xc_est":0.19778152698233809,"Zc_est":0.22806097666527467,"Rc_est":0.11355296853034548},"4":{"Xc_est":0.0436221200477518,"Zc_est":0.06933390779953846,"Rc_est":0.05389157089280689},"1":{"Xc_est":0.22309286096928493,"Zc_est":0.24458409194340835,"Rc_est":0.10025444337445068},"12":{"Xc_est":0.11446377283292974,"Zc_est":0.1361648409091275,"Rc_est":0.07374895666149762},"29":{"Xc_est":0.21583078331073557,"Zc_est":0.23439061633691394,"Rc_est":0.0914113450413716},"20":{"Xc_est":0.06604924925124367,"Zc_est":0.08568434110800181,"Rc_est":0.05458299171408157},"2":{"Xc_est":0.23627523228708477,"Zc_est":0.25923660836940376,"Rc_est":0.10666599142442619},"6":{"Xc_est":0.08536822623589048,"Zc_est":0.10199460493082413,"Rc_est":0.055813666644762845},"25":{"Xc_est":0.18221711160512583,"Zc_est":0.1991258611812603,"Rc_est":0.0802996440182873},"23":{"Xc_est":0.2149539481876864,"Zc_est":0.23426476759157136,"Rc_est":0.09313850703795062},"22":{"Xc_est":0.198858075340381,"Zc_est":0.21622854593034105,"Rc_est":0.08491319065415553},"11":{"Xc_est":0.2297512620847993,"Zc_est":0.24863807394475457,"Rc_est":0.09505392882674081},"13":{"Xc_est":0.24493908021584648,"Zc_est":0.26719699265334135,"Rc_est":0.1067664735111395},"5":{"Xc_est":0.08664675061371567,"Zc_est":0.12197969887443497,"Rc_est":0.08585678508762365},"15":{"Xc_est":0.14857545873082453,"Zc_est":0.15460682606610981,"Rc_est":0.04276217638476074},"27":{"Xc_est":0.1126075886992944,"Zc_est":0.13100452335250737,"Rc_est":0.06694562051507319},"28":{"Xc_est":0.1500492316279299,"Zc_est":0.15786880853528093,"Rc_est":0.04906922453246052},"16":{"Xc_est":0.23051259732871945,"Zc_est":0.25666168330424316,"Rc_est":0.11286789689426857},"14":{"Xc_est":0.07385168148682762,"Zc_est":0.0895826659444669,"Rc_est":0.05070486346777903},"21":{"Xc_est":0.06287590140448274,"Zc_est":0.09591251193408351,"Rc_est":0.07242810896385103},"7":{"Xc_est":0.027428445843612533,"Zc_est":0.06135852091346454,"Rc_est":0.054886687341213075},"8":{"Xc_est":0.20127716671614249,"Zc_est":0.22959521998210095,"Rc_est":0.11046025166253923},"26":{"Xc_est":0.10581487785598356,"Zc_est":0.12977174940970113,"Rc_est":0.07512601792440178},"17":{"Xc_est":0.18742555306927924,"Zc_est":0.20592233514253075,"Rc_est":0.08529753904555244},"10":{"Xc_est":0.20234830901560444,"Zc_est":0.22036136858670907,"Rc_est":0.08725992553247398},"19":{"Xc_est":0.05399946106612592,"Zc_est":0.08663602651545707,"Rc_est":0.06774850031517252},"9":{"Xc_est":0.1038078825220701,"Zc_est":0.12852176673046223,"Rc_est":0.07577445512706404},"18":{"Xc_est":0.09437365581164193,"Zc_est":0.11541335033123329,"Rc_est":0.06643684612792611},"30":{"Xc_est":0.25652124958597045,"Zc_est":0.29402651193831025,"Rc_est":0.14369564444847152},"3":{"Xc_est":0.03118622886419158,"Zc_est":0.05005623231268485,"Rc_est":0.039154125230577416}}