linecode_id,linecode_name,A_p_est,dist_est,x_est,r_est,scenario_id
4,hydrogen,"[195.37755025198976, 195.37755025198976, 195.37755025198976, 195.37755025198976]","[380.00000041974175, 380.00000428500095, 871.3330968222706]",[0.7495702916319719 0.49038393889082915 0.4468321149223314 0.39883887354977576; 0.49038393889082915 0.7495702916319719 0.4903839382517187 0.4155011703855566; 0.4468321149223314 0.4903839382517187 0.7495702916319719 0.4382426101522342; 0.39883887354977576 0.4155011703855566 0.4382426101522342 0.7495702916319719],[0.1724292902295471 0.049348 0.049348 0.049348; 0.049348 0.1724292902295471 0.049348 0.049348; 0.049348 0.049348 0.1724292902295471 0.049348; 0.049348 0.049348 0.049348 0.1724292902295471],1
1,pluto,"[300.0000028082348, 300.0000028082348, 300.0000028082348, 300.0000028082348]","[379.99999673451737, 1200.0000105671802, 380.00001362237055]",[0.7360975826871297 0.4903839395001713 0.4008477811426429 0.38730625160862286; 0.4903839395001713 0.7360975826871297 0.4181330708123815 0.40084778047106223; 0.4008477811426429 0.4181330708123815 0.7360975826871297 0.4903839367078092; 0.38730625160862286 0.40084778047106223 0.4903839367078092 0.7360975826871297],[0.20479902959272542 0.049348 0.049348 0.049348; 0.049348 0.20479902959272542 0.049348 0.049348; 0.049348 0.049348 0.20479902959272542 0.049348; 0.049348 0.049348 0.049348 0.20479902959272542],1
10,tw2x16_lv_oh_2w_bundled,"[11.999999886296493, 11.999999886296493]",[99.99999395943357],[0.8372217861929431 0.5742647297805675; 0.5742647297805675 0.8372217861929431],[3.0686079282053567 0.049348; 0.049348 3.0686079282053567],1
7,abc2x16_lv_oh_2w_bundled,"[11.999999882427712, 11.999999882427712]",[99.99999600856604],[0.8372217862030717 0.5742647284930565; 0.5742647284930565 0.8372217862030717],[3.776829394047854 0.049348; 0.049348 3.776829394047854],1
