{"32":{"length_est":14.0361548702695,"length_true":20.051664},"29":{"length_est":3.676460075345069,"length_true":5.2521},"1":{"length_est":0.07995806304337481,"length_true":0.11424},"54":{"length_est":6.2543247005659195,"length_true":6.4783},"2":{"length_est":12.250636526965579,"length_true":13.996288},"41":{"length_est":6.3168397613173894,"length_true":4.8591},"53":{"length_est":20.62566571003421,"length_true":29.465251},"51":{"length_est":8.281326022528567,"length_true":11.830480000000001},"27":{"length_est":13.893291995704582,"length_true":10.68714},"42":{"length_est":2.9488247393883573,"length_true":4.212621},"33":{"length_est":1.7639900037503786,"length_true":2.52},"28":{"length_est":8.604733068696552,"length_true":12.29249},"52":{"length_est":12.54331997295607,"length_true":9.6487},"50":{"length_est":5.3015399809939,"length_true":4.0781},"26":{"length_est":10.499990140692779,"length_true":15.0},"10":{"length_est":10.241279985890934,"length_true":7.8779},"24":{"length_est":7.293220059670471,"length_true":10.4189},"25":{"length_est":18.262968777005657,"length_true":14.588000000000001},"23":{"length_est":5.382139714193471,"length_true":4.1401},"49":{"length_est":15.881836995589836,"length_true":12.21679},"5":{"length_est":16.938021996476287,"length_true":13.029240000000001},"31":{"length_est":5.70700995997452,"length_true":4.39},"43":{"length_est":8.339328002934867,"length_true":11.91334},"39":{"length_est":35.127320018605396,"length_true":50.1819},"34":{"length_est":8.692835017475312,"length_true":12.41835},"44":{"length_est":8.966626007280224,"length_true":12.809479999999999},"55":{"length_est":11.218280165831139,"length_true":12.23632},"17":{"length_est":12.203860628453038,"length_true":17.4341},"37":{"length_est":18.015817173717295,"length_true":16.546871},"47":{"length_est":5.792000028987533,"length_true":8.2743},"9":{"length_est":16.82817342828375,"length_true":15.2031},"12":{"length_est":12.358115142811542,"length_true":13.3844},"20":{"length_est":15.593656002953582,"length_true":13.610299999999999},"6":{"length_est":8.727310009483887,"length_true":12.467600000000001},"14":{"length_est":10.525199972043177,"length_true":8.0963},"7":{"length_est":10.759480009494068,"length_true":15.370700000000001},"57":{"length_est":13.075593430664041,"length_true":11.8907},"8":{"length_est":10.368180101783308,"length_true":14.8117},"19":{"length_est":7.549239293498153,"length_true":5.8071},"4":{"length_est":9.859871045703473,"length_true":11.83921},"22":{"length_est":9.3086740059647,"length_true":13.298119999999997},"11":{"length_est":16.161361693965777,"length_true":12.431809},"35":{"length_est":11.730488882521163,"length_true":11.80815},"13":{"length_est":12.382196880137656,"length_true":12.8793},"15":{"length_est":4.274470766703579,"length_true":6.1064},"16":{"length_est":26.64543057181461,"length_true":27.150599999999997},"40":{"length_est":25.668639967070092,"length_true":19.7451},"46":{"length_est":9.477919959342557,"length_true":7.2907},"21":{"length_est":13.82881192864629,"length_true":10.637540000000001},"38":{"length_est":9.287158200470483,"length_true":9.87563},"45":{"length_est":3.425510430788598,"length_true":4.8936},"56":{"length_est":6.48154989698706,"length_true":4.9858},"36":{"length_est":67.96202965017746,"length_true":59.543393},"48":{"length_est":15.337692650807622,"length_true":11.9463},"18":{"length_est":14.834669130179234,"length_true":20.456400000000002},"30":{"length_est":14.829039350892163,"length_true":17.905369999999998},"3":{"length_est":10.328462003059407,"length_true":14.754960000000002}}