{"24":{"shunt_est":{"gs":0.5768534721462045},"shunt_true":{"gs":0.028277124183006534}},"4":{"shunt_est":{"gs":0.5768540669003341},"shunt_true":{"gs":0.16966274509803922}},"1":{"shunt_est":{"gs":0.5768534149196406},"shunt_true":{"gs":0.22621699346405227}},"12":{"shunt_est":{"gs":0.5768594911973524},"shunt_true":{"gs":0.16966274509803922}},"29":{"shunt_est":{"gs":0.5768534007840711},"shunt_true":{"gs":0.05655424836601307}},"20":{"shunt_est":{"gs":11.537065743395955},"shunt_true":{"gs":0.08483137254901961}},"2":{"shunt_est":{"gs":0.5768534029949766},"shunt_true":{"gs":0.05655424836601307}},"6":{"shunt_est":{"gs":11.537064720665052},"shunt_true":{"gs":0.16966274509803922}},"25":{"shunt_est":{"gs":0.5768534517498847},"shunt_true":{"gs":0.14138562091503268}},"23":{"shunt_est":{"gs":0.5768533962756527},"shunt_true":{"gs":0.19793986928104573}},"22":{"shunt_est":{"gs":0.5768534014712591},"shunt_true":{"gs":0.19793986928104573}},"11":{"shunt_est":{"gs":0.5768534121750228},"shunt_true":{"gs":0.11310849673202614}},"13":{"shunt_est":{"gs":0.5768534125737836},"shunt_true":{"gs":0.08483137254901961}},"5":{"shunt_est":{"gs":11.537065556072942},"shunt_true":{"gs":0.22621699346405227}},"15":{"shunt_est":{"gs":0.5768535038320163},"shunt_true":{"gs":0.05655424836601307}},"27":{"shunt_est":{"gs":0.5768543505700309},"shunt_true":{"gs":0.14138562091503268}},"28":{"shunt_est":{"gs":0.5768535595548642},"shunt_true":{"gs":0.11310849673202614}},"16":{"shunt_est":{"gs":0.5768534291855139},"shunt_true":{"gs":0.14138562091503268}},"14":{"shunt_est":{"gs":0.5768542124716871},"shunt_true":{"gs":0.028277124183006534}},"21":{"shunt_est":{"gs":11.537065073287776},"shunt_true":{"gs":0.028277124183006534}},"7":{"shunt_est":{"gs":11.536953371305945},"shunt_true":{"gs":0.05655424836601307}},"8":{"shunt_est":{"gs":0.5768534105894081},"shunt_true":{"gs":0.19793986928104573}},"26":{"shunt_est":{"gs":0.576857330858417},"shunt_true":{"gs":0.14138562091503268}},"17":{"shunt_est":{"gs":0.5768534570991709},"shunt_true":{"gs":0.11310849673202614}},"10":{"shunt_est":{"gs":0.5768534214940098},"shunt_true":{"gs":0.05655424836601307}}}