linecode_id,linecode_name,A_p_est,dist_est,x_est,r_est,scenario_id
4,hydrogen,"[134.65746477113993, 134.65746477113993, 134.65746477113993, 134.65746477113993]","[954.732166660921, 882.6753904836959, 1200.0000021051414]",[0.7612633138169078 0.4324993561080782 0.39136449773643034 0.3597820725299725; 0.4324993561080782 0.7612633138169078 0.4374299927285853 0.3834917944192851; 0.39136449773643034 0.4374299927285853 0.7612633138169078 0.41813307125545385; 0.3597820725299725 0.3834917944192851 0.41813307125545385 0.7612633138169078],[0.22792941773107958 0.049348 0.049348 0.049348; 0.049348 0.22792941773107958 0.049348 0.049348; 0.049348 0.049348 0.22792941773107958 0.049348; 0.049348 0.049348 0.049348 0.22792941773107958],1
1,pluto,"[300.00000275632533, 300.00000275632533, 300.00000275632533, 300.00000275632533]","[379.9999970759185, 1200.0000102805498, 518.1384852629885]",[0.7360975826925655 0.4903839394437215 0.4008477811404649 0.3830270131790382; 0.4903839394437215 0.7360975826925655 0.4181330708273895 0.39558141759611737; 0.4008477811404649 0.4181330708273895 0.7360975826925655 0.4709015390464232; 0.3830270131790382 0.39558141759611737 0.4709015390464232 0.7360975826925655],[0.20479902961962337 0.049348 0.049348 0.049348; 0.049348 0.20479902961962337 0.049348 0.049348; 0.049348 0.049348 0.20479902961962337 0.049348; 0.049348 0.049348 0.049348 0.20479902961962337],1
10,tw2x16_lv_oh_2w_bundled,"[12.000000126943341, 12.000000126943341]",[7.646181795517344],[0.8372217855629297 0.7358035218610511; 0.7358035218610511 0.8372217855629297],[3.0686078676574087 0.049348; 0.049348 3.0686078676574087],1
7,abc2x16_lv_oh_2w_bundled,"[12.68535270258679, 12.68535270258679]",[69.47723301243128],[0.8354768989198788 0.5971463226327274; 0.5971463226327274 0.8354768989198788],[3.5754443836822967 0.049348; 0.049348 3.5754443836822967],1
