{"24":{"shunt_est":{"gs":0.576854608572129},"shunt_true":{"gs":5.768533333333333}},"4":{"shunt_est":{"gs":0.5768556706421989},"shunt_true":{"gs":0.9614222222222222}},"1":{"shunt_est":{"gs":0.5768535491637021},"shunt_true":{"gs":0.7210666666666666}},"12":{"shunt_est":{"gs":11.53706646283004},"shunt_true":{"gs":0.9614222222222222}},"29":{"shunt_est":{"gs":0.5768537548873371},"shunt_true":{"gs":2.8842666666666665}},"20":{"shunt_est":{"gs":11.537066251516826},"shunt_true":{"gs":1.9228444444444444}},"2":{"shunt_est":{"gs":0.5768534353805296},"shunt_true":{"gs":2.8842666666666665}},"6":{"shunt_est":{"gs":11.537066500613868},"shunt_true":{"gs":0.9614222222222222}},"25":{"shunt_est":{"gs":11.537066224329141},"shunt_true":{"gs":1.1537066666666667}},"23":{"shunt_est":{"gs":0.5768535568896823},"shunt_true":{"gs":0.8240761904761905}},"22":{"shunt_est":{"gs":0.5768535922094977},"shunt_true":{"gs":0.8240761904761905}},"11":{"shunt_est":{"gs":0.5768536722970964},"shunt_true":{"gs":1.4421333333333333}},"13":{"shunt_est":{"gs":0.5768542503002851},"shunt_true":{"gs":1.9228444444444444}},"5":{"shunt_est":{"gs":0.5768541380246841},"shunt_true":{"gs":0.7210666666666666}},"15":{"shunt_est":{"gs":5.428685661396151},"shunt_true":{"gs":2.8842666666666665}},"27":{"shunt_est":{"gs":11.537066076843173},"shunt_true":{"gs":1.1537066666666667}},"28":{"shunt_est":{"gs":11.537064023166336},"shunt_true":{"gs":1.4421333333333333}},"16":{"shunt_est":{"gs":0.5768537452866047},"shunt_true":{"gs":1.1537066666666667}},"14":{"shunt_est":{"gs":0.5768559084955039},"shunt_true":{"gs":5.768533333333333}},"21":{"shunt_est":{"gs":0.576855479897727},"shunt_true":{"gs":5.768533333333333}},"7":{"shunt_est":{"gs":11.53706270193061},"shunt_true":{"gs":2.8842666666666665}},"8":{"shunt_est":{"gs":0.5768766509575901},"shunt_true":{"gs":0.8240761904761905}},"26":{"shunt_est":{"gs":0.5769196293441186},"shunt_true":{"gs":1.1537066666666667}},"17":{"shunt_est":{"gs":11.53705733666288},"shunt_true":{"gs":1.4421333333333333}},"10":{"shunt_est":{"gs":0.5768539154367537},"shunt_true":{"gs":2.8842666666666665}}}