{"32":{"length_est":14.0361549438658,"length_true":20.051664},"29":{"length_est":3.676460046314424,"length_true":5.2521},"1":{"length_est":0.07995801666783754,"length_true":0.11424},"54":{"length_est":4.804032340851472,"length_true":6.4783},"2":{"length_est":10.570486208635714,"length_true":13.996288},"41":{"length_est":6.316839899117949,"length_true":4.8591},"53":{"length_est":20.625665723501562,"length_true":29.465251},"51":{"length_est":8.281326036248757,"length_true":11.830480000000001},"27":{"length_est":13.893291997010401,"length_true":10.68714},"42":{"length_est":4.5837851525603694,"length_true":4.212621},"33":{"length_est":1.7639900026089195,"length_true":2.52},"28":{"length_est":8.604733056466829,"length_true":12.29249},"52":{"length_est":12.543319969099077,"length_true":9.6487},"50":{"length_est":5.301539968435742,"length_true":4.0781},"26":{"length_est":10.499990200765486,"length_true":15.0},"10":{"length_est":10.2412799835261,"length_true":7.8779},"24":{"length_est":7.5000597493442624,"length_true":10.4189},"25":{"length_est":15.511573145014424,"length_true":14.588000000000001},"23":{"length_est":5.382139795972678,"length_true":4.1401},"49":{"length_est":15.721962109466324,"length_true":12.21679},"5":{"length_est":16.938021995701764,"length_true":13.029240000000001},"31":{"length_est":5.7070099431708,"length_true":4.39},"43":{"length_est":8.339328003717691,"length_true":11.91334},"39":{"length_est":35.12732002861296,"length_true":50.1819},"34":{"length_est":8.692835012976637,"length_true":12.41835},"44":{"length_est":8.966626007546374,"length_true":12.809479999999999},"55":{"length_est":10.768181191006503,"length_true":12.23632},"17":{"length_est":12.203860457799117,"length_true":17.4341},"37":{"length_est":16.17265138997887,"length_true":16.546871},"47":{"length_est":5.792000031963524,"length_true":8.2743},"9":{"length_est":13.996362208621376,"length_true":15.2031},"12":{"length_est":11.73693460063331,"length_true":13.3844},"20":{"length_est":13.319820458375794,"length_true":13.610299999999999},"6":{"length_est":8.727310006694283,"length_true":12.467600000000001},"14":{"length_est":10.525199958361902,"length_true":8.0963},"7":{"length_est":10.759480008062107,"length_true":15.370700000000001},"57":{"length_est":11.50935510994886,"length_true":11.8907},"8":{"length_est":12.086860201994735,"length_true":14.8117},"19":{"length_est":7.549239477269301,"length_true":5.8071},"4":{"length_est":9.373353198125875,"length_true":11.83921},"22":{"length_est":9.308674013510402,"length_true":13.298119999999997},"11":{"length_est":16.16136169424015,"length_true":12.431809},"35":{"length_est":11.004712364280014,"length_true":11.80815},"13":{"length_est":12.151545818289511,"length_true":12.8793},"15":{"length_est":4.274470539571457,"length_true":6.1064},"16":{"length_est":24.571107340951873,"length_true":27.150599999999997},"40":{"length_est":21.443320470512063,"length_true":19.7451},"46":{"length_est":9.47791993166549,"length_true":7.2907},"21":{"length_est":11.308452754133175,"length_true":10.637540000000001},"38":{"length_est":10.66954657149938,"length_true":9.87563},"45":{"length_est":5.158810823411861,"length_true":4.8936},"56":{"length_est":6.129118995275327,"length_true":4.9858},"36":{"length_est":62.59306772143293,"length_true":59.543393},"48":{"length_est":10.84994171987504,"length_true":11.9463},"18":{"length_est":14.368621586793662,"length_true":20.456400000000002},"30":{"length_est":14.489576770839692,"length_true":17.905369999999998},"3":{"length_est":10.328462003745914,"length_true":14.754960000000002}}