linecode_id,linecode_name,A_p_est,dist_est,x_est,r_est,scenario_id
4,hydrogen,"[167.8773871149556, 168.81482234426437, 300.0000008867085, 117.47005270360424]","[28.212084544642934, 19.39205084977728, 19.265063593721887, 85.58324303447128, 85.55455819702038, 71.1841814702304]",[0.7543360978087432 0.6537735809665657 0.6773284925126515 0.5840464545304062; 0.6537735809665657 0.7541611573709346 0.6777412958006089 0.5840675173898168; 0.6773284925126515 0.6777412958006089 0.7360975828883519 0.5956212953034211; 0.5840464545304062 0.5840675173898168 0.5956212953034211 0.7655531945526844],[0.19259135981257824 0.049348 0.049348 0.049348; 0.049348 0.19179592390245997 0.049348 0.049348; 0.049348 0.049348 0.12950573631942175 0.049348; 0.049348 0.049348 0.049348 0.25405822540168865],1
1,pluto,"[300.0000024777269, 300.0000016219681, 249.92533331683435, 73.47525577368194]","[4.567156364594282, 120.08551090394863, 120.13431764566378, 117.37264029904205, 112.80548393444776, 167.21876299236908]",[0.7360975827217404 0.7681818341537772 0.5627643403643959 0.5642000670523675; 0.7681818341537772 0.7360975828113555 0.5627388085400153 0.5666937987011801; 0.5627643403643959 0.5627388085400153 0.7418347813249815 0.541960738468451; 0.5642000670523675 0.5666937987011801 0.541960738468451 0.7802946730532468],[0.20479902976398473 0.049348 0.049348 0.049348; 0.049348 0.20479903020741336 0.049348 0.049348; 0.049348 0.049348 0.23594496756406957 0.049348; 0.049348 0.049348 0.049348 0.6840556825156816],1
10,tw2x16_lv_oh_2w_bundled,"[19.30302683246275, 10.000000189412901]",[99.9999319944189],[0.8222880249049894 0.57426476871444; 0.57426476871444 0.8429495993284466],[1.9263136753640508 0.049348; 0.049348 3.672459810889972],1
7,abc2x16_lv_oh_2w_bundled,"[10.000002134803815, 11.555933810661477]",[99.99998986320115],[0.8429495932168073 0.5742647323543124; 0.5742647323543124 0.8384064076967603],[4.522324674139806 0.049348; 0.049348 3.9200673224885163],1
