{"24":{"Xc_est":0.20919819343075777,"Zc_est":0.2186613148987493,"Rc_est":0.06363086121181505},"4":{"Xc_est":0.05247256253177199,"Zc_est":0.053765931113908726,"Rc_est":0.011722010488600389},"1":{"Xc_est":0.24032874024970813,"Zc_est":0.25128426258303427,"Rc_est":0.07338853610672193},"12":{"Xc_est":0.12611212768613933,"Zc_est":0.13160222506592387,"Rc_est":0.03761484936533662},"29":{"Xc_est":0.23609801509627823,"Zc_est":0.2466928186642413,"Rc_est":0.07151974586158584},"20":{"Xc_est":0.07219592006795383,"Zc_est":0.07469451091885049,"Rc_est":0.019157742219476092},"2":{"Xc_est":0.2515751201566335,"Zc_est":0.2626173937258068,"Rc_est":0.07535153883970006},"6":{"Xc_est":0.0950881380519699,"Zc_est":0.09924797995155188,"Rc_est":0.028432508265595534},"25":{"Xc_est":0.20205974579945182,"Zc_est":0.21141014423613794,"Rc_est":0.062178036422884525},"23":{"Xc_est":0.23173238162655022,"Zc_est":0.24217069114129877,"Rc_est":0.07033311420334812},"22":{"Xc_est":0.2157831630923838,"Zc_est":0.22581973466381405,"Rc_est":0.06657461295029117},"11":{"Xc_est":0.24880022880535926,"Zc_est":0.2598345418509312,"Rc_est":0.07491618840600595},"13":{"Xc_est":0.26716232018380404,"Zc_est":0.2785086016739022,"Rc_est":0.07868504229114254},"5":{"Xc_est":0.08878082920943145,"Zc_est":0.09219915930890658,"Rc_est":0.02487266254655704},"15":{"Xc_est":0.15584430911356498,"Zc_est":0.1643113113726798,"Rc_est":0.05206494369463333},"27":{"Xc_est":0.12037289277352713,"Zc_est":0.12552877492551556,"Rc_est":0.03560674121053041},"28":{"Xc_est":0.15774574441036712,"Zc_est":0.16634643393638324,"Rc_est":0.052795986625601},"16":{"Xc_est":0.2427730806387124,"Zc_est":0.2536805692586077,"Rc_est":0.07358710849435869},"14":{"Xc_est":0.08186850185347198,"Zc_est":0.08503480307770682,"Rc_est":0.02298839139070915},"21":{"Xc_est":0.06663416376831657,"Zc_est":0.0686725789861227,"Rc_est":0.01660756825975517},"7":{"Xc_est":0.03703131549135644,"Zc_est":0.0382918180274499,"Rc_est":0.009743972538290624},"8":{"Xc_est":0.2123646952887383,"Zc_est":0.2221060016035609,"Rc_est":0.06505622294017936},"26":{"Xc_est":0.11474902535675559,"Zc_est":0.11952343961579351,"Rc_est":0.033444189289993265},"17":{"Xc_est":0.20526790106659798,"Zc_est":0.21464261081920305,"Rc_est":0.06274184545418794},"10":{"Xc_est":0.2208562585520255,"Zc_est":0.23131826299400893,"Rc_est":0.06877973431881179},"19":{"Xc_est":0.05709129749099226,"Zc_est":0.0584426292587711,"Rc_est":0.01249498561316452},"9":{"Xc_est":0.10774453938273741,"Zc_est":0.1123075859210233,"Rc_est":0.03168766461274447},"18":{"Xc_est":0.10068077363850161,"Zc_est":0.10531196934903578,"Rc_est":0.030886772374676016},"30":{"Xc_est":0.2761299177786705,"Zc_est":0.28788404646637517,"Rc_est":0.08142169684671725},"3":{"Xc_est":0.042718668448001075,"Zc_est":0.043793417235887665,"Rc_est":0.009642549415289529}}