{"24":{"Xc_est":0.19172989319765726,"Zc_est":0.21928029585504058,"Rc_est":0.10641191758768878},"4":{"Xc_est":0.049010928874144696,"Zc_est":0.06998682896533492,"Rc_est":0.04996083545655109},"1":{"Xc_est":0.2166531093437758,"Zc_est":0.23515155603341845,"Rc_est":0.09142037254688838},"12":{"Xc_est":0.11431297814653991,"Zc_est":0.13062947088679458,"Rc_est":0.06321868150659743},"29":{"Xc_est":0.21198231870364972,"Zc_est":0.2290328183505469,"Rc_est":0.08671521457402323},"20":{"Xc_est":0.0645893892405786,"Zc_est":0.08033370929050421,"Rc_est":0.047767307291706036},"2":{"Xc_est":0.23313128391067395,"Zc_est":0.25671469930839474,"Rc_est":0.10748135328121003},"6":{"Xc_est":0.08422658498788188,"Zc_est":0.09907568800113273,"Rc_est":0.0521715855056841},"25":{"Xc_est":0.1762561507412978,"Zc_est":0.1918229857952298,"Rc_est":0.07569562210100292},"23":{"Xc_est":0.21222957824447045,"Zc_est":0.22938285142587364,"Rc_est":0.0870350426347837},"22":{"Xc_est":0.18964204912555507,"Zc_est":0.20553385338746408,"Rc_est":0.07924681754972963},"11":{"Xc_est":0.22679272475408113,"Zc_est":0.24413164100393395,"Rc_est":0.09036214991849897},"13":{"Xc_est":0.23998765372292474,"Zc_est":0.26016814633173657,"Rc_est":0.10046586697111343},"5":{"Xc_est":0.08675884380652375,"Zc_est":0.1157181430965684,"Rc_est":0.0765740926363029},"15":{"Xc_est":0.14285899499870125,"Zc_est":0.14873808768597088,"Rc_est":0.04140442339220063},"27":{"Xc_est":0.11333554404568308,"Zc_est":0.12840985979244426,"Rc_est":0.0603667669151183},"28":{"Xc_est":0.14432864438634005,"Zc_est":0.1518709340996456,"Rc_est":0.047265452858301166},"16":{"Xc_est":0.2248416129919788,"Zc_est":0.24870007446902986,"Rc_est":0.10629193811416851},"14":{"Xc_est":0.07119211750107181,"Zc_est":0.0827332057657509,"Rc_est":0.04214814043337693},"21":{"Xc_est":0.06697520072623575,"Zc_est":0.10161260185135973,"Rc_est":0.07641625051442517},"7":{"Xc_est":0.0272634103395012,"Zc_est":0.05752831042825838,"Rc_est":0.050657802532186894},"8":{"Xc_est":0.1934360505867813,"Zc_est":0.21948358139049062,"Rc_est":0.1037089043109815},"26":{"Xc_est":0.1061810746568753,"Zc_est":0.12794572849959784,"Rc_est":0.07138409364840234},"17":{"Xc_est":0.1821274395155976,"Zc_est":0.20016627307369123,"Rc_est":0.08304295666523354},"10":{"Xc_est":0.1958261839839338,"Zc_est":0.21246990448896694,"Rc_est":0.08243522293195567},"19":{"Xc_est":0.06025314937112041,"Zc_est":0.09581019477083107,"Rc_est":0.07449262656723843},"9":{"Xc_est":0.10388496864867998,"Zc_est":0.12211314779087327,"Rc_est":0.06418359722124055},"18":{"Xc_est":0.08986850021358203,"Zc_est":0.10848625940976814,"Rc_est":0.060769409657202636},"30":{"Xc_est":0.2541833178928318,"Zc_est":0.2865486008502073,"Rc_est":0.13229112424574463},"3":{"Xc_est":0.03472458738025374,"Zc_est":0.05061993265357711,"Rc_est":0.03683178807937247}}