{"24":{"shunt_est":{"gs":-9.972630105395397e-9},"shunt_true":{"gs":0.1733542899408284}},"4":{"shunt_est":{"gs":1.711011958294854},"shunt_true":{"gs":1.0401257396449703}},"1":{"shunt_est":{"gs":0.15882627208556624},"shunt_true":{"gs":1.3868343195266273}},"12":{"shunt_est":{"gs":0.17564886670869498},"shunt_true":{"gs":1.0401257396449703}},"29":{"shunt_est":{"gs":0.8246511132413155},"shunt_true":{"gs":0.3467085798816568}},"20":{"shunt_est":{"gs":4.5703185050878316e-8},"shunt_true":{"gs":0.5200628698224852}},"2":{"shunt_est":{"gs":1.499398789972197},"shunt_true":{"gs":0.3467085798816568}},"6":{"shunt_est":{"gs":0.6309930301620147},"shunt_true":{"gs":1.0401257396449703}},"25":{"shunt_est":{"gs":0.4791426327703262},"shunt_true":{"gs":0.866771449704142}},"23":{"shunt_est":{"gs":0.7381262554517575},"shunt_true":{"gs":1.2134800295857988}},"22":{"shunt_est":{"gs":0.9410305603179906},"shunt_true":{"gs":1.2134800295857988}},"11":{"shunt_est":{"gs":0.5177056003804738},"shunt_true":{"gs":0.6934171597633136}},"13":{"shunt_est":{"gs":0.9171778974865865},"shunt_true":{"gs":0.5200628698224852}},"5":{"shunt_est":{"gs":0.6846520096587557},"shunt_true":{"gs":1.3868343195266273}},"15":{"shunt_est":{"gs":0.6253883838896674},"shunt_true":{"gs":0.3467085798816568}},"27":{"shunt_est":{"gs":0.7818457327688807},"shunt_true":{"gs":0.866771449704142}},"28":{"shunt_est":{"gs":1.2123256045834865},"shunt_true":{"gs":0.6934171597633136}},"16":{"shunt_est":{"gs":0.9537552130789118},"shunt_true":{"gs":0.866771449704142}},"14":{"shunt_est":{"gs":0.5654549602877209},"shunt_true":{"gs":0.1733542899408284}},"21":{"shunt_est":{"gs":-1.3963099143775917e-9},"shunt_true":{"gs":0.1733542899408284}},"7":{"shunt_est":{"gs":1.0519146260374639},"shunt_true":{"gs":0.3467085798816568}},"8":{"shunt_est":{"gs":0.43920828640556625},"shunt_true":{"gs":1.2134800295857988}},"26":{"shunt_est":{"gs":0.2249104840798872},"shunt_true":{"gs":0.866771449704142}},"17":{"shunt_est":{"gs":0.7341100813949616},"shunt_true":{"gs":0.6934171597633136}},"10":{"shunt_est":{"gs":0.05281851630753903},"shunt_true":{"gs":0.3467085798816568}}}