{"24":{"shunt_est":{"gs":1.7335427186334924},"shunt_true":{"gs":0.1733542899408284}},"4":{"shunt_est":{"gs":5.35618040804544e-6},"shunt_true":{"gs":1.0401257396449703}},"1":{"shunt_est":{"gs":1.73354252882355},"shunt_true":{"gs":1.3868343195266273}},"12":{"shunt_est":{"gs":1.7335424354204194},"shunt_true":{"gs":1.0401257396449703}},"29":{"shunt_est":{"gs":1.7335357814766001},"shunt_true":{"gs":0.3467085798816568}},"20":{"shunt_est":{"gs":1.7335410640204953},"shunt_true":{"gs":0.5200628698224852}},"2":{"shunt_est":{"gs":2.2462625015674683e-6},"shunt_true":{"gs":0.3467085798816568}},"6":{"shunt_est":{"gs":1.7335382171899552},"shunt_true":{"gs":1.0401257396449703}},"25":{"shunt_est":{"gs":1.7335420297730744},"shunt_true":{"gs":0.866771449704142}},"23":{"shunt_est":{"gs":8.448594285708359e-7},"shunt_true":{"gs":1.2134800295857988}},"22":{"shunt_est":{"gs":2.61592933731375e-7},"shunt_true":{"gs":1.2134800295857988}},"11":{"shunt_est":{"gs":1.733527628871814},"shunt_true":{"gs":0.6934171597633136}},"13":{"shunt_est":{"gs":1.733541667175721},"shunt_true":{"gs":0.5200628698224852}},"5":{"shunt_est":{"gs":9.6989752799241e-7},"shunt_true":{"gs":1.3868343195266273}},"15":{"shunt_est":{"gs":1.7335419252266961},"shunt_true":{"gs":0.3467085798816568}},"27":{"shunt_est":{"gs":1.733542145441179},"shunt_true":{"gs":0.866771449704142}},"28":{"shunt_est":{"gs":1.7335424095830798},"shunt_true":{"gs":0.6934171597633136}},"16":{"shunt_est":{"gs":2.8505026829553975e-6},"shunt_true":{"gs":0.866771449704142}},"14":{"shunt_est":{"gs":1.6699027611667554e-6},"shunt_true":{"gs":0.1733542899408284}},"21":{"shunt_est":{"gs":1.7335420843563514},"shunt_true":{"gs":0.1733542899408284}},"7":{"shunt_est":{"gs":1.7335315067802184},"shunt_true":{"gs":0.3467085798816568}},"8":{"shunt_est":{"gs":1.7335388052249072},"shunt_true":{"gs":1.2134800295857988}},"26":{"shunt_est":{"gs":1.0724927122547267e-5},"shunt_true":{"gs":0.866771449704142}},"17":{"shunt_est":{"gs":1.7335418828154827},"shunt_true":{"gs":0.6934171597633136}},"10":{"shunt_est":{"gs":1.7335420078324353},"shunt_true":{"gs":0.3467085798816568}}}