{"24":{"shunt_est":{"gs":1.7335428563989002},"shunt_true":{"gs":0.1733542899408284}},"4":{"shunt_est":{"gs":1.2162972359326914e-6},"shunt_true":{"gs":1.0401257396449703}},"1":{"shunt_est":{"gs":2.2394295999677622e-7},"shunt_true":{"gs":1.3868343195266273}},"12":{"shunt_est":{"gs":1.7335427182561811},"shunt_true":{"gs":1.0401257396449703}},"29":{"shunt_est":{"gs":1.733542733583501},"shunt_true":{"gs":0.3467085798816568}},"20":{"shunt_est":{"gs":1.7335424914272326},"shunt_true":{"gs":0.5200628698224852}},"2":{"shunt_est":{"gs":7.951884184494667e-8},"shunt_true":{"gs":0.3467085798816568}},"6":{"shunt_est":{"gs":1.7335426394752782},"shunt_true":{"gs":1.0401257396449703}},"25":{"shunt_est":{"gs":1.7335428226221008},"shunt_true":{"gs":0.866771449704142}},"23":{"shunt_est":{"gs":6.446582948715149e-7},"shunt_true":{"gs":1.2134800295857988}},"22":{"shunt_est":{"gs":1.0846778335086048e-7},"shunt_true":{"gs":1.2134800295857988}},"11":{"shunt_est":{"gs":3.6420924902260395e-7},"shunt_true":{"gs":0.6934171597633136}},"13":{"shunt_est":{"gs":1.7335427869439877},"shunt_true":{"gs":0.5200628698224852}},"5":{"shunt_est":{"gs":8.121246392137164e-8},"shunt_true":{"gs":1.3868343195266273}},"15":{"shunt_est":{"gs":1.733542052997393},"shunt_true":{"gs":0.3467085798816568}},"27":{"shunt_est":{"gs":1.7335412140782331},"shunt_true":{"gs":0.866771449704142}},"28":{"shunt_est":{"gs":1.7335424502198444},"shunt_true":{"gs":0.6934171597633136}},"16":{"shunt_est":{"gs":5.495184887682256e-8},"shunt_true":{"gs":0.866771449704142}},"14":{"shunt_est":{"gs":1.4963100296580667e-7},"shunt_true":{"gs":0.1733542899408284}},"21":{"shunt_est":{"gs":1.733542509489065},"shunt_true":{"gs":0.1733542899408284}},"7":{"shunt_est":{"gs":1.733541597428723},"shunt_true":{"gs":0.3467085798816568}},"8":{"shunt_est":{"gs":1.7335428398824768},"shunt_true":{"gs":1.2134800295857988}},"26":{"shunt_est":{"gs":6.759971803329705e-7},"shunt_true":{"gs":0.866771449704142}},"17":{"shunt_est":{"gs":1.7335426677662535},"shunt_true":{"gs":0.6934171597633136}},"10":{"shunt_est":{"gs":1.7335427140276631},"shunt_true":{"gs":0.3467085798816568}}}