{"24":{"Xc_est":0.18249625526456098,"Zc_est":0.20378134660531189,"Rc_est":0.09067499125275091},"4":{"Xc_est":0.0432614373943548,"Zc_est":0.05766864742475905,"Rc_est":0.03813293760485138},"1":{"Xc_est":0.20502912503359716,"Zc_est":0.22056540064915336,"Rc_est":0.0813151514262817},"12":{"Xc_est":0.1098583007956706,"Zc_est":0.12531718434993314,"Rc_est":0.0602955258678709},"29":{"Xc_est":0.19793758305600517,"Zc_est":0.21147954447386047,"Rc_est":0.07446012990062928},"20":{"Xc_est":0.06086542802471912,"Zc_est":0.0719249224678898,"Rc_est":0.03832224084496749},"2":{"Xc_est":0.21946877623350963,"Zc_est":0.2371626374664544,"Rc_est":0.08988644429840664},"6":{"Xc_est":0.08131738180411043,"Zc_est":0.09294693504972369,"Rc_est":0.0450179536592023},"25":{"Xc_est":0.1672831560767421,"Zc_est":0.1797567727401137,"Rc_est":0.06579394378622722},"23":{"Xc_est":0.19818553929498045,"Zc_est":0.2132151320809107,"Rc_est":0.0786332281077024},"22":{"Xc_est":0.1835410707474848,"Zc_est":0.1964715151392001,"Rc_est":0.07009801430825066},"11":{"Xc_est":0.2144638260614309,"Zc_est":0.22891198235551571,"Rc_est":0.08003725992951183},"13":{"Xc_est":0.22675710118622133,"Zc_est":0.24247341103040101,"Rc_est":0.08587532892711142},"5":{"Xc_est":0.08090827659325883,"Zc_est":0.10038945917568988,"Rc_est":0.059429742488893815},"15":{"Xc_est":0.13459685281807024,"Zc_est":0.1400541409859736,"Rc_est":0.03871497925596378},"27":{"Xc_est":0.10850583037057572,"Zc_est":0.1223399299156016,"Rc_est":0.056511443330941005},"28":{"Xc_est":0.13605538820066534,"Zc_est":0.14284833813347567,"Rc_est":0.043526762446362256},"16":{"Xc_est":0.2125062206336987,"Zc_est":0.23135239555961068,"Rc_est":0.09146057687961696},"14":{"Xc_est":0.06969770391906123,"Zc_est":0.07968875930948352,"Rc_est":0.03863325547628199},"21":{"Xc_est":0.05971128421292584,"Zc_est":0.07989637269390279,"Rc_est":0.053084770954448024},"7":{"Xc_est":0.026788140290684666,"Zc_est":0.04894101126082903,"Rc_est":0.04095873683354006},"8":{"Xc_est":0.18465885341098634,"Zc_est":0.2044367948309085,"Rc_est":0.08772406133823744},"26":{"Xc_est":0.1005367576846852,"Zc_est":0.11490951569099593,"Rc_est":0.05564671733885235},"17":{"Xc_est":0.172165657308538,"Zc_est":0.18539666826635648,"Rc_est":0.06878161853129428},"10":{"Xc_est":0.18736917597315658,"Zc_est":0.20091082953439374,"Rc_est":0.07251174607840094},"19":{"Xc_est":0.05653429262911676,"Zc_est":0.08165481616342951,"Rc_est":0.05891844159182136},"9":{"Xc_est":0.09950631482294048,"Zc_est":0.11560865777745986,"Rc_est":0.058854524579370154},"18":{"Xc_est":0.08645295663388972,"Zc_est":0.10026264823053035,"Rc_est":0.05077878414710081},"30":{"Xc_est":0.23958728737610407,"Zc_est":0.2667672725875739,"Rc_est":0.11731457476193262},"3":{"Xc_est":0.03149604800877107,"Zc_est":0.04260817362833441,"Rc_est":0.028695912945426217}}