{"32":{"length_est":20.05176022158218,"length_true":20.051664},"29":{"length_est":5.2518204792067715,"length_true":5.2521},"1":{"length_est":0.11424012657623002,"length_true":0.11424},"54":{"length_est":6.478344374995679,"length_true":6.4783},"2":{"length_est":13.996331886908507,"length_true":13.996288},"41":{"length_est":4.859229817267089,"length_true":4.8591},"53":{"length_est":29.458366129989127,"length_true":29.465251},"51":{"length_est":11.830533209058366,"length_true":11.830480000000001},"27":{"length_est":10.688007474483301,"length_true":10.68714},"42":{"length_est":4.212749886928029,"length_true":4.212621},"33":{"length_est":2.5199524759925893,"length_true":2.52},"28":{"length_est":12.292583134059266,"length_true":12.29249},"52":{"length_est":9.648577977208246,"length_true":9.6487},"50":{"length_est":4.078155295916429,"length_true":4.0781},"26":{"length_est":15.000097662332381,"length_true":15.0},"10":{"length_est":7.8778978608373045,"length_true":7.8779},"24":{"length_est":10.419255204368469,"length_true":10.4189},"25":{"length_est":14.588469947946122,"length_true":14.588000000000001},"23":{"length_est":4.140104840421862,"length_true":4.1401},"49":{"length_est":12.217011704232046,"length_true":12.21679},"5":{"length_est":13.030045033980763,"length_true":13.029240000000001},"31":{"length_est":4.390001882667264,"length_true":4.39},"43":{"length_est":11.913247053330107,"length_true":11.91334},"39":{"length_est":50.187364826672436,"length_true":50.1819},"34":{"length_est":12.418412774215946,"length_true":12.41835},"44":{"length_est":12.809487710804277,"length_true":12.809479999999999},"55":{"length_est":12.236369083950411,"length_true":12.23632},"17":{"length_est":17.434022332249704,"length_true":17.4341},"37":{"length_est":16.54746594499428,"length_true":16.546871},"47":{"length_est":8.274140304826929,"length_true":8.2743},"9":{"length_est":15.202366255399431,"length_true":15.2031},"12":{"length_est":13.38451550858583,"length_true":13.3844},"20":{"length_est":13.610338535225873,"length_true":13.610299999999999},"6":{"length_est":12.46455421326419,"length_true":12.467600000000001},"14":{"length_est":8.096299541345285,"length_true":8.0963},"7":{"length_est":15.370589709190117,"length_true":15.370700000000001},"57":{"length_est":11.89085429792542,"length_true":11.8907},"8":{"length_est":14.811449943374132,"length_true":14.8117},"19":{"length_est":5.807435669013146,"length_true":5.8071},"4":{"length_est":11.839493732811167,"length_true":11.83921},"22":{"length_est":13.298105948401174,"length_true":13.298119999999997},"11":{"length_est":12.432306080252605,"length_true":12.431809},"35":{"length_est":11.808250239796704,"length_true":11.80815},"13":{"length_est":12.879376144813655,"length_true":12.8793},"15":{"length_est":6.106330690069978,"length_true":6.1064},"16":{"length_est":27.15128390126706,"length_true":27.150599999999997},"40":{"length_est":19.745543882140673,"length_true":19.7451},"46":{"length_est":7.290695646935924,"length_true":7.2907},"21":{"length_est":10.637354538854392,"length_true":10.637540000000001},"38":{"length_est":9.874995208979769,"length_true":9.87563},"45":{"length_est":4.8936092530506485,"length_true":4.8936},"56":{"length_est":4.985796750554183,"length_true":4.9858},"36":{"length_est":59.5405091354097,"length_true":59.543393},"48":{"length_est":11.947188298299283,"length_true":11.9463},"18":{"length_est":20.45650967368089,"length_true":20.456400000000002},"30":{"length_est":17.905529559453722,"length_true":17.905369999999998},"3":{"length_est":14.754660673981617,"length_true":14.754960000000002}}