linecode_id,linecode_name,A_p_est,dist_est,x_est,r_est,scenario_id
4,hydrogen,"[286.4275112376611, 173.50397338746623, 287.84514002312574, 17.63450340860435]","[2291.4030331868944, 1.9863335809585925, 2277.9772027260333, 1904.7052373394258, 2.985181599718848, 1890.3606942624224]",[0.7434634593064031 0.37749064760914536 0.820495773299189 0.38910432867304634; 0.37749064760914536 0.7567824764375453 0.3778598767665051 0.7948998973964991; 0.820495773299189 0.3778598767665051 0.8211706337260715 0.38957931416162905; 0.38910432867304634 0.7948998973964991 0.38957931416162905 0.8760911681206922],[0.13330404480517233 0.049348 0.049348 0.049348; 0.049348 0.1879460994982806 0.049348 0.049348; 0.049348 0.049348 0.1328905637722113 0.049348; 0.049348 0.049348 0.049348 1.412999723539305],1
1,pluto,"[164.29947582642035, 159.02844985718752, 155.54180030729924, 142.91018712774823]","[1672.8453214370911, 1567.661921836469, 34.105624190994156, 1759.5555261276434, 40.742933664850995, 189.2498991693133]",[0.7581492005383491 0.39726000418250396 0.40134035663122586 0.3940847718931363; 0.39726000418250396 0.7595053785619909 0.6418536036905207 0.6306808102452132; 0.40134035663122586 0.6418536036905207 0.7604806192356355 0.5341843079453954; 0.3940847718931363 0.6306808102452132 0.5341843079453954 0.7633715833691626],[0.3331913237829075 0.049348 0.049348 0.049348; 0.049348 0.3425993607234465 0.049348 0.049348; 0.049348 0.049348 0.34917292951878304 0.049348; 0.049348 0.049348 0.049348 0.37567399712904337],1
10,tw2x16_lv_oh_2w_bundled,"[167.9900915839423, 145.70671342656624]",[24.585217565462],[0.7574414375498274 0.6624195824582687; 0.6624195824582687 0.7624415847811816],[0.2650221415731633 0.049348; 0.049348 0.29800585483126496],1
7,abc2x16_lv_oh_2w_bundled,"[185.79047512020347, 110.80437761285268]",[9.763531368736487],[0.7545520460869697 0.7204443812095828; 0.7204443812095828 0.767763859463582],[0.2901018721314227 0.049348; 0.049348 0.45303039282576263],1
