{"32":{"length_est":14.036154851064037,"length_true":20.051664},"29":{"length_est":6.827739905929406,"length_true":5.2521},"1":{"length_est":0.07995800266744353,"length_true":0.11424},"54":{"length_est":8.421799895814441,"length_true":6.4783},"2":{"length_est":9.797391608390718,"length_true":13.996288},"41":{"length_est":6.316839961348092,"length_true":4.8591},"53":{"length_est":38.30483595473462,"length_true":29.465251},"51":{"length_est":8.281326019734944,"length_true":11.830480000000001},"27":{"length_est":13.893291996369275,"length_true":10.68714},"42":{"length_est":5.476417288320309,"length_true":4.212621},"33":{"length_est":1.7639900029302948,"length_true":2.52},"28":{"length_est":11.128669976980705,"length_true":12.29249},"52":{"length_est":12.543319993853208,"length_true":9.6487},"50":{"length_est":5.301539974192259,"length_true":4.0781},"26":{"length_est":19.500009987964678,"length_true":15.0},"10":{"length_est":10.241279993170657,"length_true":7.8779},"24":{"length_est":13.54457998580204,"length_true":10.4189},"25":{"length_est":18.964409993804992,"length_true":14.588000000000001},"23":{"length_est":5.382139808054132,"length_true":4.1401},"49":{"length_est":15.08818123515573,"length_true":12.21679},"5":{"length_est":16.938021992233313,"length_true":13.029240000000001},"31":{"length_est":5.7070099819130204,"length_true":4.39},"43":{"length_est":8.339328002620231,"length_true":11.91334},"39":{"length_est":65.23647996481654,"length_true":50.1819},"34":{"length_est":9.333896603664204,"length_true":12.41835},"44":{"length_est":8.966626005678897,"length_true":12.809479999999999},"55":{"length_est":10.89379230109294,"length_true":12.23632},"17":{"length_est":14.951066980762025,"length_true":17.4341},"37":{"length_est":13.561363486920811,"length_true":16.546871},"47":{"length_est":10.75659997411027,"length_true":8.2743},"9":{"length_est":19.764039948420038,"length_true":15.2031},"12":{"length_est":10.934436536195468,"length_true":13.3844},"20":{"length_est":11.789320218984411,"length_true":13.610299999999999},"6":{"length_est":8.727310013341558,"length_true":12.467600000000001},"14":{"length_est":10.525199983274268,"length_true":8.0963},"7":{"length_est":10.759480015297141,"length_true":15.370700000000001},"57":{"length_est":13.521682498534052,"length_true":11.8907},"8":{"length_est":19.25521998572417,"length_true":14.8117},"19":{"length_est":6.800373669395229,"length_true":5.8071},"4":{"length_est":8.287437133446865,"length_true":11.83921},"22":{"length_est":12.225223682704664,"length_true":13.298119999999997},"11":{"length_est":16.161361688553953,"length_true":12.431809},"35":{"length_est":14.708940296871615,"length_true":11.80815},"13":{"length_est":12.893820773868166,"length_true":12.8793},"15":{"length_est":7.938329950897091,"length_true":6.1064},"16":{"length_est":33.30354228972336,"length_true":27.150599999999997},"40":{"length_est":23.84308735166055,"length_true":19.7451},"46":{"length_est":9.477919986501647,"length_true":7.2907},"21":{"length_est":13.828811984240724,"length_true":10.637540000000001},"38":{"length_est":12.838328983540794,"length_true":9.87563},"45":{"length_est":6.361689961915899,"length_true":4.8936},"56":{"length_est":6.481549927776352,"length_true":4.9858},"36":{"length_est":77.40642087115405,"length_true":59.543393},"48":{"length_est":15.530199985814837,"length_true":11.9463},"18":{"length_est":23.739101169626025,"length_true":20.456400000000002},"30":{"length_est":14.935055236600343,"length_true":17.905369999999998},"3":{"length_est":10.328462007499974,"length_true":14.754960000000002}}