{"24":{"shunt_est":{"gs":0.601687644491254},"shunt_true":{"gs":0.1733542899408284}},"4":{"shunt_est":{"gs":1.3384676404123},"shunt_true":{"gs":1.0401257396449703}},"1":{"shunt_est":{"gs":0.3275480535159471},"shunt_true":{"gs":1.3868343195266273}},"12":{"shunt_est":{"gs":1.2446699272035342},"shunt_true":{"gs":1.0401257396449703}},"29":{"shunt_est":{"gs":1.7284468635132069},"shunt_true":{"gs":0.3467085798816568}},"20":{"shunt_est":{"gs":1.6389422542848293},"shunt_true":{"gs":0.5200628698224852}},"2":{"shunt_est":{"gs":1.3151081131687397},"shunt_true":{"gs":0.3467085798816568}},"6":{"shunt_est":{"gs":0.6424067970931189},"shunt_true":{"gs":1.0401257396449703}},"25":{"shunt_est":{"gs":1.6228724819355238},"shunt_true":{"gs":0.866771449704142}},"23":{"shunt_est":{"gs":1.372745148804596},"shunt_true":{"gs":1.2134800295857988}},"22":{"shunt_est":{"gs":1.6152516808859299},"shunt_true":{"gs":1.2134800295857988}},"11":{"shunt_est":{"gs":1.2495455374136668},"shunt_true":{"gs":0.6934171597633136}},"13":{"shunt_est":{"gs":0.7916043755090713},"shunt_true":{"gs":0.5200628698224852}},"5":{"shunt_est":{"gs":1.6168638034272294},"shunt_true":{"gs":1.3868343195266273}},"15":{"shunt_est":{"gs":0.4861682519379456},"shunt_true":{"gs":0.3467085798816568}},"27":{"shunt_est":{"gs":1.2800048304532647},"shunt_true":{"gs":0.866771449704142}},"28":{"shunt_est":{"gs":1.6881936560724162},"shunt_true":{"gs":0.6934171597633136}},"16":{"shunt_est":{"gs":0.8024147548724652},"shunt_true":{"gs":0.866771449704142}},"14":{"shunt_est":{"gs":1.6302638332396981},"shunt_true":{"gs":0.1733542899408284}},"21":{"shunt_est":{"gs":0.6858970318691272},"shunt_true":{"gs":0.1733542899408284}},"7":{"shunt_est":{"gs":1.268876070605554},"shunt_true":{"gs":0.3467085798816568}},"8":{"shunt_est":{"gs":1.3741927235688003},"shunt_true":{"gs":1.2134800295857988}},"26":{"shunt_est":{"gs":1.4122832904461062},"shunt_true":{"gs":0.866771449704142}},"17":{"shunt_est":{"gs":1.6263267140893949},"shunt_true":{"gs":0.6934171597633136}},"10":{"shunt_est":{"gs":1.5040996072002628},"shunt_true":{"gs":0.3467085798816568}}}