{"24":{"Xc_est":0.2725142852755775,"Zc_est":0.3099208577904879,"Rc_est":0.14760386991652016},"4":{"Xc_est":0.06411246307989484,"Zc_est":0.09409734955882178,"Rc_est":0.06887599924374396},"1":{"Xc_est":0.30785699140099143,"Zc_est":0.3347267850379169,"Rc_est":0.13140050786564617},"12":{"Xc_est":0.16353758675656277,"Zc_est":0.2068233213295281,"Rc_est":0.12661494368208254},"29":{"Xc_est":0.30102501740318816,"Zc_est":0.32413973466888435,"Rc_est":0.12021025949820187},"20":{"Xc_est":0.0889088035391923,"Zc_est":0.11095638205696695,"Rc_est":0.06638180000874429},"2":{"Xc_est":0.3253071627994227,"Zc_est":0.35715697941726565,"Rc_est":0.1474325533179664},"6":{"Xc_est":0.12070742460753778,"Zc_est":0.14798674795698338,"Rc_est":0.08561422320794197},"25":{"Xc_est":0.2569305983351505,"Zc_est":0.27810895283476345,"Rc_est":0.10644837850333967},"23":{"Xc_est":0.3008974223215963,"Zc_est":0.3291234972514254,"Rc_est":0.13335298153107775},"22":{"Xc_est":0.2746710047042701,"Zc_est":0.2962839950396894,"Rc_est":0.11108575467370035},"11":{"Xc_est":0.3192147411577565,"Zc_est":0.34678319706804356,"Rc_est":0.13550105090485473},"13":{"Xc_est":0.33429936997535364,"Zc_est":0.3616717422633308,"Rc_est":0.13802311540417722},"5":{"Xc_est":0.11632697719167509,"Zc_est":0.16283706078779933,"Rc_est":0.1139471050244672},"15":{"Xc_est":0.20057280083851076,"Zc_est":0.20814945100262394,"Rc_est":0.055648409828932655},"27":{"Xc_est":0.15439556201263355,"Zc_est":0.1771152588638102,"Rc_est":0.08678608962960323},"28":{"Xc_est":0.20205975550611086,"Zc_est":0.21184045998502923,"Rc_est":0.063625747079932},"16":{"Xc_est":0.3151683846594212,"Zc_est":0.34745542410122243,"Rc_est":0.14626742989651342},"14":{"Xc_est":0.10078821176096006,"Zc_est":0.11895698288811592,"Rc_est":0.06318623384781985},"21":{"Xc_est":0.08263137919809896,"Zc_est":0.1155528158705463,"Rc_est":0.08077442929190126},"7":{"Xc_est":0.04083531345904114,"Zc_est":0.08222872877402052,"Rc_est":0.07137255081957827},"8":{"Xc_est":0.2757260159832362,"Zc_est":0.309489180222933,"Rc_est":0.14056570273390043},"26":{"Xc_est":0.14571694948060404,"Zc_est":0.17158274532513915,"Rc_est":0.09059364838319878},"17":{"Xc_est":0.26120807387816763,"Zc_est":0.28242222572304837,"Rc_est":0.1073902031063272},"10":{"Xc_est":0.281401654144817,"Zc_est":0.3049368196535905,"Rc_est":0.11747158390439438},"19":{"Xc_est":0.07700652001701287,"Zc_est":0.12810534768566167,"Rc_est":0.10237663786496241},"9":{"Xc_est":0.14125770950753821,"Zc_est":0.16990454305532968,"Rc_est":0.09441299304398904},"18":{"Xc_est":0.1265960300898482,"Zc_est":0.15067971089864718,"Rc_est":0.08171793219355308},"30":{"Xc_est":0.3533028781659386,"Zc_est":0.41185871622398196,"Rc_est":0.2116711562998852},"3":{"Xc_est":0.05132691600600718,"Zc_est":0.07339737304565445,"Rc_est":0.052466389844501846}}