{"32":{"length_est":20.04613092681423,"length_true":20.051664},"29":{"length_est":4.968009407677323,"length_true":5.2521},"1":{"length_est":0.11234375444832802,"length_true":0.11424},"54":{"length_est":4.53482989603165,"length_true":6.4783},"2":{"length_est":13.940564210662698,"length_true":13.996288},"41":{"length_est":4.486692281712264,"length_true":4.8591},"53":{"length_est":27.086333903365613,"length_true":29.465251},"51":{"length_est":11.828166630414621,"length_true":11.830480000000001},"27":{"length_est":10.682530603634454,"length_true":10.68714},"42":{"length_est":4.129595961365036,"length_true":4.212621},"33":{"length_est":2.5193880135514193,"length_true":2.52},"28":{"length_est":10.547754564644553,"length_true":12.29249},"52":{"length_est":8.503845365099034,"length_true":9.6487},"50":{"length_est":2.854672005650373,"length_true":4.0781},"26":{"length_est":10.500097110668008,"length_true":15.0},"10":{"length_est":5.514527555003152,"length_true":7.8779},"24":{"length_est":10.555917337375819,"length_true":10.4189},"25":{"length_est":14.584380324017994,"length_true":14.588000000000001},"23":{"length_est":3.9131363786779043,"length_true":4.1401},"49":{"length_est":11.942825045389057,"length_true":12.21679},"5":{"length_est":13.011386442180697,"length_true":13.029240000000001},"31":{"length_est":3.072990153461222,"length_true":4.39},"43":{"length_est":11.874715624614428,"length_true":11.91334},"39":{"length_est":47.32617045241921,"length_true":50.1819},"34":{"length_est":12.413420388786259,"length_true":12.41835},"44":{"length_est":12.79881286723309,"length_true":12.809479999999999},"55":{"length_est":9.926726091110918,"length_true":12.23632},"17":{"length_est":17.081116281261995,"length_true":17.4341},"37":{"length_est":12.318276070329453,"length_true":16.546871},"47":{"length_est":8.045929272673963,"length_true":8.2743},"9":{"length_est":11.948169863238709,"length_true":15.2031},"12":{"length_est":9.369112955511106,"length_true":13.3844},"20":{"length_est":17.693398597501805,"length_true":13.610299999999999},"6":{"length_est":12.460581135626983,"length_true":12.467600000000001},"14":{"length_est":5.667482586644981,"length_true":8.0963},"7":{"length_est":15.345581012701993,"length_true":15.370700000000001},"57":{"length_est":10.071705675648325,"length_true":11.8907},"8":{"length_est":12.707158072981642,"length_true":14.8117},"19":{"length_est":4.065176450560293,"length_true":5.8071},"4":{"length_est":15.390969494712586,"length_true":11.83921},"22":{"length_est":13.309651037214344,"length_true":13.298119999999997},"11":{"length_est":12.441643692915182,"length_true":12.431809},"35":{"length_est":9.63383325017684,"length_true":11.80815},"13":{"length_est":9.015573957238864,"length_true":12.8793},"15":{"length_est":5.107589089939362,"length_true":6.1064},"16":{"length_est":19.98691522304691,"length_true":27.150599999999997},"40":{"length_est":15.766662585776164,"length_true":19.7451},"46":{"length_est":5.1037146023481155,"length_true":7.2907},"21":{"length_est":7.446364860747944,"length_true":10.637540000000001},"38":{"length_est":6.914084770791204,"length_true":9.87563},"45":{"length_est":4.261872058006912,"length_true":4.8936},"56":{"length_est":4.435402094123106,"length_true":4.9858},"36":{"length_est":44.111717123736014,"length_true":59.543393},"48":{"length_est":8.362513859641966,"length_true":11.9463},"18":{"length_est":20.427005328862926,"length_true":20.456400000000002},"30":{"length_est":23.27693269628819,"length_true":17.905369999999998},"3":{"length_est":14.720094742282221,"length_true":14.754960000000002}}