{"24":{"shunt_est":{"gs":0.5768537120928032},"shunt_true":{"gs":0.028277124183006534}},"4":{"shunt_est":{"gs":11.537064384221527},"shunt_true":{"gs":0.16966274509803922}},"1":{"shunt_est":{"gs":11.537066320067957},"shunt_true":{"gs":0.22621699346405227}},"12":{"shunt_est":{"gs":11.537066052686981},"shunt_true":{"gs":0.16966274509803922}},"29":{"shunt_est":{"gs":11.53706620766511},"shunt_true":{"gs":0.05655424836601307}},"20":{"shunt_est":{"gs":11.537065250395624},"shunt_true":{"gs":0.08483137254901961}},"2":{"shunt_est":{"gs":11.537066340183232},"shunt_true":{"gs":0.05655424836601307}},"6":{"shunt_est":{"gs":11.537066231378313},"shunt_true":{"gs":0.16966274509803922}},"25":{"shunt_est":{"gs":11.537066062280317},"shunt_true":{"gs":0.14138562091503268}},"23":{"shunt_est":{"gs":11.537066284663737},"shunt_true":{"gs":0.19793986928104573}},"22":{"shunt_est":{"gs":11.537066324181211},"shunt_true":{"gs":0.19793986928104573}},"11":{"shunt_est":{"gs":11.537066279006186},"shunt_true":{"gs":0.11310849673202614}},"13":{"shunt_est":{"gs":11.53706638943827},"shunt_true":{"gs":0.08483137254901961}},"5":{"shunt_est":{"gs":0.5768559949392855},"shunt_true":{"gs":0.22621699346405227}},"15":{"shunt_est":{"gs":11.53706551238907},"shunt_true":{"gs":0.05655424836601307}},"27":{"shunt_est":{"gs":11.537065640541977},"shunt_true":{"gs":0.14138562091503268}},"28":{"shunt_est":{"gs":11.537065440186566},"shunt_true":{"gs":0.11310849673202614}},"16":{"shunt_est":{"gs":11.537062508142059},"shunt_true":{"gs":0.14138562091503268}},"14":{"shunt_est":{"gs":11.53706638135492},"shunt_true":{"gs":0.028277124183006534}},"21":{"shunt_est":{"gs":11.537065662647308},"shunt_true":{"gs":0.028277124183006534}},"7":{"shunt_est":{"gs":0.5768559253831083},"shunt_true":{"gs":0.05655424836601307}},"8":{"shunt_est":{"gs":0.5768572931923136},"shunt_true":{"gs":0.19793986928104573}},"26":{"shunt_est":{"gs":0.5768541331163617},"shunt_true":{"gs":0.14138562091503268}},"17":{"shunt_est":{"gs":11.537065439608119},"shunt_true":{"gs":0.11310849673202614}},"10":{"shunt_est":{"gs":11.537066096899391},"shunt_true":{"gs":0.05655424836601307}}}