linecode_id,linecode_name,A_p_est,dist_est,x_est,r_est,scenario_id
4,hydrogen,"[199.49398690220357, 132.0702216630831, 300.0000020851869, 83.11366535372943]","[7.352404320056156, 4.635897781500001, 2.757322759401761, 31.293426917595188, 31.156853809774713, 30.62977722745245]",[0.7489152600754005 0.7382652188898692 0.7672431803186017 0.6472605630772401; 0.7382652188898692 0.7618727996930891 0.7998887825859946 0.647535379301945; 0.7672431803186017 0.7998887825859946 0.7360975827628472 0.6486073937045908; 0.6472605630772401 0.647535379301945 0.6486073937045908 0.776422323081682],[0.16988958293348266 0.049348 0.049348 0.049348; 0.049348 0.23142781075589347 0.049348 0.049348; 0.049348 0.049348 0.12950573599919737 0.049348; 0.049348 0.049348 0.049348 0.33867853144219245],1
1,pluto,"[265.40607291360635, 300.00000230273486, 139.19027062326066, 71.69472057168393]","[1.000000097247073, 117.39034233286343, 117.38608231888284, 115.71434859672136, 114.71434849947435, 164.13063691688842]",[0.7399467175111222 0.8636167730009346 0.5641905915023578 0.5650941156025379; 0.8636167730009346 0.7360975827400656 0.5641928716733662 0.5656394678208305; 0.5641905915023578 0.5641928716733662 0.760223205629394 0.5431319417710601; 0.5650941156025379 0.5656394678208305 0.5431319417710601 0.7810653571924082],[0.2250610453060172 0.049348 0.049348 0.049348; 0.049348 0.2047990298546604 0.049348 0.049348; 0.049348 0.049348 0.38439519191606486 0.049348; 0.049348 0.049348 0.049348 0.6998186196285727],1
10,tw2x16_lv_oh_2w_bundled,"[10.997881924395562, 10.000000282875426]",[99.99983098836651],[0.8399613851211707 0.574264832178638; 0.574264832178638 0.8429495990348248],[3.343720411363662 0.049348; 0.049348 3.672459777027455],1
7,abc2x16_lv_oh_2w_bundled,"[9.999999910443716, 9.999999910649748]",[99.99999372580602],[0.8429496002048563 0.5742647299273604; 0.5742647299273604 0.8429496002042091],[4.5223256690908995 0.049348; 0.049348 4.522325668998741],1
