{"24":{"Xc_est":0.17670527969668773,"Zc_est":0.19901557303674433,"Rc_est":0.091555679444036},"4":{"Xc_est":0.05032016684844032,"Zc_est":0.05271139690948109,"Rc_est":0.015696247083108125},"1":{"Xc_est":0.20106434020968855,"Zc_est":0.2272849234652328,"Rc_est":0.10597909006327312},"12":{"Xc_est":0.10771442194260303,"Zc_est":0.1197662471879311,"Rc_est":0.052359882267357036},"29":{"Xc_est":0.19982891526981805,"Zc_est":0.22533266521745238,"Rc_est":0.10413075739707435},"20":{"Xc_est":0.06083434158968021,"Zc_est":0.0658309952631097,"Rc_est":0.02515755991112167},"2":{"Xc_est":0.21097558233657163,"Zc_est":0.2373299509448178,"Rc_est":0.10869594874333684},"6":{"Xc_est":0.0798512605153316,"Zc_est":0.08928855324564461,"Rc_est":0.039952746273728884},"25":{"Xc_est":0.1713512574757431,"Zc_est":0.19351981897908996,"Rc_est":0.08993701629018688},"23":{"Xc_est":0.19392050563697216,"Zc_est":0.21891300408661327,"Rc_est":0.10157628095045912},"22":{"Xc_est":0.18256344413353098,"Zc_est":0.20672774517545886,"Rc_est":0.09698942979228489},"11":{"Xc_est":0.2083715498538976,"Zc_est":0.234722589562365,"Rc_est":0.10805550084260918},"13":{"Xc_est":0.2279198144583906,"Zc_est":0.2548659308344852,"Rc_est":0.11405788388963477},"5":{"Xc_est":0.07184566559058182,"Zc_est":0.07839892908428892,"Rc_est":0.03137821565050584},"15":{"Xc_est":0.12656633713888518,"Zc_est":0.14767037993117554,"Rc_est":0.0760756427003005},"27":{"Xc_est":0.09905649493800843,"Zc_est":0.1105223660709862,"Rc_est":0.049020446882146955},"28":{"Xc_est":0.12847765589108276,"Zc_est":0.14976179190613004,"Rc_est":0.07695509243492288},"16":{"Xc_est":0.20503752368491746,"Zc_est":0.23135539251609527,"Rc_est":0.1071677728024308},"14":{"Xc_est":0.06792242110582832,"Zc_est":0.07434208996500338,"Rc_est":0.030220705674871076},"21":{"Xc_est":0.05423292844775732,"Zc_est":0.05778359063481851,"Rc_est":0.019943239923159946},"7":{"Xc_est":0.03573258265781967,"Zc_est":0.037882676027028675,"Rc_est":0.0125809252271404},"8":{"Xc_est":0.1793399222166848,"Zc_est":0.20255799273739417,"Rc_est":0.09416439200204967},"26":{"Xc_est":0.10123696519843331,"Zc_est":0.11236250414869595,"Rc_est":0.04874842783082258},"17":{"Xc_est":0.1763474048465184,"Zc_est":0.1988096055898369,"Rc_est":0.09179788711448998},"10":{"Xc_est":0.1869748803596137,"Zc_est":0.21233338027722976,"Rc_est":0.10062732479035107},"19":{"Xc_est":0.05016796033524309,"Zc_est":0.052575731783935764,"Rc_est":0.01572842421915907},"9":{"Xc_est":0.09115671592284602,"Zc_est":0.1014625716509578,"Rc_est":0.04455453499013651},"18":{"Xc_est":0.08082622204648601,"Zc_est":0.0910909849493384,"Rc_est":0.04200820596898578},"30":{"Xc_est":0.23144218280005513,"Zc_est":0.25823867640148157,"Rc_est":0.1145501200799675},"3":{"Xc_est":0.03819091000490464,"Zc_est":0.04009693086114051,"Rc_est":0.012215492518943188}}