linecode_id,linecode_name,A_p_est,dist_est,x_est,r_est,scenario_id
4,hydrogen,"[153.36244767079705, 152.68989839012403, 232.1977444809532, 109.89021465679943]","[58.281307522940494, 55.58056799054891, 60.816271853565446, 180.71929066024535, 188.93049772251047, 132.16783305737727]",[0.7571770408904559 0.6081870171643061 0.6111682556167691 0.5370823341964874; 0.6081870171643061 0.7573151142787764 0.6055118840642076 0.534290440556404; 0.6111682556167691 0.6055118840642076 0.7441461460118141 0.556740730920536; 0.5370823341964874 0.534290440556404 0.556740730920536 0.7676486923844632],[0.20614858144691514 0.049348 0.049348 0.049348; 0.049348 0.20683923694785594 0.049348 0.049348; 0.049348 0.049348 0.15291197311549093 0.049348; 0.049348 0.049348 0.049348 0.2681784121709635],1
1,pluto,"[300.00000246065537, 299.8583466618454, 300.0000000606127, 74.21872190290026]","[3.6109553323193206, 50.475207718502766, 46.9955756514931, 62.909455428067915, 62.00660686408166, 79.87193833035157]",[0.7360975827235281 0.7829422270131358 0.6172222045277939 0.6033857060570318; 0.7829422270131358 0.7361124204220103 0.6217102199739318 0.6042939762627941; 0.6172222045277939 0.6217102199739318 0.7360975829748606 0.5883859418251641; 0.6033857060570318 0.6042939762627941 0.5883859418251641 0.7799783848799843],[0.2047990297728307 0.049348 0.049348 0.049348; 0.049348 0.20487246624723082 0.049348 0.049348; 0.049348 0.049348 0.20479903101646105 0.049348; 0.049348 0.049348 0.049348 0.6776976686371561],1
10,tw2x16_lv_oh_2w_bundled,"[10.000000784616887, 33.822176300386936]",[99.99998157398915],[0.8429495974585539 0.5742647375625909; 0.5742647375625909 0.804668211243414],[3.67245959524093 0.049348; 0.049348 1.1205717578499448],1
7,abc2x16_lv_oh_2w_bundled,"[9.999999934868752, 19.06600577490906]",[99.99999541600877],[0.8429496001281227 0.5742647288653722; 0.5742647288653722 0.822676168559256],[4.522325658165635 0.049348; 0.049348 2.395396607054882],1
