linecode_id,linecode_name,A_p_est,dist_est,x_est,r_est,scenario_id
12,tw2x16_lv_oh_2w_bundled,"[10.479958409361599, 10.000001307395593]",[1999.9992021489973],[0.8414768298658248 0.3860369008385065; 0.3860369008385065 0.8429495958161926],[3.506529544041157 0.049348; 0.049348 3.6724594058323956],1
2,pluto,"[259.18182435523056, 300.0000028490701, 144.71328399595853, 300.0000009471735]","[10.13936630470696, 61.42472481407574, 60.58209343238878, 1174.5331687823004, 1164.3938024775937, 1165.9687346761064]",[0.7406922557536669 0.7180711319942963 0.6048863879837575 0.419480867485121; 0.7180711319942963 0.7360975826828534 0.6057542912296624 0.42002563067124815; 0.6048863879837575 0.6057542912296624 0.7590007279338664 0.419940702980054; 0.419480867485121 0.42002563067124815 0.419940702980054 0.73609758288202],[0.22928079208669738 0.049348 0.049348 0.049348; 0.049348 0.20479902957156582 0.049348 0.049348; 0.049348 0.049348 0.3716080443209002 0.049348; 0.049348 0.049348 0.049348 0.20479903055707174],1
6,hydrogen,"[300.00000288983927, 209.7150532769638, 254.207801303021, 99.49253161228539]","[2000.0002585251189, 1027.6731033131375, 972.3273917625042, 54.48586481060732, 2000.7150642708175, 1029.0635265305414]",[0.736097582678584 0.3860368676513897 0.4278735665536006 0.6124181309250704; 0.3860368676513897 0.7473455399966954 0.43135193551840856 0.38601441532900843; 0.4278735665536006 0.43135193551840856 0.7413010284678411 0.4277886134452277; 0.6124181309250704 0.38601441532900843 0.4277886134452277 0.7707714188034144],[0.12950573578420033 0.049348 0.049348 0.049348; 0.049348 0.16401464214678269 0.049348 0.049348; 0.049348 0.049348 0.14394510065403604 0.049348; 0.049348 0.049348 0.049348 0.291047759541888],1
9,abc2x16_lv_oh_2w_bundled,"[10.240022393605688, 9.999999983954414]",[1999.9925401066942],[0.8422044528204892 0.3860371101336595; 0.3860371101336595 0.842949599973915],[4.417480663289578 0.049348; 0.049348 4.522325636209728],1
