{"32":{"length_est":14.036154927853147,"length_true":20.051664},"29":{"length_est":3.6764600660664426,"length_true":5.2521},"1":{"length_est":0.07995800606930595,"length_true":0.11424},"54":{"length_est":7.778249458764899,"length_true":6.4783},"2":{"length_est":9.797391619725671,"length_true":13.996288},"41":{"length_est":6.316839956595726,"length_true":4.8591},"53":{"length_est":20.625665776772845,"length_true":29.465251},"51":{"length_est":8.28132602350965,"length_true":11.830480000000001},"27":{"length_est":13.893291996949918,"length_true":10.68714},"42":{"length_est":5.47641702701169,"length_true":4.212621},"33":{"length_est":1.7639900027286302,"length_true":2.52},"28":{"length_est":9.336242674374693,"length_true":12.29249},"52":{"length_est":12.543319926906369,"length_true":9.6487},"50":{"length_est":5.301537839199703,"length_true":4.0781},"26":{"length_est":12.090232508615898,"length_true":15.0},"10":{"length_est":10.24127991474586,"length_true":7.8779},"24":{"length_est":12.30140300358198,"length_true":10.4189},"25":{"length_est":18.964409967042034,"length_true":14.588000000000001},"23":{"length_est":2.8980604863279376,"length_true":4.1401},"49":{"length_est":15.38887762291576,"length_true":12.21679},"5":{"length_est":16.938021992695848,"length_true":13.029240000000001},"31":{"length_est":5.707009831734414,"length_true":4.39},"43":{"length_est":8.33932800854693,"length_true":11.91334},"39":{"length_est":35.127320355798396,"length_true":50.1819},"34":{"length_est":8.692835021302047,"length_true":12.41835},"44":{"length_est":8.966626009636276,"length_true":12.809479999999999},"55":{"length_est":10.473901230644024,"length_true":12.23632},"17":{"length_est":12.203860120077687,"length_true":17.4341},"37":{"length_est":16.06980660642648,"length_true":16.546871},"47":{"length_est":5.7920000274270365,"length_true":8.2743},"9":{"length_est":10.642160253625718,"length_true":15.2031},"12":{"length_est":11.352932073390187,"length_true":13.3844},"20":{"length_est":12.278494332819571,"length_true":13.610299999999999},"6":{"length_est":8.727310008697325,"length_true":12.467600000000001},"14":{"length_est":8.999598988308966,"length_true":8.0963},"7":{"length_est":10.759480004423898,"length_true":15.370700000000001},"57":{"length_est":12.809343886510982,"length_true":11.8907},"8":{"length_est":10.792536064803823,"length_true":14.8117},"19":{"length_est":7.549239925830634,"length_true":5.8071},"4":{"length_est":9.16365444244727,"length_true":11.83921},"22":{"length_est":9.759160322972262,"length_true":13.298119999999997},"11":{"length_est":16.161361688381152,"length_true":12.431809},"35":{"length_est":12.279480011224086,"length_true":11.80815},"13":{"length_est":13.751012049464222,"length_true":12.8793},"15":{"length_est":4.662442606787543,"length_true":6.1064},"16":{"length_est":26.232409085025452,"length_true":27.150599999999997},"40":{"length_est":18.996792080000112,"length_true":19.7451},"46":{"length_est":5.103480178223934,"length_true":7.2907},"21":{"length_est":7.446268045660947,"length_true":10.637540000000001},"38":{"length_est":8.475654995064046,"length_true":9.87563},"45":{"length_est":6.3616897653262345,"length_true":4.8936},"56":{"length_est":4.603139949549243,"length_true":4.9858},"36":{"length_est":50.01367907215362,"length_true":59.543393},"48":{"length_est":11.200449052806853,"length_true":11.9463},"18":{"length_est":15.38397130547036,"length_true":20.456400000000002},"30":{"length_est":14.054939902353707,"length_true":17.905369999999998},"3":{"length_est":10.328462007453535,"length_true":14.754960000000002}}