{"24":{"Xc_est":0.27198412726446,"Zc_est":0.308256070768821,"Rc_est":0.14507391110059187},"4":{"Xc_est":0.06468977999746486,"Zc_est":0.07846263063608322,"Rc_est":0.044402891462313805},"1":{"Xc_est":0.30423477197244453,"Zc_est":0.3287114922729979,"Rc_est":0.12446866543518419},"12":{"Xc_est":0.16060090956347017,"Zc_est":0.1788343906852864,"Rc_est":0.07867075148467643},"29":{"Xc_est":0.30004583186581196,"Zc_est":0.32212895769890537,"Rc_est":0.11721588701253796},"20":{"Xc_est":0.08867985363113941,"Zc_est":0.11012174569432397,"Rc_est":0.06528922142838778},"2":{"Xc_est":0.3233068327222667,"Zc_est":0.3560879727066465,"Rc_est":0.14923584094119513},"6":{"Xc_est":0.11904454872166503,"Zc_est":0.14168869488910668,"Rc_est":0.07683802235243622},"25":{"Xc_est":0.25643171506812296,"Zc_est":0.27674411494925377,"Rc_est":0.1040676734931015},"23":{"Xc_est":0.2994540650440221,"Zc_est":0.31711338396125893,"Rc_est":0.10434635219293203},"22":{"Xc_est":0.27376736504490357,"Zc_est":0.29446626856229147,"Rc_est":0.10845189328624044},"11":{"Xc_est":0.31740103506526923,"Zc_est":0.3462215131086586,"Rc_est":0.13829648975568687},"13":{"Xc_est":0.32913470822278856,"Zc_est":0.35516515455255115,"Rc_est":0.13346396836388985},"5":{"Xc_est":0.11709096350938417,"Zc_est":0.13887012747641386,"Rc_est":0.07466336832583634},"15":{"Xc_est":0.2002592542718149,"Zc_est":0.20745173681796836,"Rc_est":0.05415213926788298},"27":{"Xc_est":0.15544798767669935,"Zc_est":0.16911402762793964,"Rc_est":0.06659938038606862},"28":{"Xc_est":0.2017462089276109,"Zc_est":0.2110961971560399,"Rc_est":0.06212947478514878},"16":{"Xc_est":0.3121577320086339,"Zc_est":0.3431981491980207,"Rc_est":0.1426272062412105},"14":{"Xc_est":0.1003458596413673,"Zc_est":0.10959223212663649,"Rc_est":0.04405866311332638},"21":{"Xc_est":0.08391296759328883,"Zc_est":0.12144017591664066,"Rc_est":0.08778570610499348},"7":{"Xc_est":0.04072649172661088,"Zc_est":0.08172409267348207,"Rc_est":0.07085322995422426},"8":{"Xc_est":0.2753720665400121,"Zc_est":0.3093172983739171,"Rc_est":0.1408808576167181},"26":{"Xc_est":0.1455935641725929,"Zc_est":0.1712269265926999,"Rc_est":0.09011755912086672},"17":{"Xc_est":0.2608621524610714,"Zc_est":0.28151573911350025,"Rc_est":0.10583973158505772},"10":{"Xc_est":0.2799576318324381,"Zc_est":0.30150710297813843,"Rc_est":0.11193863285319688},"19":{"Xc_est":0.07677757006214075,"Zc_est":0.12709545273070863,"Rc_est":0.10128405027533637},"9":{"Xc_est":0.1406408029107975,"Zc_est":0.15486891102798434,"Rc_est":0.06484245645871188},"18":{"Xc_est":0.12593796299707113,"Zc_est":0.1483116226177283,"Rc_est":0.0783324127015873},"30":{"Xc_est":0.34745339812223575,"Zc_est":0.3780409933182076,"Rc_est":0.14896687135846082},"3":{"Xc_est":0.05116269587915802,"Zc_est":0.07272361207287804,"Rc_est":0.05168270797184721}}