{"32":{"length_est":14.036154895216697,"length_true":20.051664},"29":{"length_est":3.6764602091795338,"length_true":5.2521},"1":{"length_est":0.0799580205926646,"length_true":0.11424},"54":{"length_est":8.421799772537973,"length_true":6.4783},"2":{"length_est":9.797391608836772,"length_true":13.996288},"41":{"length_est":6.316839893900246,"length_true":4.8591},"53":{"length_est":20.6256658022888,"length_true":29.465251},"51":{"length_est":8.281326024812218,"length_true":11.830480000000001},"27":{"length_est":13.893291992732246,"length_true":10.68714},"42":{"length_est":5.476417276887579,"length_true":4.212621},"33":{"length_est":1.763990006355346,"length_true":2.52},"28":{"length_est":8.60473310306343,"length_true":12.29249},"52":{"length_est":12.54331998265665,"length_true":9.6487},"50":{"length_est":5.301539840428943,"length_true":4.0781},"26":{"length_est":19.500009950417134,"length_true":15.0},"10":{"length_est":10.241279976558289,"length_true":7.8779},"24":{"length_est":10.256360237294654,"length_true":10.4189},"25":{"length_est":18.96440998690548,"length_true":14.588000000000001},"23":{"length_est":5.382139771996643,"length_true":4.1401},"49":{"length_est":15.88183699111682,"length_true":12.21679},"5":{"length_est":16.93802199366834,"length_true":13.029240000000001},"31":{"length_est":3.072990337688215,"length_true":4.39},"43":{"length_est":8.339328005696276,"length_true":11.91334},"39":{"length_est":35.12732002396406,"length_true":50.1819},"34":{"length_est":8.692835015362181,"length_true":12.41835},"44":{"length_est":8.966626012183788,"length_true":12.809479999999999},"55":{"length_est":8.565414015553735,"length_true":12.23632},"17":{"length_est":12.203860182678186,"length_true":17.4341},"37":{"length_est":21.510942256366143,"length_true":16.546871},"47":{"length_est":5.792000028876008,"length_true":8.2743},"9":{"length_est":19.764039622673998,"length_true":15.2031},"12":{"length_est":11.812564096880442,"length_true":13.3844},"20":{"length_est":16.947454656943385,"length_true":13.610299999999999},"6":{"length_est":8.727310019365664,"length_true":12.467600000000001},"14":{"length_est":8.684977804971847,"length_true":8.0963},"7":{"length_est":10.759480006794053,"length_true":15.370700000000001},"57":{"length_est":15.457919972201513,"length_true":11.8907},"8":{"length_est":10.368180133949567,"length_true":14.8117},"19":{"length_est":7.144003778948956,"length_true":5.8071},"4":{"length_est":11.435256341181507,"length_true":11.83921},"22":{"length_est":9.30867405216036,"length_true":13.298119999999997},"11":{"length_est":16.16136169037975,"length_true":12.431809},"35":{"length_est":11.888971539304222,"length_true":11.80815},"13":{"length_est":9.015500045263414,"length_true":12.8793},"15":{"length_est":4.274470356555874,"length_true":6.1064},"16":{"length_est":26.4441484713029,"length_true":27.150599999999997},"40":{"length_est":25.668639983234986,"length_true":19.7451},"46":{"length_est":5.103480062169338,"length_true":7.2907},"21":{"length_est":7.446268036133719,"length_true":10.637540000000001},"38":{"length_est":6.912931034157732,"length_true":9.87563},"45":{"length_est":3.4255100805101057,"length_true":4.8936},"56":{"length_est":3.4900501171836598,"length_true":4.9858},"36":{"length_est":71.88137622003352,"length_true":59.543393},"48":{"length_est":8.36240002313036,"length_true":11.9463},"18":{"length_est":14.319470109149737,"length_true":20.456400000000002},"30":{"length_est":13.249606027991673,"length_true":17.905369999999998},"3":{"length_est":10.328462005054917,"length_true":14.754960000000002}}