{"24":{"Xc_est":0.19676849000686056,"Zc_est":0.2305025857061514,"Rc_est":0.12005666727692255},"4":{"Xc_est":0.04859722773392192,"Zc_est":0.07429156611336228,"Rc_est":0.05619204794411224},"1":{"Xc_est":0.22062544622156735,"Zc_est":0.23807051541329638,"Rc_est":0.08945380253900267},"12":{"Xc_est":0.10932256579330801,"Zc_est":0.13247281953334752,"Rc_est":0.07481727423184237},"29":{"Xc_est":0.21550323247847825,"Zc_est":0.2330523327372398,"Rc_est":0.08872286393932564},"20":{"Xc_est":0.06557809522359409,"Zc_est":0.08666332038226722,"Rc_est":0.05665725484458914},"2":{"Xc_est":0.2413875492845934,"Zc_est":0.2712068841962957,"Rc_est":0.12363343029229962},"6":{"Xc_est":0.08302327761970904,"Zc_est":0.10191142279846592,"Rc_est":0.059102228977327066},"25":{"Xc_est":0.18329697914841758,"Zc_est":0.19996166623311248,"Rc_est":0.07991799170266513},"23":{"Xc_est":0.21543631833957497,"Zc_est":0.23440237072537567,"Rc_est":0.09236700786517756},"22":{"Xc_est":0.19456185874769208,"Zc_est":0.21126204469659476,"Rc_est":0.0823245689331509},"11":{"Xc_est":0.23161110536820684,"Zc_est":0.24915370668945927,"Rc_est":0.09183607911498883},"13":{"Xc_est":0.24649588179734416,"Zc_est":0.26761937389924473,"Rc_est":0.1042108897532954},"5":{"Xc_est":0.08918191202276624,"Zc_est":0.1409500779528039,"Rc_est":0.10914903134185425},"15":{"Xc_est":0.1502310820715318,"Zc_est":0.15479533330607706,"Rc_est":0.03731242678996067},"27":{"Xc_est":0.1048515863486859,"Zc_est":0.11855893934649868,"Rc_est":0.055338656824419005},"28":{"Xc_est":0.15171803674213047,"Zc_est":0.15833358899049976,"Rc_est":0.04528976407231615},"16":{"Xc_est":0.22981072199104038,"Zc_est":0.25675205567496734,"Rc_est":0.11449301354789415},"14":{"Xc_est":0.0721813032467313,"Zc_est":0.08895779249106751,"Rc_est":0.0519937333386173},"21":{"Xc_est":0.07036343623291733,"Zc_est":0.12907857875880815,"Rc_est":0.10821398401264977},"7":{"Xc_est":0.027159028084112496,"Zc_est":0.07188870758742114,"Rc_est":0.06656105071373296},"8":{"Xc_est":0.19844719673711167,"Zc_est":0.22986111692941433,"Rc_est":0.11599501361360318},"26":{"Xc_est":0.10514483314677667,"Zc_est":0.1431169217330465,"Rc_est":0.09709282851415675},"17":{"Xc_est":0.18819027819301415,"Zc_est":0.21052996511262723,"Rc_est":0.09437841598564783},"10":{"Xc_est":0.19805516738490564,"Zc_est":0.21554863771734706,"Rc_est":0.08506095399148271},"19":{"Xc_est":0.06273565797057903,"Zc_est":0.11398953727142767,"Rc_est":0.09517274728803789},"9":{"Xc_est":0.1001780700008976,"Zc_est":0.12754068513393635,"Rc_est":0.07893656095453584},"18":{"Xc_est":0.0888905900705859,"Zc_est":0.11405970164207495,"Rc_est":0.07147082296701368},"30":{"Xc_est":0.25971726680784984,"Zc_est":0.3012650080087959,"Rc_est":0.15266809218825},"3":{"Xc_est":0.03737643508345639,"Zc_est":0.05969966947106485,"Rc_est":0.04655161259727275}}