{"32":{"length_est":14.036154940181408,"length_true":20.051664},"29":{"length_est":3.6764600912520717,"length_true":5.2521},"1":{"length_est":0.07995801123762003,"length_true":0.11424},"54":{"length_est":8.421799506377162,"length_true":6.4783},"2":{"length_est":9.797391605627947,"length_true":13.996288},"41":{"length_est":6.316839925808062,"length_true":4.8591},"53":{"length_est":20.625665743560358,"length_true":29.465251},"51":{"length_est":8.281326014393546,"length_true":11.830480000000001},"27":{"length_est":13.89329199583311,"length_true":10.68714},"42":{"length_est":5.476417275402271,"length_true":4.212621},"33":{"length_est":1.7639900036554321,"length_true":2.52},"28":{"length_est":8.604733642392622,"length_true":12.29249},"52":{"length_est":12.543319984644397,"length_true":9.6487},"50":{"length_est":5.301539761036417,"length_true":4.0781},"26":{"length_est":15.479578764229984,"length_true":15.0},"10":{"length_est":10.241279981832962,"length_true":7.8779},"24":{"length_est":13.544579846706595,"length_true":10.4189},"25":{"length_est":18.964409987932495,"length_true":14.588000000000001},"23":{"length_est":2.8980612027207737,"length_true":4.1401},"49":{"length_est":15.881836976823521,"length_true":12.21679},"5":{"length_est":16.93802199586522,"length_true":13.029240000000001},"31":{"length_est":5.70700977014875,"length_true":4.39},"43":{"length_est":8.339328004497109,"length_true":11.91334},"39":{"length_est":35.127320038840814,"length_true":50.1819},"34":{"length_est":8.692835013842625,"length_true":12.41835},"44":{"length_est":8.966626007069854,"length_true":12.809479999999999},"55":{"length_est":9.788071639412388,"length_true":12.23632},"17":{"length_est":12.203860142073315,"length_true":17.4341},"37":{"length_est":18.908222032225357,"length_true":16.546871},"47":{"length_est":5.792000024307998,"length_true":8.2743},"9":{"length_est":17.68852099527193,"length_true":15.2031},"12":{"length_est":11.541513490434285,"length_true":13.3844},"20":{"length_est":13.601560602521964,"length_true":13.610299999999999},"6":{"length_est":8.727310010712774,"length_true":12.467600000000001},"14":{"length_est":10.234894292277387,"length_true":8.0963},"7":{"length_est":10.75948000583214,"length_true":15.370700000000001},"57":{"length_est":13.587033782007659,"length_true":11.8907},"8":{"length_est":13.109398973711338,"length_true":14.8117},"19":{"length_est":5.1107400902173294,"length_true":5.8071},"4":{"length_est":10.215769828505376,"length_true":11.83921},"22":{"length_est":9.308674028157723,"length_true":13.298119999999997},"11":{"length_est":16.161361693870028,"length_true":12.431809},"35":{"length_est":12.407309057457931,"length_true":11.80815},"13":{"length_est":13.141317318040157,"length_true":12.8793},"15":{"length_est":7.883045554059269,"length_true":6.1064},"16":{"length_est":27.915736852734742,"length_true":27.150599999999997},"40":{"length_est":24.1090633513639,"length_true":19.7451},"46":{"length_est":5.103480229654482,"length_true":7.2907},"21":{"length_est":9.134841163834121,"length_true":10.637540000000001},"38":{"length_est":7.024049297776523,"length_true":9.87563},"45":{"length_est":3.4255100731327057,"length_true":4.8936},"56":{"length_est":3.4900500562032506,"length_true":4.9858},"36":{"length_est":54.466425686016606,"length_true":59.543393},"48":{"length_est":8.36240054094176,"length_true":11.9463},"18":{"length_est":14.319470050730109,"length_true":20.456400000000002},"30":{"length_est":16.90643560066817,"length_true":17.905369999999998},"3":{"length_est":10.328462004393286,"length_true":14.754960000000002}}