{"24":{"Xc_est":0.23318756476494673,"Zc_est":0.2691506791177386,"Rc_est":0.1344085105509828},"4":{"Xc_est":0.06290039461751026,"Zc_est":0.08630200822907617,"Rc_est":0.05908956744919544},"1":{"Xc_est":0.2647946070132167,"Zc_est":0.28550838231812276,"Rc_est":0.10676540858643058},"12":{"Xc_est":0.14077746355324855,"Zc_est":0.16552907865467473,"Rc_est":0.08707227822779917},"29":{"Xc_est":0.2593450419580672,"Zc_est":0.28009494213541525,"Rc_est":0.10579851521458129},"20":{"Xc_est":0.08152024653011136,"Zc_est":0.10237254032555788,"Rc_est":0.06192403748446834},"2":{"Xc_est":0.28567340085587034,"Zc_est":0.3187321919796758,"Rc_est":0.14135387595538412},"6":{"Xc_est":0.10699333162786379,"Zc_est":0.13014320722806685,"Rc_est":0.07409238405381162},"25":{"Xc_est":0.21769482813903854,"Zc_est":0.23698474350740031,"Rc_est":0.09365217806747897},"23":{"Xc_est":0.25736144931546184,"Zc_est":0.2786858982636333,"Rc_est":0.10691545396832561},"22":{"Xc_est":0.2331801693753945,"Zc_est":0.25273469520286784,"Rc_est":0.09747735516184682},"11":{"Xc_est":0.27637687517679893,"Zc_est":0.2982794362818002,"Rc_est":0.11218932648026994},"13":{"Xc_est":0.2908525099227192,"Zc_est":0.3154726074987559,"Rc_est":0.12217930902455865},"5":{"Xc_est":0.1051113085304144,"Zc_est":0.14946303714925913,"Rc_est":0.10625823400049922},"15":{"Xc_est":0.18442520940603774,"Zc_est":0.19117022202793443,"Rc_est":0.05033285135722866},"27":{"Xc_est":0.13465385379097172,"Zc_est":0.1485340807388125,"Rc_est":0.06269539696152882},"28":{"Xc_est":0.18591216407665884,"Zc_est":0.1948420151077446,"Rc_est":0.05831018864298118},"16":{"Xc_est":0.2740165174234618,"Zc_est":0.3041239241292299,"Rc_est":0.13193297316015912},"14":{"Xc_est":0.08812477895275501,"Zc_est":0.10337172088968784,"Rc_est":0.054034581651231386},"21":{"Xc_est":0.08399714786995445,"Zc_est":0.14051615754550154,"Rc_est":0.11264665854371897},"7":{"Xc_est":0.04051884745744169,"Zc_est":0.0808671078701122,"Rc_est":0.0699836562062667},"8":{"Xc_est":0.2348797055235664,"Zc_est":0.2686581829387141,"Rc_est":0.13041757240914384},"26":{"Xc_est":0.13227828519256685,"Zc_est":0.1657305880945501,"Rc_est":0.0998452958164749},"17":{"Xc_est":0.2236354190504289,"Zc_est":0.2464507675547157,"Rc_est":0.10356244577281656},"10":{"Xc_est":0.23940099186704916,"Zc_est":0.25988283655375993,"Rc_est":0.10112494167267218},"19":{"Xc_est":0.07634070773536004,"Zc_est":0.12537587594960067,"Rc_est":0.09945454545969228},"9":{"Xc_est":0.12853029704438368,"Zc_est":0.15312846484629658,"Rc_est":0.08323634715595096},"18":{"Xc_est":0.11441744870354184,"Zc_est":0.13871790550687704,"Rc_est":0.07843025398650216},"30":{"Xc_est":0.3066139529152523,"Zc_est":0.35174322374750255,"Rc_est":0.17236931087049423},"3":{"Xc_est":0.050849345138279475,"Zc_est":0.0715740004950757,"Rc_est":0.05037044416994185}}