{"24":{"shunt_est":{"gs":0.5768540333200705},"shunt_true":{"gs":0.028277124183006534}},"4":{"shunt_est":{"gs":11.537064947047602},"shunt_true":{"gs":0.16966274509803922}},"1":{"shunt_est":{"gs":11.537066465215531},"shunt_true":{"gs":0.22621699346405227}},"12":{"shunt_est":{"gs":11.53706648460366},"shunt_true":{"gs":0.16966274509803922}},"29":{"shunt_est":{"gs":11.53706649344956},"shunt_true":{"gs":0.05655424836601307}},"20":{"shunt_est":{"gs":11.537065992249097},"shunt_true":{"gs":0.08483137254901961}},"2":{"shunt_est":{"gs":11.537066510156915},"shunt_true":{"gs":0.05655424836601307}},"6":{"shunt_est":{"gs":11.53706649903895},"shunt_true":{"gs":0.16966274509803922}},"25":{"shunt_est":{"gs":11.53706650686293},"shunt_true":{"gs":0.14138562091503268}},"23":{"shunt_est":{"gs":11.537066523072633},"shunt_true":{"gs":0.19793986928104573}},"22":{"shunt_est":{"gs":11.537066517287327},"shunt_true":{"gs":0.19793986928104573}},"11":{"shunt_est":{"gs":11.537066493408936},"shunt_true":{"gs":0.11310849673202614}},"13":{"shunt_est":{"gs":11.537066574894245},"shunt_true":{"gs":0.08483137254901961}},"5":{"shunt_est":{"gs":5.212612976357394},"shunt_true":{"gs":0.22621699346405227}},"15":{"shunt_est":{"gs":11.53706614752536},"shunt_true":{"gs":0.05655424836601307}},"27":{"shunt_est":{"gs":11.537066297618768},"shunt_true":{"gs":0.14138562091503268}},"28":{"shunt_est":{"gs":11.537066126309373},"shunt_true":{"gs":0.11310849673202614}},"16":{"shunt_est":{"gs":11.537065614223904},"shunt_true":{"gs":0.14138562091503268}},"14":{"shunt_est":{"gs":11.537066546308592},"shunt_true":{"gs":0.028277124183006534}},"21":{"shunt_est":{"gs":11.537066170732736},"shunt_true":{"gs":0.028277124183006534}},"7":{"shunt_est":{"gs":0.5768562390098753},"shunt_true":{"gs":0.05655424836601307}},"8":{"shunt_est":{"gs":11.53706640861237},"shunt_true":{"gs":0.19793986928104573}},"26":{"shunt_est":{"gs":5.940946603840637},"shunt_true":{"gs":0.14138562091503268}},"17":{"shunt_est":{"gs":11.53706637664135},"shunt_true":{"gs":0.11310849673202614}},"10":{"shunt_est":{"gs":11.537066472222266},"shunt_true":{"gs":0.05655424836601307}}}