{"24":{"shunt_est":{"gs":11.537066321604813},"shunt_true":{"gs":0.028277124183006534}},"4":{"shunt_est":{"gs":0.5768701621480103},"shunt_true":{"gs":0.16966274509803922}},"1":{"shunt_est":{"gs":11.537066562338834},"shunt_true":{"gs":0.22621699346405227}},"12":{"shunt_est":{"gs":11.537066532127415},"shunt_true":{"gs":0.16966274509803922}},"29":{"shunt_est":{"gs":11.537066575014826},"shunt_true":{"gs":0.05655424836601307}},"20":{"shunt_est":{"gs":11.537066278014192},"shunt_true":{"gs":0.08483137254901961}},"2":{"shunt_est":{"gs":11.53706657580326},"shunt_true":{"gs":0.05655424836601307}},"6":{"shunt_est":{"gs":11.537066588438162},"shunt_true":{"gs":0.16966274509803922}},"25":{"shunt_est":{"gs":11.537066577140738},"shunt_true":{"gs":0.14138562091503268}},"23":{"shunt_est":{"gs":11.537066566586464},"shunt_true":{"gs":0.19793986928104573}},"22":{"shunt_est":{"gs":11.537066569211978},"shunt_true":{"gs":0.19793986928104573}},"11":{"shunt_est":{"gs":11.537066568621016},"shunt_true":{"gs":0.11310849673202614}},"13":{"shunt_est":{"gs":11.537066616291874},"shunt_true":{"gs":0.08483137254901961}},"5":{"shunt_est":{"gs":11.537066394732046},"shunt_true":{"gs":0.22621699346405227}},"15":{"shunt_est":{"gs":11.537066414548885},"shunt_true":{"gs":0.05655424836601307}},"27":{"shunt_est":{"gs":11.537066486640484},"shunt_true":{"gs":0.14138562091503268}},"28":{"shunt_est":{"gs":11.537066406708375},"shunt_true":{"gs":0.11310849673202614}},"16":{"shunt_est":{"gs":11.537066476111946},"shunt_true":{"gs":0.14138562091503268}},"14":{"shunt_est":{"gs":11.537066406402523},"shunt_true":{"gs":0.028277124183006534}},"21":{"shunt_est":{"gs":11.537065971957963},"shunt_true":{"gs":0.028277124183006534}},"7":{"shunt_est":{"gs":0.5768559798610368},"shunt_true":{"gs":0.05655424836601307}},"8":{"shunt_est":{"gs":11.537066526852968},"shunt_true":{"gs":0.19793986928104573}},"26":{"shunt_est":{"gs":11.537066487975832},"shunt_true":{"gs":0.14138562091503268}},"17":{"shunt_est":{"gs":11.53706653256682},"shunt_true":{"gs":0.11310849673202614}},"10":{"shunt_est":{"gs":11.537066563281167},"shunt_true":{"gs":0.05655424836601307}}}