linecode_id,linecode_name,A_p_est,dist_est,x_est,r_est,scenario_id
4,hydrogen,"[239.93980706305553, 152.4732831891174, 300.00000209400093, 100.66338213050696]","[2969.1501849285087, 2659.842166170418, 446.48336061541465, 2999.999958741678, 1087.2324617675756, 1387.5287117135335]",[0.7431157410329805 0.36121015568545106 0.3681222407865972 0.3605606929646765; 0.36121015568545106 0.7573597145759852 0.48025348026768083 0.4243337173588758; 0.3681222407865972 0.48025348026768083 0.7360975827619242 0.40900969514603436; 0.3605606929646765 0.4243337173588758 0.40900969514603436 0.7704038667409829],[0.14957030684124667 0.049348 0.049348 0.049348; 0.049348 0.2070629810375397 0.049348 0.049348; 0.049348 0.049348 0.12950573599684234 0.049348; 0.049348 0.049348 0.049348 0.28823646627194055],1
1,pluto,"[299.9999996230557, 300.0000026266619, 139.0766288846738, 300.00000058212584]","[1.4764372833715635, 412.93080024669945, 411.932229502279, 583.4050596289399, 581.9331726498804, 397.20085221035146]",[0.7360975830206816 0.8391354247587507 0.4851620485778348 0.4634472022483804; 0.8391354247587507 0.736097582706144 0.4853141762048486 0.46360592295158154; 0.4851620485778348 0.4853141762048486 0.7602488656634422 0.48760231448427366; 0.4634472022483804 0.46360592295158154 0.48760231448427366 0.7360975829202479],[0.20479903124319 0.049348 0.049348 0.049348; 0.049348 0.20479902968681107 0.049348 0.049348; 0.049348 0.049348 0.3846689643370916 0.049348; 0.049348 0.049348 0.049348 0.20479903074622852],1
10,tw2x16_lv_oh_2w_bundled,"[9.999999924209911, 9.999999924252402]",[99.99996955638518],[0.8429496001616084 0.5742647451134937; 0.5742647451134937 0.8429496001614749],[3.6724599069759813 0.049348; 0.049348 3.6724599069605866],1
7,abc2x16_lv_oh_2w_bundled,"[9.999999914759302, 9.99999991454483]",[99.99998442436139],[0.8429496001912984 0.5742647357716447; 0.5742647357716447 0.8429496001919723],[4.522325667160547 0.049348; 0.049348 4.52232566725648],1
