linecode_id,linecode_name,A_p_est,dist_est,x_est,r_est,scenario_id
12,tw2x16_lv_oh_2w_bundled,"[15.975145823325228, 10.000001926221634]",[2.000001620775554],[0.8282328050258542 0.8200649045439558; 0.8200649045439558 0.842949593872089],[2.317315954462298 0.049348; 0.049348 3.67245918162487],1
2,pluto,"[204.90608284043367, 300.0000016852424, 299.999998495838, 218.7160034266442]","[1075.4772554815959, 1598.3145053531746, 530.1433845779464, 2557.9657570696822, 2066.30867292888, 1893.1335239462244]",[0.7480743276884522 0.42501675899805125 0.40012365565174696 0.37057611115408384; 0.42501675899805125 0.7360975828047295 0.46946237495779947 0.3839875105018652; 0.40012365565174696 0.46946237495779947 0.7360975831387239 0.38948721809601533; 0.37057611115408384 0.3839875105018652 0.38948721809601533 0.7460253020714553],[0.27694158174191874 0.049348 0.049348 0.049348; 0.049348 0.2047990301746265 0.049348 0.049348; 0.049348 0.049348 0.20479903182728051 0.049348; 0.049348 0.049348 0.049348 0.2625711230624227],1
6,hydrogen,"[299.9999889414829, 99.66183790412151, 106.26437482129313, 126.60521338624268]","[1932.0947586544044, 1928.8925288565165, 111.19254010390935, 2406.5239825129806, 1327.8110289665708, 1439.0035690704804]",[0.7360975841392559 0.3882072437903121 0.3883114671579702 0.37441068157684937; 0.3882072437903121 0.7707180036786689 0.5675986838118945 0.4117738329168226; 0.3883114671579702 0.5675986838118945 0.7687027534633541 0.40672093596154535; 0.37441068157684937 0.4117738329168226 0.40672093596154535 0.7632004421961484],[0.129505739511096 0.049348 0.049348 0.049348; 0.049348 0.2906371581433358 0.049348 0.049348; 0.049348 0.049348 0.275645110460057 0.049348; 0.049348 0.049348 0.049348 0.23928742132177733],1
9,abc2x16_lv_oh_2w_bundled,"[16.6999626527745, 10.62408680159375]",[1999.9998566532481],[0.8268388031332131 0.38603688027659605; 0.38603688027659605 0.8410477170656114],[2.7277837079322222 0.049348; 0.049348 4.259571158532147],1
