{"24":{"shunt_est":{"gs":1.7335427991369352},"shunt_true":{"gs":0.1733542899408284}},"4":{"shunt_est":{"gs":1.7335394350622495},"shunt_true":{"gs":1.0401257396449703}},"1":{"shunt_est":{"gs":1.7335427954791618},"shunt_true":{"gs":1.3868343195266273}},"12":{"shunt_est":{"gs":1.7335427757391917},"shunt_true":{"gs":1.0401257396449703}},"29":{"shunt_est":{"gs":1.7335427515442743},"shunt_true":{"gs":0.3467085798816568}},"20":{"shunt_est":{"gs":1.7335425057852825},"shunt_true":{"gs":0.5200628698224852}},"2":{"shunt_est":{"gs":1.733542770461819},"shunt_true":{"gs":0.3467085798816568}},"6":{"shunt_est":{"gs":1.7335427433393946},"shunt_true":{"gs":1.0401257396449703}},"25":{"shunt_est":{"gs":1.733542627195271},"shunt_true":{"gs":0.866771449704142}},"23":{"shunt_est":{"gs":1.7335427548220212},"shunt_true":{"gs":1.2134800295857988}},"22":{"shunt_est":{"gs":1.7335425734861385},"shunt_true":{"gs":1.2134800295857988}},"11":{"shunt_est":{"gs":1.7335427758513133},"shunt_true":{"gs":0.6934171597633136}},"13":{"shunt_est":{"gs":1.733542674755384},"shunt_true":{"gs":0.5200628698224852}},"5":{"shunt_est":{"gs":1.7335426789125385},"shunt_true":{"gs":1.3868343195266273}},"15":{"shunt_est":{"gs":1.7335427602097455},"shunt_true":{"gs":0.3467085798816568}},"27":{"shunt_est":{"gs":1.7335427610613052},"shunt_true":{"gs":0.866771449704142}},"28":{"shunt_est":{"gs":1.7335427813624662},"shunt_true":{"gs":0.6934171597633136}},"16":{"shunt_est":{"gs":1.7335424262494892},"shunt_true":{"gs":0.866771449704142}},"14":{"shunt_est":{"gs":1.7335425150660315},"shunt_true":{"gs":0.1733542899408284}},"21":{"shunt_est":{"gs":1.7335425593056601},"shunt_true":{"gs":0.1733542899408284}},"7":{"shunt_est":{"gs":1.7335369083948131},"shunt_true":{"gs":0.3467085798816568}},"8":{"shunt_est":{"gs":1.7335427061650774},"shunt_true":{"gs":1.2134800295857988}},"26":{"shunt_est":{"gs":1.7335427647623975},"shunt_true":{"gs":0.866771449704142}},"17":{"shunt_est":{"gs":1.733542707952602},"shunt_true":{"gs":0.6934171597633136}},"10":{"shunt_est":{"gs":1.7335427632044498},"shunt_true":{"gs":0.3467085798816568}}}