linecode_id,linecode_name,A_p_est,dist_est,x_est,r_est,scenario_id
4,hydrogen,"[165.139745886014, 142.84131596524858, 299.99996754185946, 124.03944306910765]","[2999.998936463813, 2059.677238718324, 1374.339205038782, 2999.9997058284525, 1977.3857711745238, 1147.9629318456125]",[0.7548526338414824 0.360560714375268 0.3841894824145276 0.36056069826169135; 0.360560714375268 0.7594097673194912 0.409609817533084 0.3867513714841249; 0.3841894824145276 0.409609817533084 0.7360975863802247 0.4209185740688008; 0.36056069826169135 0.3867513714841249 0.4209185740688008 0.7638436560365581],[0.1949660087833094 0.049348 0.049348 0.049348; 0.049348 0.21769789795776923 0.049348 0.049348; 0.049348 0.049348 0.12950574522891478 0.049348; 0.049348 0.049348 0.049348 0.24321634035932657],1
1,pluto,"[256.70322976595327, 300.000001328694, 175.8554152046051, 249.93753114227064]","[103.08317843127509, 2117.616967354181, 2119.124809428467, 2999.999292861287, 2996.8922507643097, 887.4609408944301]",[0.7409941374467284 0.5723567673414225 0.38244639115512286 0.3605607069108771; 0.5723567673414225 0.7360975828420672 0.3824016677604941 0.3606258145370816; 0.38244639115512286 0.3824016677604941 0.7528775070095288 0.4370902602112213; 0.3605607069108771 0.3606258145370816 0.4370902602112213 0.7418332480769199],[0.23101813074545233 0.049348 0.049348 0.049348; 0.049348 0.20479903035937924 0.049348 0.049348; 0.049348 0.049348 0.31453920414973374 0.049348; 0.049348 0.049348 0.049348 0.23593586097960872],1
10,tw2x16_lv_oh_2w_bundled,"[15.27889322860438, 10.000003272944971]",[2.0000019279276375],[0.8296327579066662 0.8200648948944744; 0.8200648948944744 0.842949589641224],[2.4206662789532 0.049348; 0.049348 3.6724586936921915],1
7,abc2x16_lv_oh_2w_bundled,"[13.665249454887876, 10.000000265988389]",[9.754393083655224],[0.8331392947767994 0.7205032170526646; 0.7205032170526646 0.8429495990878771],[3.3225978911190013 0.049348; 0.049348 4.522325510056565],1
