{"32":{"length_est":14.03615483481389,"length_true":20.051664},"29":{"length_est":3.6764614881158306,"length_true":5.2521},"1":{"length_est":0.07995806560800522,"length_true":0.11424},"54":{"length_est":8.421799919687514,"length_true":6.4783},"2":{"length_est":9.797391604165378,"length_true":13.996288},"41":{"length_est":6.316839972552739,"length_true":4.8591},"53":{"length_est":24.89328008916689,"length_true":29.465251},"51":{"length_est":8.281326009035649,"length_true":11.830480000000001},"27":{"length_est":13.893291997377796,"length_true":10.68714},"42":{"length_est":5.476417287003249,"length_true":4.212621},"33":{"length_est":1.7639900023194333,"length_true":2.52},"28":{"length_est":8.60473389543242,"length_true":12.29249},"52":{"length_est":12.54331998729954,"length_true":9.6487},"50":{"length_est":2.854660452071876,"length_true":4.0781},"26":{"length_est":19.50000997556127,"length_true":15.0},"10":{"length_est":10.241279987119183,"length_true":7.8779},"24":{"length_est":7.824714018823956,"length_true":10.4189},"25":{"length_est":18.96440998208957,"length_true":14.588000000000001},"23":{"length_est":5.3821396726778605,"length_true":4.1401},"49":{"length_est":15.881836996242106,"length_true":12.21679},"5":{"length_est":16.938021997864894,"length_true":13.029240000000001},"31":{"length_est":3.072990080990605,"length_true":4.39},"43":{"length_est":8.339328001918796,"length_true":11.91334},"39":{"length_est":35.12732000821239,"length_true":50.1819},"34":{"length_est":8.69283500443338,"length_true":12.41835},"44":{"length_est":8.966626004433673,"length_true":12.809479999999999},"55":{"length_est":8.565414003051666,"length_true":12.23632},"17":{"length_est":12.203860048579966,"length_true":17.4341},"37":{"length_est":21.510942294609798,"length_true":16.546871},"47":{"length_est":5.792000007331976,"length_true":8.2743},"9":{"length_est":19.76403994476306,"length_true":15.2031},"12":{"length_est":13.14088822383115,"length_true":13.3844},"20":{"length_est":17.490554714575307,"length_true":13.610299999999999},"6":{"length_est":8.727310008403277,"length_true":12.467600000000001},"14":{"length_est":5.667406531592785,"length_true":8.0963},"7":{"length_est":10.759480002341382,"length_true":15.370700000000001},"57":{"length_est":15.45791999468594,"length_true":11.8907},"8":{"length_est":10.3681800121402,"length_true":14.8117},"19":{"length_est":7.549239956300997,"length_true":5.8071},"4":{"length_est":11.547736374149098,"length_true":11.83921},"22":{"length_est":9.308674002280398,"length_true":13.298119999999997},"11":{"length_est":16.161361696483585,"length_true":12.431809},"35":{"length_est":11.65638840794618,"length_true":11.80815},"13":{"length_est":11.251612848569094,"length_true":12.8793},"15":{"length_est":7.887481479816735,"length_true":6.1064},"16":{"length_est":27.839341789446067,"length_true":27.150599999999997},"40":{"length_est":25.668639992033306,"length_true":19.7451},"46":{"length_est":9.477919879147336,"length_true":7.2907},"21":{"length_est":7.446268036573743,"length_true":10.637540000000001},"38":{"length_est":6.9129310139076665,"length_true":9.87563},"45":{"length_est":3.4255100323500325,"length_true":4.8936},"56":{"length_est":3.49005002795096,"length_true":4.9858},"36":{"length_est":71.59542590305857,"length_true":59.543393},"48":{"length_est":8.362400014593325,"length_true":11.9463},"18":{"length_est":14.319470006401847,"length_true":20.456400000000002},"30":{"length_est":15.638458491963995,"length_true":17.905369999999998},"3":{"length_est":10.328462001858455,"length_true":14.754960000000002}}