linecode_id,linecode_name,A_p_est,dist_est,x_est,r_est,scenario_id
12,tw2x16_lv_oh_2w_bundled,"[148.92062081138246, 148.8725425975292]",[975.0834611587406],[0.7587064867360639 0.4311740896697425; 0.4311740896697425 0.7587039762918687],[0.29263948372979776 0.049348; 0.049348 0.29271805443047466],1
2,pluto,"[74.86729144799953, 147.49668820748013, 123.93609305635155, 292.70953881130083]","[1405.8160122336485, 1651.7583923738234, 1120.6650379137586, 2662.9844812031247, 1894.742204318223, 1011.0904623452068]",[0.7767729291910845 0.4081869939072293 0.39805706260427254 0.3680480554057267; 0.4081869939072293 0.7589946059677325 0.4224307339122326 0.3894338496021885; 0.39805706260427254 0.4224307339122326 0.7645242172826401 0.42889569927406423; 0.3680480554057267 0.3894338496021885 0.42889569927406423 0.7546645253278392],[0.6722543241422596 0.049348 0.049348 0.049348; 0.049348 0.3655266876784638 0.049348 0.049348; 0.049348 0.049348 0.4256331334449955 0.049348; 0.049348 0.049348 0.049348 0.2086708205126062],1
6,hydrogen,"[153.3784238415188, 148.66935312998854, 147.7678661687831, 134.43631155084736]","[1458.3110994931485, 1584.6972896825152, 94.35912876201334, 2493.430818676452, 1518.7785482692698, 1347.2218160940047]",[0.7577512914970322 0.4058835062389362 0.40066126102043653 0.37218163937504023; 0.4058835062389362 0.7585746610287832 0.577912887912534 0.4033308029174845; 0.40066126102043653 0.577912887912534 0.7601409697271115 0.4108619637519351; 0.37218163937504023 0.4033308029174845 0.4108619637519351 0.7618897254970034],[0.20613224881814163 0.049348 0.049348 0.049348; 0.049348 0.21109835715583816 0.049348 0.049348; 0.049348 0.049348 0.21208514705628756 0.049348; 0.049348 0.049348 0.049348 0.2282231914530751],1
9,abc2x16_lv_oh_2w_bundled,"[149.23617208863678, 149.0111872925374]",[998.9836326331954],[0.7586440603499238 0.42965259229136443; 0.42965259229136443 0.7586735938078603],[0.3490727628661977 0.049348; 0.049348 0.34952530281225563],1
