{"24":{"Xc_est":0.19674717899776162,"Zc_est":0.22982594066766912,"Rc_est":0.11878767006807446},"4":{"Xc_est":0.05337577542165474,"Zc_est":0.08174408093227724,"Rc_est":0.06191220691915099},"1":{"Xc_est":0.22350638950714885,"Zc_est":0.2409322542560225,"Rc_est":0.0899624643413426},"12":{"Xc_est":0.11128076158938031,"Zc_est":0.13278360579283052,"Rc_est":0.07244361992220788},"29":{"Xc_est":0.21805107547129152,"Zc_est":0.2354947860698254,"Rc_est":0.08894674109761393},"20":{"Xc_est":0.0683366368378349,"Zc_est":0.08789135202313672,"Rc_est":0.055271998572050965},"2":{"Xc_est":0.24412214594374002,"Zc_est":0.27336512692348963,"Rc_est":0.12301573264310098},"6":{"Xc_est":0.08582980979563376,"Zc_est":0.1036548546110196,"Rc_est":0.058116887690902216},"25":{"Xc_est":0.18514199139758428,"Zc_est":0.20170083979385778,"Rc_est":0.08003544086768252},"23":{"Xc_est":0.2178032424720598,"Zc_est":0.23596890570047643,"Rc_est":0.09079136537214028},"22":{"Xc_est":0.19457877287012065,"Zc_est":0.21120285140034223,"Rc_est":0.08213248801779377},"11":{"Xc_est":0.23438858209224456,"Zc_est":0.25181396027846253,"Rc_est":0.09204489760932014},"13":{"Xc_est":0.24914833074198503,"Zc_est":0.26992189691052937,"Rc_est":0.10384093470429122},"5":{"Xc_est":0.09190993826727,"Zc_est":0.1392629398531463,"Rc_est":0.10462662024670236},"15":{"Xc_est":0.15232877791570945,"Zc_est":0.15724219169654494,"Rc_est":0.039000644459283716},"27":{"Xc_est":0.10869923087372603,"Zc_est":0.12498278387518742,"Rc_est":0.0616860881613692},"28":{"Xc_est":0.1538144181503937,"Zc_est":0.1607745734447241,"Rc_est":0.04679303618476595},"16":{"Xc_est":0.23264336271201813,"Zc_est":0.2592125717894467,"Rc_est":0.11431632936612082},"14":{"Xc_est":0.07497035639581785,"Zc_est":0.09018442722204426,"Rc_est":0.05012660546308966},"21":{"Xc_est":0.07308148692110494,"Zc_est":0.12828359056456584,"Rc_est":0.10543137994704202},"7":{"Xc_est":0.03014519540093477,"Zc_est":0.07185721520359584,"Rc_est":0.06522826512375862},"8":{"Xc_est":0.19844270831428884,"Zc_est":0.22931772568533587,"Rc_est":0.11492219468138012},"26":{"Xc_est":0.10976407829779172,"Zc_est":0.14727780438189378,"Rc_est":0.09819673507295247},"17":{"Xc_est":0.19010614778535564,"Zc_est":0.21234579317230035,"Rc_est":0.09460649265344251},"10":{"Xc_est":0.20076754402792105,"Zc_est":0.2183166810021671,"Rc_est":0.08575876904899449},"19":{"Xc_est":0.06542139299929292,"Zc_est":0.1132764496314606,"Rc_est":0.09247483646452637},"9":{"Xc_est":0.10436938943727657,"Zc_est":0.12961216585653415,"Rc_est":0.07685274286915086},"18":{"Xc_est":0.09607753953232397,"Zc_est":0.12326242361779131,"Rc_est":0.07721872488941114},"30":{"Xc_est":0.2635128098485144,"Zc_est":0.30517803816567957,"Rc_est":0.1539306143182495},"3":{"Xc_est":0.04022952585150563,"Zc_est":0.060628880346768776,"Rc_est":0.045359082683249285}}