{"32":{"length_est":14.03615489443869,"length_true":20.051664},"29":{"length_est":6.827739528699167,"length_true":5.2521},"1":{"length_est":0.07995801009767046,"length_true":0.11424},"54":{"length_est":8.421799834047743,"length_true":6.4783},"2":{"length_est":9.797391610073795,"length_true":13.996288},"41":{"length_est":6.316839919689428,"length_true":4.8591},"53":{"length_est":38.30483611439959,"length_true":29.465251},"51":{"length_est":8.281326023562153,"length_true":11.830480000000001},"27":{"length_est":13.893291992611763,"length_true":10.68714},"42":{"length_est":5.476417270385544,"length_true":4.212621},"33":{"length_est":1.7639900063535587,"length_true":2.52},"28":{"length_est":9.21109431587933,"length_true":12.29249},"52":{"length_est":12.543319975850007,"length_true":9.6487},"50":{"length_est":5.301539922523461,"length_true":4.0781},"26":{"length_est":19.50000995291816,"length_true":15.0},"10":{"length_est":10.241279966670264,"length_true":7.8779},"24":{"length_est":13.544579951033281,"length_true":10.4189},"25":{"length_est":18.96440998807612,"length_true":14.588000000000001},"23":{"length_est":5.3821396137693585,"length_true":4.1401},"49":{"length_est":15.881836984412951,"length_true":12.21679},"5":{"length_est":16.938021993843858,"length_true":13.029240000000001},"31":{"length_est":5.707009917452677,"length_true":4.39},"43":{"length_est":8.339328005866447,"length_true":11.91334},"39":{"length_est":35.12732013829564,"length_true":50.1819},"34":{"length_est":8.692835017475945,"length_true":12.41835},"44":{"length_est":8.966626012182498,"length_true":12.809479999999999},"55":{"length_est":8.56541402951086,"length_true":12.23632},"17":{"length_est":12.203860227647928,"length_true":17.4341},"37":{"length_est":21.510942236565082,"length_true":16.546871},"47":{"length_est":5.792000249567036,"length_true":8.2743},"9":{"length_est":19.764039883153433,"length_true":15.2031},"12":{"length_est":11.395478476517537,"length_true":13.3844},"20":{"length_est":15.404468454450171,"length_true":13.610299999999999},"6":{"length_est":8.72731002869327,"length_true":12.467600000000001},"14":{"length_est":10.525199957773552,"length_true":8.0963},"7":{"length_est":10.759480009024173,"length_true":15.370700000000001},"57":{"length_est":15.45791997328939,"length_true":11.8907},"8":{"length_est":19.255219926432645,"length_true":14.8117},"19":{"length_est":7.5492398178673055,"length_true":5.8071},"4":{"length_est":10.316343113772557,"length_true":11.83921},"22":{"length_est":10.907950702176077,"length_true":13.298119999999997},"11":{"length_est":16.161361689462552,"length_true":12.431809},"35":{"length_est":12.484488415256841,"length_true":11.80815},"13":{"length_est":9.015500114278241,"length_true":12.8793},"15":{"length_est":7.938329896930786,"length_true":6.1064},"16":{"length_est":29.562242746397295,"length_true":27.150599999999997},"40":{"length_est":25.668639948743024,"length_true":19.7451},"46":{"length_est":9.477919919420065,"length_true":7.2907},"21":{"length_est":7.44626831017606,"length_true":10.637540000000001},"38":{"length_est":9.996708280047063,"length_true":9.87563},"45":{"length_est":6.361689857160741,"length_true":4.8936},"56":{"length_est":3.490050606276236,"length_true":4.9858},"36":{"length_est":77.40642082800956,"length_true":59.543393},"48":{"length_est":8.362400109055327,"length_true":11.9463},"18":{"length_est":16.305846873961052,"length_true":20.456400000000002},"30":{"length_est":14.21447777616618,"length_true":17.905369999999998},"3":{"length_est":10.328462005362438,"length_true":14.754960000000002}}