{"24":{"shunt_est":{"gs":1.7335422687902429},"shunt_true":{"gs":0.1733542899408284}},"4":{"shunt_est":{"gs":5.370426829610736e-5},"shunt_true":{"gs":1.0401257396449703}},"1":{"shunt_est":{"gs":1.7335421374568498},"shunt_true":{"gs":1.3868343195266273}},"12":{"shunt_est":{"gs":1.7335364731528369},"shunt_true":{"gs":1.0401257396449703}},"29":{"shunt_est":{"gs":1.733542222808686},"shunt_true":{"gs":0.3467085798816568}},"20":{"shunt_est":{"gs":6.806735832310895e-5},"shunt_true":{"gs":0.5200628698224852}},"2":{"shunt_est":{"gs":7.54517758940012e-7},"shunt_true":{"gs":0.3467085798816568}},"6":{"shunt_est":{"gs":3.741037481415957e-5},"shunt_true":{"gs":1.0401257396449703}},"25":{"shunt_est":{"gs":1.7335424638126629},"shunt_true":{"gs":0.866771449704142}},"23":{"shunt_est":{"gs":1.7335315749288431},"shunt_true":{"gs":1.2134800295857988}},"22":{"shunt_est":{"gs":2.1482793230381913e-6},"shunt_true":{"gs":1.2134800295857988}},"11":{"shunt_est":{"gs":1.7335416457864214},"shunt_true":{"gs":0.6934171597633136}},"13":{"shunt_est":{"gs":1.7335425534174507},"shunt_true":{"gs":0.5200628698224852}},"5":{"shunt_est":{"gs":4.238743207245764e-7},"shunt_true":{"gs":1.3868343195266273}},"15":{"shunt_est":{"gs":1.7335407032409147},"shunt_true":{"gs":0.3467085798816568}},"27":{"shunt_est":{"gs":3.212555528283324e-6},"shunt_true":{"gs":0.866771449704142}},"28":{"shunt_est":{"gs":1.7335415641857022},"shunt_true":{"gs":0.6934171597633136}},"16":{"shunt_est":{"gs":1.733537193423281},"shunt_true":{"gs":0.866771449704142}},"14":{"shunt_est":{"gs":1.0394180341397224e-5},"shunt_true":{"gs":0.1733542899408284}},"21":{"shunt_est":{"gs":1.733534577543456},"shunt_true":{"gs":0.1733542899408284}},"7":{"shunt_est":{"gs":1.733535519882905},"shunt_true":{"gs":0.3467085798816568}},"8":{"shunt_est":{"gs":1.7335424232922056},"shunt_true":{"gs":1.2134800295857988}},"26":{"shunt_est":{"gs":6.464748037121903e-7},"shunt_true":{"gs":0.866771449704142}},"17":{"shunt_est":{"gs":1.7335423016483824},"shunt_true":{"gs":0.6934171597633136}},"10":{"shunt_est":{"gs":1.7335421185742208},"shunt_true":{"gs":0.3467085798816568}}}