{"32":{"Xc_est":0.20359987297268062,"Zc_est":0.2185209684133671,"Rc_est":0.0793631234379299},"29":{"Xc_est":0.10917098767132419,"Zc_est":0.13949784264141976,"Rc_est":0.0868409094406426},"1":{"Xc_est":0.15174361740583034,"Zc_est":0.1821056727238537,"Rc_est":0.10067944484749755},"54":{"Xc_est":0.10067722185337127,"Zc_est":0.11958596109226821,"Rc_est":0.06453602939636546},"2":{"Xc_est":0.17763949187699463,"Zc_est":0.20794334048335766,"Rc_est":0.10809553079133646},"41":{"Xc_est":0.09121922514400414,"Zc_est":0.0967920476495681,"Rc_est":0.03236901994691445},"51":{"Xc_est":0.1147767879407992,"Zc_est":0.13985589935798576,"Rc_est":0.07991221142743989},"53":{"Xc_est":0.11647024312728899,"Zc_est":0.13147160940614852,"Rc_est":0.06098742940732192},"27":{"Xc_est":0.15704068305303584,"Zc_est":0.1683496405453588,"Rc_est":0.06066156392632375},"42":{"Xc_est":0.18218091731876498,"Zc_est":0.19385114606705003,"Rc_est":0.06624485033874017},"33":{"Xc_est":0.09450641505607442,"Zc_est":0.11591711874185733,"Rc_est":0.06712165023792874},"28":{"Xc_est":0.1328429140058577,"Zc_est":0.14825146892852317,"Rc_est":0.06581229549177846},"50":{"Xc_est":0.17531901179168868,"Zc_est":0.18805244100675442,"Rc_est":0.06802179557307039},"52":{"Xc_est":0.04879772690695658,"Zc_est":0.05338752173029113,"Rc_est":0.021656623125879848},"26":{"Xc_est":0.17166625460913482,"Zc_est":0.18064377280972022,"Rc_est":0.05623939618631686},"10":{"Xc_est":0.15220144688417428,"Zc_est":0.16662977162286866,"Rc_est":0.0678247768699112},"24":{"Xc_est":0.10857959619348112,"Zc_est":0.1160815547407817,"Rc_est":0.04105360692433345},"25":{"Xc_est":0.09483796696749507,"Zc_est":0.1107901201359972,"Rc_est":0.05727312407422007},"23":{"Xc_est":0.08664210210788614,"Zc_est":0.09309590549324091,"Rc_est":0.034058681153753954},"49":{"Xc_est":0.1483183739284826,"Zc_est":0.15878903225072724,"Rc_est":0.05670640808879811},"5":{"Xc_est":0.0897757541768732,"Zc_est":0.09811387663830433,"Rc_est":0.039580888708694195},"31":{"Xc_est":0.14195501524512216,"Zc_est":0.1490997743280877,"Rc_est":0.04560171434764062},"43":{"Xc_est":0.13732359045060494,"Zc_est":0.15121207783053559,"Rc_est":0.06330342792916097},"39":{"Xc_est":0.0679943304441496,"Zc_est":0.08323868201285356,"Rc_est":0.04801509357159206},"34":{"Xc_est":0.11318524680696548,"Zc_est":0.12267980819574491,"Rc_est":0.04732267156650255},"44":{"Xc_est":0.22504822637386693,"Zc_est":0.24238883874335954,"Rc_est":0.09003135538983681},"55":{"Xc_est":0.09620052162240889,"Zc_est":0.10906366991854963,"Rc_est":0.05138427517907386},"17":{"Xc_est":0.13925985757054415,"Zc_est":0.17007242689582303,"Rc_est":0.09762849204851431},"37":{"Xc_est":0.18019059956403502,"Zc_est":0.20065436252813768,"Rc_est":0.08828092110035375},"47":{"Xc_est":0.20623696516299475,"Zc_est":0.22329745176059443,"Rc_est":0.08560412468527835},"9":{"Xc_est":0.023054400253941076,"Zc_est":0.0349231125406937,"Rc_est":0.026232011330834682},"12":{"Xc_est":0.15827172534837422,"Zc_est":0.17098120784411266,"Rc_est":0.0646887501122139},"20":{"Xc_est":0.16017475890630695,"Zc_est":0.1713086217134773,"Rc_est":0.060751053346240064},"6":{"Xc_est":0.11101945574836058,"Zc_est":0.1213662950174841,"Rc_est":0.049035273136883745},"14":{"Xc_est":0.11478984283586825,"Zc_est":0.1265201995653717,"Rc_est":0.053203880307531565},"7":{"Xc_est":0.14457566988876722,"Zc_est":0.15686179291412036,"Rc_est":0.06085636985925625},"8":{"Xc_est":0.10228035872730272,"Zc_est":0.10979900974815612,"Rc_est":0.03993182640814159},"19":{"Xc_est":0.09055198430838855,"Zc_est":0.09999811476863109,"Rc_est":0.042425948369997205},"4":{"Xc_est":0.1905479969977337,"Zc_est":0.20134256030140774,"Rc_est":0.06504065981274856},"22":{"Xc_est":0.07786981486842116,"Zc_est":0.09793364517460464,"Rc_est":0.05939099923004476},"11":{"Xc_est":0.035722190598334876,"Zc_est":0.045440566542805816,"Rc_est":0.028085052725380436},"35":{"Xc_est":0.14849622260901588,"Zc_est":0.1642616408241847,"Rc_est":0.07021935998787705},"13":{"Xc_est":0.176470542179892,"Zc_est":0.20176822095198754,"Rc_est":0.09781903050462634},"15":{"Xc_est":0.021133926124086468,"Zc_est":0.027538302847900653,"Rc_est":0.017655460637557685},"16":{"Xc_est":0.16321500673099085,"Zc_est":0.17834775544546408,"Rc_est":0.07189425185811225},"40":{"Xc_est":0.15546975996189916,"Zc_est":0.17076793941325794,"Rc_est":0.07064589774954796},"21":{"Xc_est":0.1930219787530169,"Zc_est":0.20722525849400786,"Rc_est":0.07539776837664541},"38":{"Xc_est":0.05082546131052578,"Zc_est":0.058560923275421985,"Rc_est":0.02908873007613271},"46":{"Xc_est":0.1302830568144439,"Zc_est":0.14781697096588045,"Rc_est":0.06982966427394825},"45":{"Xc_est":0.182710287901483,"Zc_est":0.1944058113750015,"Rc_est":0.06641212382788148},"36":{"Xc_est":0.17525068937139496,"Zc_est":0.1878982806047085,"Rc_est":0.06777137839129886},"48":{"Xc_est":0.10839356663485614,"Zc_est":0.12328202614657377,"Rc_est":0.05873067923138213},"18":{"Xc_est":0.09126130146135548,"Zc_est":0.10366431562546748,"Rc_est":0.04916975889381741},"30":{"Xc_est":0.22701518872143303,"Zc_est":0.2466608718081573,"Rc_est":0.09646600318730092},"3":{"Xc_est":0.03323891489225212,"Zc_est":0.03952208818420242,"Rc_est":0.021381533883832862}}