{"32":{"Xc_est":0.2113490725764494,"Zc_est":0.22594150439560778,"Rc_est":0.07988199377597671},"29":{"Xc_est":0.11493902168674956,"Zc_est":0.15515709694416396,"Rc_est":0.10422449820379856},"1":{"Xc_est":0.15981916063382545,"Zc_est":0.19178273511862623,"Rc_est":0.10601157193382549},"54":{"Xc_est":0.10583745923187243,"Zc_est":0.12619713061445179,"Rc_est":0.06873243774712742},"2":{"Xc_est":0.18416309140190862,"Zc_est":0.21325387627185213,"Rc_est":0.10752288830878137},"41":{"Xc_est":0.08768605834202779,"Zc_est":0.09244207478021546,"Rc_est":0.02926930750990611},"51":{"Xc_est":0.11389283163000963,"Zc_est":0.1385613038897534,"Rc_est":0.07891551076263065},"53":{"Xc_est":0.11547373664515606,"Zc_est":0.12756066170181216,"Rc_est":0.054199064189424016},"27":{"Xc_est":0.16272168350537372,"Zc_est":0.17183040636432517,"Rc_est":0.05520273787146887},"42":{"Xc_est":0.18272853709418566,"Zc_est":0.19386662383382391,"Rc_est":0.06476534233789087},"33":{"Xc_est":0.09758668851884882,"Zc_est":0.126695343242601,"Rc_est":0.0807994320727916},"28":{"Xc_est":0.13418468599430397,"Zc_est":0.14926198245423736,"Rc_est":0.06537284949257685},"50":{"Xc_est":0.1832894906025751,"Zc_est":0.19715947479576856,"Rc_est":0.07264173136972871},"52":{"Xc_est":0.04781898498810191,"Zc_est":0.05237317202764617,"Rc_est":0.021361035156216193},"26":{"Xc_est":0.17201256151280242,"Zc_est":0.17996243465229342,"Rc_est":0.05289760455621163},"10":{"Xc_est":0.15272711915802506,"Zc_est":0.16474105573004752,"Rc_est":0.06175793484841477},"24":{"Xc_est":0.11284869009344577,"Zc_est":0.121857832147382,"Rc_est":0.04598374060309752},"25":{"Xc_est":0.09868103458432388,"Zc_est":0.11717003886320074,"Rc_est":0.06317334422500873},"23":{"Xc_est":0.08507040132618653,"Zc_est":0.09043737251128509,"Rc_est":0.030691125182151703},"49":{"Xc_est":0.1519122624116624,"Zc_est":0.16582055465481216,"Rc_est":0.06647646858099318},"5":{"Xc_est":0.08978252597735974,"Zc_est":0.10309425022710877,"Rc_est":0.0506707258583735},"31":{"Xc_est":0.1429978941927631,"Zc_est":0.14960150303304223,"Rc_est":0.04395693308433464},"43":{"Xc_est":0.1385726634558172,"Zc_est":0.15016046344044232,"Rc_est":0.057842732675844714},"39":{"Xc_est":0.06456557732587449,"Zc_est":0.07961902860125523,"Rc_est":0.046588367002761755},"34":{"Xc_est":0.11380625453904027,"Zc_est":0.12272204145691275,"Rc_est":0.045922063184785034},"44":{"Xc_est":0.23257636521042704,"Zc_est":0.2475388015932767,"Rc_est":0.08475666722884799},"55":{"Xc_est":0.09352367470679597,"Zc_est":0.10727142058388976,"Rc_est":0.05254026973116126},"17":{"Xc_est":0.14061681804071102,"Zc_est":0.1709832633602178,"Rc_est":0.09727377258755396},"37":{"Xc_est":0.18069229513972,"Zc_est":0.20035047686266078,"Rc_est":0.08654829897944787},"47":{"Xc_est":0.21391654815850883,"Zc_est":0.22867435299675093,"Rc_est":0.08081874870616977},"9":{"Xc_est":0.018316513553564333,"Zc_est":0.02415038194372605,"Rc_est":0.01573995804536795},"12":{"Xc_est":0.16480238094644184,"Zc_est":0.17565482687074302,"Rc_est":0.06078481255523102},"20":{"Xc_est":0.16672887179732368,"Zc_est":0.17731461623476882,"Rc_est":0.06034862417383637},"6":{"Xc_est":0.113449081712619,"Zc_est":0.12302815642495872,"Rc_est":0.04759446534931985},"14":{"Xc_est":0.11548312839959388,"Zc_est":0.12667852620279066,"Rc_est":0.05206818660135991},"7":{"Xc_est":0.14589259188075757,"Zc_est":0.15785401015469794,"Rc_est":0.060276364822658225},"8":{"Xc_est":0.10136942007750506,"Zc_est":0.10853627012062628,"Rc_est":0.03878611355688873},"19":{"Xc_est":0.08708580969107525,"Zc_est":0.09616386503137796,"Rc_est":0.04078664840634617},"4":{"Xc_est":0.19826659381092818,"Zc_est":0.208199346033717,"Rc_est":0.0635399517428197},"22":{"Xc_est":0.07439562427242274,"Zc_est":0.0941554363540219,"Rc_est":0.05771080734258335},"11":{"Xc_est":0.03586932930010654,"Zc_est":0.04458415448600162,"Rc_est":0.02647901143910355},"35":{"Xc_est":0.14955216551332925,"Zc_est":0.16494189429020797,"Rc_est":0.06956995243864916},"13":{"Xc_est":0.18287233112778778,"Zc_est":0.20292904061984574,"Rc_est":0.08796536838312986},"15":{"Xc_est":0.019052933943716096,"Zc_est":0.02402466178840407,"Rc_est":0.01463455097307716},"16":{"Xc_est":0.16757299111757898,"Zc_est":0.179180523005532,"Rc_est":0.06344251313152545},"40":{"Xc_est":0.15604191960814018,"Zc_est":0.16881182479378964,"Rc_est":0.06440769763945806},"21":{"Xc_est":0.20212556440700372,"Zc_est":0.217704887240983,"Rc_est":0.08087443441384495},"38":{"Xc_est":0.049846719395624586,"Zc_est":0.05756509766012057,"Rc_est":0.028793142136854098},"46":{"Xc_est":0.1333939394376194,"Zc_est":0.15348613099359595,"Rc_est":0.07592133645225188},"45":{"Xc_est":0.1846744846938333,"Zc_est":0.19614203187255005,"Rc_est":0.06608351814302543},"36":{"Xc_est":0.18297938129495556,"Zc_est":0.19645466343474077,"Rc_est":0.07150511035004802},"48":{"Xc_est":0.10740929321024598,"Zc_est":0.11933351777419375,"Rc_est":0.05199742490200092},"18":{"Xc_est":0.08965261585105891,"Zc_est":0.0994245285532011,"Rc_est":0.04298424535907033},"30":{"Xc_est":0.23452757856646508,"Zc_est":0.25120037932525535,"Rc_est":0.0899913632794988},"3":{"Xc_est":0.032606177222478314,"Zc_est":0.038928803367200934,"Rc_est":0.021267085802679483}}