{"32":{"shunt_est":{"gs":11.53706534074493},"shunt_true":{"gs":0.14138562091503268}},"29":{"shunt_est":{"gs":0.5768533845394402},"shunt_true":{"gs":0.028277124183006534}},"1":{"shunt_est":{"gs":0.5768533596513631},"shunt_true":{"gs":0.22621699346405227}},"54":{"shunt_est":{"gs":0.576853796388585},"shunt_true":{"gs":0.08483137254901961}},"24":{"shunt_est":{"gs":0.576853379465717},"shunt_true":{"gs":0.14138562091503268}},"2":{"shunt_est":{"gs":0.5768534382941992},"shunt_true":{"gs":0.22621699346405227}},"25":{"shunt_est":{"gs":0.5768533864821781},"shunt_true":{"gs":0.11310849673202614}},"23":{"shunt_est":{"gs":0.5768534569758198},"shunt_true":{"gs":0.14138562091503268}},"41":{"shunt_est":{"gs":0.5768534321418811},"shunt_true":{"gs":0.14138562091503268}},"51":{"shunt_est":{"gs":0.5768534760132547},"shunt_true":{"gs":0.22621699346405227}},"53":{"shunt_est":{"gs":0.5768533696431754},"shunt_true":{"gs":0.19793986928104573}},"49":{"shunt_est":{"gs":0.5768533657715504},"shunt_true":{"gs":0.14138562091503268}},"27":{"shunt_est":{"gs":0.57685335709849},"shunt_true":{"gs":0.22621699346405227}},"5":{"shunt_est":{"gs":0.5768534557021098},"shunt_true":{"gs":0.028277124183006534}},"31":{"shunt_est":{"gs":0.5768533747833163},"shunt_true":{"gs":0.05655424836601307}},"42":{"shunt_est":{"gs":0.5768533657830316},"shunt_true":{"gs":0.05655424836601307}},"33":{"shunt_est":{"gs":0.5768533849754237},"shunt_true":{"gs":0.11310849673202614}},"28":{"shunt_est":{"gs":0.57685335538975},"shunt_true":{"gs":0.16966274509803922}},"43":{"shunt_est":{"gs":0.5768533692647596},"shunt_true":{"gs":0.22621699346405227}},"50":{"shunt_est":{"gs":0.5768533665435717},"shunt_true":{"gs":0.05655424836601307}},"52":{"shunt_est":{"gs":0.5768536467536465},"shunt_true":{"gs":0.16966274509803922}},"39":{"shunt_est":{"gs":0.576853573303202},"shunt_true":{"gs":0.14138562091503268}},"34":{"shunt_est":{"gs":10.564666810792861},"shunt_true":{"gs":0.22621699346405227}},"26":{"shunt_est":{"gs":0.5768533607414001},"shunt_true":{"gs":0.08483137254901961}},"10":{"shunt_est":{"gs":0.5768534037732389},"shunt_true":{"gs":0.05655424836601307}}}