linecode_id,linecode_name,A_p_est,dist_est,x_est,r_est,scenario_id
4,hydrogen,"[147.50588460900434, 147.50588460900434, 147.50588460900434, 147.50588460900434]","[993.3379965321982, 1200.0000070163092, 693.423531868289]",[0.7584002538978333 0.43000868696179867 0.38023890183810555 0.3629782783889461; 0.43000868696179867 0.7584002538978333 0.41813307099830516 0.38947759340617644; 0.38023890183810555 0.41813307099830516 0.7584002538978333 0.4525923937088431; 0.3629782783889461 0.38947759340617644 0.4525923937088431 0.7584002538978333],[0.2123741804852437 0.049348 0.049348 0.049348; 0.049348 0.2123741804852437 0.049348 0.049348; 0.049348 0.049348 0.2123741804852437 0.049348; 0.049348 0.049348 0.049348 0.2123741804852437],1
1,pluto,"[245.45339367746845, 245.45339367746845, 245.45339367746845, 245.45339367746845]","[413.9872223476665, 1200.0000070490967, 785.6285125527904]",[0.7424020009674206 0.485001507513918 0.3995105398909628 0.3745913083979141; 0.485001507513918 0.7424020009674206 0.41813307099658836 0.3864900001753057; 0.3995105398909628 0.41813307099658836 0.7424020009674206 0.4447482532586714; 0.3745913083979141 0.3864900001753057 0.4447482532586714 0.7424020009674206],[0.23934459615886394 0.049348 0.049348 0.049348; 0.049348 0.23934459615886394 0.049348 0.049348; 0.049348 0.049348 0.23934459615886394 0.049348; 0.049348 0.049348 0.049348 0.23934459615886394],1
10,tw2x16_lv_oh_2w_bundled,"[11.999999883574427, 11.999999883574427]",[99.9999875379715],[0.8372217862000696 0.574264733815301; 0.574264733815301 0.8372217862000696],[3.068607928890242 0.049348; 0.049348 3.068607928890242],1
7,abc2x16_lv_oh_2w_bundled,"[15.990500581901774, 15.990500581901774]",[2.000000363192025],[0.8282026235537558 0.8200649440521803; 0.8200649440521803 0.8282026235537558],[2.8466197965409656 0.049348; 0.049348 2.8466197965409656],1
