{"32":{"shunt_est":{"gs":1.733542823528438},"shunt_true":{"gs":0.866771449704142}},"29":{"shunt_est":{"gs":2.820448615139156e-7},"shunt_true":{"gs":0.1733542899408284}},"1":{"shunt_est":{"gs":2.817876315651966e-7},"shunt_true":{"gs":1.3868343195266273}},"54":{"shunt_est":{"gs":1.7335427175084064},"shunt_true":{"gs":0.5200628698224852}},"24":{"shunt_est":{"gs":5.903843293517609e-7},"shunt_true":{"gs":0.866771449704142}},"2":{"shunt_est":{"gs":1.7335427886061598},"shunt_true":{"gs":1.3868343195266273}},"25":{"shunt_est":{"gs":3.474238776847583e-7},"shunt_true":{"gs":0.6934171597633136}},"23":{"shunt_est":{"gs":1.733542143184783},"shunt_true":{"gs":0.866771449704142}},"41":{"shunt_est":{"gs":1.07157648573985e-6},"shunt_true":{"gs":0.866771449704142}},"51":{"shunt_est":{"gs":1.7335427634415836},"shunt_true":{"gs":1.3868343195266273}},"53":{"shunt_est":{"gs":5.519023530519405e-7},"shunt_true":{"gs":1.2134800295857988}},"49":{"shunt_est":{"gs":1.733539622715428},"shunt_true":{"gs":0.866771449704142}},"27":{"shunt_est":{"gs":3.0965034365178624e-7},"shunt_true":{"gs":1.3868343195266273}},"5":{"shunt_est":{"gs":1.733541607288225},"shunt_true":{"gs":0.1733542899408284}},"31":{"shunt_est":{"gs":1.733542580276501},"shunt_true":{"gs":0.3467085798816568}},"42":{"shunt_est":{"gs":1.7335425300577874},"shunt_true":{"gs":0.3467085798816568}},"33":{"shunt_est":{"gs":9.190063688026361e-8},"shunt_true":{"gs":0.6934171597633136}},"28":{"shunt_est":{"gs":1.343043457420772e-7},"shunt_true":{"gs":1.0401257396449703}},"43":{"shunt_est":{"gs":1.7335426111031778},"shunt_true":{"gs":1.3868343195266273}},"50":{"shunt_est":{"gs":5.788826228823774e-7},"shunt_true":{"gs":0.3467085798816568}},"52":{"shunt_est":{"gs":1.7335418571883896},"shunt_true":{"gs":1.0401257396449703}},"39":{"shunt_est":{"gs":1.7335427723270014},"shunt_true":{"gs":0.866771449704142}},"34":{"shunt_est":{"gs":1.7335424226536884},"shunt_true":{"gs":1.3868343195266273}},"26":{"shunt_est":{"gs":1.7335423032240773},"shunt_true":{"gs":0.5200628698224852}},"10":{"shunt_est":{"gs":1.733542780240225},"shunt_true":{"gs":0.3467085798816568}}}