{"32":{"Xc_est":0.20093113976449217,"Zc_est":0.21611647912517626,"Rc_est":0.0795802087356201},"29":{"Xc_est":0.10545404288062468,"Zc_est":0.13915735982117405,"Rc_est":0.09079766314465962},"1":{"Xc_est":0.14521383190685158,"Zc_est":0.1766775644911999,"Rc_est":0.100637492106425},"54":{"Xc_est":0.09789941767795582,"Zc_est":0.11603777744389583,"Rc_est":0.0622934170874921},"2":{"Xc_est":0.1707123278004789,"Zc_est":0.20127458764507508,"Rc_est":0.10662439105869184},"41":{"Xc_est":0.08510210736688381,"Zc_est":0.09064330598455392,"Rc_est":0.031206413467824948},"51":{"Xc_est":0.10756533027078911,"Zc_est":0.13298565838948329,"Rc_est":0.0781977305362528},"53":{"Xc_est":0.10927949836693514,"Zc_est":0.12508594879596943,"Rc_est":0.060864487370378036},"27":{"Xc_est":0.15017211094815455,"Zc_est":0.16177669559918167,"Rc_est":0.06016673775738092},"42":{"Xc_est":0.17364626041716677,"Zc_est":0.18523573932931697,"Rc_est":0.06449228921361194},"33":{"Xc_est":0.08823991710481091,"Zc_est":0.10815431932435866,"Rc_est":0.06253857863632208},"28":{"Xc_est":0.12491895932846167,"Zc_est":0.14039467942231457,"Rc_est":0.06407745009274804},"50":{"Xc_est":0.1687923168178194,"Zc_est":0.18198503615428438,"Rc_est":0.06802725312217947},"52":{"Xc_est":0.04518497930320222,"Zc_est":0.04976062155057244,"Rc_est":0.02084315481083613},"26":{"Xc_est":0.16358297974533173,"Zc_est":0.17301884476765245,"Rc_est":0.05635715910486795},"10":{"Xc_est":0.14365574772102344,"Zc_est":0.15863721073177203,"Rc_est":0.06729629094883553},"24":{"Xc_est":0.10530543285676246,"Zc_est":0.11500557929767202,"Rc_est":0.04622822817762999},"25":{"Xc_est":0.09086458172519382,"Zc_est":0.11026540323613347,"Rc_est":0.06246668663161739},"23":{"Xc_est":0.08255830924801502,"Zc_est":0.0891547061251503,"Rc_est":0.033655418558844706},"49":{"Xc_est":0.14043119576659754,"Zc_est":0.1516656272256326,"Rc_est":0.057284742622343204},"5":{"Xc_est":0.0895477873054671,"Zc_est":0.10334942784626652,"Rc_est":0.051597461418615126},"31":{"Xc_est":0.1337845406853916,"Zc_est":0.14087757260411835,"Rc_est":0.04413827292075932},"43":{"Xc_est":0.12941735151531206,"Zc_est":0.14391713596278993,"Rc_est":0.06295467536644375},"39":{"Xc_est":0.06427323205827286,"Zc_est":0.07974046667715443,"Rc_est":0.04719633107216895},"34":{"Xc_est":0.11214176536523901,"Zc_est":0.12246324727479196,"Rc_est":0.049208448399177596},"44":{"Xc_est":0.2224002394802166,"Zc_est":0.24055337773698454,"Rc_est":0.09167366590147184},"55":{"Xc_est":0.09092049419861054,"Zc_est":0.10522619017498662,"Rc_est":0.05297183056514924},"17":{"Xc_est":0.13133492203228847,"Zc_est":0.162614024197749,"Rc_est":0.09588774228523067},"37":{"Xc_est":0.17164465120190114,"Zc_est":0.19219627962623867,"Rc_est":0.08647267554519766},"47":{"Xc_est":0.20358552930648285,"Zc_est":0.22152235902837292,"Rc_est":0.08732174875994274},"9":{"Xc_est":0.02182067584580347,"Zc_est":0.033910162406713074,"Rc_est":0.025956833783842462},"12":{"Xc_est":0.15135288313498443,"Zc_est":0.16441584020180658,"Rc_est":0.06422517634069788},"20":{"Xc_est":0.1532456242977883,"Zc_est":0.1643074049291147,"Rc_est":0.05926805166462938},"6":{"Xc_est":0.10668404728917168,"Zc_est":0.11823319137572187,"Rc_est":0.050966671432317937},"14":{"Xc_est":0.11321622960673132,"Zc_est":0.1250698850274913,"Rc_est":0.05314660379013683},"7":{"Xc_est":0.1366623288676327,"Zc_est":0.14892476814064126,"Rc_est":0.059177651476032496},"8":{"Xc_est":0.09506518728136377,"Zc_est":0.10245307963399311,"Rc_est":0.03820004834615483},"19":{"Xc_est":0.08685107322474593,"Zc_est":0.0963489283633878,"Rc_est":0.0417133920519904},"4":{"Xc_est":0.1878763285012215,"Zc_est":0.19905716506740403,"Rc_est":0.0657741602270439},"22":{"Xc_est":0.07415165071499623,"Zc_est":0.0945052576017446,"Rc_est":0.05858990024409757},"11":{"Xc_est":0.034452082326942614,"Zc_est":0.044565713463360315,"Rc_est":0.02826936221133939},"35":{"Xc_est":0.1403225020973167,"Zc_est":0.15613820461848374,"Rc_est":0.06847433348804532},"13":{"Xc_est":0.1703894005345213,"Zc_est":0.1984720678736061,"Rc_est":0.10177727600752429},"15":{"Xc_est":0.019907968775830846,"Zc_est":0.026875164640331514,"Rc_est":0.018054009351539328},"16":{"Xc_est":0.1562858721303865,"Zc_est":0.1714147542837963,"Rc_est":0.07041125022763578},"40":{"Xc_est":0.14693201759164196,"Zc_est":0.16287447447180872,"Rc_est":0.07027856459061535},"21":{"Xc_est":0.19065373971520877,"Zc_est":0.20550447866952673,"Rc_est":0.07670229648347823},"38":{"Xc_est":0.04721271369847975,"Zc_est":0.05503208847162395,"Rc_est":0.02827526174545565},"46":{"Xc_est":0.12299322697950536,"Zc_est":0.14172384473278177,"Rc_est":0.0704152986431891},"45":{"Xc_est":0.17433504087717372,"Zc_est":0.1863936139426769,"Rc_est":0.06595356579416947},"36":{"Xc_est":0.16855504238723268,"Zc_est":0.18144129629822628,"Rc_est":0.06715758846339655},"48":{"Xc_est":0.10119661638126749,"Zc_est":0.11692870754275365,"Rc_est":0.05857958245499365},"18":{"Xc_est":0.08718669807123793,"Zc_est":0.10028997269179549,"Rc_est":0.04956367926169204},"30":{"Xc_est":0.2243711149177119,"Zc_est":0.24501910366819132,"Rc_est":0.09844777271704425},"3":{"Xc_est":0.03215941355972394,"Zc_est":0.03852488792666283,"Rc_est":0.0212117681784564}}