linecode_id,linecode_name,A_p_est,dist_est,x_est,r_est,scenario_id
12,tw2x16_lv_oh_2w_bundled,"[18.330883365859485, 6.00000004057544]",[1999.998195914154],[0.8239114360633462 0.3860369324504008; 0.3860369324504008 0.8589976975072856],[2.025854973070529 0.049348; 0.049348 6.0878677583580405],1
2,pluto,"[117.05981810691405, 117.05981810691405, 117.05981810691405, 300.00000270402444]","[186.24985621212915, 118.86459824356153, 1200.0000076373688]",[0.7656630990453547 0.5351883177071142 0.504174575617881 0.4038986455648221; 0.5351883177071142 0.7656630990453547 0.5634064246231969 0.41219861016483916; 0.504174575617881 0.5634064246231969 0.7656630990453547 0.41813307096578645; 0.4038986455648221 0.41219861016483916 0.41813307096578645 0.7360975826980426],[0.44773670475407085 0.049348 0.049348 0.049348; 0.049348 0.44773670475407085 0.049348 0.049348; 0.049348 0.049348 0.44773670475407085 0.049348; 0.049348 0.049348 0.049348 0.2047990296467241],1
6,hydrogen,"[147.3924971364699, 147.3924971364699, 147.3924971364699, 102.92140841748842]","[89.12911630376328, 5.081328505844956, 130.42361838679278]",[0.7584244125994959 0.5814956915753368 0.5780119718936513 0.5234146309016876; 0.5814956915753368 0.7584244125994959 0.7614787924413413 0.5551739791506173; 0.5780119718936513 0.7614787924413413 0.7584244125994959 0.5575754428456522; 0.5234146309016876 0.5551739791506173 0.5575754428456522 0.7697069476564425],[0.21249959478326627 0.049348 0.049348 0.049348; 0.049348 0.21249959478326627 0.049348 0.049348; 0.049348 0.049348 0.21249959478326627 0.049348; 0.049348 0.049348 0.049348 0.2829954144364405],1
9,abc2x16_lv_oh_2w_bundled,"[233.09347402527885, 8.799676055408339]",[1999.9995698106338],[0.7440251883275181 0.3860368892880449; 0.3860368892880449 0.8469667696263395],[0.24124430459355894 0.049348; 0.049348 5.132464242993345],1
