linecode_id,linecode_name,A_p_est,dist_est,x_est,r_est,scenario_id
12,tw2x16_lv_oh_2w_bundled,"[299.99986067457365, 6.2757709659976895]",[194.43024689769658],[0.73609759757137 0.5324875227837508; 0.5324875227837508 0.8575859609694089],[0.17011845207186188 0.049348; 0.049348 5.8225221632167745],1
2,pluto,"[167.31681170803918, 167.31681170803918, 167.31681170803918, 275.4904002293218]","[597.9876638662323, 105.50855917040599, 1200.0000066096036]",[0.7544411775115797 0.4618959810327688 0.45168625962596276 0.3891442238175595; 0.4618959810327688 0.7544411775115797 0.5708955551907046 0.4128381487532145; 0.45168625962596276 0.5708955551907046 0.7544411775115797 0.41813307101960023; 0.3891442238175595 0.4128381487532145 0.41813307101960023 0.7387751589716641],[0.32807258743558465 0.049348 0.049348 0.049348; 0.049348 0.32807258743558465 0.049348 0.049348; 0.049348 0.049348 0.32807258743558465 0.049348; 0.049348 0.049348 0.049348 0.2186290685074354],1
6,hydrogen,"[116.78508386350998, 116.78508386350998, 116.78508386350998, 98.32913576257113]","[112.92670014045952, 11.081008423025127, 187.1796517819483]",[0.7657369176737633 0.5666263182271891 0.560744941898755 0.5029362694364299; 0.5666263182271891 0.7657369176737633 0.7124911987276714 0.531261723265615; 0.560744941898755 0.7124911987276714 0.7657369176737633 0.5348754284751719; 0.5029362694364299 0.531261723265615 0.5348754284751719 0.7711409401594843],[0.2552588935093788 0.049348 0.049348 0.049348; 0.049348 0.2552588935093788 0.049348 0.049348; 0.049348 0.049348 0.2552588935093788 0.049348; 0.049348 0.049348 0.049348 0.29390746633120574],1
9,abc2x16_lv_oh_2w_bundled,"[120.30805685413915, 8.12029813525661]",[1999.9998991698835],[0.7648032266715342 0.3860368789408934; 0.3860368789408934 0.8494909836276375],[0.421141689133853 0.049348; 0.049348 5.557738892215958],1
