{"32":{"Xc_est":0.21793377632173688,"Zc_est":0.2325318938152635,"Rc_est":0.08109223624651221},"29":{"Xc_est":0.1177232202840739,"Zc_est":0.1529623726944094,"Rc_est":0.09766642650497055},"1":{"Xc_est":0.16716274953646793,"Zc_est":0.19872071190972085,"Rc_est":0.10745481147586813},"54":{"Xc_est":0.10913608388949499,"Zc_est":0.12493060897589668,"Rc_est":0.0608027322770409},"2":{"Xc_est":0.1914746783521048,"Zc_est":0.22022881795430338,"Rc_est":0.10880339979756011},"41":{"Xc_est":0.09254624659972878,"Zc_est":0.0971893153379358,"Rc_est":0.029680890420587327},"51":{"Xc_est":0.12061288058960075,"Zc_est":0.14502060321029092,"Rc_est":0.08052023591219384},"53":{"Xc_est":0.12213489978113531,"Zc_est":0.13300761976652267,"Rc_est":0.052669660824880074},"27":{"Xc_est":0.17044267798624796,"Zc_est":0.17947945191461878,"Rc_est":0.05623315019139634},"42":{"Xc_est":0.19194692898515012,"Zc_est":0.203243715230209,"Rc_est":0.06681604772618652},"33":{"Xc_est":0.10248518389274995,"Zc_est":0.13125422506261797,"Rc_est":0.08200279677704655},"28":{"Xc_est":0.13919456091934557,"Zc_est":0.15424965117224487,"Rc_est":0.0664667518179565},"50":{"Xc_est":0.18966309668900963,"Zc_est":0.2023289272702106,"Rc_est":0.07046207891234516},"52":{"Xc_est":0.04975069227868037,"Zc_est":0.054323572333748564,"Rc_est":0.021815570789967105},"26":{"Xc_est":0.1812116661387871,"Zc_est":0.1891622832829145,"Rc_est":0.05426510363032918},"10":{"Xc_est":0.161920295554992,"Zc_est":0.17310944837443545,"Rc_est":0.06122662005929591},"24":{"Xc_est":0.11377954928131272,"Zc_est":0.12003504348031885,"Rc_est":0.03824429145197182},"25":{"Xc_est":0.10166939320843182,"Zc_est":0.11560329625718088,"Rc_est":0.055022328105550106},"23":{"Xc_est":0.08990944940848766,"Zc_est":0.09501599841466066,"Rc_est":0.030729966836906847},"49":{"Xc_est":0.15982974642338266,"Zc_est":0.17208649477754454,"Rc_est":0.06378255124294623},"5":{"Xc_est":0.09119297307186547,"Zc_est":0.09920928919390606,"Rc_est":0.03906820605907194},"31":{"Xc_est":0.14799033325464694,"Zc_est":0.1545233025419475,"Rc_est":0.04445573406939508},"43":{"Xc_est":0.14353266019004582,"Zc_est":0.15414680769365247,"Rc_est":0.05621044192063171},"39":{"Xc_est":0.06946301679487456,"Zc_est":0.08431284896054654,"Rc_est":0.04778646040039908},"34":{"Xc_est":0.12033219588945196,"Zc_est":0.1314951909110537,"Rc_est":0.053020259006883536},"44":{"Xc_est":0.23417831201006628,"Zc_est":0.24801389354281272,"Rc_est":0.08167869718832255},"55":{"Xc_est":0.0983940127346383,"Zc_est":0.11204641029809184,"Rc_est":0.05360052535809865},"17":{"Xc_est":0.14563081431685465,"Zc_est":0.17575168932579102,"Rc_est":0.0983886285211821},"37":{"Xc_est":0.18990134773046807,"Zc_est":0.20953258262951163,"Rc_est":0.0885515743143224},"47":{"Xc_est":0.22045537678133445,"Zc_est":0.23421555466679933,"Rc_est":0.07909711054189231},"9":{"Xc_est":0.019993069911605238,"Zc_est":0.029635874677775176,"Rc_est":0.021876065080961456},"12":{"Xc_est":0.17209738000371017,"Zc_est":0.1822997541145794,"Rc_est":0.06013062569186099},"20":{"Xc_est":0.17404873845492008,"Zc_est":0.18465184559489156,"Rc_est":0.06167123092537151},"6":{"Xc_est":0.1161870002545931,"Zc_est":0.12420920894179709,"Rc_est":0.043914787461471205},"14":{"Xc_est":0.1203321959313895,"Zc_est":0.13149519101140875,"Rc_est":0.05302025916059411},"7":{"Xc_est":0.15089375105502087,"Zc_est":0.1628796880753274,"Rc_est":0.06132592176283487},"8":{"Xc_est":0.10964149212714203,"Zc_est":0.11698680797794327,"Rc_est":0.04080020153138981},"19":{"Xc_est":0.09196920315638595,"Zc_est":0.10106956098954599,"Rc_est":0.041913265553986216},"4":{"Xc_est":0.19993604705123214,"Zc_est":0.2094155435045353,"Rc_est":0.062293233587825625},"22":{"Xc_est":0.07928073443780936,"Zc_est":0.09873354068321542,"Rc_est":0.05884621655506581},"11":{"Xc_est":0.03704295495952798,"Zc_est":0.04439366886552991,"Rc_est":0.02446665737710611},"35":{"Xc_est":0.1545532133155921,"Zc_est":0.1699227183578923,"Rc_est":0.07061893845110298},"13":{"Xc_est":0.19010364882164293,"Zc_est":0.20788188163841084,"Rc_est":0.08411586900355786},"15":{"Xc_est":0.019026127526806196,"Zc_est":0.023206168535668422,"Rc_est":0.013286561987194228},"16":{"Xc_est":0.1752440312755312,"Zc_est":0.18727885703612143,"Rc_est":0.06605225049199041},"40":{"Xc_est":0.16524320228786976,"Zc_est":0.1770896683437008,"Rc_est":0.06368229527688286},"21":{"Xc_est":0.20290908123468002,"Zc_est":0.2171776481436279,"Rc_est":0.07742115735182128},"38":{"Xc_est":0.05177842668638987,"Zc_est":0.05946790836322103,"Rc_est":0.029247677770698356},"46":{"Xc_est":0.13841047070288362,"Zc_est":0.15841091894223863,"Rc_est":0.07704908072086711},"45":{"Xc_est":0.19372697760747631,"Zc_est":0.20459853035181433,"Rc_est":0.06580590223676491},"36":{"Xc_est":0.1901976532619858,"Zc_est":0.20351903905844118,"Rc_est":0.07242135011793645},"48":{"Xc_est":0.11563303998488808,"Zc_est":0.1263493420998009,"Rc_est":0.05092304304443907},"18":{"Xc_est":0.09446729210949584,"Zc_est":0.10316712441157914,"Rc_est":0.04146548300518679},"30":{"Xc_est":0.23611914727894834,"Zc_est":0.251378870458899,"Rc_est":0.08625012928369577},"3":{"Xc_est":0.0338163371343567,"Zc_est":0.04012053201119421,"Rc_est":0.021589637136292673}}