{"32":{"shunt_est":{"gs":1.7335428766697676},"shunt_true":{"gs":0.866771449704142}},"29":{"shunt_est":{"gs":1.0978404743585507e-7},"shunt_true":{"gs":0.1733542899408284}},"1":{"shunt_est":{"gs":1.7335417818562493},"shunt_true":{"gs":1.3868343195266273}},"54":{"shunt_est":{"gs":1.733542856422362},"shunt_true":{"gs":0.5200628698224852}},"24":{"shunt_est":{"gs":1.3720056111169404e-6},"shunt_true":{"gs":0.866771449704142}},"2":{"shunt_est":{"gs":1.7335428663898333},"shunt_true":{"gs":1.3868343195266273}},"25":{"shunt_est":{"gs":2.6734247194627813e-7},"shunt_true":{"gs":0.6934171597633136}},"23":{"shunt_est":{"gs":1.7335427243777801},"shunt_true":{"gs":0.866771449704142}},"41":{"shunt_est":{"gs":2.2864364336110667e-6},"shunt_true":{"gs":0.866771449704142}},"51":{"shunt_est":{"gs":1.7335428611599626},"shunt_true":{"gs":1.3868343195266273}},"53":{"shunt_est":{"gs":8.21809157712005e-7},"shunt_true":{"gs":1.2134800295857988}},"49":{"shunt_est":{"gs":1.7335426839436343},"shunt_true":{"gs":0.866771449704142}},"27":{"shunt_est":{"gs":1.7335422856915332},"shunt_true":{"gs":1.3868343195266273}},"5":{"shunt_est":{"gs":1.733542631170843},"shunt_true":{"gs":0.1733542899408284}},"31":{"shunt_est":{"gs":1.7335428382725568},"shunt_true":{"gs":0.3467085798816568}},"42":{"shunt_est":{"gs":1.7335428201361145},"shunt_true":{"gs":0.3467085798816568}},"33":{"shunt_est":{"gs":1.6631259137477228e-7},"shunt_true":{"gs":0.6934171597633136}},"28":{"shunt_est":{"gs":9.429606359602715e-8},"shunt_true":{"gs":1.0401257396449703}},"43":{"shunt_est":{"gs":1.7335427969033916},"shunt_true":{"gs":1.3868343195266273}},"50":{"shunt_est":{"gs":1.7335423527898806},"shunt_true":{"gs":0.3467085798816568}},"52":{"shunt_est":{"gs":1.7335422424369304},"shunt_true":{"gs":1.0401257396449703}},"39":{"shunt_est":{"gs":1.7335428567682223},"shunt_true":{"gs":0.866771449704142}},"34":{"shunt_est":{"gs":1.7335427671667247},"shunt_true":{"gs":1.3868343195266273}},"26":{"shunt_est":{"gs":1.7335428078959114},"shunt_true":{"gs":0.5200628698224852}},"10":{"shunt_est":{"gs":1.7335428604600767},"shunt_true":{"gs":0.3467085798816568}}}