{"32":{"shunt_est":{"gs":11.537066646913331},"shunt_true":{"gs":0.14138562091503268}},"29":{"shunt_est":{"gs":0.5768534785861819},"shunt_true":{"gs":0.028277124183006534}},"1":{"shunt_est":{"gs":0.5768533587203384},"shunt_true":{"gs":0.22621699346405227}},"54":{"shunt_est":{"gs":11.537061272122296},"shunt_true":{"gs":0.08483137254901961}},"24":{"shunt_est":{"gs":0.5768534779598747},"shunt_true":{"gs":0.14138562091503268}},"2":{"shunt_est":{"gs":0.5768535046406723},"shunt_true":{"gs":0.22621699346405227}},"25":{"shunt_est":{"gs":0.5768534650636957},"shunt_true":{"gs":0.11310849673202614}},"23":{"shunt_est":{"gs":0.5768538003152917},"shunt_true":{"gs":0.14138562091503268}},"41":{"shunt_est":{"gs":0.5768536577942731},"shunt_true":{"gs":0.14138562091503268}},"51":{"shunt_est":{"gs":0.5768536740166452},"shunt_true":{"gs":0.22621699346405227}},"53":{"shunt_est":{"gs":0.5768534128869087},"shunt_true":{"gs":0.19793986928104573}},"49":{"shunt_est":{"gs":0.5768535791909928},"shunt_true":{"gs":0.14138562091503268}},"27":{"shunt_est":{"gs":0.5768533874647834},"shunt_true":{"gs":0.22621699346405227}},"5":{"shunt_est":{"gs":0.5768535521597074},"shunt_true":{"gs":0.028277124183006534}},"31":{"shunt_est":{"gs":0.5768535757131603},"shunt_true":{"gs":0.05655424836601307}},"42":{"shunt_est":{"gs":0.5768535097830888},"shunt_true":{"gs":0.05655424836601307}},"33":{"shunt_est":{"gs":0.5768534179366605},"shunt_true":{"gs":0.11310849673202614}},"28":{"shunt_est":{"gs":0.5768534193627646},"shunt_true":{"gs":0.16966274509803922}},"43":{"shunt_est":{"gs":0.5768535233532788},"shunt_true":{"gs":0.22621699346405227}},"50":{"shunt_est":{"gs":0.5768534089079026},"shunt_true":{"gs":0.05655424836601307}},"52":{"shunt_est":{"gs":0.5768609809535427},"shunt_true":{"gs":0.16966274509803922}},"39":{"shunt_est":{"gs":11.537065249168744},"shunt_true":{"gs":0.14138562091503268}},"34":{"shunt_est":{"gs":11.537065829271445},"shunt_true":{"gs":0.22621699346405227}},"26":{"shunt_est":{"gs":0.5768534596118027},"shunt_true":{"gs":0.08483137254901961}},"10":{"shunt_est":{"gs":0.5768538863936292},"shunt_true":{"gs":0.05655424836601307}}}