{"32":{"Xc_est":0.191707948193215,"Zc_est":0.20407989170306723,"Rc_est":0.06997617306686077},"29":{"Xc_est":0.10069055740858404,"Zc_est":0.10617800591014556,"Rc_est":0.03369244110781447},"1":{"Xc_est":0.12869922767805528,"Zc_est":0.13684278961554688,"Rc_est":0.04650223505205868},"54":{"Xc_est":0.09187153080444223,"Zc_est":0.09829118391474408,"Rc_est":0.034939643143719515},"2":{"Xc_est":0.15373922709830115,"Zc_est":0.16394483325568618,"Rc_est":0.05693995435941028},"41":{"Xc_est":0.08499874584876889,"Zc_est":0.0908380063689916,"Rc_est":0.03204304300826237},"51":{"Xc_est":0.09755609748642811,"Zc_est":0.10321140437691487,"Rc_est":0.03369572430848721},"53":{"Xc_est":0.1014977517659828,"Zc_est":0.1087352495824386,"Rc_est":0.03900719021162827},"27":{"Xc_est":0.13441661342613165,"Zc_est":0.14410839056661381,"Rc_est":0.05195577221781612},"42":{"Xc_est":0.16293603222662495,"Zc_est":0.1734542647190167,"Rc_est":0.05948303414805737},"33":{"Xc_est":0.08439711167729581,"Zc_est":0.08898656027605414,"Rc_est":0.02820878321186288},"28":{"Xc_est":0.1158884841724781,"Zc_est":0.12290755085011788,"Rc_est":0.040940509183199025},"50":{"Xc_est":0.15400968262515113,"Zc_est":0.16490887700532497,"Rc_est":0.05895723342269057},"52":{"Xc_est":0.046786689126503724,"Zc_est":0.049498922897988844,"Rc_est":0.016160107940262725},"26":{"Xc_est":0.14679731698995785,"Zc_est":0.1567340450934692,"Rc_est":0.05491910975162901},"10":{"Xc_est":0.13530925375392044,"Zc_est":0.14479857635985474,"Rc_est":0.05155612053285087},"24":{"Xc_est":0.1042811191999049,"Zc_est":0.1115145834228267,"Rc_est":0.039508866022473985},"25":{"Xc_est":0.08470914549329499,"Zc_est":0.09075586271391915,"Rc_est":0.03257279979896606},"23":{"Xc_est":0.08242715267296909,"Zc_est":0.08859240319346301,"Rc_est":0.03247119347699068},"49":{"Xc_est":0.1322693369162981,"Zc_est":0.14088638385203225,"Rc_est":0.04851593209065443},"5":{"Xc_est":0.08302601613259035,"Zc_est":0.0880006462766441,"Rc_est":0.029168379973147},"31":{"Xc_est":0.12580048458498164,"Zc_est":0.1338775370740058,"Rc_est":0.04579774024103801},"43":{"Xc_est":0.12084374372111391,"Zc_est":0.12909728273373466,"Rc_est":0.045419137075681744},"39":{"Xc_est":0.060493553487442994,"Zc_est":0.06407744127889867,"Rc_est":0.021129327185515884},"34":{"Xc_est":0.1076530772590045,"Zc_est":0.11471382517472448,"Rc_est":0.03962419264646357},"44":{"Xc_est":0.21364259468970453,"Zc_est":0.22885673234037868,"Rc_est":0.08205026308164015},"55":{"Xc_est":0.09002909291823759,"Zc_est":0.09576220337486595,"Rc_est":0.03263682005846357},"17":{"Xc_est":0.12118955918174097,"Zc_est":0.12814753014140057,"Rc_est":0.041651893434470254},"37":{"Xc_est":0.15432852545704537,"Zc_est":0.16420945990713928,"Rc_est":0.05610216531693307},"47":{"Xc_est":0.1944271011305631,"Zc_est":0.20774150356315035,"Rc_est":0.07317536913910443},"9":{"Xc_est":0.01978735155966383,"Zc_est":0.020815588698608847,"Rc_est":0.006461381518214332},"12":{"Xc_est":0.1357561151391742,"Zc_est":0.14562388002105767,"Rc_est":0.052693373726747386},"20":{"Xc_est":0.13769933048423885,"Zc_est":0.1472618090221033,"Rc_est":0.05220090785278357},"6":{"Xc_est":0.10507184341203145,"Zc_est":0.11240835324093383,"Rc_est":0.03994428119688855},"14":{"Xc_est":0.10765307727581012,"Zc_est":0.11471382519183727,"Rc_est":0.0396241926503475},"7":{"Xc_est":0.12809963363013555,"Zc_est":0.1360144574674603,"Rc_est":0.045721072865721496},"8":{"Xc_est":0.08637427377549868,"Zc_est":0.09188921128219885,"Rc_est":0.031354616563112045},"19":{"Xc_est":0.08066748891438781,"Zc_est":0.0855951944244368,"Rc_est":0.028623304155954068},"4":{"Xc_est":0.17903428291297663,"Zc_est":0.1911442810791879,"Rc_est":0.06695417635305384},"22":{"Xc_est":0.06705777119783472,"Zc_est":0.07107081321924866,"Rc_est":0.023543912453629648},"11":{"Xc_est":0.03268436185795795,"Zc_est":0.034796056501169945,"Rc_est":0.011937254205665342},"35":{"Xc_est":0.13147643762285718,"Zc_est":0.13949959937808112,"Rc_est":0.046627079864045524},"13":{"Xc_est":0.15551876021018537,"Zc_est":0.16761606398532872,"Rc_est":0.06252247698724574},"15":{"Xc_est":0.018985685698216063,"Zc_est":0.02038790003384197,"Rc_est":0.007430357081492619},"16":{"Xc_est":0.14037236068277997,"Zc_est":0.14998070320169682,"Rc_est":0.052818667999287874},"40":{"Xc_est":0.13775179885558397,"Zc_est":0.14713831327180366,"Rc_est":0.05171194392519167},"21":{"Xc_est":0.1815017118386145,"Zc_est":0.1933200344447434,"Rc_est":0.0665564746464934},"38":{"Xc_est":0.04812206099929423,"Zc_est":0.05086208429228361,"Rc_est":0.0164687238040951},"46":{"Xc_est":0.11434355605118302,"Zc_est":0.12105704300605134,"Rc_est":0.03975372750999498},"45":{"Xc_est":0.16355100119750468,"Zc_est":0.1745345986681919,"Rc_est":0.06093764140135913},"36":{"Xc_est":0.15385816200272248,"Zc_est":0.16475485279378607,"Rc_est":0.058922215710596984},"48":{"Xc_est":0.09217107312007719,"Zc_est":0.09873619221919591,"Rc_est":0.03540238599076887},"18":{"Xc_est":0.08670123561537149,"Zc_est":0.0934337534063854,"Rc_est":0.03482473285429589},"30":{"Xc_est":0.21546259844202656,"Zc_est":0.23091522594777006,"Rc_est":0.08305245479285797},"3":{"Xc_est":0.031059901522917245,"Zc_est":0.032639125354524706,"Rc_est":0.01002970693963989}}