{"32":{"shunt_est":{"gs":1.7335428250163536},"shunt_true":{"gs":0.866771449704142}},"29":{"shunt_est":{"gs":1.7335417764114516},"shunt_true":{"gs":0.1733542899408284}},"1":{"shunt_est":{"gs":3.698041395811944e-8},"shunt_true":{"gs":1.3868343195266273}},"54":{"shunt_est":{"gs":1.7335426715848647},"shunt_true":{"gs":0.5200628698224852}},"24":{"shunt_est":{"gs":1.6997161814958388e-6},"shunt_true":{"gs":0.866771449704142}},"2":{"shunt_est":{"gs":3.7137553634067904e-6},"shunt_true":{"gs":1.3868343195266273}},"25":{"shunt_est":{"gs":1.759350621560538e-6},"shunt_true":{"gs":0.6934171597633136}},"23":{"shunt_est":{"gs":1.733542047053181},"shunt_true":{"gs":0.866771449704142}},"41":{"shunt_est":{"gs":1.7335415805374932},"shunt_true":{"gs":0.866771449704142}},"51":{"shunt_est":{"gs":1.7335424434024902},"shunt_true":{"gs":1.3868343195266273}},"53":{"shunt_est":{"gs":1.826849890400625e-7},"shunt_true":{"gs":1.2134800295857988}},"49":{"shunt_est":{"gs":1.7335414894346346},"shunt_true":{"gs":0.866771449704142}},"27":{"shunt_est":{"gs":1.1273593035271498e-7},"shunt_true":{"gs":1.3868343195266273}},"5":{"shunt_est":{"gs":1.7335422951856223},"shunt_true":{"gs":0.1733542899408284}},"31":{"shunt_est":{"gs":1.7335423606832236},"shunt_true":{"gs":0.3467085798816568}},"42":{"shunt_est":{"gs":1.7335388450425429},"shunt_true":{"gs":0.3467085798816568}},"33":{"shunt_est":{"gs":2.1404305974094626e-7},"shunt_true":{"gs":0.6934171597633136}},"28":{"shunt_est":{"gs":2.5445860990231095e-7},"shunt_true":{"gs":1.0401257396449703}},"43":{"shunt_est":{"gs":3.495818590269955e-5},"shunt_true":{"gs":1.3868343195266273}},"50":{"shunt_est":{"gs":1.7271388969050374e-7},"shunt_true":{"gs":0.3467085798816568}},"52":{"shunt_est":{"gs":1.733542296507236},"shunt_true":{"gs":1.0401257396449703}},"39":{"shunt_est":{"gs":1.7335427248868729},"shunt_true":{"gs":0.866771449704142}},"34":{"shunt_est":{"gs":1.7335427275075634},"shunt_true":{"gs":1.3868343195266273}},"26":{"shunt_est":{"gs":1.148236922094639e-6},"shunt_true":{"gs":0.5200628698224852}},"10":{"shunt_est":{"gs":1.7335425743288568},"shunt_true":{"gs":0.3467085798816568}}}