linecode_id,linecode_name,A_p_est,dist_est,x_est,r_est,scenario_id
4,hydrogen,"[150.8217480770406, 150.8217480770406, 150.8217480770406, 150.8217480770406]","[590.7535277866982, 596.971089284731, 485.83478038698104]",[0.7577018576021375 0.4626607241955819 0.4187791204534744 0.3972331892398886; 0.4626607241955819 0.7577018576021375 0.46200288585997795 0.42459005570674097; 0.4187791204534744 0.46200288585997795 0.7577018576021375 0.4749462827301538; 0.3972331892398886 0.42459005570674097 0.4749462827301538 0.7577018576021375],[0.20878999874025836 0.049348 0.049348 0.049348; 0.049348 0.20878999874025836 0.049348 0.049348; 0.049348 0.049348 0.20878999874025836 0.049348; 0.049348 0.049348 0.049348 0.20878999874025836],1
1,pluto,"[247.75712284081396, 247.75712284081396, 247.75712284081396, 247.75712284081396]","[399.88779971829473, 1200.0000055143496, 691.1627128826922]",[0.7421085178428313 0.48717870557981746 0.4000618374323843 0.3775003145819894; 0.48717870557981746 0.7421085178428313 0.4181330710769477 0.3895526620557538; 0.4000618374323843 0.4181330710769477 0.7421085178428313 0.45279758411180654; 0.3775003145819894 0.3895526620557538 0.45279758411180654 0.7421085178428313],[0.23757794382415476 0.049348 0.049348 0.049348; 0.049348 0.23757794382415476 0.049348 0.049348; 0.049348 0.049348 0.23757794382415476 0.049348; 0.049348 0.049348 0.049348 0.23757794382415476],1
10,tw2x16_lv_oh_2w_bundled,"[11.999999908751821, 11.999999908751821]",[6.47482581834108],[0.8372217861341551 0.7462515224432356; 0.7462515224432356 0.8372217861341551],[3.068607922555484 0.049348; 0.049348 3.068607922555484],1
7,abc2x16_lv_oh_2w_bundled,"[16.849759013451187, 16.849759013451187]",[2.0000024033715618],[0.8265582622818625 0.8200648799579444; 0.8200648799579444 0.8265582622818625],[2.703972096084572 0.049348; 0.049348 2.703972096084572],1
