{"32":{"shunt_est":{"gs":1.7335428681408787},"shunt_true":{"gs":0.866771449704142}},"29":{"shunt_est":{"gs":1.7335425987427127},"shunt_true":{"gs":0.1733542899408284}},"1":{"shunt_est":{"gs":2.782674499674013e-7},"shunt_true":{"gs":1.3868343195266273}},"54":{"shunt_est":{"gs":1.7335427349722279},"shunt_true":{"gs":0.5200628698224852}},"24":{"shunt_est":{"gs":1.7335420995711395},"shunt_true":{"gs":0.866771449704142}},"2":{"shunt_est":{"gs":1.7335428595897013},"shunt_true":{"gs":1.3868343195266273}},"25":{"shunt_est":{"gs":1.73354234437719},"shunt_true":{"gs":0.6934171597633136}},"23":{"shunt_est":{"gs":1.7335417357303364},"shunt_true":{"gs":0.866771449704142}},"41":{"shunt_est":{"gs":1.733527275882694},"shunt_true":{"gs":0.866771449704142}},"51":{"shunt_est":{"gs":1.7335428313082388},"shunt_true":{"gs":1.3868343195266273}},"53":{"shunt_est":{"gs":2.957503355652835e-7},"shunt_true":{"gs":1.2134800295857988}},"49":{"shunt_est":{"gs":2.0848206917363733e-6},"shunt_true":{"gs":0.866771449704142}},"27":{"shunt_est":{"gs":3.400853267717325e-7},"shunt_true":{"gs":1.3868343195266273}},"5":{"shunt_est":{"gs":1.7335420962618515},"shunt_true":{"gs":0.1733542899408284}},"31":{"shunt_est":{"gs":1.7335426334700768},"shunt_true":{"gs":0.3467085798816568}},"42":{"shunt_est":{"gs":1.733542151390939},"shunt_true":{"gs":0.3467085798816568}},"33":{"shunt_est":{"gs":1.916010046970171e-6},"shunt_true":{"gs":0.6934171597633136}},"28":{"shunt_est":{"gs":1.0558376879095761e-7},"shunt_true":{"gs":1.0401257396449703}},"43":{"shunt_est":{"gs":6.411529977668975e-6},"shunt_true":{"gs":1.3868343195266273}},"50":{"shunt_est":{"gs":1.7335427027531138},"shunt_true":{"gs":0.3467085798816568}},"52":{"shunt_est":{"gs":1.7335424466658722},"shunt_true":{"gs":1.0401257396449703}},"39":{"shunt_est":{"gs":1.7335427384932705},"shunt_true":{"gs":0.866771449704142}},"34":{"shunt_est":{"gs":1.733542775061605},"shunt_true":{"gs":1.3868343195266273}},"26":{"shunt_est":{"gs":1.5554655924124789e-6},"shunt_true":{"gs":0.5200628698224852}},"10":{"shunt_est":{"gs":1.7335428119655028},"shunt_true":{"gs":0.3467085798816568}}}