{"32":{"Xc_est":0.20203944247903438,"Zc_est":0.22107100909013147,"Rc_est":0.0897354709292259},"29":{"Xc_est":0.10008179741986611,"Zc_est":0.12413140256045742,"Rc_est":0.07343186588147693},"1":{"Xc_est":0.13139129546090955,"Zc_est":0.1600901160203718,"Rc_est":0.09146131818708975},"54":{"Xc_est":0.09619233916905465,"Zc_est":0.10210312700781869,"Rc_est":0.034235689418504626},"2":{"Xc_est":0.15647869594418318,"Zc_est":0.18623076534386757,"Rc_est":0.10097680761526648},"41":{"Xc_est":0.08279891836341152,"Zc_est":0.08879352614762637,"Rc_est":0.03207225286097506},"51":{"Xc_est":0.10230208539379096,"Zc_est":0.12221888282289492,"Rc_est":0.06687105982828462},"53":{"Xc_est":0.1004891737108936,"Zc_est":0.10745651321821525,"Rc_est":0.0380634759305863},"27":{"Xc_est":0.13474934962953736,"Zc_est":0.14635313650412662,"Rc_est":0.05711263729694348},"42":{"Xc_est":0.16738364737727274,"Zc_est":0.1823057167672269,"Rc_est":0.07223634096971675},"33":{"Xc_est":0.08548342241032031,"Zc_est":0.10578982129867359,"Rc_est":0.06232231368798852},"28":{"Xc_est":0.11723018976361246,"Zc_est":0.13119268257256292,"Rc_est":0.058894843310536696},"50":{"Xc_est":0.15367642642931692,"Zc_est":0.17137097990660569,"Rc_est":0.07583909752934163},"52":{"Xc_est":0.048537886189966205,"Zc_est":0.05295582412886872,"Rc_est":0.02117529016041014},"26":{"Xc_est":0.15376697746820167,"Zc_est":0.1654556551773486,"Rc_est":0.0610842898825814},"10":{"Xc_est":0.13638297779806985,"Zc_est":0.14619913053872605,"Rc_est":0.052667533995912896},"24":{"Xc_est":0.09672368562056968,"Zc_est":0.10329561536626132,"Rc_est":0.0362562104179105},"25":{"Xc_est":0.08656492553859277,"Zc_est":0.09162759423926065,"Rc_est":0.030035473902911537},"23":{"Xc_est":0.080505883392112,"Zc_est":0.08772712542084582,"Rc_est":0.034854716665904485},"49":{"Xc_est":0.13459916570219232,"Zc_est":0.14881441829286174,"Rc_est":0.06347279483461081},"5":{"Xc_est":0.0866547094042412,"Zc_est":0.09871045677262298,"Rc_est":0.04727277878786459},"31":{"Xc_est":0.12620842243084046,"Zc_est":0.13411306511533527,"Rc_est":0.045362411114806094},"43":{"Xc_est":0.1211957465357563,"Zc_est":0.12900720265770133,"Rc_est":0.044209154699065834},"39":{"Xc_est":0.06320931814998773,"Zc_est":0.07528696172972327,"Rc_est":0.040898761662261224},"34":{"Xc_est":0.11315392358319179,"Zc_est":0.12683582485150702,"Rc_est":0.05730197242234649},"44":{"Xc_est":0.223571379617763,"Zc_est":0.24138354123722808,"Rc_est":0.09100468227533517},"55":{"Xc_est":0.08869006936989389,"Zc_est":0.10193809841029206,"Rc_est":0.05025383072632171},"17":{"Xc_est":0.1234269605031201,"Zc_est":0.14650505025548305,"Rc_est":0.07892727773921286},"37":{"Xc_est":0.16245215162337776,"Zc_est":0.18384079527561087,"Rc_est":0.08606239852864982},"47":{"Xc_est":0.20390465895068602,"Zc_est":0.2181770932851023,"Rc_est":0.07761529548059867},"9":{"Xc_est":0.018389170641029753,"Zc_est":0.02242840943564278,"Rc_est":0.012840247386554489},"12":{"Xc_est":0.1364921212872407,"Zc_est":0.14817833257083665,"Rc_est":0.05767771727437421},"20":{"Xc_est":0.1390542518191924,"Zc_est":0.15468844398784434,"Rc_est":0.0677674682601105},"6":{"Xc_est":0.09686362799489596,"Zc_est":0.10344258092096988,"Rc_est":0.03630158563007691},"14":{"Xc_est":0.1131539236116374,"Zc_est":0.12683582490848297,"Rc_est":0.057301972492289285},"7":{"Xc_est":0.12916125085081057,"Zc_est":0.14175404789885646,"Rc_est":0.058408743988937764},"8":{"Xc_est":0.09009932178084055,"Zc_est":0.09919161980295332,"Rc_est":0.04148601756937139},"19":{"Xc_est":0.08400087315593366,"Zc_est":0.0933622082612621,"Rc_est":0.040747456858803106},"4":{"Xc_est":0.18308696845024305,"Zc_est":0.1965775787197509,"Rc_est":0.07156749568777405},"22":{"Xc_est":0.07120489360268362,"Zc_est":0.08706588148999347,"Rc_est":0.05010320196015515},"11":{"Xc_est":0.036462160808860354,"Zc_est":0.037941343011961934,"Rc_est":0.010490773980034108},"35":{"Xc_est":0.13278261574098965,"Zc_est":0.14769032507303326,"Rc_est":0.06466226934742489},"13":{"Xc_est":0.15405111112421496,"Zc_est":0.1675059062703109,"Rc_est":0.06577601232085259},"15":{"Xc_est":0.018816904407870948,"Zc_est":0.019872610960234443,"Rc_est":0.006390991697841351},"16":{"Xc_est":0.14023336886747526,"Zc_est":0.1570324232112475,"Rc_est":0.07066671207630196},"40":{"Xc_est":0.1393360979080938,"Zc_est":0.14839557338330084,"Rc_est":0.05105583237500612},"21":{"Xc_est":0.1858702636789849,"Zc_est":0.20425984581973888,"Rc_est":0.08470141494808767},"38":{"Xc_est":0.05053338318949892,"Zc_est":0.05686727333803904,"Rc_est":0.02608187033796682},"46":{"Xc_est":0.11623704336466058,"Zc_est":0.13278730858991183,"Rc_est":0.06419827935696168},"45":{"Xc_est":0.16848578684275312,"Zc_est":0.18032046807123117,"Rc_est":0.06424959795521111},"36":{"Xc_est":0.15402342652914006,"Zc_est":0.17206082180739068,"Rc_est":0.07669231044411975},"48":{"Xc_est":0.09534640383096948,"Zc_est":0.10219768216062665,"Rc_est":0.03678898633431145},"18":{"Xc_est":0.0846638488042481,"Zc_est":0.0920794090224874,"Rc_est":0.036202904187122235},"30":{"Xc_est":0.22534193784732467,"Zc_est":0.24323992353771026,"Rc_est":0.09157877182974013},"3":{"Xc_est":0.03377764853570847,"Zc_est":0.03790236735123471,"Rc_est":0.0171947640351967}}