linecode_id,linecode_name,A_p_est,dist_est,x_est,r_est,scenario_id
4,hydrogen,"[149.272038887965, 149.272038887965, 149.272038887965, 149.272038887965]","[779.054303213683, 704.6423559858204, 380.0000136729777]",[0.7580263301422796 0.44527624928162646 0.40479916846336816 0.3904718854795856; 0.44527624928162646 0.7580263301422796 0.45158397730455113 0.42448357935108083; 0.40479916846336816 0.45158397730455113 0.7580263301422796 0.49038393669944147; 0.3904718854795856 0.42448357935108083 0.49038393669944147 0.7580263301422796],[0.21044529019613384 0.049348 0.049348 0.049348; 0.049348 0.21044529019613384 0.049348 0.049348; 0.049348 0.049348 0.21044529019613384 0.049348; 0.049348 0.049348 0.049348 0.21044529019613384],1
1,pluto,"[286.3185162850173, 286.3185162850173, 286.3185162850173, 286.3185162850173]","[380.00031312711593, 1200.0000048648028, 1082.9619580852902]",[0.7375640061558234 0.49038388718550907 0.4008477687873987 0.36804857932852775; 0.49038388718550907 0.7375640061558234 0.418133071110958 0.37772253550071483; 0.4008477687873987 0.418133071110958 0.7375640061558234 0.424580999013689; 0.36804857932852775 0.37772253550071483 0.424580999013689 0.7375640061558234],[0.21222712468761626 0.049348 0.049348 0.049348; 0.049348 0.21222712468761626 0.049348 0.049348; 0.049348 0.049348 0.21222712468761626 0.049348; 0.049348 0.049348 0.049348 0.21222712468761626],1
10,tw2x16_lv_oh_2w_bundled,"[11.999999881634405, 11.999999881634405]",[99.99999812579418],[0.8372217862051485 0.5742647271627598; 0.5742647271627598 0.8372217862051485],[3.0686079293783615 0.049348; 0.049348 3.0686079293783615],1
7,abc2x16_lv_oh_2w_bundled,"[20.800875050528756, 20.800875050528756]",[2.0000024501469116],[0.8199402085395339 0.8200648784884518; 0.8200648784884518 0.8199402085395339],[2.1997275480560186 0.049348; 0.049348 2.1997275480560186],1
