linecode_id,linecode_name,A_p_est,dist_est,x_est,r_est,scenario_id
4,hydrogen,"[149.60254197204597, 149.60254197204597, 149.60254197204597, 149.60254197204597]","[638.2434807399121, 419.50821316545796, 380.0000012546871]",[0.7579568488963959 0.45780249401144335 0.4260609583264634 0.40677562100721676; 0.45780249401144335 0.7579568488963959 0.48416910950937797 0.4436478917546026; 0.4260609583264634 0.48416910950937797 0.7579568488963959 0.49038393875277314; 0.40677562100721676 0.4436478917546026 0.49038393875277314 0.7579568488963959],[0.21008939282604197 0.049348 0.049348 0.049348; 0.049348 0.21008939282604197 0.049348 0.049348; 0.049348 0.049348 0.21008939282604197 0.049348; 0.049348 0.049348 0.049348 0.21008939282604197],1
1,pluto,"[297.7805699517204, 297.7805699517204, 297.7805699517204, 297.7805699517204]","[379.9999978634601, 1200.0000094511438, 653.1651296126523]",[0.7363308656882344 0.4903839393135036 0.4008477811421297 0.37910821881587814; 0.4903839393135036 0.7363308656882344 0.4181330708708172 0.3908279488129064; 0.4008477811421297 0.4181330708708172 0.7363308656882344 0.4563504380757937; 0.37910821881587814 0.3908279488129064 0.4563504380757937 0.7363308656882344],[0.2059576448869101 0.049348 0.049348 0.049348; 0.049348 0.2059576448869101 0.049348 0.049348; 0.049348 0.049348 0.2059576448869101 0.049348; 0.049348 0.049348 0.049348 0.2059576448869101],1
10,tw2x16_lv_oh_2w_bundled,"[11.999999882643397, 11.999999882643397]",[99.99999554199125],[0.837221786202507 0.5742647287862148; 0.5742647287862148 0.837221786202507],[3.068607929124494 0.049348; 0.049348 3.068607929124494],1
7,abc2x16_lv_oh_2w_bundled,"[23.898422228935935, 23.898422228935935]",[2.0000010481682837],[0.815579121551242 0.8200649225329738; 0.8200649225329738 0.815579121551242],[1.9210103156890848 0.049348; 0.049348 1.9210103156890848],1
