{"32":{"Xc_est":0.2070305623363252,"Zc_est":0.22965049661244596,"Rc_est":0.09938660298575469},"29":{"Xc_est":0.1101897296503335,"Zc_est":0.15235374320512166,"Rc_est":0.10521352835162674},"1":{"Xc_est":0.143762434156652,"Zc_est":0.19609140551415977,"Rc_est":0.13335742139780954},"54":{"Xc_est":0.10916361854916493,"Zc_est":0.11452344256668918,"Rc_est":0.03462547158636504},"2":{"Xc_est":0.16888909463806093,"Zc_est":0.22150673968003393,"Rc_est":0.14332379228869996},"41":{"Xc_est":0.0881337748401488,"Zc_est":0.09426576175551371,"Rc_est":0.03344355800110428},"51":{"Xc_est":0.11299283805618988,"Zc_est":0.1470159792292726,"Rc_est":0.09405486003790317},"53":{"Xc_est":0.11078350114725008,"Zc_est":0.1172087009849421,"Rc_est":0.03827395276339782},"27":{"Xc_est":0.1464683055144371,"Zc_est":0.16020580932687337,"Rc_est":0.06490713999097493},"42":{"Xc_est":0.18146976254273273,"Zc_est":0.20003718087675054,"Rc_est":0.08416411952727847},"33":{"Xc_est":0.09619192490769168,"Zc_est":0.13239828423067274,"Rc_est":0.0909748275611392},"28":{"Xc_est":0.12785458310957074,"Zc_est":0.14709510377442542,"Rc_est":0.07273359012373068},"50":{"Xc_est":0.16755022739415704,"Zc_est":0.19633075882170917,"Rc_est":0.10233615275001501},"52":{"Xc_est":0.050977101915690756,"Zc_est":0.05541314412717879,"Rc_est":0.021724447572648832},"26":{"Xc_est":0.17275185876666532,"Zc_est":0.18654900322974338,"Rc_est":0.07040828004342191},"10":{"Xc_est":0.1509207681439986,"Zc_est":0.16138492598137993,"Rc_est":0.05716656432601925},"24":{"Xc_est":0.10562908509631218,"Zc_est":0.11147358228192607,"Rc_est":0.035621004035279284},"25":{"Xc_est":0.0968128509470956,"Zc_est":0.1005790149220025,"Rc_est":0.027265548484779346},"23":{"Xc_est":0.08641515712180534,"Zc_est":0.09532918575457369,"Rc_est":0.04025014628847593},"49":{"Xc_est":0.1488092950579104,"Zc_est":0.1674333326435739,"Rc_est":0.07674447592173284},"5":{"Xc_est":0.0884659045387844,"Zc_est":0.09988876946425271,"Rc_est":0.04638480353755214},"31":{"Xc_est":0.13638717494025532,"Zc_est":0.1429759391000814,"Rc_est":0.04290288653886104},"43":{"Xc_est":0.13162917129873233,"Zc_est":0.13834920031490935,"Rc_est":0.04259416029203881},"39":{"Xc_est":0.06689922877383146,"Zc_est":0.08730126120471202,"Rc_est":0.05608924493519159},"34":{"Xc_est":0.11851533913343314,"Zc_est":0.13873265428999132,"Rc_est":0.07211701433388365},"44":{"Xc_est":0.22414198833297214,"Zc_est":0.24304508266676042,"Rc_est":0.09397489704508426},"55":{"Xc_est":0.09421951562600464,"Zc_est":0.115589027413702,"Rc_est":0.06695898844551507},"17":{"Xc_est":0.13421581450096093,"Zc_est":0.1733349790219863,"Rc_est":0.10968650824233618},"37":{"Xc_est":0.18025577478752372,"Zc_est":0.21427153904557414,"Rc_est":0.11584536287961004},"47":{"Xc_est":0.20867463815127213,"Zc_est":0.2217103356968625,"Rc_est":0.07490239213303604},"9":{"Xc_est":0.020433859643278273,"Zc_est":0.03494257465436468,"Rc_est":0.0283450331373003},"12":{"Xc_est":0.14833624220451824,"Zc_est":0.1621178693662815,"Rc_est":0.06541072401758917},"20":{"Xc_est":0.15110475693293593,"Zc_est":0.17308010271658053,"Rc_est":0.08440423205397003},"6":{"Xc_est":0.10705987745144478,"Zc_est":0.11295265577608511,"Rc_est":0.03600673668846425},"14":{"Xc_est":0.1185153391445993,"Zc_est":0.1387326543248185,"Rc_est":0.07211701438253106},"7":{"Xc_est":0.13952175195281277,"Zc_est":0.15496385746248265,"Rc_est":0.06743498981738205},"8":{"Xc_est":0.10436077497313923,"Zc_est":0.11650331068214477,"Rc_est":0.05178658172641002},"19":{"Xc_est":0.08924744517761206,"Zc_est":0.10219649272326137,"Rc_est":0.04978972438369932},"4":{"Xc_est":0.18911408727624113,"Zc_est":0.2020059244902377,"Rc_est":0.07100884115960394},"22":{"Xc_est":0.07714027636960782,"Zc_est":0.10625151080967356,"Rc_est":0.07306682770559222},"11":{"Xc_est":0.0329766791236594,"Zc_est":0.03358804910939595,"Rc_est":0.006379316338793727},"35":{"Xc_est":0.14316286475295806,"Zc_est":0.16320560929048164,"Rc_est":0.0783611195657871},"13":{"Xc_est":0.1659430652909989,"Zc_est":0.182152119857483,"Rc_est":0.07511520385649052},"15":{"Xc_est":0.018468958327108657,"Zc_est":0.01929219328093385,"Rc_est":0.005575508936449928},"16":{"Xc_est":0.15182449422565142,"Zc_est":0.17525384553040252,"Rc_est":0.08753989562661889},"40":{"Xc_est":0.15344118447909894,"Zc_est":0.1621899150832664,"Rc_est":0.05254875317615342},"21":{"Xc_est":0.19101312806398543,"Zc_est":0.2116674090370161,"Rc_est":0.09119800960358175},"38":{"Xc_est":0.053018708975198454,"Zc_est":0.06122508529948915,"Rc_est":0.030619071973737762},"46":{"Xc_est":0.1268728433686272,"Zc_est":0.15181791198506248,"Rc_est":0.08337841456314676},"45":{"Xc_est":0.18286782519446196,"Zc_est":0.19516981560361554,"Rc_est":0.06819542089757201},"36":{"Xc_est":0.1678807277958739,"Zc_est":0.19736616865102924,"Rc_est":0.1037760365533113},"48":{"Xc_est":0.10945074846291454,"Zc_est":0.11674690976811056,"Rc_est":0.04062480278488942},"18":{"Xc_est":0.09052881936763216,"Zc_est":0.09952912925711607,"Rc_est":0.04135916385255327},"30":{"Xc_est":0.2258936812470213,"Zc_est":0.24484325179512073,"Rc_est":0.09444714247809739},"3":{"Xc_est":0.030440572664600193,"Zc_est":0.03671853549927079,"Rc_est":0.020533445523399252}}