{"32":{"shunt_est":{"gs":11.537066611665505},"shunt_true":{"gs":0.9614222222222222}},"29":{"shunt_est":{"gs":11.53706478489063},"shunt_true":{"gs":1.9228444444444444}},"1":{"shunt_est":{"gs":0.5768534217339466},"shunt_true":{"gs":5.768533333333333}},"54":{"shunt_est":{"gs":8.377030574365014},"shunt_true":{"gs":5.768533333333333}},"2":{"shunt_est":{"gs":11.537066667871304},"shunt_true":{"gs":5.768533333333333}},"41":{"shunt_est":{"gs":0.5768544179693597},"shunt_true":{"gs":5.768533333333333}},"51":{"shunt_est":{"gs":11.537066615628257},"shunt_true":{"gs":2.8842666666666665}},"53":{"shunt_est":{"gs":0.5768540555589732},"shunt_true":{"gs":1.4421333333333333}},"27":{"shunt_est":{"gs":0.5768540170171012},"shunt_true":{"gs":5.768533333333333}},"42":{"shunt_est":{"gs":0.5768536630011785},"shunt_true":{"gs":1.1537066666666667}},"33":{"shunt_est":{"gs":0.576853421314869},"shunt_true":{"gs":1.9228444444444444}},"28":{"shunt_est":{"gs":0.5768534548520398},"shunt_true":{"gs":1.1537066666666667}},"50":{"shunt_est":{"gs":0.5768570822896413},"shunt_true":{"gs":2.8842666666666665}},"52":{"shunt_est":{"gs":11.537066075643395},"shunt_true":{"gs":0.8240761904761905}},"26":{"shunt_est":{"gs":0.5768535194874784},"shunt_true":{"gs":1.1537066666666667}},"10":{"shunt_est":{"gs":11.537066612733414},"shunt_true":{"gs":1.4421333333333333}},"24":{"shunt_est":{"gs":0.5768541910333864},"shunt_true":{"gs":2.8842666666666665}},"25":{"shunt_est":{"gs":0.5768561066576898},"shunt_true":{"gs":0.8240761904761905}},"23":{"shunt_est":{"gs":11.537064502199893},"shunt_true":{"gs":5.768533333333333}},"49":{"shunt_est":{"gs":0.5768541730648756},"shunt_true":{"gs":2.8842666666666665}},"5":{"shunt_est":{"gs":0.5768544818044751},"shunt_true":{"gs":0.8240761904761905}},"31":{"shunt_est":{"gs":11.537065137653958},"shunt_true":{"gs":0.9614222222222222}},"43":{"shunt_est":{"gs":11.537064843293605},"shunt_true":{"gs":1.4421333333333333}},"39":{"shunt_est":{"gs":11.537066554821493},"shunt_true":{"gs":1.4421333333333333}},"34":{"shunt_est":{"gs":11.537066424592753},"shunt_true":{"gs":0.7210666666666666}},"44":{"shunt_est":{"gs":11.537066352600004},"shunt_true":{"gs":0.7210666666666666}},"55":{"shunt_est":{"gs":11.537066436230482},"shunt_true":{"gs":0.8240761904761905}},"17":{"shunt_est":{"gs":0.5768535170582778},"shunt_true":{"gs":1.9228444444444444}},"37":{"shunt_est":{"gs":0.5768534147465636},"shunt_true":{"gs":1.4421333333333333}},"47":{"shunt_est":{"gs":0.5768534809199594},"shunt_true":{"gs":0.8240761904761905}},"9":{"shunt_est":{"gs":11.537058991880874},"shunt_true":{"gs":2.8842666666666665}},"12":{"shunt_est":{"gs":0.5768534405722245},"shunt_true":{"gs":1.9228444444444444}},"20":{"shunt_est":{"gs":11.537066229530689},"shunt_true":{"gs":2.8842666666666665}},"6":{"shunt_est":{"gs":0.5768537486703701},"shunt_true":{"gs":1.1537066666666667}},"14":{"shunt_est":{"gs":11.537066399728605},"shunt_true":{"gs":0.8240761904761905}},"7":{"shunt_est":{"gs":11.537066523069786},"shunt_true":{"gs":0.8240761904761905}},"8":{"shunt_est":{"gs":11.537060728867955},"shunt_true":{"gs":0.9614222222222222}},"19":{"shunt_est":{"gs":0.5768541818150394},"shunt_true":{"gs":1.9228444444444444}},"4":{"shunt_est":{"gs":0.5768536537051622},"shunt_true":{"gs":1.1537066666666667}},"22":{"shunt_est":{"gs":11.537065527615846},"shunt_true":{"gs":0.9614222222222222}},"11":{"shunt_est":{"gs":0.5768538646378096},"shunt_true":{"gs":0.9614222222222222}},"35":{"shunt_est":{"gs":0.5768534804926234},"shunt_true":{"gs":1.1537066666666667}},"13":{"shunt_est":{"gs":0.5768538316539155},"shunt_true":{"gs":2.8842666666666665}},"15":{"shunt_est":{"gs":11.537065167581073},"shunt_true":{"gs":2.8842666666666665}},"16":{"shunt_est":{"gs":0.5768542146219773},"shunt_true":{"gs":5.768533333333333}}}