linecode_id,linecode_name,A_p_est,dist_est,x_est,r_est,scenario_id
4,hydrogen,"[130.8373677365094, 109.48865843766765, 300.0000015368884, 300.00000135945237]","[3.2257604890634424, 8.87200680977267, 5.6484961922154175, 1079.0217452736113, 1078.026037560928, 1076.0534879264894]",[0.7621674402772181 0.7900299052786088 0.7264607423729701 0.4248100217626601; 0.7900299052786088 0.7677637016749321 0.7548301235309319 0.42486802911135657; 0.7264607423729701 0.7548301235309319 0.736097582820265 0.42498310311100046; 0.4248100217626601 0.42486802911135657 0.42498310311100046 0.7360975828388461],[0.23314351180922152 0.049348 0.049348 0.049348; 0.049348 0.2689809858274162 0.049348 0.049348; 0.049348 0.049348 0.1295057361456986 0.049348; 0.049348 0.049348 0.049348 0.12950573619310818],1
1,pluto,"[151.68000233002718, 299.9999996461406, 99.2741879104565, 299.9999986002458]","[28.036432938209206, 603.3859596301692, 603.9905444315023, 1562.4773219664264, 1562.7108322391505, 959.0918688630765]",[0.7575235909446845 0.6541660029575694 0.4613313140621229 0.4015485001363975; 0.6541660029575694 0.7360975830182641 0.461268388743824 0.4015391106745417; 0.4613313140621229 0.461268388743824 0.7708404392965053 0.43221309229540106; 0.4015485001363975 0.4015391106745417 0.43221309229540106 0.7360975831277903],[0.356806521874828 0.049348 0.049348 0.049348; 0.049348 0.20479903123122808 0.049348 0.049348; 0.049348 0.049348 0.5191106875218039 0.049348; 0.049348 0.049348 0.049348 0.2047990317731795],1
10,tw2x16_lv_oh_2w_bundled,"[9.999999944462012, 9.999999905654667]",[99.99998278022898],[0.8429496000979844 0.5742647368046861; 0.5742647368046861 0.8429496002199016],[3.672459899638419 0.049348; 0.049348 3.672459913698754],1
7,abc2x16_lv_oh_2w_bundled,"[56.779952239079535, 9.999999912192045]",[2.000000119063752],[0.7883926303415956 0.8200649517217132; 0.8200649517217132 0.8429496001993637],[0.8371221091078249 0.049348; 0.049348 4.522325668308875],1
