{"32":{"Xc_est":0.22020336527139572,"Zc_est":0.24379982088904312,"Rc_est":0.10463665986967365},"29":{"Xc_est":0.12291180298657584,"Zc_est":0.1621475200509384,"Rc_est":0.10575682930789217},"1":{"Xc_est":0.16228519621245993,"Zc_est":0.21027781865524137,"Rc_est":0.13371714964315518},"54":{"Xc_est":0.11018028866886478,"Zc_est":0.12149900900865862,"Rc_est":0.05120852642804454},"2":{"Xc_est":0.18749585707586916,"Zc_est":0.23195877719059857,"Rc_est":0.13656565415631777},"41":{"Xc_est":0.09723641834897828,"Zc_est":0.10403382456329603,"Rc_est":0.03698804671686703},"51":{"Xc_est":0.12769930691425724,"Zc_est":0.16302898477826172,"Rc_est":0.10134760427089051},"53":{"Xc_est":0.1290098241311515,"Zc_est":0.13940396785882214,"Rc_est":0.0528198024649172},"27":{"Xc_est":0.1653437902739425,"Zc_est":0.17797041954206153,"Rc_est":0.06583996696402504},"42":{"Xc_est":0.19119696940339467,"Zc_est":0.20943464654794608,"Rc_est":0.08547859419539178},"33":{"Xc_est":0.10691693375782087,"Zc_est":0.14642836272510623,"Rc_est":0.1000501608503506},"28":{"Xc_est":0.13745647597430777,"Zc_est":0.15964317785410678,"Rc_est":0.08118904758699},"50":{"Xc_est":0.1869434257240983,"Zc_est":0.21048503764835122,"Rc_est":0.09672696962257409},"52":{"Xc_est":0.05242655436106108,"Zc_est":0.05870222136217022,"Rc_est":0.026408468162313806},"26":{"Xc_est":0.1804732357786285,"Zc_est":0.19301607924415537,"Rc_est":0.06844426940495185},"10":{"Xc_est":0.16049849840585986,"Zc_est":0.17284406316534834,"Rc_est":0.06415062104899003},"24":{"Xc_est":0.1199421706144805,"Zc_est":0.12812181827115596,"Rc_est":0.04504526640385162},"25":{"Xc_est":0.10712057979179965,"Zc_est":0.116367301328904,"Rc_est":0.04545910473866182},"23":{"Xc_est":0.09480085291294049,"Zc_est":0.10238750357648474,"Rc_est":0.03867814855449647},"49":{"Xc_est":0.15739802318382537,"Zc_est":0.17456481100492957,"Rc_est":0.07548996979076594},"5":{"Xc_est":0.08797573483899716,"Zc_est":0.09957424994212058,"Rc_est":0.04664012576177684},"31":{"Xc_est":0.14738477116327686,"Zc_est":0.15653174726516947,"Rc_est":0.052724919450250464},"43":{"Xc_est":0.14161123361349748,"Zc_est":0.15210822186110504,"Rc_est":0.055526297123170365},"39":{"Xc_est":0.07375175872094802,"Zc_est":0.09513404479804338,"Rc_est":0.06009296602101773},"34":{"Xc_est":0.11688580182318588,"Zc_est":0.13251107603799608,"Rc_est":0.0624251119734558},"44":{"Xc_est":0.2417265296364711,"Zc_est":0.2603029925420117,"Rc_est":0.09657086929418661},"55":{"Xc_est":0.1032004501917908,"Zc_est":0.12415187076904824,"Rc_est":0.06901705655608736},"17":{"Xc_est":0.1438827695894764,"Zc_est":0.18673228289828062,"Rc_est":0.1190239223503626},"37":{"Xc_est":0.18929710982379247,"Zc_est":0.2203634610649483,"Rc_est":0.11281249569476795},"47":{"Xc_est":0.22239754273652182,"Zc_est":0.2387618096509757,"Rc_est":0.08687079332299034},"9":{"Xc_est":0.020066364143649335,"Zc_est":0.03272013098044518,"Rc_est":0.025844690004562895},"12":{"Xc_est":0.16722382463563285,"Zc_est":0.18045929751061204,"Rc_est":0.06783620369872348},"20":{"Xc_est":0.16951116319794846,"Zc_est":0.18778940261555233,"Rc_est":0.08081352167790051},"6":{"Xc_est":0.12213998128069005,"Zc_est":0.13100739353231283,"Rc_est":0.04737892076528299},"14":{"Xc_est":0.11774579386847162,"Zc_est":0.13506584238012173,"Rc_est":0.06617182031752854},"7":{"Xc_est":0.14932627959901829,"Zc_est":0.16733204466968155,"Rc_est":0.07550943910831355},"8":{"Xc_est":0.11867738474707339,"Zc_est":0.13108295991495608,"Rc_est":0.05566345955526922},"19":{"Xc_est":0.08875727528519829,"Zc_est":0.10189386890733888,"Rc_est":0.05004504575733234},"4":{"Xc_est":0.21258975275332886,"Zc_est":0.22732255684571712,"Rc_est":0.08050553940663203},"22":{"Xc_est":0.0760060827827614,"Zc_est":0.10384686922140489,"Rc_est":0.070761908023368},"11":{"Xc_est":0.03698303058734302,"Zc_est":0.040417973739842995,"Rc_est":0.01630546073590956},"35":{"Xc_est":0.15405723108027897,"Zc_est":0.17688735572373188,"Rc_est":0.08692241463979006},"13":{"Xc_est":0.18591165725682582,"Zc_est":0.203132698302885,"Rc_est":0.08185199335282811},"15":{"Xc_est":0.019052712086594845,"Zc_est":0.02114021763694076,"Rc_est":0.009159856105995547},"16":{"Xc_est":0.17155524006533615,"Zc_est":0.19359928337883772,"Rc_est":0.08971890620668752},"40":{"Xc_est":0.1636297015664946,"Zc_est":0.17582123033515432,"Rc_est":0.06433059771078847},"21":{"Xc_est":0.21656040627084763,"Zc_est":0.24310538022382827,"Rc_est":0.11046183200353654},"38":{"Xc_est":0.054468161414309546,"Zc_est":0.06490831185889145,"Rc_est":0.03530309250640559},"46":{"Xc_est":0.13657981766009603,"Zc_est":0.16538185912957282,"Rc_est":0.09325831189276795},"45":{"Xc_est":0.19253213333866154,"Zc_est":0.2061628341927083,"Rc_est":0.07371900592407635},"36":{"Xc_est":0.1866369094490782,"Zc_est":0.20960173882773817,"Rc_est":0.09539157693899365},"48":{"Xc_est":0.12434684034050206,"Zc_est":0.13461988722571805,"Rc_est":0.05157884579940436},"18":{"Xc_est":0.09920676461802355,"Zc_est":0.10826706864106804,"Rc_est":0.043356383683995234},"30":{"Xc_est":0.24360266915649545,"Zc_est":0.262786832936047,"Rc_est":0.0985629704523403},"3":{"Xc_est":0.03400883149855868,"Zc_est":0.042273782093022905,"Rc_est":0.025109202148834345}}