linecode_id,linecode_name,A_p_est,dist_est,x_est,r_est,scenario_id
4,hydrogen,"[130.8985410033866, 109.57011426360292, 300.0000015055465, 300.0000014307259]","[3.3801010087127374, 9.231091993083558, 5.854563448668719, 1054.4619372806478, 1053.4668118339634, 1051.4458918363998]",[0.7621527550978213 0.7870933348740088 0.7239677990165918 0.4262566792065211; 0.7870933348740088 0.7677403379327367 0.7525787219802793 0.42631600353305477; 0.7239677990165918 0.7525787219802793 0.7360975828235472 0.42643665317717644; 0.4262566792065211 0.42631600353305477 0.42643665317717644 0.7360975828313824],[0.23305761801843858 0.049348 0.049348 0.049348; 0.049348 0.26881770785345915 0.049348 0.049348; 0.049348 0.049348 0.1295057361540729 0.049348; 0.049348 0.049348 0.049348 0.1295057361740644],1
1,pluto,"[152.23692292191487, 300.000000348433, 99.60882514467569, 299.9999981014778]","[29.817297174508656, 660.9949461912049, 661.622057435936, 1566.295424917749, 1566.560124693208, 905.300914333076]",[0.7574084526588901 0.6502965679725458 0.4556017182421643 0.4013951498082467; 0.6502965679725458 0.73609758294472 0.45554213537490396 0.40138453226392157; 0.4556017182421643 0.45554213537490396 0.7707347191235272 0.43583972243385033; 0.4013951498082467 0.40138453226392157 0.43583972243385033 0.7360975831800213],[0.3556817620025382 0.049348 0.049348 0.049348; 0.049348 0.20479903086732118 0.049348 0.049348; 0.049348 0.049348 0.5175325132359075 0.049348; 0.049348 0.049348 0.049348 0.2047990320316262],1
10,tw2x16_lv_oh_2w_bundled,"[9.999999940405905, 9.999999905352452]",[99.99998602380603],[0.8429496001107271 0.5742647347666815; 0.5742647347666815 0.8429496002208511],[3.6724599011079913 0.049348; 0.049348 3.67245991380825],1
7,abc2x16_lv_oh_2w_bundled,"[55.005306499039385, 9.999999912055108]",[2.000000110787143],[0.7893902029317046 0.8200649519817312; 0.8200649519817312 0.8429496001997939],[0.8625382017691128 0.049348; 0.049348 4.522325668370127],1
