linecode_id,linecode_name,A_p_est,dist_est,x_est,r_est,scenario_id
4,hydrogen,"[300.00000133933696, 154.43675170978526, 300.0000025829801, 125.25503878708737]","[975.917532536388, 2059.538392372606, 1083.6208598362182, 2407.598656318995, 1431.6811237826073, 348.06026394638974]",[0.7360975828409527 0.43112036711792184 0.3841937181692823 0.37438262915244436; 0.43112036711792184 0.7569577390026869 0.4245427820429384 0.40704147613184555; 0.3841937181692823 0.4245427820429384 0.7360975827107183 0.4959003130845628; 0.37438262915244436 0.40704147613184555 0.4959003130845628 0.7635372757471294],[0.12950573619848285 0.049348 0.049348 0.049348; 0.049348 0.20505783396550817 0.049348 0.049348; 0.049348 0.049348 0.1295057358661908 0.049348; 0.049348 0.049348 0.049348 0.24133485497818175],1
1,pluto,"[86.8200611576997, 287.01911981031094, 137.28476260489015, 300.00000268755116]","[184.45139802507518, 19.10379362420157, 185.3350075669717, 2999.9993375337012, 2999.9949457163493, 2980.90172068029]",[0.775051687572851 0.53579798174304 0.6782694832490314 0.36056070597525786; 0.53579798174304 0.7374872270646908 0.5354977053696303 0.3605607979575681; 0.6782694832490314 0.5354977053696303 0.7606562601957043 0.36096196509278405; 0.36056070597525786 0.3605607979575681 0.36096196509278405 0.7360975826997677],[0.5864970032661043 0.049348 0.049348 0.049348; 0.049348 0.2118295425020521 0.049348 0.049348; 0.049348 0.049348 0.3890456359902264 0.049348; 0.049348 0.049348 0.049348 0.2047990296552601],1
10,tw2x16_lv_oh_2w_bundled,"[9.999999910394852, 9.999999907200486]",[99.99998308898951],[0.8429496002050098 0.5742647366106858; 0.5742647366106858 0.8429496002150453],[3.6724599119813317 0.049348; 0.049348 3.6724599131386864],1
7,abc2x16_lv_oh_2w_bundled,"[10.380383291405314, 299.99994721106003]",[41.92586999937794],[0.8417767555056367 0.6288825181193333; 0.6288825181193333 0.7360975885092663],[4.358415886477835 0.049348; 0.049348 0.19844728053706234],1
