{"32":{"shunt_est":{"gs":0.5768535798336837},"shunt_true":{"gs":1.1537066666666667}},"29":{"shunt_est":{"gs":11.537066533159956},"shunt_true":{"gs":5.768533333333333}},"1":{"shunt_est":{"gs":11.53706668031649},"shunt_true":{"gs":0.7210666666666666}},"54":{"shunt_est":{"gs":1.0171170999693846},"shunt_true":{"gs":1.9228444444444444}},"24":{"shunt_est":{"gs":11.537066456596454},"shunt_true":{"gs":1.1537066666666667}},"2":{"shunt_est":{"gs":11.537066663461335},"shunt_true":{"gs":0.7210666666666666}},"25":{"shunt_est":{"gs":11.537066281931383},"shunt_true":{"gs":1.4421333333333333}},"23":{"shunt_est":{"gs":0.5768544416109767},"shunt_true":{"gs":1.1537066666666667}},"41":{"shunt_est":{"gs":0.5768536094266593},"shunt_true":{"gs":1.1537066666666667}},"51":{"shunt_est":{"gs":11.537066650828278},"shunt_true":{"gs":0.7210666666666666}},"53":{"shunt_est":{"gs":11.53706670850906},"shunt_true":{"gs":0.8240761904761905}},"49":{"shunt_est":{"gs":11.537066632007146},"shunt_true":{"gs":1.1537066666666667}},"27":{"shunt_est":{"gs":11.537066615437853},"shunt_true":{"gs":0.7210666666666666}},"5":{"shunt_est":{"gs":0.5768536684906357},"shunt_true":{"gs":5.768533333333333}},"31":{"shunt_est":{"gs":11.537066512971146},"shunt_true":{"gs":2.8842666666666665}},"42":{"shunt_est":{"gs":11.53706667750218},"shunt_true":{"gs":2.8842666666666665}},"33":{"shunt_est":{"gs":11.537066675014335},"shunt_true":{"gs":1.4421333333333333}},"28":{"shunt_est":{"gs":0.5768699040266942},"shunt_true":{"gs":0.9614222222222222}},"43":{"shunt_est":{"gs":11.53706670921333},"shunt_true":{"gs":0.7210666666666666}},"50":{"shunt_est":{"gs":11.537066607515682},"shunt_true":{"gs":2.8842666666666665}},"52":{"shunt_est":{"gs":0.57685424783588},"shunt_true":{"gs":0.9614222222222222}},"39":{"shunt_est":{"gs":0.576853569327837},"shunt_true":{"gs":1.1537066666666667}},"34":{"shunt_est":{"gs":0.5768535172243466},"shunt_true":{"gs":0.7210666666666666}},"26":{"shunt_est":{"gs":11.537066550472025},"shunt_true":{"gs":1.9228444444444444}},"10":{"shunt_est":{"gs":11.537066660352908},"shunt_true":{"gs":2.8842666666666665}}}