{"32":{"shunt_est":{"gs":0.5768535913440579},"shunt_true":{"gs":0.14138562091503268}},"29":{"shunt_est":{"gs":11.537066518903295},"shunt_true":{"gs":0.028277124183006534}},"1":{"shunt_est":{"gs":11.53706667769096},"shunt_true":{"gs":0.22621699346405227}},"54":{"shunt_est":{"gs":0.5769947730882734},"shunt_true":{"gs":0.08483137254901961}},"24":{"shunt_est":{"gs":11.537066428656974},"shunt_true":{"gs":0.14138562091503268}},"2":{"shunt_est":{"gs":11.537066661157638},"shunt_true":{"gs":0.22621699346405227}},"25":{"shunt_est":{"gs":11.537066254890393},"shunt_true":{"gs":0.11310849673202614}},"23":{"shunt_est":{"gs":0.5768548506911911},"shunt_true":{"gs":0.14138562091503268}},"41":{"shunt_est":{"gs":0.5768536334205349},"shunt_true":{"gs":0.14138562091503268}},"51":{"shunt_est":{"gs":11.537066643125128},"shunt_true":{"gs":0.22621699346405227}},"53":{"shunt_est":{"gs":11.537066704344905},"shunt_true":{"gs":0.19793986928104573}},"49":{"shunt_est":{"gs":11.537066625624378},"shunt_true":{"gs":0.14138562091503268}},"27":{"shunt_est":{"gs":11.537066611791964},"shunt_true":{"gs":0.22621699346405227}},"5":{"shunt_est":{"gs":0.5768536965675477},"shunt_true":{"gs":0.028277124183006534}},"31":{"shunt_est":{"gs":11.537066499798382},"shunt_true":{"gs":0.05655424836601307}},"42":{"shunt_est":{"gs":11.53706667401989},"shunt_true":{"gs":0.05655424836601307}},"33":{"shunt_est":{"gs":11.53706667133327},"shunt_true":{"gs":0.11310849673202614}},"28":{"shunt_est":{"gs":9.346494779519457},"shunt_true":{"gs":0.16966274509803922}},"43":{"shunt_est":{"gs":11.537066706587451},"shunt_true":{"gs":0.22621699346405227}},"50":{"shunt_est":{"gs":11.53706660637103},"shunt_true":{"gs":0.05655424836601307}},"52":{"shunt_est":{"gs":0.5768543305536801},"shunt_true":{"gs":0.16966274509803922}},"39":{"shunt_est":{"gs":0.5768535816964242},"shunt_true":{"gs":0.14138562091503268}},"34":{"shunt_est":{"gs":0.576853526255593},"shunt_true":{"gs":0.22621699346405227}},"26":{"shunt_est":{"gs":11.537066542781789},"shunt_true":{"gs":0.08483137254901961}},"10":{"shunt_est":{"gs":11.537066654801858},"shunt_true":{"gs":0.05655424836601307}}}