{"32":{"Xc_est":0.20679530697970197,"Zc_est":0.22949920519796893,"Rc_est":0.09952681145133847},"29":{"Xc_est":0.11014375331644363,"Zc_est":0.15183970822540557,"Rc_est":0.10451626954375436},"1":{"Xc_est":0.14254319393438453,"Zc_est":0.19447326589573066,"Rc_est":0.1322924374676648},"54":{"Xc_est":0.10916731546320194,"Zc_est":0.1145473542107066,"Rc_est":0.03469284639851327},"2":{"Xc_est":0.16767315822982345,"Zc_est":0.2199295131271524,"Rc_est":0.1423190175401126},"41":{"Xc_est":0.08794007081751795,"Zc_est":0.09405907129468977,"Rc_est":0.033371437449253805},"51":{"Xc_est":0.11337867660195233,"Zc_est":0.1474048917999902,"Rc_est":0.09419913916038047},"53":{"Xc_est":0.11116994553430906,"Zc_est":0.11762468954935762,"Rc_est":0.038429296135650395},"27":{"Xc_est":0.1452508019382712,"Zc_est":0.1586746936945355,"Rc_est":0.0638738049230181},"42":{"Xc_est":0.18123398426764997,"Zc_est":0.19987838834140956,"Rc_est":0.08429479860841081},"33":{"Xc_est":0.0965755482133949,"Zc_est":0.13274853150154223,"Rc_est":0.09107873573506708},"28":{"Xc_est":0.1276134803432694,"Zc_est":0.1469022496991617,"Rc_est":0.07276723576825533},"50":{"Xc_est":0.16621800137472703,"Zc_est":0.1944188148492625,"Rc_est":0.10084766525003466},"52":{"Xc_est":0.05097785327376018,"Zc_est":0.05541920546712965,"Rc_est":0.021738141829671445},"26":{"Xc_est":0.17251721019818722,"Zc_est":0.1863889410228383,"Rc_est":0.07055954592434382},"10":{"Xc_est":0.15068349602013822,"Zc_est":0.16119978619752695,"Rc_est":0.05727001918349065},"24":{"Xc_est":0.10575634209613322,"Zc_est":0.11162703504732582,"Rc_est":0.03572381642409656},"25":{"Xc_est":0.09719684417044638,"Zc_est":0.10097862700482095,"Rc_est":0.027376204906537322},"23":{"Xc_est":0.08622334288395905,"Zc_est":0.09513941205546085,"Rc_est":0.04021247155017951},"49":{"Xc_est":0.1485374873859207,"Zc_est":0.16717023402029263,"Rc_est":0.07669747051550559},"5":{"Xc_est":0.08846960146375754,"Zc_est":0.09992334691865154,"Rc_est":0.046452178380234216},"31":{"Xc_est":0.13614689828832938,"Zc_est":0.14276140299681206,"Rc_est":0.04295160383600921},"43":{"Xc_est":0.1313888955539468,"Zc_est":0.13813564673044934,"Rc_est":0.04264287774943845},"39":{"Xc_est":0.06690162603974446,"Zc_est":0.08733117371123345,"Rc_est":0.056132934494998704},"34":{"Xc_est":0.11852258367893485,"Zc_est":0.13880751727191992,"Rc_est":0.07224904158024681},"44":{"Xc_est":0.2239111386162598,"Zc_est":0.24291761999204348,"Rc_est":0.09419539323220073},"55":{"Xc_est":0.09402581160177025,"Zc_est":0.1153893684122728,"Rc_est":0.06688686788310265},"17":{"Xc_est":0.1339742772926565,"Zc_est":0.1731643202914225,"Rc_est":0.1097122365367726},"37":{"Xc_est":0.18002112616044302,"Zc_est":0.2141560733289074,"Rc_est":0.11599662874231398},"47":{"Xc_est":0.2084393827917843,"Zc_est":0.22153638121550331,"Rc_est":0.07504260059086984},"9":{"Xc_est":0.020333218454339393,"Zc_est":0.03453451091462922,"Rc_est":0.027914022845171502},"12":{"Xc_est":0.14711873862620878,"Zc_est":0.16058758190635983,"Rc_est":0.06437738894647015},"20":{"Xc_est":0.14988794773965866,"Zc_est":0.17152030069650878,"Rc_est":0.08338355157592023},"6":{"Xc_est":0.1071926570419951,"Zc_est":0.11311177120082441,"Rc_est":0.03611103793114884},"14":{"Xc_est":0.11852258368939546,"Zc_est":0.13880751730457275,"Rc_est":0.07224904162582027},"7":{"Xc_est":0.13928147620793146,"Zc_est":0.1547687964742685,"Rc_est":0.06748370727392622},"8":{"Xc_est":0.10474791988281684,"Zc_est":0.11692478126616111,"Rc_est":0.051954573950352106},"19":{"Xc_est":0.08925114210254137,"Zc_est":0.10223256188619118,"Rc_est":0.049857099225745924},"4":{"Xc_est":0.18887883196486557,"Zc_est":0.20183508225725114,"Rc_est":0.07114904964494889},"22":{"Xc_est":0.0771439733027497,"Zc_est":0.10630053716334256,"Rc_est":0.07313420256131746},"11":{"Xc_est":0.034094902392033166,"Zc_est":0.03472328934533328,"Rc_est":0.006576051538534865},"35":{"Xc_est":0.1429225881015685,"Zc_est":0.16301830788614124,"Rc_est":0.0784098368599893},"13":{"Xc_est":0.16472712888254223,"Zc_est":0.18063051428533786,"Rc_est":0.07411042909806938},"15":{"Xc_est":0.018469495622900962,"Zc_est":0.01929553970527427,"Rc_est":0.00558530070394227},"16":{"Xc_est":0.15054503616333548,"Zc_est":0.17349993581390113,"Rc_est":0.08624627420363054},"40":{"Xc_est":0.1532025360535274,"Zc_est":0.1619896029305573,"Rc_est":0.05262712612681082},"21":{"Xc_est":0.19087456322590782,"Zc_est":0.2117850295291078,"Rc_est":0.09175946733696737},"38":{"Xc_est":0.053019460333255115,"Zc_est":0.06123258561340902,"Rc_est":0.030632766229543355},"46":{"Xc_est":0.12663103821504548,"Zc_est":0.1516273657602041,"Rc_est":0.08339926982868859},"45":{"Xc_est":0.18232520384265763,"Zc_est":0.1946782947867612,"Rc_est":0.06824337700329933},"36":{"Xc_est":0.16656045956877719,"Zc_est":0.19548859223111612,"Rc_est":0.10233964530298771},"48":{"Xc_est":0.10983789336939635,"Zc_est":0.1171683188561711,"Rc_est":0.04079279499806916},"18":{"Xc_est":0.09033700512838663,"Zc_est":0.09933901528445044,"Rc_est":0.041321489108188315},"30":{"Xc_est":0.2256628315316015,"Zc_est":0.24471549878361726,"Rc_est":0.09466763866313886},"3":{"Xc_est":0.03155879593495558,"Zc_est":0.03775841620048742,"Rc_est":0.02073018073015916}}