linecode_id,linecode_name,A_p_est,dist_est,x_est,r_est,scenario_id
4,hydrogen,"[167.72945696693301, 162.239438567423, 299.99999960089275, 134.71916606860472]","[595.5406327795947, 1260.6804295845452, 665.1397968049506, 1766.7694831064468, 1171.2288503268524, 506.0890535219017]",[0.7543637931547303 0.46215362397781073 0.4150335661737079 0.3938276952050687; 0.46215362397781073 0.7554092876722931 0.4552089525700894 0.4196578820951477; 0.4150335661737079 0.4552089525700894 0.7360975830230025 0.4723799699551813; 0.3938276952050687 0.4196578820951477 0.4723799699551813 0.7612489220117327],[0.1927176942788283 0.049348 0.049348 0.049348; 0.049348 0.19756917962957296 0.049348 0.049348; 0.049348 0.049348 0.12950573666298204 0.049348; 0.049348 0.049348 0.049348 0.2278476275485936],1
1,pluto,"[181.09012703765532, 205.9104093779879, 105.83133222803889, 300.0000025831665]","[534.9860749866414, 2466.364133072662, 2522.742243669932, 2999.99981427891, 2738.5073138965286, 1665.5277252331825]",[0.7519559910988908 0.46889103028668977 0.3728674221097015 0.3605606959903048; 0.46889103028668977 0.7479207214629991 0.3714473280207962 0.3662909260571409; 0.3728674221097015 0.3714473280207962 0.7688310397469681 0.39753545568814874; 0.3605606959903048 0.3662909260571409 0.39753545568814874 0.7360975827106987],[0.3068734105634562 0.049348 0.049348 0.049348; 0.049348 0.27583149568745013 0.049348 0.049348; 0.049348 0.049348 0.49000492392375544 0.049348; 0.049348 0.049348 0.049348 0.20479902970934907],1
10,tw2x16_lv_oh_2w_bundled,"[14.18668186682364, 9.999999999139645]",[2.000002693449105],[0.8319628424339061 0.8200648708448799; 0.8200648708448799 0.8429495999262091],[2.6032305170875483 0.049348; 0.049348 3.6724598798281],1
7,abc2x16_lv_oh_2w_bundled,"[10.00000054514264, 51.96601003794133]",[13.163721979546136],[0.8429495982108862 0.7016695163831299; 0.7016695163831299 0.7911758824227253],[4.522325385191503 0.049348; 0.049348 0.9100986379202041],1
