{"32":{"shunt_est":{"gs":11.537066692769839},"shunt_true":{"gs":1.1537066666666667}},"29":{"shunt_est":{"gs":11.537065087976245},"shunt_true":{"gs":5.768533333333333}},"1":{"shunt_est":{"gs":0.576853464191906},"shunt_true":{"gs":0.7210666666666666}},"54":{"shunt_est":{"gs":11.537066424954757},"shunt_true":{"gs":1.9228444444444444}},"2":{"shunt_est":{"gs":11.537066687125773},"shunt_true":{"gs":0.7210666666666666}},"41":{"shunt_est":{"gs":0.5768536394430149},"shunt_true":{"gs":1.1537066666666667}},"51":{"shunt_est":{"gs":11.537066696323578},"shunt_true":{"gs":0.7210666666666666}},"53":{"shunt_est":{"gs":0.576853612899495},"shunt_true":{"gs":0.8240761904761905}},"27":{"shunt_est":{"gs":0.5768534771619239},"shunt_true":{"gs":0.7210666666666666}},"42":{"shunt_est":{"gs":0.5768537187591043},"shunt_true":{"gs":2.8842666666666665}},"33":{"shunt_est":{"gs":0.5768533878374579},"shunt_true":{"gs":1.4421333333333333}},"28":{"shunt_est":{"gs":0.5768533876743058},"shunt_true":{"gs":0.9614222222222222}},"50":{"shunt_est":{"gs":0.5768540265574665},"shunt_true":{"gs":2.8842666666666665}},"52":{"shunt_est":{"gs":11.537065032132867},"shunt_true":{"gs":0.9614222222222222}},"26":{"shunt_est":{"gs":0.5768535109389165},"shunt_true":{"gs":1.9228444444444444}},"10":{"shunt_est":{"gs":11.537066701089099},"shunt_true":{"gs":2.8842666666666665}},"24":{"shunt_est":{"gs":0.5768536915122588},"shunt_true":{"gs":1.1537066666666667}},"25":{"shunt_est":{"gs":0.5768556050209322},"shunt_true":{"gs":1.4421333333333333}},"23":{"shunt_est":{"gs":0.5768566012076582},"shunt_true":{"gs":1.1537066666666667}},"49":{"shunt_est":{"gs":0.5768536767246677},"shunt_true":{"gs":1.1537066666666667}},"5":{"shunt_est":{"gs":0.576857747627934},"shunt_true":{"gs":5.768533333333333}},"31":{"shunt_est":{"gs":6.129315876322888},"shunt_true":{"gs":2.8842666666666665}},"43":{"shunt_est":{"gs":11.53704975553605},"shunt_true":{"gs":0.7210666666666666}},"39":{"shunt_est":{"gs":11.537066539586517},"shunt_true":{"gs":1.1537066666666667}},"34":{"shunt_est":{"gs":11.537066483790131},"shunt_true":{"gs":0.7210666666666666}},"44":{"shunt_est":{"gs":11.537066477846198},"shunt_true":{"gs":5.768533333333333}},"55":{"shunt_est":{"gs":9.13017127059526},"shunt_true":{"gs":0.9614222222222222}},"17":{"shunt_est":{"gs":0.576853428445116},"shunt_true":{"gs":0.7210666666666666}},"37":{"shunt_est":{"gs":0.5768534542946723},"shunt_true":{"gs":0.7210666666666666}},"47":{"shunt_est":{"gs":0.5768534104444936},"shunt_true":{"gs":2.8842666666666665}},"9":{"shunt_est":{"gs":0.5768575246024084},"shunt_true":{"gs":5.768533333333333}},"12":{"shunt_est":{"gs":0.5768533816248658},"shunt_true":{"gs":1.4421333333333333}},"20":{"shunt_est":{"gs":11.537066389916532},"shunt_true":{"gs":5.768533333333333}},"6":{"shunt_est":{"gs":0.5768535974845933},"shunt_true":{"gs":1.1537066666666667}},"14":{"shunt_est":{"gs":11.537066387728489},"shunt_true":{"gs":0.9614222222222222}},"7":{"shunt_est":{"gs":0.5768564263384016},"shunt_true":{"gs":1.4421333333333333}},"8":{"shunt_est":{"gs":11.537059768809861},"shunt_true":{"gs":1.4421333333333333}},"19":{"shunt_est":{"gs":0.5768535998337166},"shunt_true":{"gs":0.9614222222222222}},"4":{"shunt_est":{"gs":0.5768535630819159},"shunt_true":{"gs":0.7210666666666666}},"22":{"shunt_est":{"gs":11.537065575391994},"shunt_true":{"gs":2.8842666666666665}},"11":{"shunt_est":{"gs":0.5768554733415856},"shunt_true":{"gs":1.1537066666666667}},"35":{"shunt_est":{"gs":0.5768533958487317},"shunt_true":{"gs":0.7210666666666666}},"13":{"shunt_est":{"gs":0.5768535288228773},"shunt_true":{"gs":5.768533333333333}},"15":{"shunt_est":{"gs":11.537063832205884},"shunt_true":{"gs":1.4421333333333333}},"16":{"shunt_est":{"gs":0.5768535953635655},"shunt_true":{"gs":1.1537066666666667}},"40":{"shunt_est":{"gs":0.5768536856086642},"shunt_true":{"gs":1.1537066666666667}},"21":{"shunt_est":{"gs":5.40654061794046},"shunt_true":{"gs":2.8842666666666665}},"38":{"shunt_est":{"gs":0.5768578227659035},"shunt_true":{"gs":1.9228444444444444}},"46":{"shunt_est":{"gs":0.5768540831505037},"shunt_true":{"gs":5.768533333333333}},"45":{"shunt_est":{"gs":0.5768535879728993},"shunt_true":{"gs":1.4421333333333333}},"36":{"shunt_est":{"gs":11.537063503310423},"shunt_true":{"gs":0.9614222222222222}},"48":{"shunt_est":{"gs":0.5768533827239841},"shunt_true":{"gs":0.8240761904761905}},"18":{"shunt_est":{"gs":0.5768534788712066},"shunt_true":{"gs":5.768533333333333}},"30":{"shunt_est":{"gs":11.537066556560093},"shunt_true":{"gs":1.9228444444444444}},"3":{"shunt_est":{"gs":0.5768580499861545},"shunt_true":{"gs":0.8240761904761905}}}