{"32":{"Xc_est":0.2000697849333024,"Zc_est":0.21693164534648637,"Rc_est":0.08385356229448972},"29":{"Xc_est":0.10147292157077101,"Zc_est":0.1309969514703665,"Rc_est":0.08284592616672054},"1":{"Xc_est":0.14590293393674805,"Zc_est":0.17703016597741744,"Rc_est":0.10025973037386893},"54":{"Xc_est":0.10318004188386684,"Zc_est":0.11509065586366597,"Rc_est":0.050987626184911525},"2":{"Xc_est":0.1741643490630199,"Zc_est":0.20761250511393997,"Rc_est":0.11300323798520251},"41":{"Xc_est":0.08369336012031496,"Zc_est":0.08855560690703852,"Rc_est":0.028939885736560936},"51":{"Xc_est":0.1088510610509032,"Zc_est":0.13543621510640422,"Rc_est":0.08058793253608595},"53":{"Xc_est":0.11032085132716817,"Zc_est":0.11937694784380079,"Rc_est":0.0456088307123784},"27":{"Xc_est":0.1522790795360702,"Zc_est":0.16231422396602166,"Rc_est":0.05618709137639222},"42":{"Xc_est":0.17125944669163146,"Zc_est":0.18410490977822977,"Rc_est":0.06756344961091285},"33":{"Xc_est":0.09233813516353884,"Zc_est":0.12295614894470422,"Rc_est":0.08119041419916713},"28":{"Xc_est":0.12413712448605908,"Zc_est":0.1406216440481912,"Rc_est":0.06606376540244172},"50":{"Xc_est":0.17146640887889292,"Zc_est":0.18588263607813535,"Rc_est":0.07177482164055039},"52":{"Xc_est":0.0452904118423716,"Zc_est":0.05006210097673453,"Rc_est":0.021330554361130204},"26":{"Xc_est":0.16138338291283238,"Zc_est":0.1705574584816553,"Rc_est":0.055183787141983},"10":{"Xc_est":0.142774003654175,"Zc_est":0.15291995556626745,"Rc_est":0.05477313840694933},"24":{"Xc_est":0.10239321771140661,"Zc_est":0.10874104786119536,"Rc_est":0.03660934930663571},"25":{"Xc_est":0.08821275252369991,"Zc_est":0.09626143401014613,"Rc_est":0.038532764887588764},"23":{"Xc_est":0.08120576574701173,"Zc_est":0.08667358958511379,"Rc_est":0.030297437862139478},"49":{"Xc_est":0.13889865283183145,"Zc_est":0.15014020518506252,"Rc_est":0.057002153069116934},"5":{"Xc_est":0.08421558475939714,"Zc_est":0.0931899883652274,"Rc_est":0.039901243278173876},"31":{"Xc_est":0.13404631934998182,"Zc_est":0.1409355525852408,"Rc_est":0.04352486934190457},"43":{"Xc_est":0.1284143285808032,"Zc_est":0.13762792341573862,"Rc_est":0.04950965076497636},"39":{"Xc_est":0.0635513379272473,"Zc_est":0.0797344664101805,"Rc_est":0.04815405051886104},"34":{"Xc_est":0.11110095991737907,"Zc_est":0.12043330792122697,"Rc_est":0.04648395811767757},"44":{"Xc_est":0.2214958287097358,"Zc_est":0.23603408926767622,"Rc_est":0.08155788840209587},"55":{"Xc_est":0.08957584404101884,"Zc_est":0.10486572079962435,"Rc_est":0.05452510947411143},"17":{"Xc_est":0.13053073040439067,"Zc_est":0.16307829128801019,"Rc_est":0.09775611238952468},"37":{"Xc_est":0.16930198991650097,"Zc_est":0.1916852283117902,"Rc_est":0.08988917044481015},"47":{"Xc_est":0.20243566902137802,"Zc_est":0.21569047287330834,"Rc_est":0.07444581919878682},"9":{"Xc_est":0.021769464031328033,"Zc_est":0.034073271414402785,"Rc_est":0.026212177717013008},"12":{"Xc_est":0.15333161904142917,"Zc_est":0.16386010009451413,"Rc_est":0.05778881384072722},"20":{"Xc_est":0.1554584912597743,"Zc_est":0.1684365344874831,"Rc_est":0.06483458679892827},"6":{"Xc_est":0.10435387588789719,"Zc_est":0.11161244808751523,"Rc_est":0.039593019021812836},"14":{"Xc_est":0.11371783416007242,"Zc_est":0.12679638185322734,"Rc_est":0.05608544057963444},"7":{"Xc_est":0.13593326615303805,"Zc_est":0.14919683522052943,"Rc_est":0.06149668928315681},"8":{"Xc_est":0.09638138048137343,"Zc_est":0.10464750291453191,"Rc_est":0.040764314820093475},"19":{"Xc_est":0.08499184692088603,"Zc_est":0.09513740184159016,"Rc_est":0.04274939983373892},"4":{"Xc_est":0.1870466562412685,"Zc_est":0.19761214581220182,"Rc_est":0.06375036126535794},"22":{"Xc_est":0.07227369557414041,"Zc_est":0.09364686252054874,"Rc_est":0.05955038025066701},"11":{"Xc_est":0.03724827696232776,"Zc_est":0.041544355097809245,"Rc_est":0.01839835057364088},"35":{"Xc_est":0.14063871253411625,"Zc_est":0.15759275870964548,"Rc_est":0.07110717357948321},"13":{"Xc_est":0.1725206173083233,"Zc_est":0.18824676799670115,"Rc_est":0.07532252163037886},"15":{"Xc_est":0.020196260891978235,"Zc_est":0.023148005361261683,"Rc_est":0.01131110950296876},"16":{"Xc_est":0.15849886522773765,"Zc_est":0.175773598204242,"Rc_est":0.07598991740478313},"40":{"Xc_est":0.1453771458282819,"Zc_est":0.15566962303398654,"Rc_est":0.05566432435919734},"21":{"Xc_est":0.18972220430546508,"Zc_est":0.2061729262749594,"Rc_est":0.08070167731996164},"38":{"Xc_est":0.046962278063918755,"Zc_est":0.054403745662805425,"Rc_est":0.02746474069039057},"46":{"Xc_est":0.12171136760033008,"Zc_est":0.14063614219250253,"Rc_est":0.07046181581287211},"45":{"Xc_est":0.1720157758036919,"Zc_est":0.1822405558701158,"Rc_est":0.060184658165539244},"36":{"Xc_est":0.17154610811642312,"Zc_est":0.18606922038186308,"Rc_est":0.07206724334691036},"48":{"Xc_est":0.10220903371821635,"Zc_est":0.11092160505882136,"Rc_est":0.0430919469879658},"18":{"Xc_est":0.08568101542961466,"Zc_est":0.09337141149371461,"Rc_est":0.037107736110934},"30":{"Xc_est":0.22340149394225053,"Zc_est":0.23883333008581195,"Rc_est":0.08445787153515652},"3":{"Xc_est":0.035231179801345644,"Zc_est":0.04291633663232142,"Rc_est":0.024506650520705348}}