scenario_id,length_bounds,meas_noise,power_mult,A_p_bounds,dist_bounds,r_ac_error,exploit_equal_crossection,exploit_squareness,exploit_horizontality,solve_time,solve_status,objective,timestep_set
1,0.3,true,2.0,false,false,false,false,false,false,687.6090002059937,LOCALLY_SOLVED,44.55081246642578,"[17445, 17448, 17446, 17444, 17443, 23015, 17350, 17442, 17542, 17441, 17447, 20806, 23010, 23105, 23685, 17440, 17539, 23106, 23006, 20902, 17828, 23097, 17430, 17439, 17541, 17543, 17351, 17537, 23109, 23684, 23107, 23112, 20807, 20801, 23012, 23013, 23009, 20809, 23014, 17352, 17349, 23103, 17346, 17341, 23102, 17345, 17544, 17538, 23005, 17545, 20904, 17450, 17254, 23104, 18883, 17449, 17434, 21859, 17451, 23781, 23688, 21190, 17534, 23004, 17535, 23690, 17540, 24833, 17348, 23016, 23589, 23114, 23017, 20804, 17344, 17251, 20803, 17436, 23683, 23022, 17829, 23108, 20903, 23011, 23686, 17253, 20802, 17831, 21856, 21187, 17437, 20899, 20797, 18312, 23689, 21188, 21189, 23007, 17256, 17435]"
