{"32":{"shunt_est":{"gs":11.53706665109309},"shunt_true":{"gs":0.7210666666666666}},"29":{"shunt_est":{"gs":2.6934945878592633},"shunt_true":{"gs":0.8240761904761905}},"1":{"shunt_est":{"gs":0.5768534048000056},"shunt_true":{"gs":0.8240761904761905}},"54":{"shunt_est":{"gs":11.53706624779463},"shunt_true":{"gs":1.1537066666666667}},"2":{"shunt_est":{"gs":11.537066642791755},"shunt_true":{"gs":1.9228444444444444}},"41":{"shunt_est":{"gs":0.5768649156606753},"shunt_true":{"gs":5.768533333333333}},"51":{"shunt_est":{"gs":11.537066580269427},"shunt_true":{"gs":1.9228444444444444}},"53":{"shunt_est":{"gs":0.5768535993785886},"shunt_true":{"gs":1.9228444444444444}},"27":{"shunt_est":{"gs":0.5768535706331025},"shunt_true":{"gs":1.1537066666666667}},"42":{"shunt_est":{"gs":0.5768535983350338},"shunt_true":{"gs":2.8842666666666665}},"33":{"shunt_est":{"gs":0.5768534093023263},"shunt_true":{"gs":2.8842666666666665}},"28":{"shunt_est":{"gs":0.5768534472353303},"shunt_true":{"gs":5.768533333333333}},"50":{"shunt_est":{"gs":0.5768539955194327},"shunt_true":{"gs":5.768533333333333}},"52":{"shunt_est":{"gs":11.537066029588235},"shunt_true":{"gs":0.7210666666666666}},"26":{"shunt_est":{"gs":0.576853508121701},"shunt_true":{"gs":0.8240761904761905}},"10":{"shunt_est":{"gs":0.5768536900387472},"shunt_true":{"gs":0.9614222222222222}},"24":{"shunt_est":{"gs":0.5768539060236592},"shunt_true":{"gs":2.8842666666666665}},"25":{"shunt_est":{"gs":0.5768538646616944},"shunt_true":{"gs":0.7210666666666666}},"23":{"shunt_est":{"gs":0.5768607466385405},"shunt_true":{"gs":1.9228444444444444}},"49":{"shunt_est":{"gs":0.5768538630428912},"shunt_true":{"gs":0.7210666666666666}},"5":{"shunt_est":{"gs":0.5768547964015134},"shunt_true":{"gs":0.9614222222222222}},"31":{"shunt_est":{"gs":0.5768541834634594},"shunt_true":{"gs":1.4421333333333333}},"43":{"shunt_est":{"gs":0.5768537199538445},"shunt_true":{"gs":0.7210666666666666}},"39":{"shunt_est":{"gs":11.5370665569642},"shunt_true":{"gs":0.7210666666666666}},"34":{"shunt_est":{"gs":11.537066471569736},"shunt_true":{"gs":0.7210666666666666}},"44":{"shunt_est":{"gs":11.53706664727843},"shunt_true":{"gs":0.7210666666666666}},"55":{"shunt_est":{"gs":11.537066410806117},"shunt_true":{"gs":0.7210666666666666}},"17":{"shunt_est":{"gs":0.5768535510833505},"shunt_true":{"gs":2.8842666666666665}},"37":{"shunt_est":{"gs":0.5768534085245373},"shunt_true":{"gs":5.768533333333333}},"47":{"shunt_est":{"gs":11.537066278887178},"shunt_true":{"gs":5.768533333333333}},"9":{"shunt_est":{"gs":11.537057028937166},"shunt_true":{"gs":5.768533333333333}},"12":{"shunt_est":{"gs":0.5768535528791857},"shunt_true":{"gs":0.9614222222222222}},"20":{"shunt_est":{"gs":11.537065318386693},"shunt_true":{"gs":2.8842666666666665}},"6":{"shunt_est":{"gs":0.5768538984171951},"shunt_true":{"gs":1.4421333333333333}},"14":{"shunt_est":{"gs":11.537066458509617},"shunt_true":{"gs":2.8842666666666665}},"7":{"shunt_est":{"gs":11.537066506746566},"shunt_true":{"gs":1.4421333333333333}},"8":{"shunt_est":{"gs":0.576855043269106},"shunt_true":{"gs":1.4421333333333333}},"19":{"shunt_est":{"gs":0.5768543583664991},"shunt_true":{"gs":0.7210666666666666}},"4":{"shunt_est":{"gs":0.5768540167473301},"shunt_true":{"gs":1.9228444444444444}},"22":{"shunt_est":{"gs":11.537063696362415},"shunt_true":{"gs":0.9614222222222222}},"11":{"shunt_est":{"gs":11.537059207159302},"shunt_true":{"gs":0.9614222222222222}},"35":{"shunt_est":{"gs":0.5768534570501814},"shunt_true":{"gs":0.7210666666666666}},"13":{"shunt_est":{"gs":0.576853627149199},"shunt_true":{"gs":5.768533333333333}},"15":{"shunt_est":{"gs":11.53706054760866},"shunt_true":{"gs":0.7210666666666666}},"16":{"shunt_est":{"gs":0.57685372568879},"shunt_true":{"gs":0.9614222222222222}},"40":{"shunt_est":{"gs":0.5768535397279693},"shunt_true":{"gs":1.9228444444444444}},"21":{"shunt_est":{"gs":0.5768543715618084},"shunt_true":{"gs":1.4421333333333333}},"38":{"shunt_est":{"gs":0.5768542837474645},"shunt_true":{"gs":1.4421333333333333}},"46":{"shunt_est":{"gs":0.5768538624492728},"shunt_true":{"gs":2.8842666666666665}},"45":{"shunt_est":{"gs":0.5768535707044434},"shunt_true":{"gs":1.4421333333333333}},"36":{"shunt_est":{"gs":0.5768552508419794},"shunt_true":{"gs":0.8240761904761905}},"48":{"shunt_est":{"gs":0.5768536558134968},"shunt_true":{"gs":5.768533333333333}},"18":{"shunt_est":{"gs":0.5768898142436941},"shunt_true":{"gs":1.9228444444444444}},"30":{"shunt_est":{"gs":11.537066647713836},"shunt_true":{"gs":5.768533333333333}},"3":{"shunt_est":{"gs":11.537059891018112},"shunt_true":{"gs":1.1537066666666667}}}