{"32":{"shunt_est":{"gs":2.884266594404418},"shunt_true":{"gs":0.8240761904761905}},"29":{"shunt_est":{"gs":2.884265927138926},"shunt_true":{"gs":2.8842666666666665}},"1":{"shunt_est":{"gs":0.1922846795637459},"shunt_true":{"gs":0.3845688888888889}},"54":{"shunt_est":{"gs":2.8842662314338474},"shunt_true":{"gs":1.1537066666666667}},"2":{"shunt_est":{"gs":2.8842665318774827},"shunt_true":{"gs":0.23074133333333333}},"41":{"shunt_est":{"gs":0.5874983934904202},"shunt_true":{"gs":0.8240761904761905}},"51":{"shunt_est":{"gs":2.8842665377888004},"shunt_true":{"gs":0.3845688888888889}},"53":{"shunt_est":{"gs":0.19228484986992112},"shunt_true":{"gs":0.3845688888888889}},"27":{"shunt_est":{"gs":0.1922847005822232},"shunt_true":{"gs":0.23074133333333333}},"42":{"shunt_est":{"gs":0.1922925079240266},"shunt_true":{"gs":1.9228444444444444}},"33":{"shunt_est":{"gs":0.19228455585926554},"shunt_true":{"gs":0.9614222222222222}},"28":{"shunt_est":{"gs":0.19228457634496027},"shunt_true":{"gs":0.7210666666666666}},"50":{"shunt_est":{"gs":0.19228536580581176},"shunt_true":{"gs":1.4421333333333333}},"52":{"shunt_est":{"gs":2.884264945042076},"shunt_true":{"gs":0.5768533333333333}},"26":{"shunt_est":{"gs":0.19228524559770893},"shunt_true":{"gs":1.4421333333333333}},"10":{"shunt_est":{"gs":2.8842646405298895},"shunt_true":{"gs":1.9228444444444444}},"24":{"shunt_est":{"gs":0.1922867081223029},"shunt_true":{"gs":0.8240761904761905}},"25":{"shunt_est":{"gs":0.19228627136173757},"shunt_true":{"gs":1.1537066666666667}},"23":{"shunt_est":{"gs":2.8842635311912916},"shunt_true":{"gs":0.8240761904761905}},"49":{"shunt_est":{"gs":0.19228607855913402},"shunt_true":{"gs":0.8240761904761905}},"5":{"shunt_est":{"gs":2.8842657784500343},"shunt_true":{"gs":2.8842666666666665}},"31":{"shunt_est":{"gs":0.19229346847779652},"shunt_true":{"gs":1.9228444444444444}},"43":{"shunt_est":{"gs":0.19228529214645568},"shunt_true":{"gs":0.3845688888888889}},"39":{"shunt_est":{"gs":2.8842663879620614},"shunt_true":{"gs":0.7210666666666666}},"34":{"shunt_est":{"gs":2.8842663969107796},"shunt_true":{"gs":0.23074133333333333}},"44":{"shunt_est":{"gs":2.8842665850335227},"shunt_true":{"gs":2.8842666666666665}},"55":{"shunt_est":{"gs":2.8842649285560777},"shunt_true":{"gs":0.5768533333333333}},"17":{"shunt_est":{"gs":0.19228549940371237},"shunt_true":{"gs":0.3845688888888889}},"37":{"shunt_est":{"gs":0.19228476555781795},"shunt_true":{"gs":0.23074133333333333}},"47":{"shunt_est":{"gs":2.884266299725461},"shunt_true":{"gs":1.9228444444444444}},"9":{"shunt_est":{"gs":0.19229709205268283},"shunt_true":{"gs":2.8842666666666665}},"12":{"shunt_est":{"gs":0.19228463611774124},"shunt_true":{"gs":0.9614222222222222}},"20":{"shunt_est":{"gs":2.8842659575844167},"shunt_true":{"gs":1.9228444444444444}},"6":{"shunt_est":{"gs":0.19228621571439994},"shunt_true":{"gs":0.8240761904761905}},"14":{"shunt_est":{"gs":2.884266392494884},"shunt_true":{"gs":0.7210666666666666}},"7":{"shunt_est":{"gs":2.8842649175108206},"shunt_true":{"gs":1.1537066666666667}},"8":{"shunt_est":{"gs":2.8842656831853324},"shunt_true":{"gs":0.9614222222222222}},"19":{"shunt_est":{"gs":0.19228543843292425},"shunt_true":{"gs":0.5768533333333333}},"4":{"shunt_est":{"gs":2.8842661205497304},"shunt_true":{"gs":0.23074133333333333}},"22":{"shunt_est":{"gs":2.884263009742627},"shunt_true":{"gs":1.4421333333333333}},"11":{"shunt_est":{"gs":2.884246595319658},"shunt_true":{"gs":0.8240761904761905}},"35":{"shunt_est":{"gs":0.1922845751690477},"shunt_true":{"gs":0.23074133333333333}},"13":{"shunt_est":{"gs":0.1922847645094808},"shunt_true":{"gs":2.8842666666666665}},"15":{"shunt_est":{"gs":2.8842556186933614},"shunt_true":{"gs":1.1537066666666667}},"16":{"shunt_est":{"gs":0.19228484867249557},"shunt_true":{"gs":0.8240761904761905}},"40":{"shunt_est":{"gs":0.19228501423526775},"shunt_true":{"gs":0.8240761904761905}},"21":{"shunt_est":{"gs":2.8842663302872174},"shunt_true":{"gs":1.4421333333333333}},"38":{"shunt_est":{"gs":2.8842585507311296},"shunt_true":{"gs":1.1537066666666667}},"46":{"shunt_est":{"gs":2.863187368609297},"shunt_true":{"gs":2.8842666666666665}},"45":{"shunt_est":{"gs":0.19228694511079816},"shunt_true":{"gs":0.9614222222222222}},"36":{"shunt_est":{"gs":2.8842622374426874},"shunt_true":{"gs":0.7210666666666666}},"48":{"shunt_est":{"gs":0.19228475750483662},"shunt_true":{"gs":0.3845688888888889}},"18":{"shunt_est":{"gs":2.884262460932093},"shunt_true":{"gs":2.8842666666666665}},"30":{"shunt_est":{"gs":2.884266584648132},"shunt_true":{"gs":1.1537066666666667}},"3":{"shunt_est":{"gs":0.19231071107805164},"shunt_true":{"gs":0.3845688888888889}}}