linecode_id,linecode_name,A_p_est,dist_est,x_est,r_est,scenario_id
4,hydrogen,"[172.69136414771185, 163.72875088041803, 300.000002274172, 140.89244376596992]","[716.4160863602676, 1641.676033323816, 925.2599469635481, 2390.327257348477, 1673.9111709882095, 748.6512240246608]",[0.7534479013697716 0.4505428041445145 0.39844176542872145 0.3748349917971004; 0.4505428041445145 0.7551222132723494 0.43446952419246837 0.39721998366627487; 0.39844176542872145 0.43446952419246837 0.7360975827430567 0.4477774361798798; 0.3748349917971004 0.39721998366627487 0.4477774361798798 0.7598413460780125],[0.18859828090191097 0.049348 0.049348 0.049348; 0.049348 0.19622092755605536 0.049348 0.049348; 0.049348 0.049348 0.12950573594870196 0.049348; 0.049348 0.049348 0.049348 0.22002657100162867],1
1,pluto,"[165.819149294655, 200.31262169387864, 105.14595521937068, 300.0000026913433]","[246.70484190986875, 1295.314411510078, 1318.4115972507398, 2429.748203971487, 2298.6438559915655, 1548.3861031751023]",[0.7547236500445272 0.5175260185229202 0.4133307023693937 0.37380722691458906; 0.5175260185229202 0.7487866065413957 0.4122201956464799 0.37729241183211; 0.4133307023693937 0.4122201956464799 0.7690351553663227 0.4021177218562734; 0.37380722691458906 0.37729241183211 0.4021177218562734 0.7360975826993705],[0.33059000077453815 0.049348 0.049348 0.049348; 0.049348 0.28216063516998713 0.049348 0.049348; 0.049348 0.049348 0.4928772752542245 0.049348; 0.049348 0.049348 0.049348 0.2047990296532951],1
10,tw2x16_lv_oh_2w_bundled,"[14.175164398699033, 9.999999915333154]",[2.275127906630025],[0.8319883578954246 0.8119665959735427; 0.8119665959735427 0.8429496001894957],[2.6053055731262105 0.049348; 0.049348 3.6724599101921296],1
7,abc2x16_lv_oh_2w_bundled,"[53.39821945502263, 9.999999984938423]",[2.0000082074636687],[0.7903217583478173 0.8200646976170705; 0.8200646976170705 0.8429495999708237],[0.8870121908069926 0.049348; 0.049348 4.522325635769583],1
