{"32":{"Xc_est":0.2043234683064237,"Zc_est":0.21900633185223592,"Rc_est":0.0788396707920927},"29":{"Xc_est":0.11077229731649008,"Zc_est":0.1385825298536169,"Rc_est":0.08327434015262893},"1":{"Xc_est":0.14634489223354558,"Zc_est":0.1745265328469449,"Rc_est":0.09509302384890103},"54":{"Xc_est":0.10211415053416838,"Zc_est":0.11019455111677454,"Rc_est":0.04141906996194672},"2":{"Xc_est":0.1723659490060877,"Zc_est":0.20145766936242124,"Rc_est":0.10428409355299309},"41":{"Xc_est":0.08627563798015223,"Zc_est":0.09081348897908492,"Rc_est":0.028347911240020746},"51":{"Xc_est":0.11348266997258821,"Zc_est":0.13500522289786052,"Rc_est":0.07313066269078675},"53":{"Xc_est":0.11248979154221828,"Zc_est":0.11991054261642373,"Rc_est":0.04152812335458284},"27":{"Xc_est":0.15159041254045322,"Zc_est":0.16108489392857048,"Rc_est":0.054485685072264686},"42":{"Xc_est":0.17840022787774112,"Zc_est":0.19015147973493507,"Rc_est":0.06580990760178484},"33":{"Xc_est":0.09690625696078606,"Zc_est":0.12078157392838222,"Rc_est":0.07209275943163337},"28":{"Xc_est":0.13032183729765945,"Zc_est":0.14393041623540226,"Rc_est":0.06109159877641543},"50":{"Xc_est":0.16984011090901002,"Zc_est":0.1839002950640678,"Rc_est":0.0705241465816239},"52":{"Xc_est":0.049622886591263134,"Zc_est":0.053506695872321465,"Rc_est":0.020013386258295747},"26":{"Xc_est":0.1681128429032442,"Zc_est":0.1768398837418172,"Rc_est":0.05486726285143598},"10":{"Xc_est":0.14903013638971915,"Zc_est":0.15791584484381885,"Rc_est":0.05222482647552576},"24":{"Xc_est":0.10532516954289452,"Zc_est":0.11077709673658136,"Rc_est":0.034324536736078895},"25":{"Xc_est":0.09670308541448148,"Zc_est":0.10420913788140815,"Rc_est":0.03883371845839428},"23":{"Xc_est":0.08396456238946902,"Zc_est":0.0893469204085174,"Rc_est":0.030542174926336},"49":{"Xc_est":0.14535275365800351,"Zc_est":0.15573029124363633,"Rc_est":0.0558972326225864},"5":{"Xc_est":0.08482319290409832,"Zc_est":0.09232364108027087,"Rc_est":0.03645107197151827},"31":{"Xc_est":0.1391723741327782,"Zc_est":0.1453921637579616,"Rc_est":0.04207055455384362},"43":{"Xc_est":0.1345848270820066,"Zc_est":0.14229513263484228,"Rc_est":0.04620421074830462},"39":{"Xc_est":0.06720132420746702,"Zc_est":0.08026232671860294,"Rc_est":0.043886479866203316},"34":{"Xc_est":0.11366395645262788,"Zc_est":0.12430007093048207,"Rc_est":0.05030917050457089},"44":{"Xc_est":0.22104583900739833,"Zc_est":0.23414254079413763,"Rc_est":0.07721053339441286},"55":{"Xc_est":0.09033835326343835,"Zc_est":0.10082141774880306,"Rc_est":0.044765390722397096},"17":{"Xc_est":0.13664100321831565,"Zc_est":0.16234958902085295,"Rc_est":0.0876734012955589},"37":{"Xc_est":0.17656273329750602,"Zc_est":0.19613774495436773,"Rc_est":0.08541437938835801},"47":{"Xc_est":0.20661724762878977,"Zc_est":0.21793562127172894,"Rc_est":0.06931989614387661},"9":{"Xc_est":0.023164561820643633,"Zc_est":0.032685458533443894,"Rc_est":0.02305953761893459},"12":{"Xc_est":0.15268713678331844,"Zc_est":0.16253522600613438,"Rc_est":0.05571658598458257},"20":{"Xc_est":0.15489453829478383,"Zc_est":0.1673002956242955,"Rc_est":0.06322239257116427},"6":{"Xc_est":0.10769022005237443,"Zc_est":0.11386230773244463,"Rc_est":0.03697893491204272},"14":{"Xc_est":0.1144100708553794,"Zc_est":0.12594133636719282,"Rc_est":0.05264556859624056},"7":{"Xc_est":0.14209706871251024,"Zc_est":0.1534200644398225,"Rc_est":0.05784582297825349},"8":{"Xc_est":0.10115365797707564,"Zc_est":0.10870057413518228,"Rc_est":0.03979638545364466},"19":{"Xc_est":0.08559457060177551,"Zc_est":0.0940055400638229,"Rc_est":0.03886658006808265},"4":{"Xc_est":0.18635380793730494,"Zc_est":0.19569142666061654,"Rc_est":0.05972765469808375},"22":{"Xc_est":0.0729797595869617,"Zc_est":0.09018878136433667,"Rc_est":0.0529902913241038},"11":{"Xc_est":0.03611548787136249,"Zc_est":0.03882321865266459,"Rc_est":0.014244782987679106},"35":{"Xc_est":0.14573402410389008,"Zc_est":0.15988043853338238,"Rc_est":0.06575217748571863},"13":{"Xc_est":0.17063244329646743,"Zc_est":0.18429288540167182,"Rc_est":0.0696307181088316},"15":{"Xc_est":0.021167299900345736,"Zc_est":0.02307603279340299,"Rc_est":0.009189597619647638},"16":{"Xc_est":0.15791578163054829,"Zc_est":0.17383969120069312,"Rc_est":0.0726831765181278},"40":{"Xc_est":0.1520734444293407,"Zc_est":0.16075659504835013,"Rc_est":0.052118618083516456},"21":{"Xc_est":0.1881842918420198,"Zc_est":0.20139805040319284,"Rc_est":0.07174849831267917},"38":{"Xc_est":0.05163794569234509,"Zc_est":0.05796031386644997,"Rc_est":0.026323384056230532},"46":{"Xc_est":0.12780519775905524,"Zc_est":0.14301644213903147,"Rc_est":0.06418359718709848},"45":{"Xc_est":0.17875274080057046,"Zc_est":0.18801203455834195,"Rc_est":0.058275061519068694},"36":{"Xc_est":0.16999900266290893,"Zc_est":0.1842382785304752,"Rc_est":0.0710217035101893},"48":{"Xc_est":0.10688436837666372,"Zc_est":0.11417552849566386,"Rc_est":0.04014701861889367},"18":{"Xc_est":0.08838125498273355,"Zc_est":0.09524411171562469,"Rc_est":0.03549921948684834},"30":{"Xc_est":0.22292656927103408,"Zc_est":0.23661811666371216,"Rc_est":0.07932135807289825},"3":{"Xc_est":0.033730345852224675,"Zc_est":0.038599595606247684,"Rc_est":0.018766793803288974}}