linecode_id,linecode_name,A_p_est,dist_est,x_est,r_est,scenario_id
4,hydrogen,"[300.0000009603696, 148.94040388677652, 300.0000026090794, 124.17071038396307]","[560.2916393345557, 1603.0398877692626, 1042.748248434707, 2074.544446435203, 1514.2528071006473, 471.5045586659404]",[0.7360975828806381 0.4659871417001337 0.3999381682566415 0.3837375761099115; 0.4659871417001337 0.7580962041515372 0.426958566080966 0.40351831273643096; 0.3999381682566415 0.426958566080966 0.7360975827079852 0.4768274626056632; 0.3837375761099115 0.40351831273643096 0.4768274626056632 0.7638104269821412],[0.12950573629974005 0.049348 0.049348 0.049348; 0.049348 0.21080399407118355 0.049348 0.049348; 0.049348 0.049348 0.12950573585921726 0.049348; 0.049348 0.049348 0.049348 0.2430113920555297],1
1,pluto,"[81.28645455456014, 278.15269846075125, 142.91392065744355, 300.0000026913878]","[268.0788231035049, 29.253557865367426, 269.56171419462163, 2999.999211256193, 2871.0078598816835, 2974.9138973142512]",[0.7771206926250664 0.5123054079686422 0.6514958715428915 0.36056070862001466; 0.5123054079686422 0.7384730170101043 0.5119588074322557 0.36332210508406887; 0.6514958715428915 0.5119588074322557 0.7593938029642195 0.36108830447889906; 0.36056070862001466 0.36332210508406887 0.36108830447889906 0.7360975826993659],[0.6230636278978636 0.049348 0.049348 0.049348; 0.049348 0.21700881929973115 0.049348 0.049348; 0.049348 0.049348 0.3756654720826726 0.049348; 0.049348 0.049348 0.049348 0.20479902965327204],1
10,tw2x16_lv_oh_2w_bundled,"[9.999999910630182, 9.99999990719926]",[99.99998600493316],[0.8429496002042705 0.5742647347785398; 0.5742647347785398 0.842949600215049],[3.6724599118960692 0.049348; 0.049348 3.6724599131391304],1
7,abc2x16_lv_oh_2w_bundled,"[299.9999137055959, 10.21865296677797]",[2.0000006836280666],[0.7360975920179593 0.8200649339853643; 0.8200649339853643 0.8422700819138242],[0.19844729718920245 0.049348; 0.049348 4.426615379149428],1
