{"32":{"shunt_est":{"gs":11.537066748059353},"shunt_true":{"gs":0.14138562091503268}},"29":{"shunt_est":{"gs":0.5768535140096667},"shunt_true":{"gs":0.028277124183006534}},"1":{"shunt_est":{"gs":0.5768534260807938},"shunt_true":{"gs":0.22621699346405227}},"54":{"shunt_est":{"gs":11.537065416170217},"shunt_true":{"gs":0.08483137254901961}},"24":{"shunt_est":{"gs":0.5768535367396667},"shunt_true":{"gs":0.14138562091503268}},"2":{"shunt_est":{"gs":11.53706633192773},"shunt_true":{"gs":0.22621699346405227}},"25":{"shunt_est":{"gs":0.5768534790719863},"shunt_true":{"gs":0.11310849673202614}},"23":{"shunt_est":{"gs":0.5768536877976519},"shunt_true":{"gs":0.14138562091503268}},"41":{"shunt_est":{"gs":0.5768534717031705},"shunt_true":{"gs":0.14138562091503268}},"51":{"shunt_est":{"gs":11.537066716882633},"shunt_true":{"gs":0.22621699346405227}},"53":{"shunt_est":{"gs":0.5768534292014419},"shunt_true":{"gs":0.19793986928104573}},"49":{"shunt_est":{"gs":0.5768534508663514},"shunt_true":{"gs":0.14138562091503268}},"27":{"shunt_est":{"gs":0.5768534187851492},"shunt_true":{"gs":0.22621699346405227}},"5":{"shunt_est":{"gs":11.537061494832605},"shunt_true":{"gs":0.028277124183006534}},"31":{"shunt_est":{"gs":2.6108640252105606},"shunt_true":{"gs":0.05655424836601307}},"42":{"shunt_est":{"gs":11.537060486579486},"shunt_true":{"gs":0.05655424836601307}},"33":{"shunt_est":{"gs":0.5768533786714258},"shunt_true":{"gs":0.11310849673202614}},"28":{"shunt_est":{"gs":0.5768533696681966},"shunt_true":{"gs":0.16966274509803922}},"43":{"shunt_est":{"gs":0.5768540505854964},"shunt_true":{"gs":0.22621699346405227}},"50":{"shunt_est":{"gs":0.5768535030534169},"shunt_true":{"gs":0.05655424836601307}},"52":{"shunt_est":{"gs":0.5768578363111901},"shunt_true":{"gs":0.16966274509803922}},"39":{"shunt_est":{"gs":0.5768536692386207},"shunt_true":{"gs":0.14138562091503268}},"34":{"shunt_est":{"gs":11.53706641335332},"shunt_true":{"gs":0.22621699346405227}},"26":{"shunt_est":{"gs":0.5768535730223779},"shunt_true":{"gs":0.08483137254901961}},"10":{"shunt_est":{"gs":11.537066715501291},"shunt_true":{"gs":0.05655424836601307}}}