{"32":{"Xc_est":0.20060160960551923,"Zc_est":0.21484973994247325,"Rc_est":0.07693766942807173},"29":{"Xc_est":0.11178700725232985,"Zc_est":0.14079993869802043,"Rc_est":0.08560541891103546},"1":{"Xc_est":0.14702659925890274,"Zc_est":0.1737341156907063,"Rc_est":0.09255658844833109},"54":{"Xc_est":0.10173354365990268,"Zc_est":0.14006329017986877,"Rc_est":0.09627051132308789},"2":{"Xc_est":0.1735273851127853,"Zc_est":0.20173197214603586,"Rc_est":0.10287874028120722},"41":{"Xc_est":0.08696429505396538,"Zc_est":0.09431585824025586,"Rc_est":0.03650606115924987},"51":{"Xc_est":0.113429598898308,"Zc_est":0.13471356800222947,"Rc_est":0.07267373320299617},"53":{"Xc_est":0.11348660605383432,"Zc_est":0.13962829381186895,"Rc_est":0.08134402669646623},"27":{"Xc_est":0.15298479109737637,"Zc_est":0.16994468250630002,"Rc_est":0.07400573494709192},"42":{"Xc_est":0.17953997014142004,"Zc_est":0.1909917700384862,"Rc_est":0.06514027436273193},"33":{"Xc_est":0.09689344641650229,"Zc_est":0.12071858737936503,"Rc_est":0.072004426116745},"28":{"Xc_est":0.13164121569546747,"Zc_est":0.14513766625840352,"Rc_est":0.06111900275000514},"50":{"Xc_est":0.17112988245142616,"Zc_est":0.18465092310338177,"Rc_est":0.06935796086313431},"52":{"Xc_est":0.04963425990163946,"Zc_est":0.053549210067877474,"Rc_est":0.020098709981244446},"26":{"Xc_est":0.16943189419874136,"Zc_est":0.18102397076111942,"Rc_est":0.06373783192382006},"10":{"Xc_est":0.150789325801791,"Zc_est":0.17383362770615676,"Rc_est":0.08649109402547778},"24":{"Xc_est":0.10576335288287529,"Zc_est":0.11629831043865982,"Rc_est":0.04836744977626262},"25":{"Xc_est":0.09778483787187335,"Zc_est":0.1407888713605857,"Rc_est":0.10128984046467342},"23":{"Xc_est":0.08465025808904914,"Zc_est":0.09451375171253186,"Rc_est":0.04203787659046888},"49":{"Xc_est":0.14677531986743608,"Zc_est":0.15706109659145218,"Rc_est":0.055903430487952085},"5":{"Xc_est":0.08530379545624986,"Zc_est":0.09273356322570639,"Rc_est":0.036369990779410034},"31":{"Xc_est":0.14059121932917973,"Zc_est":0.14895199279084476,"Rc_est":0.04920167887276157},"43":{"Xc_est":0.13639407939061785,"Zc_est":0.1587035416134034,"Rc_est":0.0811385803907309},"39":{"Xc_est":0.06733215955722663,"Zc_est":0.08024806948273439,"Rc_est":0.043659282461647735},"34":{"Xc_est":0.11424389720011244,"Zc_est":0.1247616587973558,"Rc_est":0.05013784457271743},"44":{"Xc_est":0.22260694003014306,"Zc_est":0.24883213576578345,"Rc_est":0.11119164555027314},"55":{"Xc_est":0.09082748693049823,"Zc_est":0.10101460880197113,"Rc_est":0.044207678171392775},"17":{"Xc_est":0.1379693604007251,"Zc_est":0.1635145686561056,"Rc_est":0.0877580181716013},"37":{"Xc_est":0.17766007023036093,"Zc_est":0.19670620490506005,"Rc_est":0.08444069216849592},"47":{"Xc_est":0.2034491759900329,"Zc_est":0.2292562979970303,"Rc_est":0.10567347330470302},"9":{"Xc_est":0.023382877765459227,"Zc_est":0.03285444614509206,"Rc_est":0.023079334022158154},"12":{"Xc_est":0.15426202439966247,"Zc_est":0.17416882281840051,"Rc_est":0.0808579412925245},"20":{"Xc_est":0.15607493734775346,"Zc_est":0.1679413021218964,"Rc_est":0.06200721643722541},"6":{"Xc_est":0.10826227690876332,"Zc_est":0.12464643288497496,"Rc_est":0.061773883069455957},"14":{"Xc_est":0.11482392235045585,"Zc_est":0.12603024255188505,"Rc_est":0.05195275636329086},"7":{"Xc_est":0.14341038434391895,"Zc_est":0.15461265947278832,"Rc_est":0.057780066905273215},"8":{"Xc_est":0.10107915555929022,"Zc_est":0.10841696931729072,"Rc_est":0.03920769755248538},"19":{"Xc_est":0.08607514806254785,"Zc_est":0.09440919687540507,"Rc_est":0.03878357049923921},"4":{"Xc_est":0.1876979508259081,"Zc_est":0.20154004604356754,"Rc_est":0.07340210770133451},"22":{"Xc_est":0.07343752673256669,"Zc_est":0.09044287257496138,"Rc_est":0.05279055660830121},"11":{"Xc_est":0.03672384124170386,"Zc_est":0.05533738017149707,"Rc_est":0.0413954723212446},"35":{"Xc_est":0.14704873337817514,"Zc_est":0.1610531231352253,"Rc_est":0.065686973468751},"13":{"Xc_est":0.17276303572593252,"Zc_est":0.2193623223984004,"Rc_est":0.13517678045722173},"15":{"Xc_est":0.021576407224595,"Zc_est":0.03404002791953324,"Rc_est":0.026328352626798494},"16":{"Xc_est":0.15909608796059038,"Zc_est":0.17440803665522833,"Rc_est":0.07146046491289824},"40":{"Xc_est":0.15392273210507162,"Zc_est":0.17831688570346924,"Rc_est":0.09002613103035398},"21":{"Xc_est":0.18939941412509173,"Zc_est":0.2023618229087331,"Rc_est":0.07126127489750286},"38":{"Xc_est":0.05163379009603343,"Zc_est":0.057971107739302745,"Rc_est":0.02635528510262422},"46":{"Xc_est":0.1290666450895593,"Zc_est":0.14411086448137947,"Rc_est":0.06410727249615486},"45":{"Xc_est":0.1801322479865066,"Zc_est":0.1959558525197177,"Rc_est":0.07714317450077512},"36":{"Xc_est":0.17108379238346158,"Zc_est":0.18455407439228108,"Rc_est":0.06921374399990393},"48":{"Xc_est":0.10739312865466363,"Zc_est":0.13382496520997195,"Rc_est":0.07984883988645713},"18":{"Xc_est":0.08936105999231854,"Zc_est":0.11187555313695768,"Rc_est":0.06731077437342027},"30":{"Xc_est":0.2246129088666669,"Zc_est":0.2555848165911802,"Rc_est":0.12195343226986935},"3":{"Xc_est":0.0340413308212641,"Zc_est":0.03898125900952906,"Rc_est":0.01899279731596285}}