linecode_id,linecode_name,A_p_est,dist_est,x_est,r_est,scenario_id
4,hydrogen,"[299.9999985156721, 142.76526768702368, 300.00000261154133, 122.43333127873917]","[453.2440015233368, 1321.2579570746386, 868.0139555513019, 1718.5368129560627, 1265.2928114327262, 397.27885588142436]",[0.7360975831366469 0.4793092106981236 0.4120846919055077 0.3955668528918441; 0.4793092106981236 0.7594264975554306 0.43848241110190156 0.4148041057078011; 0.4120846919055077 0.43848241110190156 0.7360975827077274 0.487589976531204; 0.3955668528918441 0.4148041057078011 0.487589976531204 0.764253099411037],[0.12950573695294482 0.049348 0.049348 0.049348; 0.049348 0.217787574670365 0.049348 0.049348; 0.049348 0.049348 0.12950573585855946 0.049348; 0.049348 0.049348 0.049348 0.24575955489068152],1
1,pluto,"[81.62348618140925, 299.9999875414128, 138.68676524045208, 300.0000027224781]","[240.21925448675793, 22.88108167268262, 241.21167268419245, 2740.5830905299204, 2597.289202524051, 2722.6946568364096]",[0.7769907042321275 0.5191998996587064 0.666933113463521 0.3662433177155943; 0.5191998996587064 0.7360975842858712 0.5189408564398951 0.3696175480313983; 0.666933113463521 0.5189408564398951 0.7603370555729041 0.3666547813586808; 0.3662433177155943 0.3696175480313983 0.3666547813586808 0.7360975826961101],[0.6206946980657142 0.049348 0.049348 0.049348; 0.049348 0.20479903750353642 0.049348 0.049348; 0.049348 0.049348 0.38561158819102415 0.049348; 0.049348 0.049348 0.049348 0.20479902963716198],1
10,tw2x16_lv_oh_2w_bundled,"[9.99999990925466, 9.999999907111988]",[99.99998669149112],[0.8429496002085919 0.5742647343471615; 0.5742647343471615 0.8429496002153232],[3.6724599123944364 0.049348; 0.049348 3.67245991317075],1
7,abc2x16_lv_oh_2w_bundled,"[299.99991153308514, 10.000000242538215]",[2.0000004618649765],[0.7360975922454647 0.8200649409522716; 0.8200649409522716 0.8429495991615482],[0.19844729826893553 0.049348; 0.049348 4.522325520545775],1
