{"32":{"shunt_est":{"gs":11.537066661957539},"shunt_true":{"gs":5.768533333333333}},"29":{"shunt_est":{"gs":11.537064378473115},"shunt_true":{"gs":0.9614222222222222}},"1":{"shunt_est":{"gs":0.5768534057925223},"shunt_true":{"gs":0.7210666666666666}},"54":{"shunt_est":{"gs":9.058400852649797},"shunt_true":{"gs":0.9614222222222222}},"24":{"shunt_est":{"gs":0.5768545044911384},"shunt_true":{"gs":1.4421333333333333}},"2":{"shunt_est":{"gs":11.537066644123502},"shunt_true":{"gs":2.8842666666666665}},"25":{"shunt_est":{"gs":0.9090146038790392},"shunt_true":{"gs":1.1537066666666667}},"23":{"shunt_est":{"gs":11.537065034471153},"shunt_true":{"gs":5.768533333333333}},"41":{"shunt_est":{"gs":0.5768548234514417},"shunt_true":{"gs":1.9228444444444444}},"51":{"shunt_est":{"gs":11.53706660361456},"shunt_true":{"gs":2.8842666666666665}},"53":{"shunt_est":{"gs":0.5768537640088733},"shunt_true":{"gs":0.9614222222222222}},"49":{"shunt_est":{"gs":0.5768555847189984},"shunt_true":{"gs":5.768533333333333}},"27":{"shunt_est":{"gs":0.5768538000145484},"shunt_true":{"gs":1.1537066666666667}},"5":{"shunt_est":{"gs":0.5768587937945461},"shunt_true":{"gs":2.8842666666666665}},"31":{"shunt_est":{"gs":11.537066085039454},"shunt_true":{"gs":0.8240761904761905}},"42":{"shunt_est":{"gs":0.5768539098157343},"shunt_true":{"gs":0.8240761904761905}},"33":{"shunt_est":{"gs":0.5768534157491975},"shunt_true":{"gs":0.8240761904761905}},"28":{"shunt_est":{"gs":0.5768534684219443},"shunt_true":{"gs":1.4421333333333333}},"43":{"shunt_est":{"gs":11.537064905553365},"shunt_true":{"gs":1.1537066666666667}},"50":{"shunt_est":{"gs":0.5768539754498416},"shunt_true":{"gs":1.9228444444444444}},"52":{"shunt_est":{"gs":11.537066177540957},"shunt_true":{"gs":0.7210666666666666}},"39":{"shunt_est":{"gs":11.537066580715548},"shunt_true":{"gs":1.4421333333333333}},"34":{"shunt_est":{"gs":11.537066528135927},"shunt_true":{"gs":2.8842666666666665}},"26":{"shunt_est":{"gs":0.5768535961289115},"shunt_true":{"gs":2.8842666666666665}},"10":{"shunt_est":{"gs":11.537066634348767},"shunt_true":{"gs":1.1537066666666667}}}