{"32":{"Xc_est":0.21641265850544775,"Zc_est":0.23773989560339676,"Rc_est":0.09841655958281836},"29":{"Xc_est":0.11100647493435382,"Zc_est":0.15325337145075854,"Rc_est":0.105660581030358},"1":{"Xc_est":0.14440327379000406,"Zc_est":0.1949016432904208,"Rc_est":0.13089822411337582},"54":{"Xc_est":0.11164445042596845,"Zc_est":0.1740151099610006,"Rc_est":0.13347949349552765},"2":{"Xc_est":0.16948065184308334,"Zc_est":0.21982358587661052,"Rc_est":0.13999541977684532},"41":{"Xc_est":0.08800575620765178,"Zc_est":0.0973596891418405,"Rc_est":0.04164007617806642},"51":{"Xc_est":0.1142321870586433,"Zc_est":0.14741003299840622,"Rc_est":0.0931704098326842},"53":{"Xc_est":0.11400144611825073,"Zc_est":0.14149755330227268,"Rc_est":0.0838166324393737},"27":{"Xc_est":0.1475772910764603,"Zc_est":0.16855669836387108,"Rc_est":0.08143895702833338},"42":{"Xc_est":0.1822648358580716,"Zc_est":0.19978714152258362,"Rc_est":0.08181950578801533},"33":{"Xc_est":0.09746431835041126,"Zc_est":0.1331199346806189,"Rc_est":0.09067316944864079},"28":{"Xc_est":0.1287290803900417,"Zc_est":0.14739383779711918,"Rc_est":0.07178974357453621},"50":{"Xc_est":0.16804650335068202,"Zc_est":0.19466812482372337,"Rc_est":0.0982652101915727},"52":{"Xc_est":0.05096589276033318,"Zc_est":0.05532561352963869,"Rc_est":0.021526757479312993},"26":{"Xc_est":0.173977772229428,"Zc_est":0.19380304643636093,"Rc_est":0.08538943481543566},"10":{"Xc_est":0.15274897033426602,"Zc_est":0.17988437682102565,"Rc_est":0.09500600552654694},"24":{"Xc_est":0.1067386097052359,"Zc_est":0.12018863970912645,"Rc_est":0.055246523088096036},"25":{"Xc_est":0.10013603486345522,"Zc_est":0.14714123662528805,"Rc_est":0.10781149306750135},"23":{"Xc_est":0.0863682329946048,"Zc_est":0.10094399795653315,"Rc_est":0.05225149809180811},"49":{"Xc_est":0.14977506552765857,"Zc_est":0.16770116958242412,"Rc_est":0.07543945933991413},"5":{"Xc_est":0.0884107567205535,"Zc_est":0.09939179233117487,"Rc_est":0.04541218425601765},"31":{"Xc_est":0.1374579438214537,"Zc_est":0.14625323436880647,"Rc_est":0.049953200535252096},"43":{"Xc_est":0.1335098784422106,"Zc_est":0.1564337842627869,"Rc_est":0.08152693553128504},"39":{"Xc_est":0.06686346785130251,"Zc_est":0.0868698654674755,"Rc_est":0.055458544817143615},"34":{"Xc_est":0.11840727201312526,"Zc_est":0.13765855403234015,"Rc_est":0.0702110777063312},"44":{"Xc_est":0.23448989202949455,"Zc_est":0.2693116399919147,"Rc_est":0.13245093420255918},"55":{"Xc_est":0.09384554451616033,"Zc_est":0.11442816441713739,"Rc_est":0.06547380076290668},"17":{"Xc_est":0.1350967922874592,"Zc_est":0.1734963404001528,"Rc_est":0.10885695589113631},"37":{"Xc_est":0.18103399742244783,"Zc_est":0.21351429514261674,"Rc_est":0.11320356004780771},"47":{"Xc_est":0.2191683939374537,"Zc_est":0.24876929080214813,"Rc_est":0.11769186524599248},"9":{"Xc_est":0.020404736746962894,"Zc_est":0.03473646487781407,"Rc_est":0.028111718383883127},"12":{"Xc_est":0.1497134014249002,"Zc_est":0.17598341119471542,"Rc_est":0.09249896458617785},"20":{"Xc_est":0.15170933331089384,"Zc_est":0.1721229265654334,"Rc_est":0.08130547359073492},"6":{"Xc_est":0.10832749927649732,"Zc_est":0.12555356089432948,"Rc_est":0.06347321918531132},"14":{"Xc_est":0.11840727202612757,"Zc_est":0.13765855407241617,"Rc_est":0.07021107776297807},"7":{"Xc_est":0.14038391264284109,"Zc_est":0.15524119521690238,"Rc_est":0.06627356760775413},"8":{"Xc_est":0.10558071848114044,"Zc_est":0.11706232953237503,"Rc_est":0.050559874214168424},"19":{"Xc_est":0.089192297359287,"Zc_est":0.1016778031760485,"Rc_est":0.048817105101386184},"4":{"Xc_est":0.19031992218724186,"Zc_est":0.20843985466626472,"Rc_est":0.08500294248986777},"22":{"Xc_est":0.0770851285593638,"Zc_est":0.10554473902340512,"Rc_est":0.07209420843940971},"11":{"Xc_est":0.03420259988869336,"Zc_est":0.05361502791192739,"Rc_est":0.041288659203838354},"35":{"Xc_est":0.14402502402320078,"Zc_est":0.16341052835654388,"Rc_est":0.07719969710355908},"13":{"Xc_est":0.16847973099371089,"Zc_est":0.22448703728779476,"Rc_est":0.14835433985744595},"15":{"Xc_est":0.018960065208111533,"Zc_est":0.031441581524233625,"Rc_est":0.025081646198947698},"16":{"Xc_est":0.15239204668295261,"Zc_est":0.1741448438102923,"Rc_est":0.08427983586535925},"40":{"Xc_est":0.15538683000132378,"Zc_est":0.18190008431070276,"Rc_est":0.09456518246363443},"21":{"Xc_est":0.1916713250081624,"Zc_est":0.21097140439553289,"Rc_est":0.08815348343791558},"38":{"Xc_est":0.05300749981986313,"Zc_est":0.06111673676345424,"Rc_est":0.03042138187953615},"46":{"Xc_est":0.12772265875541616,"Zc_est":0.15203198387007463,"Rc_est":0.0824660327645155},"45":{"Xc_est":0.18425464742663608,"Zc_est":0.20748964146755203,"Rc_est":0.09540532594158108},"36":{"Xc_est":0.16839618678653215,"Zc_est":0.195742315416291,"Rc_est":0.09978866829598505},"48":{"Xc_est":0.11184172435970394,"Zc_est":0.14077615888284895,"Rc_est":0.08549476944268075},"18":{"Xc_est":0.09107248049522518,"Zc_est":0.11900858125544253,"Rc_est":0.07660839189592807},"30":{"Xc_est":0.2364930698599439,"Zc_est":0.2762739325209146,"Rc_est":0.14282266521386083},"3":{"Xc_est":0.030781184522455558,"Zc_est":0.037034689944840736,"Rc_est":0.020593371232147252}}