linecode_id,linecode_name,A_p_est,dist_est,x_est,r_est,scenario_id
4,hydrogen,"[143.94565878059032, 155.82573035904778, 153.0551252908528, 300.0000022117015]","[756.7715419214719, 1686.157242987947, 1115.3782927621505, 2112.662711108932, 1692.4202141496978, 665.0603330113631]",[0.7591678162657335 0.4470995923554262 0.3967619878709688 0.3825935615525334; 0.4470995923554262 0.7566764517231506 0.4227278456772627 0.39652904044870263; 0.3967619878709688 0.4227278456772627 0.7572400584454371 0.45521645951430434; 0.3825935615525334 0.39652904044870263 0.45521645951430434 0.7360975827495987],[0.21640632722303413 0.049348 0.049348 0.049348; 0.049348 0.2036698883780884 0.049348 0.049348; 0.049348 0.049348 0.20646342440153906 0.049348; 0.049348 0.049348 0.049348 0.12950573596539364],1
1,pluto,"[197.6827339441178, 216.40784162676877, 177.3293115691652, 300.0000026546862]","[208.7653783915455, 625.6498060300476, 602.5024057637677, 1611.3366470606672, 1602.49091871211, 1000.6716639970198]",[0.7492017960902588 0.5280178076767738 0.4590546756107058 0.3996138110247854; 0.5280178076767738 0.7463586043810734 0.46142338803523913 0.3999596890756375; 0.4590546756107058 0.46142338803523913 0.7526152975 0.42954651159633245; 0.3996138110247854 0.3999596890756375 0.42954651159633245 0.7360975827032092],[0.28525787631496324 0.049348 0.049348 0.049348; 0.049348 0.2648453173051231 0.049348 0.049348; 0.049348 0.049348 0.31233503187696676 0.049348; 0.049348 0.049348 0.049348 0.20479902967228972],1
10,tw2x16_lv_oh_2w_bundled,"[11.986736016465192, 9.99999990686152]",[2.000000610539481],[0.8372565302097015 0.8200649362815146; 0.8200649362815146 0.8429496002161101],[3.071948876952336 0.049348; 0.049348 3.6724599132614975],1
7,abc2x16_lv_oh_2w_bundled,"[38.25395883965028, 9.99999997552804]",[2.0997737079302734],[0.8007999477567723 0.8170061428906753; 0.8170061428906753 0.8429496000003873],[1.218632896180817 0.049348; 0.049348 4.522325639978827],1
