{"32":{"Xc_est":0.2199805183458259,"Zc_est":0.24350132977710615,"Rc_est":0.10441010081175456},"29":{"Xc_est":0.12279094301284554,"Zc_est":0.16222596497777492,"Rc_est":0.10601720627797345},"1":{"Xc_est":0.1621774588741761,"Zc_est":0.2100989598408013,"Rc_est":0.13356663041082364},"54":{"Xc_est":0.1101496874647823,"Zc_est":0.12170389990024999,"Rc_est":0.05175795206865171},"2":{"Xc_est":0.18763412993245915,"Zc_est":0.23169588676003222,"Rc_est":0.1359279854408455},"41":{"Xc_est":0.09702357745869637,"Zc_est":0.1037999654612244,"Rc_est":0.036889812236818496},"51":{"Xc_est":0.12748392853809262,"Zc_est":0.16276203934231112,"Rc_est":0.10118957167298676},"53":{"Xc_est":0.12880446983853733,"Zc_est":0.1392568791146112,"Rc_est":0.05293285303433746},"27":{"Xc_est":0.16523061766479946,"Zc_est":0.17784566108040742,"Rc_est":0.06578694514290809},"42":{"Xc_est":0.1909760712796735,"Zc_est":0.20914781350858874,"Rc_est":0.08526985454429066},"33":{"Xc_est":0.10670425320833744,"Zc_est":0.14618281363064276,"Rc_est":0.09991805316469213},"28":{"Xc_est":0.13724081375036554,"Zc_est":0.1593763085521585,"Rc_est":0.08102941915656506},"50":{"Xc_est":0.18730770197821064,"Zc_est":0.21096441328026266,"Rc_est":0.0970660004858925},"52":{"Xc_est":0.052425008909143825,"Zc_est":0.05869560166031093,"Rc_est":0.026396819792203863},"26":{"Xc_est":0.1802539036628891,"Zc_est":0.19275468930158238,"Rc_est":0.06828543374717226},"10":{"Xc_est":0.1602889574531158,"Zc_est":0.17266815588545595,"Rc_est":0.06420079575423769},"24":{"Xc_est":0.1199017359673669,"Zc_est":0.12812978478411735,"Rc_est":0.04517538556377869},"25":{"Xc_est":0.10732013851847519,"Zc_est":0.11682059808607134,"Rc_est":0.04614585577885311},"23":{"Xc_est":0.09458764435509387,"Zc_est":0.10215734228055387,"Rc_est":0.038591451348459524},"49":{"Xc_est":0.1572151535393774,"Zc_est":0.17438472375847652,"Rc_est":0.0754548035443083},"5":{"Xc_est":0.08792133671075013,"Zc_est":0.0994982502736751,"Rc_est":0.046580471858041456},"31":{"Xc_est":0.14612212596787763,"Zc_est":0.15519521537220915,"Rc_est":0.05228651046927958},"43":{"Xc_est":0.14140445354987433,"Zc_est":0.15194432262694788,"Rc_est":0.05560447549274658},"39":{"Xc_est":0.07353927997628687,"Zc_est":0.09488579289410631,"Rc_est":0.059960720423561695},"34":{"Xc_est":0.11664587139993328,"Zc_est":0.13188412690349088,"Rc_est":0.06153993511896413},"44":{"Xc_est":0.2415096283833109,"Zc_est":0.26009566231226516,"Rc_est":0.09655492194503061},"55":{"Xc_est":0.10298528758814093,"Zc_est":0.12388552617199512,"Rc_est":0.06885966987504366},"17":{"Xc_est":0.14366749217586905,"Zc_est":0.18646705431851093,"Rc_est":0.11886805305934439},"37":{"Xc_est":0.18907550216536856,"Zc_est":0.22006211294736297,"Rc_est":0.11259568391271332},"47":{"Xc_est":0.22218518947029767,"Zc_est":0.23857888230302832,"Rc_est":0.08691159106247087},"9":{"Xc_est":0.01995982653996159,"Zc_est":0.03228649787139307,"Rc_est":0.025377613546078644},"12":{"Xc_est":0.1671216046358276,"Zc_est":0.18037095620076782,"Rc_est":0.0678531583990416},"20":{"Xc_est":0.16940113301833437,"Zc_est":0.1876159351545241,"Rc_est":0.08064115113272613},"6":{"Xc_est":0.12193119404369954,"Zc_est":0.13081782434084724,"Rc_est":0.047392901202083594},"14":{"Xc_est":0.11768811160793621,"Zc_est":0.13497089537315507,"Rc_est":0.06608064000892486},"7":{"Xc_est":0.14910970091680492,"Zc_est":0.1670630312809352,"Rc_est":0.07534157891414084},"8":{"Xc_est":0.11846103187959721,"Zc_est":0.13081549536243617,"Rc_est":0.0554948443816235},"19":{"Xc_est":0.08870287723480766,"Zc_est":0.10181718844346314,"Rc_est":0.04998539219410332},"4":{"Xc_est":0.21225728842922933,"Zc_est":0.22693115804851005,"Rc_est":0.08027822869189878},"22":{"Xc_est":0.07595204750909441,"Zc_est":0.10376811821626092,"Rc_est":0.07070437636610738},"11":{"Xc_est":0.03699080228078727,"Zc_est":0.04051003861795337,"Rc_est":0.016514956114134127},"35":{"Xc_est":0.15279261668640315,"Zc_est":0.1755459810719102,"Rc_est":0.086433834559282},"13":{"Xc_est":0.18621587804636705,"Zc_est":0.2036020087871744,"Rc_est":0.08232511612863479},"15":{"Xc_est":0.019056712672363398,"Zc_est":0.021193466092550104,"Rc_est":0.009273872283952118},"16":{"Xc_est":0.17137597305431548,"Zc_est":0.19322105238081663,"Rc_est":0.0892448930910717},"40":{"Xc_est":0.16342209359319532,"Zc_est":0.17565889932814147,"Rc_est":0.0644148138147666},"21":{"Xc_est":0.21633766242798397,"Zc_est":0.24280430935905783,"Rc_est":0.11023587645827791},"38":{"Xc_est":0.05446661596235407,"Zc_est":0.0649006801493314,"Rc_est":0.03529144413955394},"46":{"Xc_est":0.13636477694593865,"Zc_est":0.1651176785242415,"Rc_est":0.09310475481799607},"45":{"Xc_est":0.19234401270247342,"Zc_est":0.20598418225907753,"Rc_est":0.07371067845605284},"36":{"Xc_est":0.18695215628921086,"Zc_est":0.20993953056949646,"Rc_est":0.09551700243702699},"48":{"Xc_est":0.12414154158989836,"Zc_est":0.1344736830524866,"Rc_est":0.05169186672373287},"18":{"Xc_est":0.09899913096849687,"Zc_est":0.10809905495803608,"Rc_est":0.04341172365044849},"30":{"Xc_est":0.24338814182885918,"Zc_est":0.2626046987181996,"Rc_est":0.09860750582978717},"3":{"Xc_est":0.034008246200691705,"Zc_est":0.042271277832150705,"Rc_est":0.025105778616008184}}