linecode_id,linecode_name,A_p_est,dist_est,x_est,r_est,scenario_id
5,ugsc_25cu_xlpe/nyl/pvc_ug_2w_bundled,"[17.833719205181385, 6.669671042041123]",[5.125068329419939],[0.8247752582648668 0.7609402522563872; 0.7609402522563872 0.8556735371304741],[1.51905306865918 0.049348; 0.049348 3.9791231483825045],1
2,uglv_120cu_xlpe/nyl/pvc_ug_4w_bundled,"[137.27343839461238, 137.27343839461238, 137.27343839461238, 128.74828623926777]","[22.883447322510627, 15.836667826228346]",[0.7606588517146535 0.6669266176680484 0.6669266176680484 0.6458228996381665; 0.6669266176680484 0.7606588517146535 0.6451507058435773 0.6675951773085178; 0.6669266176680484 0.6451507058435773 0.7606588517146535 0.6675951773085178; 0.6458228996381665 0.6675951773085178 0.6675951773085178 0.7626731076764104],[0.2517334059909714 0.049348 0.049348 0.049348; 0.049348 0.2517334059909714 0.049348 0.049348; 0.049348 0.049348 0.2517334059909714 0.049348; 0.049348 0.049348 0.049348 0.2651344882926634],1
3,ugsc_16cu_xlpe/nyl/pvc_ug_2w_bundled,"[299.99782557894196, 11.653352788833592]",[2.000003468065693],[0.7360978106874064 0.8200648465095627; 0.8200648465095627 0.838142674248599],[0.13801695373371897 0.049348; 0.049348 2.3319952173711647],1
