linecode_id,linecode_name,A_p_est,dist_est,x_est,r_est,scenario_id
5,ugsc_25cu_xlpe/nyl/pvc_ug_2w_bundled,"[147.92919875392923, 7.846319586991326]",[8.398440611377113],[0.7583102250080571 0.7299073898789568; 0.7299073898789568 0.8505692526975761],[0.2265294336160829 0.049348; 0.049348 3.3898068250973856],1
2,uglv_120cu_xlpe/nyl/pvc_ug_4w_bundled,"[137.356799765907, 137.356799765907, 137.356799765907, 134.11771832935224]","[22.834491854542257, 15.284501341266045]",[0.760639779663895 0.6670611806511768 0.6670611806511768 0.6469850937675994; 0.6670611806511768 0.760639779663895 0.6452852688267054 0.6687373893963595; 0.6670611806511768 0.6452852688267054 0.760639779663895 0.6687373893963595; 0.6469850937675994 0.6687373893963595 0.6687373893963595 0.7613894913665894],[0.2516105789812989 0.049348 0.049348 0.049348; 0.049348 0.2516105789812989 0.049348 0.049348; 0.049348 0.049348 0.2516105789812989 0.049348; 0.049348 0.049348 0.049348 0.2564954291938501],1
3,ugsc_16cu_xlpe/nyl/pvc_ug_2w_bundled,"[299.9973592823007, 8.827124483581521]",[2.000004250460539],[0.7360978595183686 0.8200648219298936; 0.8200648219298936 0.8468689276482012],[0.13801709155504982 0.049348; 0.049348 3.06284275312742],1
