{"32":{"Xc_est":0.21674266535576747,"Zc_est":0.22806653315779452,"Rc_est":0.07097154754613413},"29":{"Xc_est":0.09875129511168587,"Zc_est":0.1057977972823667,"Rc_est":0.03796518962899413},"1":{"Xc_est":0.15087290029997744,"Zc_est":0.1614256315289247,"Rc_est":0.05740733811617846},"54":{"Xc_est":0.10265987539646887,"Zc_est":0.1070436078788925,"Rc_est":0.030319696095303817},"2":{"Xc_est":0.17580929014667718,"Zc_est":0.18717637885790842,"Rc_est":0.06423465031025503},"41":{"Xc_est":0.08952796056956709,"Zc_est":0.09370023480071411,"Rc_est":0.027649200313263962},"51":{"Xc_est":0.10628188254158243,"Zc_est":0.11396696517541052,"Rc_est":0.04114159202936261},"53":{"Xc_est":0.1046819300275193,"Zc_est":0.10933904743132633,"Rc_est":0.0315708856211444},"27":{"Xc_est":0.15738942240177176,"Zc_est":0.16460138127990517,"Rc_est":0.04818904891455507},"42":{"Xc_est":0.17824045600424074,"Zc_est":0.18737099226950116,"Rc_est":0.057777405509920506},"33":{"Xc_est":0.09328493676691085,"Zc_est":0.1008104978468641,"Rc_est":0.038218804907087775},"28":{"Xc_est":0.12859588385808485,"Zc_est":0.13617278428509577,"Rc_est":0.04478979610037515},"50":{"Xc_est":0.17319048403505932,"Zc_est":0.18200982920218708,"Rc_est":0.05596993984194714},"52":{"Xc_est":0.04244468542529525,"Zc_est":0.04488030378459047,"Rc_est":0.014583907122059389},"26":{"Xc_est":0.16912194704083,"Zc_est":0.17700784560886862,"Rc_est":0.05224504221657555},"10":{"Xc_est":0.14737094813179047,"Zc_est":0.15408561439542928,"Rc_est":0.04499089030408325},"24":{"Xc_est":0.0993038213102503,"Zc_est":0.10389608621460789,"Rc_est":0.030547468043933084},"25":{"Xc_est":0.08803603859284184,"Zc_est":0.09192151701591289,"Rc_est":0.02644279106649719},"23":{"Xc_est":0.08712281368140992,"Zc_est":0.09115358343481626,"Rc_est":0.026806549745208574},"49":{"Xc_est":0.14548212224768814,"Zc_est":0.15332344167997053,"Rc_est":0.04840485383616034},"5":{"Xc_est":0.0860487071304199,"Zc_est":0.09084682215665539,"Rc_est":0.02913357336727158},"31":{"Xc_est":0.13773177757209087,"Zc_est":0.14419372787841794,"Rc_est":0.042682415656887684},"43":{"Xc_est":0.1326628809742683,"Zc_est":0.13868011311900197,"Rc_est":0.040407100691664456},"39":{"Xc_est":0.06580627519205395,"Zc_est":0.07052604383900464,"Rc_est":0.025366454323158132},"34":{"Xc_est":0.1157088959509505,"Zc_est":0.12222112638389399,"Rc_est":0.0393631189358757},"44":{"Xc_est":0.23321031206854304,"Zc_est":0.24397945716915487,"Rc_est":0.07168630179782079},"55":{"Xc_est":0.09258150071755962,"Zc_est":0.09786076366481015,"Rc_est":0.03170796098686158},"17":{"Xc_est":0.1345729831762979,"Zc_est":0.1442059935990033,"Rc_est":0.051821624722770146},"37":{"Xc_est":0.17609551578981347,"Zc_est":0.18633980705946304,"Rc_est":0.060933513058722216},"47":{"Xc_est":0.21869125565003192,"Zc_est":0.22875342739417648,"Rc_est":0.0670989213534402},"9":{"Xc_est":0.018266445700378206,"Zc_est":0.019749066193703882,"Rc_est":0.007507501381846829},"12":{"Xc_est":0.15630768353150676,"Zc_est":0.16350770555368802,"Rc_est":0.04798622556990569},"20":{"Xc_est":0.15877923100335312,"Zc_est":0.1669778474822012,"Rc_est":0.05167937065960722},"6":{"Xc_est":0.10147665639411374,"Zc_est":0.10609295792298898,"Rc_est":0.030954869211807116},"14":{"Xc_est":0.11570889596325114,"Zc_est":0.12222112639917941,"Rc_est":0.03936311894717839},"7":{"Xc_est":0.14054304302278503,"Zc_est":0.1482149928067873,"Rc_est":0.047067368214205506},"8":{"Xc_est":0.09784078565704131,"Zc_est":0.10300901449286555,"Rc_est":0.03221859290540614},"19":{"Xc_est":0.08679122706817012,"Zc_est":0.09176983245045675,"Rc_est":0.02981585236055208},"4":{"Xc_est":0.1898385039384799,"Zc_est":0.19871175106856806,"Rc_est":0.05871713919407445},"22":{"Xc_est":0.07383701395947076,"Zc_est":0.07943542666401389,"Rc_est":0.029293043181664286},"11":{"Xc_est":0.03638294539244791,"Zc_est":0.037884338709300226,"Rc_est":0.010559564574883619},"35":{"Xc_est":0.14409662380385216,"Zc_est":0.1523921325496431,"Rc_est":0.04959359909664855},"13":{"Xc_est":0.17368679642721366,"Zc_est":0.18141192030630987,"Rc_est":0.05237539093958693},"15":{"Xc_est":0.01874307521864176,"Zc_est":0.0195062291001133,"Rc_est":0.0054027867859507495},"16":{"Xc_est":0.1616874468215817,"Zc_est":0.1705782266884168,"Rc_est":0.0543516417459776},"40":{"Xc_est":0.150392446549715,"Zc_est":0.15722562599795362,"Rc_est":0.045847677053908645},"21":{"Xc_est":0.19213254333424087,"Zc_est":0.20218442159444372,"Rc_est":0.06295733577110627},"38":{"Xc_est":0.043868262671831165,"Zc_est":0.04665811594133865,"Rc_est":0.01589198896773542},"46":{"Xc_est":0.12634462570141314,"Zc_est":0.13418910284396926,"Rc_est":0.04520786301562127},"45":{"Xc_est":0.17994902710208843,"Zc_est":0.18825998433722962,"Rc_est":0.0553187974170244},"36":{"Xc_est":0.17349067787844077,"Zc_est":0.1823803798320249,"Rc_est":0.056245778836751595},"48":{"Xc_est":0.10308387521647094,"Zc_est":0.10766464101665375,"Rc_est":0.03107071926428429},"18":{"Xc_est":0.09123647617534733,"Zc_est":0.09531333832574121,"Rc_est":0.02757785121981926},"30":{"Xc_est":0.23496200509890333,"Zc_est":0.24575041525902053,"Rc_est":0.07201473987930496},"3":{"Xc_est":0.03366557918130131,"Zc_est":0.03593666232157617,"Rc_est":0.01257268774775402}}