{"32":{"Xc_est":0.21561936020555178,"Zc_est":0.22705463238753973,"Rc_est":0.07114841947077473},"29":{"Xc_est":0.10235273833960862,"Zc_est":0.10767309161326666,"Rc_est":0.03342770724926445},"1":{"Xc_est":0.15296752402334543,"Zc_est":0.16095596551141095,"Rc_est":0.0500775341633127},"54":{"Xc_est":0.10217181229671012,"Zc_est":0.10714247354334797,"Rc_est":0.03225570351105139},"2":{"Xc_est":0.1780740550800851,"Zc_est":0.1874148505030067,"Rc_est":0.0584290774905713},"41":{"Xc_est":0.09143748218750418,"Zc_est":0.09623341553614743,"Rc_est":0.03000095193427499},"51":{"Xc_est":0.10844935617689483,"Zc_est":0.11410276134401287,"Rc_est":0.03547079490434009},"53":{"Xc_est":0.10756658751677403,"Zc_est":0.11293826078079763,"Rc_est":0.0344162751933972},"27":{"Xc_est":0.15879059387835662,"Zc_est":0.1670412125621998,"Rc_est":0.051848953605727006},"42":{"Xc_est":0.18077578849069953,"Zc_est":0.1903732192015688,"Rc_est":0.05968313735666407},"33":{"Xc_est":0.09174010953991114,"Zc_est":0.09651390710691281,"Rc_est":0.029978101451674656},"28":{"Xc_est":0.12780949045922294,"Zc_est":0.13454586144967873,"Rc_est":0.0420395406943266},"50":{"Xc_est":0.1761068647538563,"Zc_est":0.18545950404142691,"Rc_est":0.05815152470794736},"52":{"Xc_est":0.044074595831201886,"Zc_est":0.046401823532854485,"Rc_est":0.01451065916801746},"26":{"Xc_est":0.17149522898909464,"Zc_est":0.18050946297302023,"Rc_est":0.05632985582074708},"10":{"Xc_est":0.14999404218844092,"Zc_est":0.15767335503416285,"Rc_est":0.04860734713704679},"24":{"Xc_est":0.10355728363073052,"Zc_est":0.10892828398137526,"Rc_est":0.03378254072966636},"25":{"Xc_est":0.09127959437463169,"Zc_est":0.09575258690616274,"Rc_est":0.028923926946819577},"23":{"Xc_est":0.08902174127025825,"Zc_est":0.09365500498507612,"Rc_est":0.029092774703795992},"49":{"Xc_est":0.14746250963770327,"Zc_est":0.15527551149696522,"Rc_est":0.04863427517702354},"5":{"Xc_est":0.08773341691083553,"Zc_est":0.09237188859477148,"Rc_est":0.028903518120021194},"31":{"Xc_est":0.13741450192474117,"Zc_est":0.14467212889253367,"Rc_est":0.04524687325189644},"43":{"Xc_est":0.13230977169269864,"Zc_est":0.13904470827790896,"Rc_est":0.04274991479190066},"39":{"Xc_est":0.06718789121615362,"Zc_est":0.07069206768503913,"Rc_est":0.021980803158948948},"34":{"Xc_est":0.11739996642657959,"Zc_est":0.12360373960549137,"Rc_est":0.038666941015551015},"44":{"Xc_est":0.23244534595705976,"Zc_est":0.24451108750415512,"Rc_est":0.07586061597012914},"55":{"Xc_est":0.09643501378146223,"Zc_est":0.10150671976174414,"Rc_est":0.03168441689156433},"17":{"Xc_est":0.13332590321801369,"Zc_est":0.14027571345704035,"Rc_est":0.04360595506329995},"37":{"Xc_est":0.17826828853522514,"Zc_est":0.18767230200113197,"Rc_est":0.05866268184396105},"47":{"Xc_est":0.21787583857250944,"Zc_est":0.22914051441573058,"Rc_est":0.07096121696413778},"9":{"Xc_est":0.01815812703529473,"Zc_est":0.01909737826718251,"Rc_est":0.005915427224635048},"12":{"Xc_est":0.15937452272455657,"Zc_est":0.16763030127264936,"Rc_est":0.05195843926715842},"20":{"Xc_est":0.1616613751338563,"Zc_est":0.17024084687967028,"Rc_est":0.05336240002228097},"6":{"Xc_est":0.10530638714304151,"Zc_est":0.1106930938155754,"Rc_est":0.03411049465111349},"14":{"Xc_est":0.11739996645045807,"Zc_est":0.12360373963040285,"Rc_est":0.03866694102268421},"7":{"Xc_est":0.1399304987879327,"Zc_est":0.14733529508086526,"Rc_est":0.04612097880060658},"8":{"Xc_est":0.10056520836211116,"Zc_est":0.10589663017195507,"Rc_est":0.033177328838545614},"19":{"Xc_est":0.08843648415832717,"Zc_est":0.09310537162093128,"Rc_est":0.029113544861209612},"4":{"Xc_est":0.18894270571370958,"Zc_est":0.19888074557727983,"Rc_est":0.06208224318561017},"22":{"Xc_est":0.07511282887100401,"Zc_est":0.0790171227783968,"Rc_est":0.0245309728949241},"11":{"Xc_est":0.035087320044619175,"Zc_est":0.03668923399020247,"Rc_est":0.01072286635533119},"35":{"Xc_est":0.1433639551776336,"Zc_est":0.15092952267653373,"Rc_est":0.047185772974401664},"13":{"Xc_est":0.17678421871519473,"Zc_est":0.18560459294454787,"Rc_est":0.05653675738286998},"15":{"Xc_est":0.018794155678721808,"Zc_est":0.019644950791733444,"Rc_est":0.005718723977741655},"16":{"Xc_est":0.16441506720971755,"Zc_est":0.1731136316281759,"Rc_est":0.05418500835027934},"40":{"Xc_est":0.15302339157625877,"Zc_est":0.1608342786389565,"Rc_est":0.049512693481696964},"21":{"Xc_est":0.19090857998069818,"Zc_est":0.20103309205192266,"Rc_est":0.06299379485084364},"38":{"Xc_est":0.04591120801626512,"Zc_est":0.048317924279790384,"Rc_est":0.015059308921553818},"46":{"Xc_est":0.12520050544389622,"Zc_est":0.13178286188397842,"Rc_est":0.041128531738011884},"45":{"Xc_est":0.18149141875931152,"Zc_est":0.19096997381403552,"Rc_est":0.05941713402096769},"36":{"Xc_est":0.1764477300399974,"Zc_est":0.1858151079827285,"Rc_est":0.058253351134207265},"48":{"Xc_est":0.10596311133164854,"Zc_est":0.11124841096015212,"Rc_est":0.033882561563074745},"18":{"Xc_est":0.0931354050031998,"Zc_est":0.09780627238149413,"Rc_est":0.029864079628425945},"30":{"Xc_est":0.23419703950551846,"Zc_est":0.24627834962500475,"Rc_est":0.0761890555189307},"3":{"Xc_est":0.03218668563885386,"Zc_est":0.03386919272949645,"Rc_est":0.010542271279632953}}