linecode_id,linecode_name,A_p_est,dist_est,x_est,r_est,scenario_id
3,uglv_120cu_xlpe/nyl/pvc_ug_4w_bundled,"[151.12775212182947, 151.12775212182947, 151.12775212182947, 113.03051323414321]","[50.40362983731082, 50.40362975704034, 50.40362983044718, 50.40362976295764]",[0.7576381818791715 0.6173113685644691 0.6173113685644691 0.6173113686645324; 0.6173113685644691 0.7576381818791715 0.6173113685730252 0.6173113686571561; 0.6173113685644691 0.6173113685730252 0.7576381818791715 0.6173113686571561; 0.6173113686645324 0.6173113686571561 0.6173113686571561 0.7667635154183411],[0.23318015637902198 0.049348 0.049348 0.049348; 0.049348 0.23318015637902198 0.049348 0.049348; 0.049348 0.049348 0.23318015637902198 0.049348; 0.049348 0.049348 0.049348 0.2951412797643712],1
5,ugsc_16cu_xlpe/nyl/pvc_ug_2w_bundled,"[299.9998484774132, 8.52251349174479]",[2.0000002302214095],[0.7360975988486573 0.8200649482295846; 0.8200649482295846 0.8479721947496662],[0.1380163558391138 0.049348; 0.049348 3.1705508402467983],1
8,ugsc_25cu_xlpe/nyl/pvc_ug_2w_bundled,"[165.83340631824132, 7.797671663560199]",[3.2564693133161757],[0.7547209490332086 0.7894345819596523; 0.7894345819596523 0.8507646412099367],[0.20740003602102317 0.049348; 0.049348 3.4106471979881277],1
