{"32":{"Xc_est":0.21782711759191425,"Zc_est":0.2324360458768895,"Rc_est":0.08110402125962586},"29":{"Xc_est":0.10065702876692631,"Zc_est":0.11407577445555644,"Rc_est":0.053679091622801836},"1":{"Xc_est":0.15423194000687274,"Zc_est":0.17274966757075613,"Rc_est":0.07781359988795762},"54":{"Xc_est":0.09990642532058114,"Zc_est":0.10478887259147347,"Rc_est":0.03161350974908046},"2":{"Xc_est":0.17921172750675976,"Zc_est":0.1977906739749757,"Rc_est":0.08369174054539688},"41":{"Xc_est":0.08990615704649166,"Zc_est":0.0946247020607877,"Rc_est":0.029507916992299172},"51":{"Xc_est":0.10938647268681449,"Zc_est":0.12327985794716864,"Rc_est":0.05685528092104433},"53":{"Xc_est":0.10740209944419668,"Zc_est":0.11276964950149995,"Rc_est":0.0343770691547438},"27":{"Xc_est":0.16029314381570486,"Zc_est":0.16855717303174048,"Rc_est":0.052130879775137653},"42":{"Xc_est":0.18281715916727015,"Zc_est":0.19450683107139108,"Rc_est":0.06641380615085747},"33":{"Xc_est":0.09403603653542074,"Zc_est":0.10876190545788249,"Rc_est":0.05464774388333324},"28":{"Xc_est":0.12890970101300883,"Zc_est":0.14010425947831603,"Rc_est":0.05487706723854674},"50":{"Xc_est":0.17076775855473592,"Zc_est":0.18159596392568217,"Rc_est":0.06176946456210443},"52":{"Xc_est":0.04264770556012877,"Zc_est":0.046149927596769995,"Rc_est":0.017634880993181508},"26":{"Xc_est":0.1721175102560532,"Zc_est":0.18122248218025355,"Rc_est":0.05671993221813411},"10":{"Xc_est":0.15171921408390834,"Zc_est":0.159497263498942,"Rc_est":0.049200174201034313},"24":{"Xc_est":0.10079799227985958,"Zc_est":0.10600997792623418,"Rc_est":0.032831085456774406},"25":{"Xc_est":0.09242529591410349,"Zc_est":0.09683689037001321,"Rc_est":0.028895466975364208},"23":{"Xc_est":0.08749033643281888,"Zc_est":0.09204604679900104,"Rc_est":0.028599226601362056},"49":{"Xc_est":0.15062633150113608,"Zc_est":0.16170915622753296,"Rc_est":0.05883501904759208},"5":{"Xc_est":0.0864414370377766,"Zc_est":0.09312294229840812,"Rc_est":0.0346375568589465},"31":{"Xc_est":0.13786354670534048,"Zc_est":0.14515163954514038,"Rc_est":0.045416307120535064},"43":{"Xc_est":0.13275854639769483,"Zc_est":0.13952330658774578,"Rc_est":0.04291761223028626},"39":{"Xc_est":0.06632331861189927,"Zc_est":0.07474309590974729,"Rc_est":0.0344637170728605},"34":{"Xc_est":0.11624516788623583,"Zc_est":0.12540948481063172,"Rc_est":0.047059534884749066},"44":{"Xc_est":0.23417258180617043,"Zc_est":0.24634114448910446,"Rc_est":0.0764667339333534},"55":{"Xc_est":0.09542289374905355,"Zc_est":0.10446050296907247,"Rc_est":0.04250256497093363},"17":{"Xc_est":0.13513237660818897,"Zc_est":0.1522689043664738,"Rc_est":0.07017877192705022},"37":{"Xc_est":0.18083165265034068,"Zc_est":0.19597820837165733,"Rc_est":0.07554714790322185},"47":{"Xc_est":0.21960269431986787,"Zc_est":0.23096942890271652,"Rc_est":0.07156489177733513},"9":{"Xc_est":0.018407482489213443,"Zc_est":0.02132143640382503,"Rc_est":0.01075956498803068},"12":{"Xc_est":0.15921140469933903,"Zc_est":0.16746580056224392,"Rc_est":0.05192805572729},"20":{"Xc_est":0.1618080046853054,"Zc_est":0.1723506793071252,"Rc_est":0.05935424397115758},"6":{"Xc_est":0.1021730890359612,"Zc_est":0.10739746887338411,"Rc_est":0.03308891350980044},"14":{"Xc_est":0.11624516789567368,"Zc_est":0.1254094848259026,"Rc_est":0.047059534902131495},"7":{"Xc_est":0.1408343503273088,"Zc_est":0.15124223800878261,"Rc_est":0.055135291110051325},"8":{"Xc_est":0.10064248116599961,"Zc_est":0.10752110958562369,"Rc_est":0.03784019015907709},"19":{"Xc_est":0.08720612730806279,"Zc_est":0.09436216887164121,"Rc_est":0.03604594670819563},"4":{"Xc_est":0.1906689583778448,"Zc_est":0.2007079673618969,"Rc_est":0.06268202671940297},"22":{"Xc_est":0.07436117651332765,"Zc_est":0.08480853688249278,"Rc_est":0.04077871204075562},"11":{"Xc_est":0.03648480533469454,"Zc_est":0.038162183101485586,"Rc_est":0.01118978099699709},"35":{"Xc_est":0.14446182105570113,"Zc_est":0.15641589565342,"Rc_est":0.05997261600374095},"13":{"Xc_est":0.17662133014699843,"Zc_est":0.1854406420670721,"Rc_est":0.05650785314761944},"15":{"Xc_est":0.018794539564632996,"Zc_est":0.01964603802919051,"Rc_est":0.005721196797685313},"16":{"Xc_est":0.16426123967227715,"Zc_est":0.17624261290592774,"Rc_est":0.06387255862446255},"40":{"Xc_est":0.15474862258986785,"Zc_est":0.16265834583937916,"Rc_est":0.050105900627987095},"21":{"Xc_est":0.19331989505158087,"Zc_est":0.20642800437103,"Rc_est":0.07238742408631307},"38":{"Xc_est":0.0437176845146033,"Zc_est":0.04791255920178531,"Rc_est":0.01960554487756455},"46":{"Xc_est":0.12636907897189203,"Zc_est":0.13838440292201362,"Rc_est":0.05640123094293177},"45":{"Xc_est":0.1844122806336672,"Zc_est":0.19400177484582334,"Rc_est":0.06023951688733148},"36":{"Xc_est":0.17126415375689907,"Zc_est":0.1823750487715004,"Rc_est":0.06268371441084498},"48":{"Xc_est":0.10579857712186354,"Zc_est":0.11107967292257927,"Rc_est":0.03384309110551638},"18":{"Xc_est":0.09160399983171276,"Zc_est":0.09619730173643719,"Rc_est":0.02937053074431424},"30":{"Xc_est":0.23592427524154688,"Zc_est":0.2481083679929392,"Rc_est":0.07679517315476643},"3":{"Xc_est":0.0338704236122766,"Zc_est":0.037708939178490705,"Rc_est":0.016575840801963778}}