{"32":{"Xc_est":0.20819066599047226,"Zc_est":0.21777503294639353,"Rc_est":0.06389531727166244},"29":{"Xc_est":0.10167513929176632,"Zc_est":0.10627352918615271,"Rc_est":0.030922953540694804},"1":{"Xc_est":0.15081553358298697,"Zc_est":0.15764044198764177,"Rc_est":0.04588228176690838},"54":{"Xc_est":0.10408600718825302,"Zc_est":0.10846821297414394,"Rc_est":0.030519769550427275},"2":{"Xc_est":0.17914301678247432,"Zc_est":0.18729300016621733,"Rc_est":0.05464839841511189},"41":{"Xc_est":0.0915199472011485,"Zc_est":0.09569604608475697,"Rc_est":0.02796126786386695},"51":{"Xc_est":0.10912297905697131,"Zc_est":0.1140537003474888,"Rc_est":0.03317260925351765},"53":{"Xc_est":0.10828568115256337,"Zc_est":0.11301438506096341,"Rc_est":0.032349072444709887},"27":{"Xc_est":0.15716283952964227,"Zc_est":0.16425367078740927,"Rc_est":0.04774002763005623},"42":{"Xc_est":0.17838294774921998,"Zc_est":0.1866056976141724,"Rc_est":0.05478330342696579},"33":{"Xc_est":0.09602877141507803,"Zc_est":0.10033680571081115,"Rc_est":0.029085213438442534},"28":{"Xc_est":0.12819486434141084,"Zc_est":0.13405752482134373,"Rc_est":0.03921092599917103},"50":{"Xc_est":0.17485035690393608,"Zc_est":0.18290398142220476,"Rc_est":0.053676988651193934},"52":{"Xc_est":0.044941230347043476,"Zc_est":0.04700095047617932,"Rc_est":0.01376136477818387},"26":{"Xc_est":0.16948853314320414,"Zc_est":0.17722428428175005,"Rc_est":0.051788841193287465},"10":{"Xc_est":0.14825569454182122,"Zc_est":0.15487153878705257,"Rc_est":0.044782167904108126},"24":{"Xc_est":0.10290764711404987,"Zc_est":0.10757001477077303,"Rc_est":0.03132609524397373},"25":{"Xc_est":0.09164974325347636,"Zc_est":0.0956235069088273,"Rc_est":0.027279656066644384},"23":{"Xc_est":0.08911674288284802,"Zc_est":0.09315489517300014,"Rc_est":0.02713006879174843},"49":{"Xc_est":0.14462616740002682,"Zc_est":0.15128794408102272,"Rc_est":0.04439947890957816},"5":{"Xc_est":0.08782085044060987,"Zc_est":0.09185077481711079,"Rc_est":0.026908419916294366},"31":{"Xc_est":0.13985216887329135,"Zc_est":0.14627468728947104,"Rc_est":0.04286787845309049},"43":{"Xc_est":0.13271123170072793,"Zc_est":0.13860590100930106,"Rc_est":0.03999155879777468},"39":{"Xc_est":0.06735329457160742,"Zc_est":0.07039801218689824,"Rc_est":0.02047959546028564},"34":{"Xc_est":0.11715506135565724,"Zc_est":0.1225299573930579,"Rc_est":0.035892646287182174},"44":{"Xc_est":0.22987979196718017,"Zc_est":0.24026826747941057,"Rc_est":0.06988649084539557},"55":{"Xc_est":0.09367281290912484,"Zc_est":0.09797156043752119,"Rc_est":0.028702452443213983},"17":{"Xc_est":0.1336831655372822,"Zc_est":0.1397227422852078,"Rc_est":0.040635648925914765},"37":{"Xc_est":0.17588065325942248,"Zc_est":0.18393027422261415,"Rc_est":0.05381766981805181},"47":{"Xc_est":0.21047311146246875,"Zc_est":0.21994387519852338,"Rc_est":0.06384651586931608},"9":{"Xc_est":0.018084236548980625,"Zc_est":0.018894158256056375,"Rc_est":0.005472623196001775},"12":{"Xc_est":0.1572310218119613,"Zc_est":0.1643226254610302,"Rc_est":0.04775281162792985},"20":{"Xc_est":0.15948512025796047,"Zc_est":0.1668337094162335,"Rc_est":0.04896920475037475},"6":{"Xc_est":0.10508048208306768,"Zc_est":0.10976758395426524,"Rc_est":0.031733496062469384},"14":{"Xc_est":0.11736910573192272,"Zc_est":0.12275184283924401,"Rc_est":0.03595146645297249},"7":{"Xc_est":0.14130658241570446,"Zc_est":0.1477977413236905,"Rc_est":0.04331999661101389},"8":{"Xc_est":0.10127766857672603,"Zc_est":0.1059392728961754,"Rc_est":0.031079951567419883},"19":{"Xc_est":0.08852058988999968,"Zc_est":0.09257614899316546,"Rc_est":0.027100710838117433},"4":{"Xc_est":0.1865319729380169,"Zc_est":0.1950637779638631,"Rc_est":0.05705874644071858},"22":{"Xc_est":0.07524520862695053,"Zc_est":0.07863397938886856,"Rc_est":0.022835526996671116},"11":{"Xc_est":0.03558965140349964,"Zc_est":0.03702573216904776,"Rc_est":0.010211834097332072},"35":{"Xc_est":0.1457665846997568,"Zc_est":0.15244292479249394,"Rc_est":0.04462004150892947},"13":{"Xc_est":0.1779234104251176,"Zc_est":0.18568677221189964,"Rc_est":0.05313038111258992},"15":{"Xc_est":0.01873370902736047,"Zc_est":0.01948200179530562,"Rc_est":0.0053475732842556},"16":{"Xc_est":0.1622257784148764,"Zc_est":0.16967473300956634,"Rc_est":0.049722347486367176},"40":{"Xc_est":0.1507733434462664,"Zc_est":0.15748223123109484,"Rc_est":0.04547584039419414},"21":{"Xc_est":0.1879047252152899,"Zc_est":0.19656139464026898,"Rc_est":0.05769052005913936},"38":{"Xc_est":0.046769149377091215,"Zc_est":0.048895868954662136,"Rc_est":0.014263683513553616},"46":{"Xc_est":0.1249419641851186,"Zc_est":0.13063312978501163,"Rc_est":0.03813817225552676},"45":{"Xc_est":0.17932383617926095,"Zc_est":0.187465579306648,"Rc_est":0.05464709692866325},"36":{"Xc_est":0.1745562672215479,"Zc_est":0.1825991239087462,"Rc_est":0.05359617174688136},"48":{"Xc_est":0.1066886268031037,"Zc_est":0.11134266707743005,"Rc_est":0.031854770800988155},"18":{"Xc_est":0.09323040516112709,"Zc_est":0.09731595384291367,"Rc_est":0.02790136960523965},"30":{"Xc_est":0.23163148489062435,"Zc_est":0.24203983349215752,"Rc_est":0.07021492864253154},"3":{"Xc_est":0.03267356085521366,"Zc_est":0.03415466826816742,"Rc_est":0.009948858504834214}}