linecode_id,linecode_name,A_p_est,dist_est,x_est,r_est,scenario_id
3,uglv_120cu_xlpe/nyl/pvc_ug_4w_bundled,"[148.90688201607634, 148.90688201607634, 148.90688201607634, 107.96677590720846]","[54.49807296892303, 54.4980726581988, 54.49807297144992, 54.49807265281826]",[0.7581032757156858 0.6124040543001634 0.6124040543001634 0.6124040546584041; 0.6124040543001634 0.7581032757156858 0.6124040542972501 0.6124040546646073; 0.6124040543001634 0.6124040542972501 0.7581032757156858 0.6124040546646073; 0.6124040546584041 0.6124040546646073 0.6124040546646073 0.7682034445799646],[0.2359219191172561 0.049348 0.049348 0.049348; 0.049348 0.2359219191172561 0.049348 0.049348; 0.049348 0.049348 0.2359219191172561 0.049348; 0.049348 0.049348 0.049348 0.3066692020811611],1
5,ugsc_16cu_xlpe/nyl/pvc_ug_2w_bundled,"[299.9994459613562, 12.8222981335701]",[2.000000868717027],[0.7360976410001884 0.8200649281706118; 0.8200649281706118 0.835139563347552],[0.13801647480745677 0.049348; 0.049348 2.1238975884885614],1
8,ugsc_25cu_xlpe/nyl/pvc_ug_2w_bundled,"[38.17736076578616, 6.000013612490058]",[2.00000609048609],[0.8008629168617564 0.8200647641238004; 0.8200647641238004 0.8589976264448216],[0.7358885827735697 0.049348; 0.049348 4.417722674073804],1
