linecode_id,linecode_name,A_p_est,dist_est,x_est,r_est,scenario_id
11,uglv_240al_xlpe/nyl/pvc_ug_4w_bundled,"[300.0000029450179, 300.0000029450179, 300.0000029450179, 276.5189986842717]","[20.59892173684952, 22.56927508296215, 28.796048036030264, 34.25862781968827, 20.93797761137133, 25.773657129214033]",[0.7360975826728058 0.6735349791301479 0.6677952294251083 0.6415723590409683; 0.6735349791301479 0.7360975826728058 0.6524862952459278 0.672509190868713; 0.6677952294251083 0.6524862952459278 0.7360975826728058 0.6594534358884068; 0.6415723590409683 0.672509190868713 0.6594534358884068 0.7386580794924896],[0.19293637577834583 0.049348 0.049348 0.049348; 0.049348 0.19293637577834583 0.049348 0.049348; 0.049348 0.049348 0.19293637577834583 0.049348; 0.049348 0.049348 0.049348 0.2051293870343089],1
9,uglv_185al_xlpe/nyl/pvc_ug_2w_bundled,"[39.54134166035432, 39.54131707040382]",[99.99995726560721],[0.7997600877418637 0.5742647528360382; 0.5742647528360382 0.7997601072788367],[1.2042286681972052 0.049348; 0.049348 1.2042293863942855],1
8,ugsc_16al_xlpe/pvc_ug_2w_bundled,"[145.40053918927373, 7.753783604113048]",[12.314756503154731],[0.7588518839435768 0.7058583029017877; 0.7058583029017877 0.8509419610700092],[0.353013997642116 0.049348; 0.049348 5.7437550204888135],1
