{"24":{"Xc_est":0.19728852718926243,"Zc_est":0.2113507314110686,"Rc_est":0.07580480662520898},"4":{"Xc_est":0.03869724961735895,"Zc_est":0.04079026944553728,"Rc_est":0.012898408951934507},"1":{"Xc_est":0.22861785075701563,"Zc_est":0.23971957246575612,"Rc_est":0.07210653048377673},"12":{"Xc_est":0.10955413453212039,"Zc_est":0.11409366879876336,"Rc_est":0.031863095688899605},"29":{"Xc_est":0.22319196289240914,"Zc_est":0.23418697985808667,"Rc_est":0.070914661638376},"20":{"Xc_est":0.06876744564219048,"Zc_est":0.07808636247292985,"Rc_est":0.03699349164518221},"2":{"Xc_est":0.24900966191203966,"Zc_est":0.2638548776140542,"Rc_est":0.08725585777000425},"6":{"Xc_est":0.08332586586174466,"Zc_est":0.09040978492098109,"Rc_est":0.035081751493455875},"25":{"Xc_est":0.18222268322360458,"Zc_est":0.19172944054219213,"Rc_est":0.05962442527531683},"23":{"Xc_est":0.2228022157498724,"Zc_est":0.23102666309515735,"Rc_est":0.06109412179441362},"22":{"Xc_est":0.19973296288306874,"Zc_est":0.20977631895865514,"Rc_est":0.06413148629023105},"11":{"Xc_est":0.2415572534720474,"Zc_est":0.25420039155220275,"Rc_est":0.07917027447428888},"13":{"Xc_est":0.25418850441945623,"Zc_est":0.2670660760052894,"Rc_est":0.08192980638243401},"5":{"Xc_est":0.0877968360735276,"Zc_est":0.09235487264747,"Rc_est":0.02865550692639242},"15":{"Xc_est":0.1497333432140973,"Zc_est":0.15484496577298446,"Rc_est":0.039457437260497205},"27":{"Xc_est":0.10684790150746501,"Zc_est":0.11108189024010584,"Rc_est":0.03037617952880147},"28":{"Xc_est":0.1510414091702612,"Zc_est":0.15679850653497784,"Rc_est":0.04209827036187144},"16":{"Xc_est":0.23758171507821685,"Zc_est":0.25134595325304865,"Rc_est":0.0820348516008697},"14":{"Xc_est":0.07202814543176467,"Zc_est":0.07506909582527789,"Rc_est":0.02114983247416664},"21":{"Xc_est":0.06059926705533836,"Zc_est":0.07105662551659786,"Rc_est":0.037104890003364914},"7":{"Xc_est":0.02654776414088155,"Zc_est":0.037811598006518954,"Rc_est":0.02692458287377377},"8":{"Xc_est":0.20120437333701807,"Zc_est":0.21484325309665864,"Rc_est":0.07532876974445271},"26":{"Xc_est":0.10875243544202856,"Zc_est":0.12127623246894413,"Rc_est":0.053673385837757506},"17":{"Xc_est":0.1863815826344964,"Zc_est":0.19599843721152602,"Rc_est":0.0606406880239736},"10":{"Xc_est":0.20590955264844812,"Zc_est":0.21633118021561237,"Rc_est":0.06633577964866111},"19":{"Xc_est":0.04660863902702611,"Zc_est":0.05373560657104342,"Rc_est":0.026742292003610002},"9":{"Xc_est":0.10252821733283791,"Zc_est":0.10694768441822447,"Rc_est":0.03042649919018761},"18":{"Xc_est":0.09035144158026394,"Zc_est":0.09763737877109067,"Rc_est":0.03700911695322627},"30":{"Xc_est":0.26428564694228546,"Zc_est":0.27463313567254777,"Rc_est":0.07467567227440056},"3":{"Xc_est":0.03017191638463091,"Zc_est":0.036569263504496775,"Rc_est":0.020663167592122958}}