{"24":{"Xc_est":0.17531605542494694,"Zc_est":0.19982983109655003,"Rc_est":0.0958970390904362},"4":{"Xc_est":0.03740491186800907,"Zc_est":0.06034288138743348,"Rc_est":0.047351197474660975},"1":{"Xc_est":0.20646753986385705,"Zc_est":0.2211990348191624,"Rc_est":0.07937359754663778},"12":{"Xc_est":0.09887190888363162,"Zc_est":0.12046031725306398,"Rc_est":0.06881158090333103},"29":{"Xc_est":0.2010450907433173,"Zc_est":0.21580164416291003,"Rc_est":0.07842972084246223},"20":{"Xc_est":0.06270774407487958,"Zc_est":0.08404118605764828,"Rc_est":0.055952299211164326},"2":{"Xc_est":0.2270057518125279,"Zc_est":0.2501471575076943,"Rc_est":0.10508086911140488},"6":{"Xc_est":0.0771258156349737,"Zc_est":0.0906655233459247,"Rc_est":0.04766388240828126},"25":{"Xc_est":0.1600675699752816,"Zc_est":0.17334903246501826,"Rc_est":0.06654517336942087},"23":{"Xc_est":0.20386602414588426,"Zc_est":0.22681652961966725,"Rc_est":0.09942023087711638},"22":{"Xc_est":0.17757661768648816,"Zc_est":0.19123090084440436,"Rc_est":0.07096338695967966},"11":{"Xc_est":0.21865091613829832,"Zc_est":0.23543541209017893,"Rc_est":0.08730183353146256},"13":{"Xc_est":0.23208479662795542,"Zc_est":0.24986053895595275,"Rc_est":0.09255774468686973},"5":{"Xc_est":0.08312752037026615,"Zc_est":0.12902940921678688,"Rc_est":0.09868335117903138},"15":{"Xc_est":0.12740425219788945,"Zc_est":0.1318196272947772,"Rc_est":0.0338315039871205},"27":{"Xc_est":0.09595142759865605,"Zc_est":0.111880123136765,"Rc_est":0.057536818602331195},"28":{"Xc_est":0.1287466316922073,"Zc_est":0.1345085763867949,"Rc_est":0.0389469119380903},"16":{"Xc_est":0.21554457149036474,"Zc_est":0.23655555545523807,"Rc_est":0.09746316492794221},"14":{"Xc_est":0.0663258639720726,"Zc_est":0.08206369389842377,"Rc_est":0.048325248314026445},"21":{"Xc_est":0.05562418640390474,"Zc_est":0.0836634075359261,"Rc_est":0.06249412490327484},"7":{"Xc_est":0.026845900725274097,"Zc_est":0.055368761736800054,"Rc_est":0.04842517310774698},"8":{"Xc_est":0.17920946756794703,"Zc_est":0.202274718775292,"Rc_est":0.09380313741893921},"26":{"Xc_est":0.09748179509741645,"Zc_est":0.12467416338531945,"Rc_est":0.07772352694271306},"17":{"Xc_est":0.16422536711920346,"Zc_est":0.1775493866571185,"Rc_est":0.06748194941524598},"10":{"Xc_est":0.1837619481434374,"Zc_est":0.19802677298083832,"Rc_est":0.0737980299989986},"19":{"Xc_est":0.040427767667462394,"Zc_est":0.05737164616692448,"Rc_est":0.04070751018336128},"9":{"Xc_est":0.09197002048202058,"Zc_est":0.11712247283272276,"Rc_est":0.07252026596054785},"18":{"Xc_est":0.08093266147068061,"Zc_est":0.09452734662088828,"Rc_est":0.04883977443086496},"30":{"Xc_est":0.2509355896984077,"Zc_est":0.30075118494243386,"Rc_est":0.16577878352488423},"3":{"Xc_est":0.030362373037220693,"Zc_est":0.04588151406428331,"Rc_est":0.03439825048428599}}