{"32":{"shunt_est":{"gs":11.53706666856791},"shunt_true":{"gs":2.8842666666666665}},"29":{"shunt_est":{"gs":11.537066193479822},"shunt_true":{"gs":0.7210666666666666}},"1":{"shunt_est":{"gs":0.5768533400271475},"shunt_true":{"gs":1.9228444444444444}},"54":{"shunt_est":{"gs":11.537066724031254},"shunt_true":{"gs":1.4421333333333333}},"2":{"shunt_est":{"gs":0.5768533460189484},"shunt_true":{"gs":2.8842666666666665}},"41":{"shunt_est":{"gs":0.5768534761687124},"shunt_true":{"gs":0.9614222222222222}},"51":{"shunt_est":{"gs":0.5768533959020975},"shunt_true":{"gs":1.4421333333333333}},"53":{"shunt_est":{"gs":0.576853353014014},"shunt_true":{"gs":5.768533333333333}},"27":{"shunt_est":{"gs":0.576853341925432},"shunt_true":{"gs":1.9228444444444444}},"42":{"shunt_est":{"gs":0.5768533798575891},"shunt_true":{"gs":0.7210666666666666}},"33":{"shunt_est":{"gs":0.5768533686882579},"shunt_true":{"gs":1.4421333333333333}},"28":{"shunt_est":{"gs":0.5768533651005544},"shunt_true":{"gs":0.8240761904761905}},"50":{"shunt_est":{"gs":0.5768533397671921},"shunt_true":{"gs":0.7210666666666666}},"52":{"shunt_est":{"gs":11.537066431675479},"shunt_true":{"gs":0.9614222222222222}},"26":{"shunt_est":{"gs":0.5768534234654833},"shunt_true":{"gs":0.7210666666666666}},"10":{"shunt_est":{"gs":0.5768534591409086},"shunt_true":{"gs":0.7210666666666666}},"24":{"shunt_est":{"gs":0.5768533784113752},"shunt_true":{"gs":2.8842666666666665}},"25":{"shunt_est":{"gs":0.5768533743241112},"shunt_true":{"gs":1.4421333333333333}},"23":{"shunt_est":{"gs":0.5768534581651825},"shunt_true":{"gs":1.4421333333333333}},"49":{"shunt_est":{"gs":0.5768533781039106},"shunt_true":{"gs":0.8240761904761905}},"5":{"shunt_est":{"gs":0.5768556717101239},"shunt_true":{"gs":5.768533333333333}},"31":{"shunt_est":{"gs":0.576853611569943},"shunt_true":{"gs":1.1537066666666667}},"43":{"shunt_est":{"gs":0.5768533678497375},"shunt_true":{"gs":1.1537066666666667}},"39":{"shunt_est":{"gs":11.537066598275127},"shunt_true":{"gs":1.4421333333333333}},"34":{"shunt_est":{"gs":11.537066638842957},"shunt_true":{"gs":1.1537066666666667}},"44":{"shunt_est":{"gs":3.38148904203528},"shunt_true":{"gs":1.4421333333333333}},"55":{"shunt_est":{"gs":0.5768542645846865},"shunt_true":{"gs":1.1537066666666667}},"17":{"shunt_est":{"gs":0.5768533716902977},"shunt_true":{"gs":1.1537066666666667}},"37":{"shunt_est":{"gs":0.5768533718225075},"shunt_true":{"gs":1.9228444444444444}},"47":{"shunt_est":{"gs":0.5768534304826866},"shunt_true":{"gs":1.4421333333333333}},"9":{"shunt_est":{"gs":11.537066334822695},"shunt_true":{"gs":2.8842666666666665}},"12":{"shunt_est":{"gs":0.5768533421031693},"shunt_true":{"gs":0.8240761904761905}},"20":{"shunt_est":{"gs":0.5768533456431624},"shunt_true":{"gs":1.4421333333333333}},"6":{"shunt_est":{"gs":0.5768533854621953},"shunt_true":{"gs":0.7210666666666666}},"14":{"shunt_est":{"gs":11.537066638347294},"shunt_true":{"gs":1.1537066666666667}},"7":{"shunt_est":{"gs":11.537066631124912},"shunt_true":{"gs":0.7210666666666666}},"8":{"shunt_est":{"gs":0.5768533945992846},"shunt_true":{"gs":2.8842666666666665}},"19":{"shunt_est":{"gs":0.5768549638708071},"shunt_true":{"gs":2.8842666666666665}},"4":{"shunt_est":{"gs":0.5768533959788791},"shunt_true":{"gs":1.1537066666666667}},"22":{"shunt_est":{"gs":0.5768541274001102},"shunt_true":{"gs":1.9228444444444444}},"11":{"shunt_est":{"gs":0.5768538690729473},"shunt_true":{"gs":0.9614222222222222}},"35":{"shunt_est":{"gs":0.5768534038176147},"shunt_true":{"gs":0.7210666666666666}},"13":{"shunt_est":{"gs":0.5768533388422965},"shunt_true":{"gs":2.8842666666666665}},"15":{"shunt_est":{"gs":11.537066353200649},"shunt_true":{"gs":0.9614222222222222}},"16":{"shunt_est":{"gs":0.5768533408188581},"shunt_true":{"gs":2.8842666666666665}},"40":{"shunt_est":{"gs":0.576853353154043},"shunt_true":{"gs":0.8240761904761905}},"21":{"shunt_est":{"gs":0.5768533845564289},"shunt_true":{"gs":5.768533333333333}},"38":{"shunt_est":{"gs":10.284569285618396},"shunt_true":{"gs":1.4421333333333333}},"46":{"shunt_est":{"gs":0.5768533635342251},"shunt_true":{"gs":2.8842666666666665}},"45":{"shunt_est":{"gs":0.5768533631425616},"shunt_true":{"gs":0.8240761904761905}},"36":{"shunt_est":{"gs":0.5768533402113634},"shunt_true":{"gs":2.8842666666666665}},"48":{"shunt_est":{"gs":0.5768533649250482},"shunt_true":{"gs":0.7210666666666666}},"18":{"shunt_est":{"gs":0.5768534235992315},"shunt_true":{"gs":1.9228444444444444}},"30":{"shunt_est":{"gs":0.5768545752192457},"shunt_true":{"gs":2.8842666666666665}},"3":{"shunt_est":{"gs":0.5768556454905761},"shunt_true":{"gs":2.8842666666666665}}}