{"32":{"Xc_est":0.19596932147045362,"Zc_est":0.21228247358400185,"Rc_est":0.0816080488270149},"29":{"Xc_est":0.09844178287558716,"Zc_est":0.12705165883199318,"Rc_est":0.08032023030492967},"1":{"Xc_est":0.14327119043546224,"Zc_est":0.17357732004106938,"Rc_est":0.09799210184420651},"54":{"Xc_est":0.10150139248557889,"Zc_est":0.11276332791049011,"Rc_est":0.0491226571445111},"2":{"Xc_est":0.17024824528265264,"Zc_est":0.2025519384248661,"Rc_est":0.10973979559780717},"41":{"Xc_est":0.0818849784254728,"Zc_est":0.08652270733139995,"Rc_est":0.027946899509873075},"51":{"Xc_est":0.10641621532965546,"Zc_est":0.13251121480967754,"Rc_est":0.07896082044437548},"53":{"Xc_est":0.10786075526097857,"Zc_est":0.11648140445500606,"Rc_est":0.04397698327923354},"27":{"Xc_est":0.14963146243813605,"Zc_est":0.15912059793246375,"Rc_est":0.054127535829829425},"42":{"Xc_est":0.1671756395252694,"Zc_est":0.17957002732495367,"Rc_est":0.06555684756607653},"33":{"Xc_est":0.0899313264700414,"Zc_est":0.12015782381449527,"Rc_est":0.07968851324484676},"28":{"Xc_est":0.1205928908359957,"Zc_est":0.13671266902995266,"Rc_est":0.06440270610083865},"50":{"Xc_est":0.16749665514216847,"Zc_est":0.18107657176609085,"Rc_est":0.06880112905138792},"52":{"Xc_est":0.04391674706407883,"Zc_est":0.04863146551927691,"Rc_est":0.02088872341389828},"26":{"Xc_est":0.15721629027186831,"Zc_est":0.16589135133072008,"Rc_est":0.052943163104257854},"10":{"Xc_est":0.13917538984007055,"Zc_est":0.14881795778951032,"Rc_est":0.05269720508247908},"24":{"Xc_est":0.0995202350759621,"Zc_est":0.10554951156535897,"Rc_est":0.03516279570954349},"25":{"Xc_est":0.0854580346026385,"Zc_est":0.09299394859420733,"Rc_est":0.03667149842856597},"23":{"Xc_est":0.07935664782553487,"Zc_est":0.08448495275111795,"Rc_est":0.028986715703105542},"49":{"Xc_est":0.13531141078145548,"Zc_est":0.14614737333795041,"Rc_est":0.05522569008997965},"5":{"Xc_est":0.08274891859005612,"Zc_est":0.09151347816922159,"Rc_est":0.0390811099996515},"31":{"Xc_est":0.1305000643477828,"Zc_est":0.137129814229498,"Rc_est":0.042122667957302726},"43":{"Xc_est":0.12484843306575194,"Zc_est":0.1336400404324422,"Rc_est":0.0476710516751125},"39":{"Xc_est":0.06194713645400246,"Zc_est":0.07782754810262216,"Rc_est":0.047113475023767525},"34":{"Xc_est":0.10980059676639892,"Zc_est":0.11909440109440689,"Rc_est":0.04612272023393821},"44":{"Xc_est":0.21731418637112085,"Zc_est":0.2310944490740196,"Rc_est":0.07860781637141684},"55":{"Xc_est":0.08776673681366673,"Zc_est":0.10266852787043665,"Rc_est":0.053271254201146645},"17":{"Xc_est":0.12698848513091843,"Zc_est":0.1590157971001945,"Rc_est":0.09570761919285597},"37":{"Xc_est":0.16513334860628143,"Zc_est":0.18673511361281916,"Rc_est":0.08718359842349255},"47":{"Xc_est":0.19832366978870733,"Zc_est":0.21097641638502043,"Rc_est":0.07196367328176971},"9":{"Xc_est":0.021310907341493036,"Zc_est":0.0334548240987625,"Rc_est":0.025788960501761958},"12":{"Xc_est":0.15063043935533366,"Zc_est":0.16055981556142673,"Rc_est":0.05558709483988638},"20":{"Xc_est":0.1527548958439984,"Zc_est":0.1651341402804496,"Rc_est":0.06273138035985186},"6":{"Xc_est":0.10152632472592012,"Zc_est":0.10843768835618975,"Rc_est":0.03809380059381253},"14":{"Xc_est":0.11220248731131417,"Zc_est":0.12487952659270017,"Rc_est":0.054822422448951434},"7":{"Xc_est":0.13238510060119144,"Zc_est":0.14530805858758716,"Rc_est":0.059905066808293314},"8":{"Xc_est":0.09393720557192572,"Zc_est":0.1019300357838134,"Rc_est":0.039566824540607864},"19":{"Xc_est":0.08352478365221927,"Zc_est":0.09344127254081536,"Rc_est":0.04189131091165442},"4":{"Xc_est":0.18278506554648694,"Zc_est":0.19279935907334222,"Rc_est":0.061328726321830826},"22":{"Xc_est":0.07078925591439136,"Zc_est":0.09171905643164062,"Rc_est":0.0583203785978562},"11":{"Xc_est":0.03686172526800193,"Zc_est":0.04105687442014678,"Rc_est":0.018079827084849308},"35":{"Xc_est":0.13709102190787462,"Zc_est":0.15365886866636122,"Rc_est":0.06940532855682399},"13":{"Xc_est":0.16858728824863875,"Zc_est":0.1832901661316688,"Rc_est":0.0719278196635011},"15":{"Xc_est":0.019896480974932147,"Zc_est":0.02280391207024707,"Rc_est":0.011142192357059858},"16":{"Xc_est":0.15579371411289253,"Zc_est":0.17236293473251754,"Rc_est":0.07373804928608037},"40":{"Xc_est":0.1418511545194714,"Zc_est":0.15169177954424645,"Rc_est":0.05374612490955344},"21":{"Xc_est":0.18523390826480834,"Zc_est":0.2006161664884726,"Rc_est":0.07704054442613403},"38":{"Xc_est":0.04559905223623946,"Zc_est":0.05298401383492039,"Rc_est":0.0269820710327384},"46":{"Xc_est":0.11822985992651866,"Zc_est":0.1368867566365473,"Rc_est":0.06899046574874754},"45":{"Xc_est":0.16791609640967448,"Zc_est":0.17767010329777608,"Rc_est":0.0580590231779637},"36":{"Xc_est":0.16755467725467102,"Zc_est":0.1812101750157509,"Rc_est":0.06901128646331776},"48":{"Xc_est":0.09975100025463879,"Zc_est":0.10803252530772715,"Rc_est":0.041482098217951346},"18":{"Xc_est":0.08382412219743847,"Zc_est":0.0910369327073715,"Rc_est":0.0355139360617123},"30":{"Xc_est":0.219216540696527,"Zc_est":0.23383707477514848,"Rc_est":0.08138725836668978},"3":{"Xc_est":0.03483353840353237,"Zc_est":0.0425468505844925,"Rc_est":0.0244306998865928}}