{"32":{"shunt_est":{"gs":11.537066749771927},"shunt_true":{"gs":0.14138562091503268}},"29":{"shunt_est":{"gs":0.5768534946613708},"shunt_true":{"gs":0.028277124183006534}},"1":{"shunt_est":{"gs":0.5768534105523497},"shunt_true":{"gs":0.22621699346405227}},"54":{"shunt_est":{"gs":11.537065567309305},"shunt_true":{"gs":0.08483137254901961}},"24":{"shunt_est":{"gs":0.5768535305960962},"shunt_true":{"gs":0.14138562091503268}},"2":{"shunt_est":{"gs":11.537066513133022},"shunt_true":{"gs":0.22621699346405227}},"25":{"shunt_est":{"gs":0.5768534737165233},"shunt_true":{"gs":0.11310849673202614}},"23":{"shunt_est":{"gs":0.5768536493966844},"shunt_true":{"gs":0.14138562091503268}},"41":{"shunt_est":{"gs":0.5768534722778501},"shunt_true":{"gs":0.14138562091503268}},"51":{"shunt_est":{"gs":11.537066709618761},"shunt_true":{"gs":0.22621699346405227}},"53":{"shunt_est":{"gs":0.5768534147399821},"shunt_true":{"gs":0.19793986928104573}},"49":{"shunt_est":{"gs":0.5768534460853254},"shunt_true":{"gs":0.14138562091503268}},"27":{"shunt_est":{"gs":0.5768534107791307},"shunt_true":{"gs":0.22621699346405227}},"5":{"shunt_est":{"gs":8.458609607531145},"shunt_true":{"gs":0.028277124183006534}},"31":{"shunt_est":{"gs":8.200538277387095},"shunt_true":{"gs":0.05655424836601307}},"42":{"shunt_est":{"gs":7.844994577032835},"shunt_true":{"gs":0.05655424836601307}},"33":{"shunt_est":{"gs":0.5768533769520117},"shunt_true":{"gs":0.11310849673202614}},"28":{"shunt_est":{"gs":0.5768533707240024},"shunt_true":{"gs":0.16966274509803922}},"43":{"shunt_est":{"gs":0.5768537454521022},"shunt_true":{"gs":0.22621699346405227}},"50":{"shunt_est":{"gs":0.576853474447163},"shunt_true":{"gs":0.05655424836601307}},"52":{"shunt_est":{"gs":0.5768628076072171},"shunt_true":{"gs":0.16966274509803922}},"39":{"shunt_est":{"gs":0.5768536514311519},"shunt_true":{"gs":0.14138562091503268}},"34":{"shunt_est":{"gs":11.537066449970807},"shunt_true":{"gs":0.22621699346405227}},"26":{"shunt_est":{"gs":0.5768536150446162},"shunt_true":{"gs":0.08483137254901961}},"10":{"shunt_est":{"gs":11.537066716562657},"shunt_true":{"gs":0.05655424836601307}}}