linecode_id,linecode_name,A_p_est,dist_est,x_est,r_est,scenario_id
4,hydrogen,"[167.06425460836462, 160.04057794638786, 300.00000017307514, 132.16479035252405]","[722.5997488964741, 759.5920305003792, 538.7362852067598]",[0.7544886343573843 0.45000280414387933 0.40486292987438016 0.385382815810856; 0.45000280414387933 0.7558379861560022 0.44686585270883017 0.413184676309783; 0.40486292987438016 0.44686585270883017 0.7360975829630835 0.46845211949286997; 0.385382815810856 0.413184676309783 0.46845211949286997 0.7618503123621961],[0.19328855163550865 0.049348 0.049348 0.049348; 0.049348 0.1996056488755165 0.049348 0.049348; 0.049348 0.049348 0.12950573651009922 0.049348; 0.049348 0.049348 0.049348 0.23129752606334478],1
1,pluto,"[180.24127475556966, 200.63253170422882, 98.1005395742982, 300.0000027809647]","[386.11892273532317, 1199.9999653309394, 956.0160403655036]",[0.7521035984876707 0.4893802505842063 0.4006049210305883 0.37096617632373763; 0.4893802505842063 0.7487364735247736 0.4181330731809511 0.3813172566119299; 0.4006049210305883 0.4181330731809511 0.7712140613014956 0.43241491969259477; 0.37096617632373763 0.3813172566119299 0.43241491969259477 0.7360975826899854],[0.3080862350552286 0.049348 0.049348 0.049348; 0.049348 0.28178941375392746 0.049348 0.049348; 0.049348 0.049348 0.5247308013253743 0.049348; 0.049348 0.049348 0.049348 0.204799029606856],1
10,tw2x16_lv_oh_2w_bundled,"[14.081957745042962, 9.999999992016873]",[2.0000033418989167],[0.8321956111915096 0.8200648504732113; 0.8200648504732113 0.842949599948586],[2.622223125116583 0.049348; 0.049348 3.67245988240876],1
7,abc2x16_lv_oh_2w_bundled,"[56.15269720499654, 10.000000171350756]",[2.1518419147670103],[0.7887416179353612 0.8154670982383985; 0.8154670982383985 0.8429495993851907],[0.8459219584517343 0.049348; 0.049348 4.522325552387765],1
