linecode_id,linecode_name,A_p_est,dist_est,x_est,r_est,scenario_id
4,hydrogen,"[278.96281111595005, 142.4439009498868, 300.0000022524852, 130.38789347748107]","[625.5539452285955, 692.4186179472808, 502.3329007562175]",[0.7383816516947382 0.459064303340614 0.4122411223305807 0.39195205971579633; 0.459064303340614 0.7594972951509978 0.4526835162981797 0.41840848457849444; 0.4122411223305807 0.4526835162981797 0.7360975827453278 0.4728480432275524; 0.39195205971579633 0.41840848457849444 0.4728480432275524 0.7622755515463293],[0.1355506048228625 0.049348 0.049348 0.049348; 0.049348 0.2181675900740121 0.049348 0.049348; 0.049348 0.049348 0.12950573595449652 0.049348; 0.049348 0.049348 0.049348 0.2337770932659037],1
1,pluto,"[103.86134720515406, 275.93042884630523, 101.07742403725038, 300.0000027137103]","[379.9999981501217, 1200.0000077676323, 1184.0239259612451]",[0.7694213404718109 0.49038393926610485 0.40084778119767833 0.36570818638267794; 0.49038393926610485 0.7387250196180652 0.41813307095896585 0.37500089943310316; 0.40084778119767833 0.41813307095896585 0.7702749135653462 0.41897519689945173; 0.36570818638267794 0.37500089943310316 0.41897519689945173 0.7360975826970283],[0.49836306257417745 0.049348 0.049348 0.049348; 0.049348 0.21835911453835613 0.049348 0.049348; 0.049348 0.049348 0.5107300520116733 0.049348; 0.049348 0.049348 0.049348 0.2047990296417052],1
10,tw2x16_lv_oh_2w_bundled,"[9.999999909739165, 9.999999909210818]",[99.99998549187167],[0.8429496002070697 0.5742647351009066; 0.5742647351009066 0.8429496002087296],[3.6724599122188946 0.049348; 0.049348 3.6724599124103205],1
7,abc2x16_lv_oh_2w_bundled,"[247.55196793213668, 10.000000136362427]",[2.000000739047798],[0.7421345425901995 0.8200649322442986; 0.8200649322442986 0.84294959949511],[0.23003642943954236 0.049348; 0.049348 4.5223255680379655],1
