{"32":{"shunt_est":{"gs":1.7335428712609693},"shunt_true":{"gs":0.866771449704142}},"29":{"shunt_est":{"gs":1.7335426064317865},"shunt_true":{"gs":0.1733542899408284}},"1":{"shunt_est":{"gs":1.185441240507703e-7},"shunt_true":{"gs":1.3868343195266273}},"54":{"shunt_est":{"gs":1.7335427629355993},"shunt_true":{"gs":0.5200628698224852}},"24":{"shunt_est":{"gs":2.206306425531743e-6},"shunt_true":{"gs":0.866771449704142}},"2":{"shunt_est":{"gs":1.7335428521198974},"shunt_true":{"gs":1.3868343195266273}},"25":{"shunt_est":{"gs":1.7335421720151805},"shunt_true":{"gs":0.6934171597633136}},"23":{"shunt_est":{"gs":1.7335423472908056},"shunt_true":{"gs":0.866771449704142}},"41":{"shunt_est":{"gs":4.059988964534397e-6},"shunt_true":{"gs":0.866771449704142}},"51":{"shunt_est":{"gs":1.7335428358045637},"shunt_true":{"gs":1.3868343195266273}},"53":{"shunt_est":{"gs":1.6855799240312367e-7},"shunt_true":{"gs":1.2134800295857988}},"49":{"shunt_est":{"gs":1.7335328938729582},"shunt_true":{"gs":0.866771449704142}},"27":{"shunt_est":{"gs":1.438923005768157e-7},"shunt_true":{"gs":1.3868343195266273}},"5":{"shunt_est":{"gs":1.7335426346168037},"shunt_true":{"gs":0.1733542899408284}},"31":{"shunt_est":{"gs":1.7335426906004618},"shunt_true":{"gs":0.3467085798816568}},"42":{"shunt_est":{"gs":1.7335418813772974},"shunt_true":{"gs":0.3467085798816568}},"33":{"shunt_est":{"gs":4.974188021305339e-8},"shunt_true":{"gs":0.6934171597633136}},"28":{"shunt_est":{"gs":7.522118699184663e-8},"shunt_true":{"gs":1.0401257396449703}},"43":{"shunt_est":{"gs":5.388281859667382e-6},"shunt_true":{"gs":1.3868343195266273}},"50":{"shunt_est":{"gs":3.2494089464449238e-6},"shunt_true":{"gs":0.3467085798816568}},"52":{"shunt_est":{"gs":1.7335423540232773},"shunt_true":{"gs":1.0401257396449703}},"39":{"shunt_est":{"gs":1.7335427896470879},"shunt_true":{"gs":0.866771449704142}},"34":{"shunt_est":{"gs":1.7335427979718694},"shunt_true":{"gs":1.3868343195266273}},"26":{"shunt_est":{"gs":1.3585303982698136e-6},"shunt_true":{"gs":0.5200628698224852}},"10":{"shunt_est":{"gs":1.7335428504603756},"shunt_true":{"gs":0.3467085798816568}}}