{"32":{"shunt_est":{"gs":1.73354282870078},"shunt_true":{"gs":0.866771449704142}},"29":{"shunt_est":{"gs":1.7335420359358864},"shunt_true":{"gs":0.1733542899408284}},"1":{"shunt_est":{"gs":5.975796631625346e-8},"shunt_true":{"gs":1.3868343195266273}},"54":{"shunt_est":{"gs":1.7335427463124176},"shunt_true":{"gs":0.5200628698224852}},"24":{"shunt_est":{"gs":1.8672424041278418e-6},"shunt_true":{"gs":0.866771449704142}},"2":{"shunt_est":{"gs":1.733542675986521},"shunt_true":{"gs":1.3868343195266273}},"25":{"shunt_est":{"gs":1.7335427857229417},"shunt_true":{"gs":0.6934171597633136}},"23":{"shunt_est":{"gs":1.7335422771246272},"shunt_true":{"gs":0.866771449704142}},"41":{"shunt_est":{"gs":1.7335412330926985},"shunt_true":{"gs":0.866771449704142}},"51":{"shunt_est":{"gs":1.7335426779541179},"shunt_true":{"gs":1.3868343195266273}},"53":{"shunt_est":{"gs":2.1830088955792105e-7},"shunt_true":{"gs":1.2134800295857988}},"49":{"shunt_est":{"gs":1.7335249175580898},"shunt_true":{"gs":0.866771449704142}},"27":{"shunt_est":{"gs":2.1406891541684023e-7},"shunt_true":{"gs":1.3868343195266273}},"5":{"shunt_est":{"gs":1.733542422503985},"shunt_true":{"gs":0.1733542899408284}},"31":{"shunt_est":{"gs":1.7335424460242048},"shunt_true":{"gs":0.3467085798816568}},"42":{"shunt_est":{"gs":1.714549108223867e-6},"shunt_true":{"gs":0.3467085798816568}},"33":{"shunt_est":{"gs":7.699092768553323e-8},"shunt_true":{"gs":0.6934171597633136}},"28":{"shunt_est":{"gs":1.6409128218316145e-7},"shunt_true":{"gs":1.0401257396449703}},"43":{"shunt_est":{"gs":5.211080883959489e-6},"shunt_true":{"gs":1.3868343195266273}},"50":{"shunt_est":{"gs":3.2021937502637115e-7},"shunt_true":{"gs":0.3467085798816568}},"52":{"shunt_est":{"gs":1.7335424584677164},"shunt_true":{"gs":1.0401257396449703}},"39":{"shunt_est":{"gs":1.7335427609794467},"shunt_true":{"gs":0.866771449704142}},"34":{"shunt_est":{"gs":1.7335427731870947},"shunt_true":{"gs":1.3868343195266273}},"26":{"shunt_est":{"gs":5.03141983925362e-7},"shunt_true":{"gs":0.5200628698224852}},"10":{"shunt_est":{"gs":1.7335427674463768},"shunt_true":{"gs":0.3467085798816568}}}