linecode_id,linecode_name,A_p_est,dist_est,x_est,r_est,scenario_id
4,hydrogen,"[231.57254914420423, 144.54715525694402, 261.52907250136565, 300.0000025484959]","[380.0000004055419, 636.767570955693, 616.6900552660206]",[0.7442308480674069 0.490383938893177 0.428543894522781 0.3987570991323287; 0.490383938893177 0.7590368137605505 0.45794795848386327 0.4153945840807245; 0.428543894522781 0.45794795848386327 0.740409021245772 0.45996097965555754; 0.3987570991323287 0.4153945840807245 0.45996097965555754 0.7360975827143295],[0.15319157323772598 0.049348 0.049348 0.049348; 0.049348 0.21571115619049752 0.049348 0.049348; 0.049348 0.049348 0.1412969398899524 0.049348; 0.049348 0.049348 0.049348 0.1295057358754047],1
1,pluto,"[132.24150442333016, 275.9261849605914, 100.38781305108304, 300.0000027386626]","[380.00000083883214, 1199.9999985497993, 1060.107736748241]",[0.7618320824685527 0.49038393882153364 0.4008477814573226 0.36859015443153204; 0.49038393882153364 0.7387255028084547 0.4181330714416116 0.3783547023133067; 0.4008477814573226 0.4181330714416116 0.7704899869314791 0.425921161564857; 0.36859015443153204 0.3783547023133067 0.425921161564857 0.7360975826944152],[0.4020005920717912 0.049348 0.049348 0.049348; 0.049348 0.21836171401565682 0.049348 0.049348; 0.049348 0.049348 0.5138995017906598 0.049348; 0.049348 0.049348 0.049348 0.20479902962877566],1
10,tw2x16_lv_oh_2w_bundled,"[9.99999990534578, 9.999999903607456]",[11.86138821083581],[0.842949600220872 0.7082151200666503; 0.7082151200666503 0.842949600226333],[3.6724599138106675 0.049348; 0.049348 3.6724599144404815],1
7,abc2x16_lv_oh_2w_bundled,"[12.742721474212294, 48.83274644692238]",[2.0000007046168156],[0.8353351421847984 0.820064933325982; 0.820064933325982 0.7931296035697799],[3.5595696101047407 0.049348; 0.049348 0.9653271235363696],1
