{"32":{"Xc_est":0.19891135039936006,"Zc_est":0.2132529679242714,"Rc_est":0.07688369795225339},"29":{"Xc_est":0.11020939223612947,"Zc_est":0.13928138028130146,"Rc_est":0.08516567827480431},"1":{"Xc_est":0.14606529269766041,"Zc_est":0.17355624497082633,"Rc_est":0.09373740148692128},"54":{"Xc_est":0.10027158750178541,"Zc_est":0.10763966251205202,"Rc_est":0.03913956675258745},"2":{"Xc_est":0.1722437903922937,"Zc_est":0.20072683070330793,"Rc_est":0.10306957473226541},"41":{"Xc_est":0.08610975357135939,"Zc_est":0.09050698914879975,"Rc_est":0.02786800001185436},"51":{"Xc_est":0.11222531162778022,"Zc_est":0.13374710162498815,"Rc_est":0.07275827528970522},"53":{"Xc_est":0.11141572702932229,"Zc_est":0.11851065797426663,"Rc_est":0.04038950140842478},"27":{"Xc_est":0.15150348533484462,"Zc_est":0.16050317636662487,"Rc_est":0.05299022131648824},"42":{"Xc_est":0.17784589560514302,"Zc_est":0.18935951901702874,"Rc_est":0.06502203364064404},"33":{"Xc_est":0.09568624681931294,"Zc_est":0.11981400053615031,"Rc_est":0.07210781437618359},"28":{"Xc_est":0.12947639693747404,"Zc_est":0.14306081336702353,"Rc_est":0.06084619098451441},"50":{"Xc_est":0.16965073652061863,"Zc_est":0.18302531285558135,"Rc_est":0.06867963849566386},"52":{"Xc_est":0.04876667268386774,"Zc_est":0.05269616458475868,"Rc_est":0.019967408376864625},"26":{"Xc_est":0.16748366229074832,"Zc_est":0.17584430796136086,"Rc_est":0.05357652011925078},"10":{"Xc_est":0.1481074464816169,"Zc_est":0.15660857677726944,"Rc_est":0.05089627311401967},"24":{"Xc_est":0.10411081102231388,"Zc_est":0.10936430904299821,"Rc_est":0.03348867152827157},"25":{"Xc_est":0.09581413838261109,"Zc_est":0.10313608654267063,"Rc_est":0.03816678180479851},"23":{"Xc_est":0.08373946634185833,"Zc_est":0.08881857836247893,"Rc_est":0.02960475703518922},"49":{"Xc_est":0.14433127483326633,"Zc_est":0.15434143187021027,"Rc_est":0.05467870423438086},"5":{"Xc_est":0.08418652997467738,"Zc_est":0.0916438603252798,"Rc_est":0.036210845145372414},"31":{"Xc_est":0.1383198160879013,"Zc_est":0.1444116608947656,"Rc_est":0.04150128045969103},"43":{"Xc_est":0.13370545593634459,"Zc_est":0.14115612313550435,"Rc_est":0.04525375289962023},"39":{"Xc_est":0.06637371367434501,"Zc_est":0.07943778749630204,"Rc_est":0.0436450709173866},"34":{"Xc_est":0.11366530089299692,"Zc_est":0.12488016865785263,"Rc_est":0.051722875953664774},"44":{"Xc_est":0.2203899385849453,"Zc_est":0.2328509097113222,"Rc_est":0.07515198682612696},"55":{"Xc_est":0.08992853164051905,"Zc_est":0.09999126215754107,"Rc_est":0.043716263619370185},"17":{"Xc_est":0.1358065219814582,"Zc_est":0.1616530786459502,"Rc_est":0.08768298821900099},"37":{"Xc_est":0.17596663263459522,"Zc_est":0.19519115862777753,"Rc_est":0.08447089798087634},"47":{"Xc_est":0.2011870083578961,"Zc_est":0.21198984051871975,"Rc_est":0.06680928192363753},"9":{"Xc_est":0.022995314070215513,"Zc_est":0.03261350786386574,"Rc_est":0.023126963181502695},"12":{"Xc_est":0.15258111372524455,"Zc_est":0.1619036215369315,"Rc_est":0.05414597308330449},"20":{"Xc_est":0.15478688169388974,"Zc_est":0.1667076017998032,"Rc_est":0.0619067504665164},"6":{"Xc_est":0.10651636083443462,"Zc_est":0.11245745856647511,"Rc_est":0.03606861325056717},"14":{"Xc_est":0.11371238285489144,"Zc_est":0.12498452101834213,"Rc_est":0.051871229787301174},"7":{"Xc_est":0.14124737919044558,"Zc_est":0.15248984443577301,"Rc_est":0.057465907526782614},"8":{"Xc_est":0.09987171850680938,"Zc_est":0.10723417523905251,"Rc_est":0.039048792320588506},"19":{"Xc_est":0.08495809852584567,"Zc_est":0.09333319514303345,"Rc_est":0.0386420342435574},"4":{"Xc_est":0.18578961571556227,"Zc_est":0.19482468813061013,"Rc_est":0.058641945716809245},"22":{"Xc_est":0.07231907168846138,"Zc_est":0.08952606148671209,"Rc_est":0.05277184434375718},"11":{"Xc_est":0.03548984041294597,"Zc_est":0.03814398530643268,"Rc_est":0.013979801233242889},"35":{"Xc_est":0.14488660841431067,"Zc_est":0.15897516937275646,"Rc_est":0.06542916153592987},"13":{"Xc_est":0.17047714548735085,"Zc_est":0.18329111614310045,"Rc_est":0.06732886545507911},"15":{"Xc_est":0.020931198601242908,"Zc_est":0.022737050854407016,"Rc_est":0.008880225597991183},"16":{"Xc_est":0.15780887735792415,"Zc_est":0.17322164737091955,"Rc_est":0.07142896712767761},"40":{"Xc_est":0.1511912865881058,"Zc_est":0.15957882211575947,"Rc_est":0.05105482668354154},"21":{"Xc_est":0.18743610012988848,"Zc_est":0.20019395069755652,"Rc_est":0.07032301375790222},"38":{"Xc_est":0.05078223378336827,"Zc_est":0.057196961522135714,"Rc_est":0.026318380256695213},"46":{"Xc_est":0.12690084155511505,"Zc_est":0.14206305082494108,"Rc_est":0.0638598999552409},"45":{"Xc_est":0.17819262731858537,"Zc_est":0.1871443717080642,"Rc_est":0.057187441202643755},"36":{"Xc_est":0.16978044363936795,"Zc_est":0.1832992034901737,"Rc_est":0.06908834169200702},"48":{"Xc_est":0.10558416533872256,"Zc_est":0.11251608396832372,"Rc_est":0.03888255625974417},"18":{"Xc_est":0.08814732836136788,"Zc_est":0.09459730116304517,"Rc_est":0.034332169900620275},"30":{"Xc_est":0.22226690858568776,"Zc_est":0.23528072669128042,"Rc_est":0.07716502899719868},"3":{"Xc_est":0.03308622698348206,"Zc_est":0.03807983936417495,"Rc_est":0.018851412413898098}}