{"32":{"Xc_est":0.20426429010710065,"Zc_est":0.22026255539575965,"Rc_est":0.08241172911978187},"29":{"Xc_est":0.10628257526685864,"Zc_est":0.14901938236492498,"Rc_est":0.10445472950071835},"1":{"Xc_est":0.14510617486637392,"Zc_est":0.18947869194526323,"Rc_est":0.12184569223791739},"54":{"Xc_est":0.10115702478938729,"Zc_est":0.10411715080898389,"Rc_est":0.024650302804224925},"2":{"Xc_est":0.1698458902324401,"Zc_est":0.2116196847913611,"Rc_est":0.1262349577666382},"41":{"Xc_est":0.08379853019760095,"Zc_est":0.08701176813336069,"Rc_est":0.023427636039845885},"51":{"Xc_est":0.10787558561522459,"Zc_est":0.13820158258336013,"Rc_est":0.08638596793876685},"53":{"Xc_est":0.10559513389138543,"Zc_est":0.10965999342090482,"Rc_est":0.029580092216443008},"27":{"Xc_est":0.14760864922130448,"Zc_est":0.15599650612048765,"Rc_est":0.05046381472759693},"42":{"Xc_est":0.17876473375364663,"Zc_est":0.19128674520307604,"Rc_est":0.06807193883219698},"33":{"Xc_est":0.09050836757487601,"Zc_est":0.1252722622673028,"Rc_est":0.08661047911482203},"28":{"Xc_est":0.1257731566489209,"Zc_est":0.14186655051219324,"Rc_est":0.06562949962322344},"50":{"Xc_est":0.16824833176192394,"Zc_est":0.18724302226326744,"Rc_est":0.08217328182330336},"52":{"Xc_est":0.050795332383676076,"Zc_est":0.054753424332500834,"Rc_est":0.02043946389137355},"26":{"Xc_est":0.1684752781575937,"Zc_est":0.17632390743438103,"Rc_est":0.05202115898987262},"10":{"Xc_est":0.1483907009158944,"Zc_est":0.15466228673253413,"Rc_est":0.04359613307423242},"24":{"Xc_est":0.09974030347957898,"Zc_est":0.10341612611519359,"Rc_est":0.027327037938186974},"25":{"Xc_est":0.09191168045775319,"Zc_est":0.09467602696570573,"Rc_est":0.02271107829767023},"23":{"Xc_est":0.08185853912311611,"Zc_est":0.08621004928241993,"Rc_est":0.027043523622237962},"49":{"Xc_est":0.14576747862998496,"Zc_est":0.1579949117258196,"Rc_est":0.06094451825313249},"5":{"Xc_est":0.0848201444238584,"Zc_est":0.09942655955189338,"Rc_est":0.05187662136494628},"31":{"Xc_est":0.13420888485873075,"Zc_est":0.13854808297940482,"Rc_est":0.03440271097230564},"43":{"Xc_est":0.12945088316344683,"Zc_est":0.13386534647954887,"Rc_est":0.034093985338961276},"39":{"Xc_est":0.06652468890788216,"Zc_est":0.08445247983347873,"Rc_est":0.05202583123539338},"34":{"Xc_est":0.1087370594022109,"Zc_est":0.11834630229651935,"Rc_est":0.04671294445674773},"44":{"Xc_est":0.22085973563456243,"Zc_est":0.23155570242902962,"Rc_est":0.06956306852657165},"55":{"Xc_est":0.08988427093267701,"Zc_est":0.10640345367967842,"Rc_est":0.0569430662492334},"17":{"Xc_est":0.1321852703030616,"Zc_est":0.1677709706687791,"Rc_est":0.10331579218130633},"37":{"Xc_est":0.17741844142841348,"Zc_est":0.202610939361451,"Rc_est":0.09784625383754958},"47":{"Xc_est":0.2059083660136769,"Zc_est":0.21390150212282233,"Rc_est":0.05792751864163896},"9":{"Xc_est":0.018087052905059568,"Zc_est":0.02515886535116205,"Rc_est":0.01748791076622587},"12":{"Xc_est":0.14947658592237564,"Zc_est":0.15792696249697602,"Rc_est":0.050967398839963624},"20":{"Xc_est":0.15216377357043454,"Zc_est":0.16699012835067448,"Rc_est":0.06878872712429167},"6":{"Xc_est":0.10191313845018547,"Zc_est":0.10566651953055754,"Rc_est":0.027912820726953166},"14":{"Xc_est":0.11095737210132299,"Zc_est":0.12446258184806203,"Rc_est":0.05638613177594372},"7":{"Xc_est":0.13734346371475137,"Zc_est":0.14945413807332394,"Rc_est":0.05893481451633617},"8":{"Xc_est":0.0990911642852923,"Zc_est":0.10759404173489982,"Rc_est":0.041921581285020444},"19":{"Xc_est":0.08210497853456777,"Zc_est":0.09135114232604177,"Rc_est":0.04004751807679105},"4":{"Xc_est":0.18634781631523686,"Zc_est":0.19402365399184768,"Rc_est":0.05403396767673986},"22":{"Xc_est":0.06999780956348023,"Zc_est":0.09439121262153723,"Rc_est":0.06332462140809847},"11":{"Xc_est":0.03297667519293923,"Zc_est":0.033588045164453184,"Rc_est":0.006379315887203997},"35":{"Xc_est":0.1409845746749275,"Zc_est":0.15734421435407872,"Rc_est":0.06986094398469049},"13":{"Xc_est":0.16689986099142118,"Zc_est":0.17669924505234413,"Rc_est":0.05802636989432182},"15":{"Xc_est":0.018406029644513752,"Zc_est":0.018988862324091083,"Rc_est":0.004668507801060919},"16":{"Xc_est":0.15282250128948335,"Zc_est":0.1687888345108782,"Rc_est":0.07165859163538237},"40":{"Xc_est":0.15107231053445194,"Zc_est":0.1566163067240247,"Rc_est":0.041301628559366865},"21":{"Xc_est":0.18844195186792706,"Zc_est":0.20284560567026266,"Rc_est":0.07507310114775835},"38":{"Xc_est":0.05283693945211543,"Zc_est":0.060433690182635225,"Rc_est":0.02933408833463602},"46":{"Xc_est":0.12386802365748967,"Zc_est":0.1438181387059228,"Rc_est":0.07307783341084786},"45":{"Xc_est":0.1789148703878099,"Zc_est":0.18625341121998681,"Rc_est":0.05176680736915011},"36":{"Xc_est":0.1682741934599811,"Zc_est":0.18731572873437702,"Rc_est":0.0822859529122898},"48":{"Xc_est":0.10418113787537114,"Zc_est":0.10862722933679556,"Rc_est":0.030759802736390982},"18":{"Xc_est":0.08597220141576227,"Zc_est":0.09046427473039288,"Rc_est":0.028152541381260856},"30":{"Xc_est":0.22261142856487207,"Zc_est":0.23336836405262715,"Rc_est":0.07003531404160605},"3":{"Xc_est":0.030440568668149374,"Zc_est":0.03671853176799533,"Rc_est":0.020533444775705928}}