{"32":{"Xc_est":0.1924807030816551,"Zc_est":0.2038885464395967,"Rc_est":0.06724372320479662},"29":{"Xc_est":0.10406380434808686,"Zc_est":0.13059750044020005,"Rc_est":0.07890774198918094},"1":{"Xc_est":0.13897781224339328,"Zc_est":0.16405372500179252,"Rc_est":0.08717105248305707},"54":{"Xc_est":0.0956247283296762,"Zc_est":0.10246274377727692,"Rc_est":0.03680387471780007},"2":{"Xc_est":0.16415135289836794,"Zc_est":0.18837110369766602,"Rc_est":0.09240133142932691},"41":{"Xc_est":0.08575524321164717,"Zc_est":0.08940769713878828,"Rc_est":0.02529376542495269},"51":{"Xc_est":0.10339975313529003,"Zc_est":0.12171245028267925,"Rc_est":0.06420600910642826},"53":{"Xc_est":0.10358517392643973,"Zc_est":0.10980128382563027,"Rc_est":0.036420237126985416},"27":{"Xc_est":0.14335217131499736,"Zc_est":0.1506402740922645,"Rc_est":0.04628873683595411},"42":{"Xc_est":0.16735271678092953,"Zc_est":0.1761440774778699,"Rc_est":0.0549527453051421},"33":{"Xc_est":0.08950002073101301,"Zc_est":0.1105792488637735,"Rc_est":0.06494240962902897},"28":{"Xc_est":0.11972602135211317,"Zc_est":0.13065726636425176,"Rc_est":0.05231635561631155},"50":{"Xc_est":0.16196538728901103,"Zc_est":0.17298833560777857,"Rc_est":0.060763291358106146},"52":{"Xc_est":0.045531665451353676,"Zc_est":0.04856407849393637,"Rc_est":0.01689192591717177},"26":{"Xc_est":0.15696347927746082,"Zc_est":0.16324313989785671,"Rc_est":0.04484182084645252},"10":{"Xc_est":0.13834451648447532,"Zc_est":0.14544958842186437,"Rc_est":0.04490409258371089},"24":{"Xc_est":0.09853689866941649,"Zc_est":0.102827898455617,"Rc_est":0.029394834604260452},"25":{"Xc_est":0.08928557705636898,"Zc_est":0.09638035410171421,"Rc_est":0.03629405442332137},"23":{"Xc_est":0.08351087999855382,"Zc_est":0.08793156220779416,"Rc_est":0.0275298484225816},"49":{"Xc_est":0.13448362215796023,"Zc_est":0.14215762594279546,"Rc_est":0.046075437979109256},"5":{"Xc_est":0.08383985201312878,"Zc_est":0.09364954868481817,"Rc_est":0.041726696290106606},"31":{"Xc_est":0.12845020077335495,"Zc_est":0.13285455384701841,"Rc_est":0.03392459873270607},"43":{"Xc_est":0.12401985342872378,"Zc_est":0.1302530007200648,"Rc_est":0.03981105565165374},"39":{"Xc_est":0.06262666542589868,"Zc_est":0.07382733621363713,"Rc_est":0.039094454210718485},"34":{"Xc_est":0.10973576652703362,"Zc_est":0.11886681105002798,"Rc_est":0.04568785740136454},"44":{"Xc_est":0.2139938897637264,"Zc_est":0.2244890001952827,"Rc_est":0.06783749960359498},"55":{"Xc_est":0.08983887475468094,"Zc_est":0.09862333824358056,"Rc_est":0.040688320549273745},"17":{"Xc_est":0.1260512399837838,"Zc_est":0.14819564810311214,"Rc_est":0.07792967993808254},"37":{"Xc_est":0.1656096469274251,"Zc_est":0.1813527795729761,"Rc_est":0.07390720873783595},"47":{"Xc_est":0.19484565158447079,"Zc_est":0.20396226400980405,"Rc_est":0.06029740623466341},"9":{"Xc_est":0.02091541748477182,"Zc_est":0.029700974368815667,"Rc_est":0.021087749758918008},"12":{"Xc_est":0.14438973514571746,"Zc_est":0.1520546730220857,"Rc_est":0.04766789246865188},"20":{"Xc_est":0.14651632054654565,"Zc_est":0.15586813793437848,"Rc_est":0.053177478659977094},"6":{"Xc_est":0.10047197607695779,"Zc_est":0.10543484373044841,"Rc_est":0.03196698759119003},"14":{"Xc_est":0.10973576683426642,"Zc_est":0.11886681168887607,"Rc_est":0.04568785832553589},"7":{"Xc_est":0.1313669572361276,"Zc_est":0.14009708217696187,"Rc_est":0.04868177257475158},"8":{"Xc_est":0.09457301368642047,"Zc_est":0.10033674108521962,"Rc_est":0.03351725964142242},"19":{"Xc_est":0.08116430767803612,"Zc_est":0.08787427413750672,"Rc_est":0.03367852749659299},"4":{"Xc_est":0.1795214931180701,"Zc_est":0.18668627938766696,"Rc_est":0.05122304579258007},"22":{"Xc_est":0.06873639396805656,"Zc_est":0.08372456563352947,"Rc_est":0.04780283500788737},"11":{"Xc_est":0.03251620109913985,"Zc_est":0.03503811279384008,"Rc_est":0.013052433268711094},"35":{"Xc_est":0.13498723995937667,"Zc_est":0.146229304922598,"Rc_est":0.05622681447757648},"13":{"Xc_est":0.16255162667596393,"Zc_est":0.1743286488723878,"Rc_est":0.06298766929066613},"15":{"Xc_est":0.018897126358841467,"Zc_est":0.02080521677229014,"Rc_est":0.00870377276357569},"16":{"Xc_est":0.1495327005268664,"Zc_est":0.16197284589075425,"Rc_est":0.062250897817561754},"40":{"Xc_est":0.14045164353012257,"Zc_est":0.14744251729592106,"Rc_est":0.04486236436307562},"21":{"Xc_est":0.18186681702841095,"Zc_est":0.1926575094093519,"Rc_est":0.0635718239141288},"38":{"Xc_est":0.04754348086834095,"Zc_est":0.052790053720826575,"Rc_est":0.022943565519976485},"46":{"Xc_est":0.11748550911804163,"Zc_est":0.13024196618490372,"Rc_est":0.05621498824143037},"45":{"Xc_est":0.16748927026557775,"Zc_est":0.17437504771424056,"Rc_est":0.048518054487457815},"36":{"Xc_est":0.16187812496579576,"Zc_est":0.17281456647363896,"Rc_est":0.06050080200319652},"48":{"Xc_est":0.10037335899064803,"Zc_est":0.10668604168512065,"Rc_est":0.036153842055496606},"18":{"Xc_est":0.08796023415262964,"Zc_est":0.09410370152529182,"Rc_est":0.03344404055397279},"30":{"Xc_est":0.2158885280490105,"Zc_est":0.22706344750858415,"Rc_est":0.07035589990409592},"3":{"Xc_est":0.030561415621320916,"Zc_est":0.03471212169687931,"Rc_est":0.016459989912507272}}