{"32":{"Xc_est":0.20435174954680152,"Zc_est":0.2218760425110722,"Rc_est":0.0864253475407327},"29":{"Xc_est":0.11188793152448456,"Zc_est":0.15288810545462608,"Rc_est":0.10419147550868603},"1":{"Xc_est":0.15416950841016902,"Zc_est":0.19940582780961252,"Rc_est":0.12646915371347933},"54":{"Xc_est":0.10994023883567823,"Zc_est":0.15620372601544538,"Rc_est":0.11096282217870253},"2":{"Xc_est":0.17898817678688272,"Zc_est":0.2218660821802264,"Rc_est":0.131102215818462},"41":{"Xc_est":0.08851482327872903,"Zc_est":0.09548893995645319,"Rc_est":0.03582267039100366},"51":{"Xc_est":0.11426521835431477,"Zc_est":0.14518601500889577,"Rc_est":0.08956806813035588},"53":{"Xc_est":0.11308162582700468,"Zc_est":0.13294422980499024,"Rc_est":0.06990503657651115},"27":{"Xc_est":0.15721407977929858,"Zc_est":0.1725175482097299,"Rc_est":0.07103546691227433},"42":{"Xc_est":0.18343745293677688,"Zc_est":0.19721490777851214,"Rc_est":0.07241837273893144},"33":{"Xc_est":0.09766183538923037,"Zc_est":0.13283321018826094,"Rc_est":0.09003792332859295},"28":{"Xc_est":0.13015531875006583,"Zc_est":0.14736431775710485,"Rc_est":0.06910741746792254},"50":{"Xc_est":0.1771169509133302,"Zc_est":0.19682815366706288,"Rc_est":0.08585399102633434},"52":{"Xc_est":0.04922886257017303,"Zc_est":0.05369391327475572,"Rc_est":0.02143724359156293},"26":{"Xc_est":0.1732137385741956,"Zc_est":0.18451108399623165,"Rc_est":0.06357154148370686},"10":{"Xc_est":0.15373940795319518,"Zc_est":0.1729820284966251,"Rc_est":0.07929045733887687},"24":{"Xc_est":0.10653434365501561,"Zc_est":0.11514715509695855,"Rc_est":0.04369554838788571},"25":{"Xc_est":0.10017055192610666,"Zc_est":0.1354051771326807,"Rc_est":0.0911066546480102},"23":{"Xc_est":0.08652618131374133,"Zc_est":0.09639238128215845,"Rc_est":0.04248189163051205},"49":{"Xc_est":0.14955945340577306,"Zc_est":0.16184095226953052,"Rc_est":0.06184224873397516},"5":{"Xc_est":0.08678253236311025,"Zc_est":0.09634055627301495,"Rc_est":0.04183652542503602},"31":{"Xc_est":0.13890226718684273,"Zc_est":0.14596503153342638,"Rc_est":0.04485477233148232},"43":{"Xc_est":0.13478992491853825,"Zc_est":0.15186943301438366,"Rc_est":0.06997142863030015},"39":{"Xc_est":0.06516649388565265,"Zc_est":0.08408797337511976,"Rc_est":0.053142406240083304},"34":{"Xc_est":0.11448184389391787,"Zc_est":0.12617617830979955,"Rc_est":0.05305031000394764},"44":{"Xc_est":0.22661439195620828,"Zc_est":0.25063436184528254,"Rc_est":0.10706773881945024},"55":{"Xc_est":0.0943696034780886,"Zc_est":0.11264896771203559,"Rc_est":0.06151559043019553},"17":{"Xc_est":0.13656721269776387,"Zc_est":0.17336370414895028,"Rc_est":0.10679124651491095},"37":{"Xc_est":0.18193053304529738,"Zc_est":0.2084409748819738,"Rc_est":0.10172964737775113},"47":{"Xc_est":0.20703972439438245,"Zc_est":0.22876240553425697,"Rc_est":0.09729743423399204},"9":{"Xc_est":0.01972637980072095,"Zc_est":0.031410635247010786,"Rc_est":0.02444377112023562},"12":{"Xc_est":0.1593338437136703,"Zc_est":0.17832051832347373,"Rc_est":0.08006830523109644},"20":{"Xc_est":0.16130561877099087,"Zc_est":0.17732449855724805,"Rc_est":0.07365103625535231},"6":{"Xc_est":0.10900011081689435,"Zc_est":0.12173317880129576,"Rc_est":0.05420279202193367},"14":{"Xc_est":0.11649685259325099,"Zc_est":0.1318876361633152,"Rc_est":0.06182905391976617},"7":{"Xc_est":0.14182790233585651,"Zc_est":0.1550748419864773,"Rc_est":0.06271405533165315},"8":{"Xc_est":0.10542063538293064,"Zc_est":0.1145974398727967,"Rc_est":0.04493398336291194},"19":{"Xc_est":0.08756407225718711,"Zc_est":0.09856091982880551,"Rc_est":0.045241443027807374},"4":{"Xc_est":0.19147575576152492,"Zc_est":0.2045216819719315,"Rc_est":0.07187595809574115},"22":{"Xc_est":0.07525598072813447,"Zc_est":0.10138250266208858,"Rc_est":0.0679334174812003},"11":{"Xc_est":0.03666136778145782,"Zc_est":0.05132935691327211,"Rc_est":0.03592557575770724},"35":{"Xc_est":0.14548206306846623,"Zc_est":0.16307515260368263,"Rc_est":0.07367818348776788},"13":{"Xc_est":0.17786869293639396,"Zc_est":0.21725967262634596,"Rc_est":0.12475773892951822},"15":{"Xc_est":0.019005166799047995,"Zc_est":0.0282676393034598,"Rc_est":0.020925177818381116},"16":{"Xc_est":0.16191323665597093,"Zc_est":0.17898971021266638,"Rc_est":0.07629823168070048},"40":{"Xc_est":0.1566226153662803,"Zc_est":0.17605093019169665,"Rc_est":0.0803945668387352},"21":{"Xc_est":0.19380852873537763,"Zc_est":0.21058030255268756,"Rc_est":0.0823548299288496},"38":{"Xc_est":0.051270469627930845,"Zc_est":0.059570825674401875,"Rc_est":0.030331867988328685},"46":{"Xc_est":0.12925540373297292,"Zc_est":0.15250267564833914,"Rc_est":0.08093272938514245},"45":{"Xc_est":0.18568894096936803,"Zc_est":0.2028397897328318,"Rc_est":0.0816308612017169},"36":{"Xc_est":0.17741569292318404,"Zc_est":0.19766742693637557,"Rc_est":0.08715551374545295},"48":{"Xc_est":0.11161026164711729,"Zc_est":0.13228848641003377,"Rc_est":0.07101685104057845},"18":{"Xc_est":0.09119443002401814,"Zc_est":0.11048527754069663,"Rc_est":0.062374453791910846},"30":{"Xc_est":0.2286022406666125,"Zc_est":0.2561408181688688,"Rc_est":0.11553845374775312},"3":{"Xc_est":0.03329391591655223,"Zc_est":0.039863268225979145,"Rc_est":0.021922484270673077}}