{"32":{"Xc_est":0.2063489405419265,"Zc_est":0.22551383088462132,"Rc_est":0.09097583556902383},"29":{"Xc_est":0.10974835466966917,"Zc_est":0.15460318076341223,"Rc_est":0.10889188284470436},"1":{"Xc_est":0.14678522172495193,"Zc_est":0.19528823587005775,"Rc_est":0.12880836056869918},"54":{"Xc_est":0.10782115978909204,"Zc_est":0.11247330614609165,"Rc_est":0.03201315506424725},"2":{"Xc_est":0.17174120113658223,"Zc_est":0.21889669595640343,"Rc_est":0.1357229653846177},"41":{"Xc_est":0.08698598688446237,"Zc_est":0.09163295126544721,"Rc_est":0.02881034264551473},"51":{"Xc_est":0.11106906939867621,"Zc_est":0.14316166502659314,"Rc_est":0.09032676323271252},"53":{"Xc_est":0.11197165803714201,"Zc_est":0.11771452192597123,"Rc_est":0.036318817005421486},"27":{"Xc_est":0.1494398925717788,"Zc_est":0.16063900745085088,"Rc_est":0.05892884881727908},"42":{"Xc_est":0.1807554984445203,"Zc_est":0.1961134400605131,"Rc_est":0.07607845394355413},"33":{"Xc_est":0.09438007725562766,"Zc_est":0.12992167741349211,"Rc_est":0.08928629950421992},"28":{"Xc_est":0.12736952517372274,"Zc_est":0.14507092759297,"Rc_est":0.0694447844672669},"50":{"Xc_est":0.17012162285698906,"Zc_est":0.19358383444492416,"Rc_est":0.09237604881626069},"52":{"Xc_est":0.05107019643499475,"Zc_est":0.05536466405002279,"Rc_est":0.021379454190014677},"26":{"Xc_est":0.170501068503303,"Zc_est":0.18102525516451307,"Rc_est":0.06082375067857166},"10":{"Xc_est":0.15027471507717588,"Zc_est":0.15856063061056974,"Rc_est":0.05058639726344576},"24":{"Xc_est":0.1036908932077165,"Zc_est":0.10846134064485793,"Rc_est":0.03181290744754154},"25":{"Xc_est":0.09509690840288633,"Zc_est":0.09854589246913065,"Rc_est":0.025843199003809648},"23":{"Xc_est":0.08512079632651827,"Zc_est":0.091570352061298,"Rc_est":0.03375765704798627},"49":{"Xc_est":0.14823500615385835,"Zc_est":0.16411426541858928,"Rc_est":0.07042638045823982},"5":{"Xc_est":0.08844389971820542,"Zc_est":0.09852596385447555,"Rc_est":0.04341707217316075},"31":{"Xc_est":0.13589814314855123,"Zc_est":0.1413789972927798,"Rc_est":0.038983529397525314},"43":{"Xc_est":0.13115413961244385,"Zc_est":0.13678192161819408,"Rc_est":0.03883150453028285},"39":{"Xc_est":0.06689647983486874,"Zc_est":0.08609453367913068,"Rc_est":0.05419529237055529},"34":{"Xc_est":0.1183088238970226,"Zc_est":0.13540941107501836,"Rc_est":0.06586904277266063},"44":{"Xc_est":0.22323077485825693,"Zc_est":0.23769172367807173,"Rc_est":0.08164175807290662},"55":{"Xc_est":0.09305767754414972,"Zc_est":0.11196014682358495,"Rc_est":0.062252253990098635},"17":{"Xc_est":0.13375605459687145,"Zc_est":0.1711675268498758,"Rc_est":0.10680655460495715},"37":{"Xc_est":0.17943046093351214,"Zc_est":0.20869571651817384,"Rc_est":0.10657678819621723},"47":{"Xc_est":0.2080565202090948,"Zc_est":0.2185244871260331,"Rc_est":0.06682391691736077},"9":{"Xc_est":0.020831684449085935,"Zc_est":0.03623350087184772,"Rc_est":0.029646374288332472},"12":{"Xc_est":0.15132314874886565,"Zc_est":0.16260517889018394,"Rc_est":0.059512594084255875},"20":{"Xc_est":0.1540076863982244,"Zc_est":0.17246441264538312,"Rc_est":0.07762477799892992},"6":{"Xc_est":0.10516747154402357,"Zc_est":0.11000722005992737,"Rc_est":0.03227059643623401},"14":{"Xc_est":0.11830882391671337,"Zc_est":0.1354094111339526,"Rc_est":0.06586904285844696},"7":{"Xc_est":0.13901714043769997,"Zc_est":0.15280985902982383,"Rc_est":0.06344357872345663},"8":{"Xc_est":0.10234418078255034,"Zc_est":0.11253239463335257,"Rc_est":0.04678897842297109},"19":{"Xc_est":0.08922544035943394,"Zc_est":0.10076446912776278,"Rc_est":0.04682199302961117},"4":{"Xc_est":0.18841066937692424,"Zc_est":0.1985387018492288,"Rc_est":0.06260220281201226},"22":{"Xc_est":0.07706184652579941,"Zc_est":0.10407448238889143,"Rc_est":0.06994976550746837},"11":{"Xc_est":0.033110439419238046,"Zc_est":0.033814453486010455,"Rc_est":0.006864114365490424},"35":{"Xc_est":0.142661916084089,"Zc_est":0.16088728447942283,"Rc_est":0.07437940579474317},"13":{"Xc_est":0.16890628662356041,"Zc_est":0.182116368352096,"Rc_est":0.06809579987632101},"15":{"Xc_est":0.018502738444808015,"Zc_est":0.019251209336694323,"Rc_est":0.005315800124934175},"16":{"Xc_est":0.15487134443832598,"Zc_est":0.1749544273056335,"Rc_est":0.08138745791402746},"40":{"Xc_est":0.15291206395267593,"Zc_est":0.16008290679681958,"Rc_est":0.047375497319310206},"21":{"Xc_est":0.19064650707908556,"Zc_est":0.20842765635153748,"Rc_est":0.08423774255485944},"38":{"Xc_est":0.05311180349552787,"Zc_est":0.06113414353152916,"Rc_est":0.03027407859516195},"46":{"Xc_est":0.12610531862737973,"Zc_est":0.1489885766707937,"Rc_est":0.07934131705660054},"45":{"Xc_est":0.18215220738048818,"Zc_est":0.191882262318087,"Rc_est":0.06032724043682732},"36":{"Xc_est":0.17052348765699063,"Zc_est":0.19477711021561794,"Rc_est":0.09412684431788385},"48":{"Xc_est":0.10750104980962567,"Zc_est":0.11336153423747611,"Rc_est":0.0359772391172926},"18":{"Xc_est":0.08926819591130361,"Zc_est":0.09590014256403248,"Rc_est":0.03504320964955798},"30":{"Xc_est":0.22499683391511557,"Zc_est":0.23953838097537922,"Rc_est":0.08218917622460888},"3":{"Xc_est":0.030523759453579217,"Zc_est":0.03691086917890117,"Rc_est":0.020753611068004284}}