{"32":{"shunt_est":{"gs":11.53706671043852},"shunt_true":{"gs":0.14138562091503268}},"29":{"shunt_est":{"gs":7.874759419223645},"shunt_true":{"gs":0.028277124183006534}},"1":{"shunt_est":{"gs":0.576853406658535},"shunt_true":{"gs":0.22621699346405227}},"54":{"shunt_est":{"gs":11.537065657809608},"shunt_true":{"gs":0.08483137254901961}},"24":{"shunt_est":{"gs":0.5768539115266296},"shunt_true":{"gs":0.14138562091503268}},"2":{"shunt_est":{"gs":11.537066673553586},"shunt_true":{"gs":0.22621699346405227}},"25":{"shunt_est":{"gs":0.5768540302234606},"shunt_true":{"gs":0.11310849673202614}},"23":{"shunt_est":{"gs":0.5768573804955929},"shunt_true":{"gs":0.14138562091503268}},"41":{"shunt_est":{"gs":0.5768545745473269},"shunt_true":{"gs":0.14138562091503268}},"51":{"shunt_est":{"gs":11.537066643253793},"shunt_true":{"gs":0.22621699346405227}},"53":{"shunt_est":{"gs":0.5768535736046038},"shunt_true":{"gs":0.19793986928104573}},"49":{"shunt_est":{"gs":11.354860452598942},"shunt_true":{"gs":0.14138562091503268}},"27":{"shunt_est":{"gs":0.5768534887232053},"shunt_true":{"gs":0.22621699346405227}},"5":{"shunt_est":{"gs":11.537065616417754},"shunt_true":{"gs":0.028277124183006534}},"31":{"shunt_est":{"gs":11.537066207522084},"shunt_true":{"gs":0.05655424836601307}},"42":{"shunt_est":{"gs":11.537066414501945},"shunt_true":{"gs":0.05655424836601307}},"33":{"shunt_est":{"gs":0.576853397075943},"shunt_true":{"gs":0.11310849673202614}},"28":{"shunt_est":{"gs":0.5768534511898962},"shunt_true":{"gs":0.16966274509803922}},"43":{"shunt_est":{"gs":11.53706545768741},"shunt_true":{"gs":0.22621699346405227}},"50":{"shunt_est":{"gs":0.5768536782762849},"shunt_true":{"gs":0.05655424836601307}},"52":{"shunt_est":{"gs":11.53706589861018},"shunt_true":{"gs":0.16966274509803922}},"39":{"shunt_est":{"gs":11.537066404119342},"shunt_true":{"gs":0.14138562091503268}},"34":{"shunt_est":{"gs":11.537066402579022},"shunt_true":{"gs":0.22621699346405227}},"26":{"shunt_est":{"gs":0.5768648427992638},"shunt_true":{"gs":0.08483137254901961}},"10":{"shunt_est":{"gs":11.537066387568798},"shunt_true":{"gs":0.05655424836601307}}}