{"32":{"shunt_est":{"gs":1.7335428785592244},"shunt_true":{"gs":0.866771449704142}},"29":{"shunt_est":{"gs":1.733542182342863},"shunt_true":{"gs":0.1733542899408284}},"1":{"shunt_est":{"gs":3.5840346504279947e-8},"shunt_true":{"gs":1.3868343195266273}},"54":{"shunt_est":{"gs":1.7335427626971396},"shunt_true":{"gs":0.5200628698224852}},"24":{"shunt_est":{"gs":6.872971170626655e-7},"shunt_true":{"gs":0.866771449704142}},"2":{"shunt_est":{"gs":1.733542852934087},"shunt_true":{"gs":1.3868343195266273}},"25":{"shunt_est":{"gs":1.7335427913753552},"shunt_true":{"gs":0.6934171597633136}},"23":{"shunt_est":{"gs":1.7335426173682846},"shunt_true":{"gs":0.866771449704142}},"41":{"shunt_est":{"gs":1.7335409370739334},"shunt_true":{"gs":0.866771449704142}},"51":{"shunt_est":{"gs":1.733542837749639},"shunt_true":{"gs":1.3868343195266273}},"53":{"shunt_est":{"gs":2.4432510439584787e-7},"shunt_true":{"gs":1.2134800295857988}},"49":{"shunt_est":{"gs":1.7335425757395162},"shunt_true":{"gs":0.866771449704142}},"27":{"shunt_est":{"gs":2.821239997045927e-7},"shunt_true":{"gs":1.3868343195266273}},"5":{"shunt_est":{"gs":1.7335427915637152},"shunt_true":{"gs":0.1733542899408284}},"31":{"shunt_est":{"gs":1.7335427946230297},"shunt_true":{"gs":0.3467085798816568}},"42":{"shunt_est":{"gs":1.7335426204516782},"shunt_true":{"gs":0.3467085798816568}},"33":{"shunt_est":{"gs":3.619093411061335e-8},"shunt_true":{"gs":0.6934171597633136}},"28":{"shunt_est":{"gs":9.360928509725103e-8},"shunt_true":{"gs":1.0401257396449703}},"43":{"shunt_est":{"gs":1.733542693497399},"shunt_true":{"gs":1.3868343195266273}},"50":{"shunt_est":{"gs":1.7335426757180514},"shunt_true":{"gs":0.3467085798816568}},"52":{"shunt_est":{"gs":1.733542656698325},"shunt_true":{"gs":1.0401257396449703}},"39":{"shunt_est":{"gs":1.7335428432472222},"shunt_true":{"gs":0.866771449704142}},"34":{"shunt_est":{"gs":1.7335428037981457},"shunt_true":{"gs":1.3868343195266273}},"26":{"shunt_est":{"gs":1.7335426004616485},"shunt_true":{"gs":0.5200628698224852}},"10":{"shunt_est":{"gs":1.7335428620668265},"shunt_true":{"gs":0.3467085798816568}}}