{"32":{"shunt_est":{"gs":1.7335428611953394},"shunt_true":{"gs":0.866771449704142}},"29":{"shunt_est":{"gs":1.7335427574039777},"shunt_true":{"gs":0.1733542899408284}},"1":{"shunt_est":{"gs":1.7335427331981925},"shunt_true":{"gs":1.3868343195266273}},"54":{"shunt_est":{"gs":1.7335428036217595},"shunt_true":{"gs":0.5200628698224852}},"24":{"shunt_est":{"gs":1.733542665477769},"shunt_true":{"gs":0.866771449704142}},"2":{"shunt_est":{"gs":1.7335428572006728},"shunt_true":{"gs":1.3868343195266273}},"25":{"shunt_est":{"gs":1.733542707086047},"shunt_true":{"gs":0.6934171597633136}},"23":{"shunt_est":{"gs":1.7335426541303094},"shunt_true":{"gs":0.866771449704142}},"41":{"shunt_est":{"gs":1.7335423911969428},"shunt_true":{"gs":0.866771449704142}},"51":{"shunt_est":{"gs":1.733542857128623},"shunt_true":{"gs":1.3868343195266273}},"53":{"shunt_est":{"gs":1.7335425540364902},"shunt_true":{"gs":1.2134800295857988}},"49":{"shunt_est":{"gs":1.7335425826255733},"shunt_true":{"gs":0.866771449704142}},"27":{"shunt_est":{"gs":1.7335427643417534},"shunt_true":{"gs":1.3868343195266273}},"5":{"shunt_est":{"gs":1.7335427407880672},"shunt_true":{"gs":0.1733542899408284}},"31":{"shunt_est":{"gs":1.7335427828478256},"shunt_true":{"gs":0.3467085798816568}},"42":{"shunt_est":{"gs":1.7335424867220564},"shunt_true":{"gs":0.3467085798816568}},"33":{"shunt_est":{"gs":8.969980613992598e-8},"shunt_true":{"gs":0.6934171597633136}},"28":{"shunt_est":{"gs":1.5146568963859762e-7},"shunt_true":{"gs":1.0401257396449703}},"43":{"shunt_est":{"gs":1.7335426293617664},"shunt_true":{"gs":1.3868343195266273}},"50":{"shunt_est":{"gs":1.7335428219643778},"shunt_true":{"gs":0.3467085798816568}},"52":{"shunt_est":{"gs":1.7335426012271435},"shunt_true":{"gs":1.0401257396449703}},"39":{"shunt_est":{"gs":1.733542835072364},"shunt_true":{"gs":0.866771449704142}},"34":{"shunt_est":{"gs":1.7335428082919049},"shunt_true":{"gs":1.3868343195266273}},"26":{"shunt_est":{"gs":1.7335424587734625},"shunt_true":{"gs":0.5200628698224852}},"10":{"shunt_est":{"gs":1.7335428438785017},"shunt_true":{"gs":0.3467085798816568}}}