linecode_id,linecode_name,A_p_est,dist_est,x_est,r_est,scenario_id
12,tw2x16_lv_oh_2w_bundled,"[9.999999905392334, 9.999999905039282]",[1999.9999103882715],[0.8429496002207257 0.3860368785884564; 0.3860368785884564 0.8429496002218348],[3.6724599137938 0.049348; 0.049348 3.672459913921715],1
2,pluto,"[132.5184806741364, 197.69374497584548, 96.64293071219731, 300.00000285215424]","[1200.0000001079932, 926.1518521605146, 1199.9999912083692]",[0.7617663513191307 0.41813307136002453 0.3821936607945635 0.3540761944235458; 0.41813307136002453 0.7492000462512669 0.43440898639996056 0.382193661057565; 0.3821936607945635 0.43440898639996056 0.7716843527581762 0.41813307182600884; 0.3540761944235458 0.382193661057565 0.41813307182600884 0.7360975826825304],[0.40126351455405734 0.049348 0.049348 0.049348; 0.049348 0.2852447367432823 0.049348 0.049348; 0.049348 0.049348 0.5319007223842227 0.049348; 0.049348 0.049348 0.049348 0.20479902956996768],1
6,hydrogen,"[300.0000028478961, 118.14228088898786, 172.56537954076137, 129.5227558459595]","[328.17118136249593, 18.27722326153929, 336.0901009612036]",[0.7360975826829763 0.49959736495428214 0.4961919625091543 0.4535865232275623; 0.49959736495428214 0.7653739273839548 0.6810486230505807 0.49477195233058413; 0.4961919625091543 0.6810486230505807 0.7534708288441696 0.4980992040872833; 0.4535865232275623 0.49477195233058413 0.4980992040872833 0.7624846946828696],[0.12950573579540725 0.049348 0.049348 0.049348; 0.049348 0.2528934266326472 0.049348 0.049348; 0.049348 0.049348 0.18869994319335007 0.049348; 0.049348 0.049348 0.049348 0.2350089737018133],1
9,abc2x16_lv_oh_2w_bundled,"[299.99984193569827, 10.413485034400557]",[925.6623659302036],[0.736097599533706 0.4344422029064963; 0.4344422029064963 0.8416767332085836],[0.19844733285869223 0.049348; 0.049348 4.344718487647756],1
