linecode_id,linecode_name,A_p_est,dist_est,x_est,r_est,scenario_id
12,tw2x16_lv_oh_2w_bundled,"[14.792527473819396, 10.000000019187832]",[26.065913452265747],[0.8306490716511556 0.6587449715382383; 0.6587449715382383 0.8429495998632257],[2.4986332123673662 0.049348; 0.049348 3.672459872564418],1
2,pluto,"[201.15918197659067, 183.93500834043752, 128.86134821201196, 300.0000025144464]","[1199.9999876263812, 318.2857502226702, 1033.0012253445934]",[0.748654116154691 0.41813307201356176 0.40335119383560664 0.3707403787050616; 0.41813307201356176 0.7514662900236133 0.5015191320493841 0.4106726574995115; 0.40335119383560664 0.5015191320493841 0.7626455314161407 0.42754864640016355; 0.3707403787050616 0.4106726574995115 0.42754864640016355 0.7360975827178952],[0.28118086418309096 0.049348 0.049348 0.049348; 0.049348 0.3028903231016757 0.049348 0.049348; 0.049348 0.049348 0.41125100630436406 0.049348; 0.049348 0.049348 0.049348 0.20479902974495778],1
6,hydrogen,"[222.46405231470473, 121.20831456849092, 140.83504092445583, 117.93011357652942]","[1199.999970093003, 73.79215325902793, 794.3807593937505]",[0.7454914994426068 0.41813307293160945 0.41438345750197375 0.38393084944892486; 0.41813307293160945 0.7645690178915948 0.5933604882169621 0.4384709058972363; 0.41438345750197375 0.5933604882169621 0.7598541482914418 0.44405214747236427; 0.38393084944892486 0.4384709058972363 0.44405214747236427 0.7654303969267173],[0.1574433112050884 0.049348 0.049348 0.049348; 0.049348 0.24774462858536578 0.049348 0.049348; 0.049348 0.049348 0.22009613774366069 0.049348; 0.049348 0.049348 0.049348 0.25325962390679657],1
9,abc2x16_lv_oh_2w_bundled,"[44.33361491733098, 10.000000259683684]",[1999.9988908362266],[0.7961662091149108 0.38603691061871315; 0.38603691061871315 0.8429495991076841],[1.0582839140628046 0.049348; 0.049348 4.5223255128766455],1
