linecode_id,linecode_name,A_p_est,dist_est,x_est,r_est,scenario_id
4,hydrogen,"[141.3167108168188, 146.10417226524248, 139.432382100916, 300.00000221075277]","[732.6420638830652, 1033.5119679463273, 682.5240520064838]",[0.7597468857566887 0.4491356097767277 0.3938495864432275 0.37331960729666225; 0.4491356097767277 0.7587002199822211 0.4275175883068402 0.3956583518126083; 0.3938495864432275 0.4275175883068402 0.7601686072252647 0.4535878537852797; 0.37331960729666225 0.3956583518126083 0.4535878537852797 0.736097582749698],[0.21951415252299716 0.049348 0.049348 0.049348; 0.049348 0.21393824129199232 0.049348 0.049348; 0.049348 0.049348 0.2218138261199218 0.049348; 0.049348 0.049348 0.049348 0.12950573596564713],1
1,pluto,"[210.38963244319234, 212.2820370708953, 179.41630064027996, 300.00000269936794]","[380.0000113002968, 797.5899153417381, 1199.9999777141397]",[0.747244648014194 0.49038393709175804 0.4193175577345891 0.37517070034234506; 0.49038393709175804 0.7469633318753178 0.443798828786474 0.3861126373505204; 0.4193175577345891 0.443798828786474 0.7522477213091228 0.4181330725325667; 0.37517070034234506 0.3861126373505204 0.4181330725325667 0.7360975826985301],[0.2710096321479277 0.049348 0.049348 0.049348; 0.049348 0.2690336123949194 0.049348 0.049348; 0.049348 0.049348 0.30927593936745973 0.049348; 0.049348 0.049348 0.049348 0.204799029649137],1
10,tw2x16_lv_oh_2w_bundled,"[12.151314510224816, 9.999999906840603]",[6.191467603509611],[0.8368281212893434 0.7490632265041071; 0.7490632265041071 0.8429496002161758],[3.0310104995326133 0.049348; 0.049348 3.672459913269076],1
7,abc2x16_lv_oh_2w_bundled,"[39.986175634608934, 9.99999997239502]",[4.326165920777253],[0.799408635807827 0.771587899723483; 0.771587899723483 0.8429496000102301],[1.1679790163558403 0.049348; 0.049348 4.522325641380219],1
