{"32":{"Xc_est":0.20056157630975624,"Zc_est":0.21646484514707298,"Rc_est":0.08143760367724551},"29":{"Xc_est":0.11051256527555013,"Zc_est":0.14711374189026072,"Rc_est":0.09710523142020476},"1":{"Xc_est":0.14737445571903324,"Zc_est":0.18081595869831266,"Rc_est":0.10476249673193463},"54":{"Xc_est":0.1019537739054783,"Zc_est":0.141174548984534,"Rc_est":0.09765081293782044},"2":{"Xc_est":0.1735287238807202,"Zc_est":0.20762748047451413,"Rc_est":0.11400417815380068},"41":{"Xc_est":0.08682045199962514,"Zc_est":0.09421995807596831,"Rc_est":0.036600677786319924},"51":{"Xc_est":0.11270984968660766,"Zc_est":0.13911511493713005,"Rc_est":0.08154449697921506},"53":{"Xc_est":0.11202558689766119,"Zc_est":0.13779795973071,"Rc_est":0.08024054826695129},"27":{"Xc_est":0.15297091218530376,"Zc_est":0.17026421035238007,"Rc_est":0.07476497409961172},"42":{"Xc_est":0.17948131370896936,"Zc_est":0.19203263607107435,"Rc_est":0.06828609921285744},"33":{"Xc_est":0.09617519759398073,"Zc_est":0.12638873707776307,"Rc_est":0.08200270866179168},"28":{"Xc_est":0.1304242398526976,"Zc_est":0.14629603920104065,"Rc_est":0.06627253386402562},"50":{"Xc_est":0.1709232533053175,"Zc_est":0.18562895650821504,"Rc_est":0.072410986554908},"52":{"Xc_est":0.04885300319086225,"Zc_est":0.053351865566879556,"Rc_est":0.021443079039634015},"26":{"Xc_est":0.1693401070259586,"Zc_est":0.18107894695235116,"Rc_est":0.06413667579325648},"10":{"Xc_est":0.14963880418993894,"Zc_est":0.17249936209299133,"Rc_est":0.08581525623741992},"24":{"Xc_est":0.10443380033017832,"Zc_est":0.11483089931636815,"Rc_est":0.04774637982509593},"25":{"Xc_est":0.097253357506314,"Zc_est":0.14053338094752285,"Rc_est":0.10144661460241369},"23":{"Xc_est":0.08451503764439233,"Zc_est":0.09443214692633056,"Rc_est":0.0421264618153843},"49":{"Xc_est":0.14556609258226255,"Zc_est":0.15679339108286516,"Rc_est":0.05826388398996813},"5":{"Xc_est":0.08508949955268923,"Zc_est":0.09365730605691437,"Rc_est":0.03913397556742005},"31":{"Xc_est":0.1393198585646111,"Zc_est":0.14768934758335728,"Rc_est":0.04901143131081234},"43":{"Xc_est":0.1351175380675718,"Zc_est":0.15718235351167306,"Rc_est":0.08030904782169222},"39":{"Xc_est":0.06683230128426597,"Zc_est":0.0828889678986311,"Rc_est":0.04903085257620346},"34":{"Xc_est":0.11464130653417483,"Zc_est":0.12757438418740946,"Rc_est":0.05596958403395643},"44":{"Xc_est":0.2225413437339042,"Zc_est":0.2487872986842589,"Rc_est":0.11122261602623337},"55":{"Xc_est":0.09068474405615673,"Zc_est":0.10263587828375784,"Rc_est":0.04806662778422989},"17":{"Xc_est":0.1368132819457887,"Zc_est":0.16861232412236152,"Rc_est":0.09855070638593325},"37":{"Xc_est":0.17765326423674377,"Zc_est":0.19997704821705553,"Rc_est":0.0918157803410517},"47":{"Xc_est":0.2033599065323253,"Zc_est":0.22907303619075264,"Rc_est":0.10544763783420558},"9":{"Xc_est":0.0230572111520796,"Zc_est":0.03529041822710131,"Rc_est":0.026716635876025636},"12":{"Xc_est":0.15413431610171788,"Zc_est":0.17407350136886238,"Rc_est":0.08089620806113873},"20":{"Xc_est":0.1559829075038761,"Zc_est":0.1690441479821031,"Rc_est":0.06515563316883968},"6":{"Xc_est":0.10700702902146374,"Zc_est":0.12332523884050896,"Rc_est":0.0613075058623999},"14":{"Xc_est":0.11464130692745958,"Zc_est":0.12757438518652298,"Rc_est":0.05596958550573111},"7":{"Xc_est":0.14218082163560886,"Zc_est":0.15487087228288596,"Rc_est":0.06139707680895851},"8":{"Xc_est":0.10028583454941471,"Zc_est":0.10842638125973143,"Rc_est":0.041219310302430555},"19":{"Xc_est":0.08586636861728186,"Zc_est":0.09560595021992636,"Rc_est":0.04204122331636072},"4":{"Xc_est":0.1876118977023139,"Zc_est":0.20157513633840504,"Rc_est":0.0737177823213849},"22":{"Xc_est":0.07327046696385314,"Zc_est":0.09462750032667823,"Rc_est":0.05988157052862252},"11":{"Xc_est":0.03593543595698362,"Zc_est":0.05478855821982664,"Rc_est":0.04135735187834034},"35":{"Xc_est":0.14583661021921632,"Zc_est":0.16213951482390102,"Rc_est":0.07085834733535909},"13":{"Xc_est":0.17263712924912442,"Zc_est":0.21875774991938388,"Rc_est":0.13435540463417467},"15":{"Xc_est":0.021206571341608832,"Zc_est":0.03345065230587328,"Rc_est":0.025869431219523953},"16":{"Xc_est":0.1589406780736126,"Zc_est":0.17627335647070042,"Rc_est":0.07622438622217216},"40":{"Xc_est":0.15276495169847507,"Zc_est":0.1769085509231252,"Rc_est":0.089216057536088},"21":{"Xc_est":0.18905154272476257,"Zc_est":0.20302136041148033,"Rc_est":0.07400801967837992},"38":{"Xc_est":0.05088240954735765,"Zc_est":0.058585021171661485,"Rc_est":0.02903764977299285},"46":{"Xc_est":0.12783850149527348,"Zc_est":0.14580263073177546,"Rc_est":0.07011222905991105},"45":{"Xc_est":0.18011901373211117,"Zc_est":0.1961717277276177,"Rc_est":0.07772057418605524},"36":{"Xc_est":0.17104219723061387,"Zc_est":0.18591246704357683,"Rc_est":0.07285610591263321},"48":{"Xc_est":0.1065716421614843,"Zc_est":0.13266144853678327,"Rc_est":0.07900344938597388},"18":{"Xc_est":0.08922255059868733,"Zc_est":0.11153930593697742,"Rc_est":0.06693544078862353},"30":{"Xc_est":0.22454591206218846,"Zc_est":0.25544648120857727,"Rc_est":0.12178685535805558},"3":{"Xc_est":0.03312912959570732,"Zc_est":0.03925336975408607,"Rc_est":0.021054401185543803}}