linecode_id,linecode_name,A_p_est,dist_est,x_est,r_est,scenario_id
4,hydrogen,"[167.47642239795596, 158.76790990823466, 300.00000108309143, 125.97671077963173]","[692.3222859622771, 1380.255534303527, 687.9332483412501, 1811.5846207462012, 1119.2623347839246, 431.32908644267474]",[0.7544112227257387 0.45269225833977667 0.40933991549147575 0.3922538029180322; 0.45269225833977667 0.7560888097883246 0.4530918552759301 0.4225094281195976; 0.40933991549147575 0.4530918552759301 0.7360975828677867 0.48242311905212554; 0.3922538029180322 0.4225094281195976 0.48242311905212554 0.7633567881318791],[0.19293430679226026 0.049348 0.049348 0.049348; 0.049348 0.20081009949354403 0.049348 0.049348; 0.049348 0.049348 0.12950573626694972 0.049348; 0.049348 0.049348 0.049348 0.24023503632664706],1
1,pluto,"[177.12289709527488, 205.48199062863463, 107.82662610665159, 300.0000028066846]","[395.4850545398125, 2000.0002251283602, 2038.5333625592025, 2286.2638073965936, 1993.2397546849627, 1870.8000982893748]",[0.7526518875828732 0.48787431923844976 0.3860368687005822 0.3776317273258506; 0.48787431923844976 0.7479861539225919 0.38483782577403713 0.38624961538591707; 0.3860368687005822 0.38483782577403713 0.7682442516362717 0.39023285838093585; 0.3776317273258506 0.38624961538591707 0.39023285838093585 0.736097582687292],[0.31264151020763487 0.049348 0.049348 0.049348; 0.049348 0.27630370143002997 0.049348 0.049348; 0.049348 0.049348 0.4818507221776699 0.049348; 0.049348 0.049348 0.049348 0.2047990295935287],1
10,tw2x16_lv_oh_2w_bundled,"[11.739190199601495, 11.739191159557421]",[2.024451320384822],[0.8379121152878715 0.8193014505048936; 0.8193014505048936 0.8379121127188719],[3.135686851243228 0.049348; 0.049348 3.1356865988621885],1
7,abc2x16_lv_oh_2w_bundled,"[10.189098941726288, 52.063396970416]",[2.044096265762081],[0.8423610737981095 0.8186946782971336; 0.8186946782971336 0.7911170623476645],[4.439311876702466 0.049348; 0.049348 0.9084885650258001],1
