{"32":{"length_est":14.03615494049039,"length_true":20.051664},"29":{"length_est":3.6764600511254706,"length_true":5.2521},"1":{"length_est":0.1485219910481711,"length_true":0.11424},"54":{"length_est":8.421799909084,"length_true":6.4783},"2":{"length_est":17.432941893185973,"length_true":13.996288},"41":{"length_est":6.316839959088393,"length_true":4.8591},"53":{"length_est":20.625665704127783,"length_true":29.465251},"51":{"length_est":8.281326039670423,"length_true":11.830480000000001},"27":{"length_est":13.893291989464975,"length_true":10.68714},"42":{"length_est":5.476417272825248,"length_true":4.212621},"33":{"length_est":1.7639900128137431,"length_true":2.52},"28":{"length_est":10.845303731503648,"length_true":12.29249},"52":{"length_est":10.544296818711208,"length_true":9.6487},"50":{"length_est":3.198239160338039,"length_true":4.0781},"26":{"length_est":10.49999000743916,"length_true":15.0},"10":{"length_est":5.5145200222919675,"length_true":7.8779},"24":{"length_est":13.54457996973749,"length_true":10.4189},"25":{"length_est":14.821340261243929,"length_true":14.588000000000001},"23":{"length_est":5.382139731545545,"length_true":4.1401},"49":{"length_est":15.881836984705286,"length_true":12.21679},"5":{"length_est":16.938021991359815,"length_true":13.029240000000001},"31":{"length_est":3.0729900647259103,"length_true":4.39},"43":{"length_est":8.339328006501193,"length_true":11.91334},"39":{"length_est":35.12732000866224,"length_true":50.1819},"34":{"length_est":8.692835295616373,"length_true":12.41835},"44":{"length_est":8.96662601803098,"length_true":12.809479999999999},"55":{"length_est":8.565414010172056,"length_true":12.23632},"17":{"length_est":12.203860040334677,"length_true":17.4341},"37":{"length_est":17.515334438298115,"length_true":16.546871},"47":{"length_est":5.792000031665685,"length_true":8.2743},"9":{"length_est":10.642160238257109,"length_true":15.2031},"12":{"length_est":9.369070011017495,"length_true":13.3844},"20":{"length_est":17.693399992565293,"length_true":13.610299999999999},"6":{"length_est":8.7273100284682,"length_true":12.467600000000001},"14":{"length_est":5.6674000293013025,"length_true":8.0963},"7":{"length_est":10.759480006451254,"length_true":15.370700000000001},"57":{"length_est":15.457919977959051,"length_true":11.8907},"8":{"length_est":10.368180011702306,"length_true":14.8117},"19":{"length_est":7.54923982352601,"length_true":5.8071},"4":{"length_est":9.121113822281636,"length_true":11.83921},"22":{"length_est":9.308674006236037,"length_true":13.298119999999997},"11":{"length_est":16.161361694751314,"length_true":12.431809},"35":{"length_est":13.501445038555657,"length_true":11.80815},"13":{"length_est":9.015500012289113,"length_true":12.8793},"15":{"length_est":7.938329934155976,"length_true":6.1064},"16":{"length_est":26.356668773502005,"length_true":27.150599999999997},"40":{"length_est":25.668639994699785,"length_true":19.7451},"46":{"length_est":9.259431845414605,"length_true":7.2907},"21":{"length_est":7.44626808815214,"length_true":10.637540000000001},"38":{"length_est":12.838328969101786,"length_true":9.87563},"45":{"length_est":6.361689877365855,"length_true":4.8936},"56":{"length_est":3.4900500819495712,"length_true":4.9858},"36":{"length_est":41.68036523155895,"length_true":59.543393},"48":{"length_est":8.362400026920112,"length_true":11.9463},"18":{"length_est":14.319470005605941,"length_true":20.456400000000002},"30":{"length_est":13.881097751066175,"length_true":17.905369999999998},"3":{"length_est":10.328462002229836,"length_true":14.754960000000002}}