{"24":{"Xc_est":0.17177922799712955,"Zc_est":0.1956355632705836,"Rc_est":0.09362248899120716},"4":{"Xc_est":0.037398037327033055,"Zc_est":0.05980142763312704,"Rc_est":0.046664735626016064},"1":{"Xc_est":0.20293753103802123,"Zc_est":0.21732771647614801,"Rc_est":0.07776692642074229},"12":{"Xc_est":0.09599238692220236,"Zc_est":0.11721951417123794,"Rc_est":0.06727463233284331},"29":{"Xc_est":0.1975149501541597,"Zc_est":0.21192440268662324,"Rc_est":0.07681013552703739},"20":{"Xc_est":0.060515551224283703,"Zc_est":0.08322656433186855,"Rc_est":0.0571360575338179},"2":{"Xc_est":0.22347012974193153,"Zc_est":0.24603318503462496,"Rc_est":0.10292438608709936},"6":{"Xc_est":0.07411974169760949,"Zc_est":0.08730528014127452,"Rc_est":0.04613540756540549},"25":{"Xc_est":0.15653774548249735,"Zc_est":0.1694798438984923,"Rc_est":0.06495653721615859},"23":{"Xc_est":0.2003345716992983,"Zc_est":0.22286913360839578,"Rc_est":0.09765608069862147},"22":{"Xc_est":0.17404684035119133,"Zc_est":0.18736542015455251,"Rc_est":0.0693793775805095},"11":{"Xc_est":0.2145932749075539,"Zc_est":0.230306118308219,"Rc_est":0.08361001432035747},"13":{"Xc_est":0.22855300103019335,"Zc_est":0.24592024373550267,"Rc_est":0.0907760541058129},"5":{"Xc_est":0.0801149487526949,"Zc_est":0.12541542773195066,"Rc_est":0.09649157735026001},"15":{"Xc_est":0.12388109840307734,"Zc_est":0.1281744493185,"Rc_est":0.03289624471801905},"27":{"Xc_est":0.09242767638520616,"Zc_est":0.10691439580196109,"Rc_est":0.05373837239561689},"28":{"Xc_est":0.12522216224010418,"Zc_est":0.13082696780923464,"Rc_est":0.03788278751717649},"16":{"Xc_est":0.21201022362061434,"Zc_est":0.23249839676927275,"Rc_est":0.09543149155608584},"14":{"Xc_est":0.06332170620533635,"Zc_est":0.07884263762499547,"Rc_est":0.04697364187404911},"21":{"Xc_est":0.05530693755161586,"Zc_est":0.08165145937707709,"Rc_est":0.06006749101692307},"7":{"Xc_est":0.02683446950317958,"Zc_est":0.05438658418555128,"Rc_est":0.04730551538515336},"8":{"Xc_est":0.17567350029511,"Zc_est":0.19812645185320435,"Rc_est":0.09161283871818451},"26":{"Xc_est":0.09446889248868409,"Zc_est":0.1209486646661157,"Rc_est":0.07552620628945925},"17":{"Xc_est":0.16069558484172697,"Zc_est":0.17368231125633923,"Rc_est":0.06589745257382287},"10":{"Xc_est":0.18023183567110113,"Zc_est":0.1941484984842716,"Rc_est":0.07218119474158356},"19":{"Xc_est":0.04041945119174908,"Zc_est":0.05679065414962232,"Rc_est":0.03989293626821456},"9":{"Xc_est":0.08896266338978694,"Zc_est":0.11372758763771945,"Rc_est":0.07084919697844584},"18":{"Xc_est":0.07792653829032241,"Zc_est":0.09116166184920996,"Rc_est":0.04730648180954295},"30":{"Xc_est":0.24763430939994865,"Zc_est":0.29698250068723736,"Rc_est":0.16393856935588846},"3":{"Xc_est":0.030355070501334607,"Zc_est":0.04534284843374435,"Rc_est":0.033682986787761535}}