linecode_id,linecode_name,A_p_est,dist_est,x_est,r_est,scenario_id
10,ugsc_16al_xlpe/pvc_ug_2w_bundled,"[10.00004104950234, 26.7923247398977]",[2.0000034350091713],[0.8429494709626545 0.8200648475480646; 0.8200648475480646 0.8119881780331237],[4.464649854466859 0.049348; 0.049348 1.6973274201979718],1
11,uglv_185al_xlpe/nyl/pvc_ug_2w_bundled,"[14.16032948977393, 299.99737425074545]",[2.0000041544440115],[0.8320212532840285 0.8200648249463425; 0.8200648249463425 0.7360978579508732],[3.2742398438728393 0.049348; 0.049348 0.20156776923023192],1
13,uglv_240al_xlpe/nyl/pvc_ug_4w_bundled,"[218.66478685134413, 269.6966690620942, 300.0000029669997, 198.30932776646122]","[59.11438735375777, 59.11438730517226, 59.114387358130195, 59.114387300983374]",[0.7460326595959408 0.6072952476550427 0.6072952476550427 0.6072952477066837; 0.6072952476550427 0.7394429030213928 0.6072952476503953 0.6072952477111361; 0.6072952476550427 0.6072952476503953 0.7360975826705037 0.6072952477111361; 0.6072952477066837 0.6072952477111361 0.6072952477111361 0.7491023744611136],[0.2463459427261829 0.049348 0.049348 0.049348; 0.049348 0.20907008075901845 0.049348 0.049348; 0.049348 0.049348 0.1929363757678247 0.049348; 0.049348 0.049348 0.049348 0.2665667947059308],1
