{"32":{"length_est":14.036154939214931,"length_true":20.051664},"29":{"length_est":3.6764601734277473,"length_true":5.2521},"1":{"length_est":0.14852199103080635,"length_true":0.11424},"54":{"length_est":8.421799878510228,"length_true":6.4783},"2":{"length_est":14.385557478086719,"length_true":13.996288},"41":{"length_est":6.316839909584073,"length_true":4.8591},"53":{"length_est":20.62566571168584,"length_true":29.465251},"51":{"length_est":8.281326036907094,"length_true":11.830480000000001},"27":{"length_est":13.893291989329757,"length_true":10.68714},"42":{"length_est":5.4764169223441534,"length_true":4.212621},"33":{"length_est":1.7639900123675967,"length_true":2.52},"28":{"length_est":9.537138369392247,"length_true":12.29249},"52":{"length_est":6.754080075546699,"length_true":9.6487},"50":{"length_est":5.301539958403833,"length_true":4.0781},"26":{"length_est":10.499990016043048,"length_true":15.0},"10":{"length_est":5.514520025954496,"length_true":7.8779},"24":{"length_est":7.293220150941382,"length_true":10.4189},"25":{"length_est":10.2115900213958,"length_true":14.588000000000001},"23":{"length_est":5.382139760063319,"length_true":4.1401},"49":{"length_est":15.88183698913426,"length_true":12.21679},"5":{"length_est":16.938021991585654,"length_true":13.029240000000001},"31":{"length_est":5.707009810009635,"length_true":4.39},"43":{"length_est":8.339328005889554,"length_true":11.91334},"39":{"length_est":35.1273200272176,"length_true":50.1819},"34":{"length_est":8.692835018992373,"length_true":12.41835},"44":{"length_est":8.966626017886407,"length_true":12.809479999999999},"55":{"length_est":8.565414056123386,"length_true":12.23632},"17":{"length_est":12.203860159494438,"length_true":17.4341},"37":{"length_est":15.883084268089275,"length_true":16.546871},"47":{"length_est":5.792000049465995,"length_true":8.2743},"9":{"length_est":19.76403986930143,"length_true":15.2031},"12":{"length_est":9.369070013116561,"length_true":13.3844},"20":{"length_est":17.693399994001656,"length_true":13.610299999999999},"6":{"length_est":8.727310023148057,"length_true":12.467600000000001},"14":{"length_est":5.839693913956965,"length_true":8.0963},"7":{"length_est":10.75948000635203,"length_true":15.370700000000001},"57":{"length_est":15.457919982691989,"length_true":11.8907},"8":{"length_est":10.368180047898443,"length_true":14.8117},"19":{"length_est":7.549239738543982,"length_true":5.8071},"4":{"length_est":8.287437009312173,"length_true":11.83921},"22":{"length_est":9.308674006266124,"length_true":13.298119999999997},"11":{"length_est":16.161361692379053,"length_true":12.431809},"35":{"length_est":15.350604967529929,"length_true":11.80815},"13":{"length_est":10.03463892294193,"length_true":12.8793},"15":{"length_est":7.938329904531917,"length_true":6.1064},"16":{"length_est":33.67222503194924,"length_true":27.150599999999997},"40":{"length_est":25.66863998678323,"length_true":19.7451},"46":{"length_est":5.10348025726215,"length_true":7.2907},"21":{"length_est":13.828811729097641,"length_true":10.637540000000001},"38":{"length_est":8.764829534172602,"length_true":9.87563},"45":{"length_est":6.36168984756745,"length_true":4.8936},"56":{"length_est":6.481549883751323,"length_true":4.9858},"36":{"length_est":53.903611093104956,"length_true":59.543393},"48":{"length_est":8.362400125558647,"length_true":11.9463},"18":{"length_est":14.319470010304013,"length_true":20.456400000000002},"30":{"length_est":12.533749009040257,"length_true":17.905369999999998},"3":{"length_est":10.328462005875165,"length_true":14.754960000000002}}