{"32":{"length_est":14.036154914052219,"length_true":20.051664},"29":{"length_est":3.6764600828567113,"length_true":5.2521},"1":{"length_est":0.14852199268742572,"length_true":0.11424},"54":{"length_est":8.421799928299434,"length_true":6.4783},"2":{"length_est":13.49105688672687,"length_true":13.996288},"41":{"length_est":6.3168399498956695,"length_true":4.8591},"53":{"length_est":20.62566571142877,"length_true":29.465251},"51":{"length_est":8.281326030062754,"length_true":11.830480000000001},"27":{"length_est":13.893291991307766,"length_true":10.68714},"42":{"length_est":5.476417191043914,"length_true":4.212621},"33":{"length_est":1.7639900094726997,"length_true":2.52},"28":{"length_est":11.124698428583958,"length_true":12.29249},"52":{"length_est":12.54331989791058,"length_true":9.6487},"50":{"length_est":5.301539970907173,"length_true":4.0781},"26":{"length_est":10.4999900255016,"length_true":15.0},"10":{"length_est":6.6746305306249845,"length_true":7.8779},"24":{"length_est":12.6240015772992,"length_true":10.4189},"25":{"length_est":10.396532637925214,"length_true":14.588000000000001},"23":{"length_est":5.382139847091783,"length_true":4.1401},"49":{"length_est":15.881836991131381,"length_true":12.21679},"5":{"length_est":16.93802199301496,"length_true":13.029240000000001},"31":{"length_est":5.707009934798397,"length_true":4.39},"43":{"length_est":8.33932800479052,"length_true":11.91334},"39":{"length_est":35.12732001934514,"length_true":50.1819},"34":{"length_est":8.692835019439547,"length_true":12.41835},"44":{"length_est":8.966626014667195,"length_true":12.809479999999999},"55":{"length_est":8.565414016895726,"length_true":12.23632},"17":{"length_est":12.203860076181497,"length_true":17.4341},"37":{"length_est":14.768234039635491,"length_true":16.546871},"47":{"length_est":5.792000034782535,"length_true":8.2743},"9":{"length_est":19.76403983578962,"length_true":15.2031},"12":{"length_est":9.369070010952292,"length_true":13.3844},"20":{"length_est":17.69339999293184,"length_true":13.610299999999999},"6":{"length_est":8.727310020445222,"length_true":12.467600000000001},"14":{"length_est":5.8120600194270216,"length_true":8.0963},"7":{"length_est":10.75948000516136,"length_true":15.370700000000001},"57":{"length_est":15.45791998489164,"length_true":11.8907},"8":{"length_est":10.368180026274642,"length_true":14.8117},"19":{"length_est":7.549239771261941,"length_true":5.8071},"4":{"length_est":8.287437029456436,"length_true":11.83921},"22":{"length_est":9.308674005126528,"length_true":13.298119999999997},"11":{"length_est":16.161361694971333,"length_true":12.431809},"35":{"length_est":12.22956893967322,"length_true":11.80815},"13":{"length_est":10.594641315551634,"length_true":12.8793},"15":{"length_est":7.938329912992419,"length_true":6.1064},"16":{"length_est":24.341855986740946,"length_true":27.150599999999997},"40":{"length_est":25.668639993343874,"length_true":19.7451},"46":{"length_est":6.775905390154867,"length_true":7.2907},"21":{"length_est":13.828811817834419,"length_true":10.637540000000001},"38":{"length_est":12.838328476226105,"length_true":9.87563},"45":{"length_est":6.361689609061236,"length_true":4.8936},"56":{"length_est":6.481549825459882,"length_true":4.9858},"36":{"length_est":68.27097154151252,"length_true":59.543393},"48":{"length_est":8.362400055095906,"length_true":11.9463},"18":{"length_est":14.319470005889661,"length_true":20.456400000000002},"30":{"length_est":12.533749021930523,"length_true":17.905369999999998},"3":{"length_est":10.328462002540231,"length_true":14.754960000000002}}