{"24":{"Xc_est":0.20055827893117809,"Zc_est":0.21290878568600596,"Rc_est":0.07145997323294623},"4":{"Xc_est":0.04235764403638554,"Zc_est":0.06908632493641641,"Rc_est":0.05457792855089834},"1":{"Xc_est":0.2298028146229734,"Zc_est":0.2403337602980171,"Rc_est":0.07036322001119663},"12":{"Xc_est":0.11851234153303844,"Zc_est":0.1402855846305502,"Rc_est":0.07506577222337564},"29":{"Xc_est":0.22439790056832734,"Zc_est":0.2347944463162018,"Rc_est":0.06909424173879362},"20":{"Xc_est":0.0703616849344284,"Zc_est":0.07785112363690412,"Rc_est":0.03331712389623032},"2":{"Xc_est":0.2501543084118986,"Zc_est":0.26359905061528976,"Rc_est":0.08311005636050801},"6":{"Xc_est":0.08467332225779184,"Zc_est":0.09068248259058699,"Rc_est":0.032461379308653004},"25":{"Xc_est":0.18555340380824398,"Zc_est":0.1945045399381105,"Rc_est":0.05832624102160859},"23":{"Xc_est":0.22452157310917992,"Zc_est":0.24405900894258378,"Rc_est":0.09568104856561391},"22":{"Xc_est":0.20091869862723447,"Zc_est":0.2103739945674409,"Rc_est":0.062360998486234914},"11":{"Xc_est":0.24082302498292804,"Zc_est":0.2517933881728898,"Rc_est":0.07351313464718802},"13":{"Xc_est":0.25538028220674064,"Zc_est":0.2674721495119632,"Rc_est":0.07951265449320323},"5":{"Xc_est":0.09095104672695677,"Zc_est":0.13678846331044126,"Rc_est":0.10217137952529982},"15":{"Xc_est":0.15310345315881743,"Zc_est":0.158491678908353,"Rc_est":0.04097493031152419},"27":{"Xc_est":0.11413663784112202,"Zc_est":0.1280058021284941,"Rc_est":0.05795095582372861},"28":{"Xc_est":0.15439849616384427,"Zc_est":0.16028413342322237,"Rc_est":0.04303612214845477},"16":{"Xc_est":0.2387285193478021,"Zc_est":0.2512731247107854,"Rc_est":0.07840202326424998},"14":{"Xc_est":0.07413859141059823,"Zc_est":0.09005436192674288,"Rc_est":0.051120029007084566},"21":{"Xc_est":0.06199044258875523,"Zc_est":0.07000631153411133,"Rc_est":0.03252796769337567},"7":{"Xc_est":0.026450255160679895,"Zc_est":0.03437858729790219,"Rc_est":0.021960675457153148},"8":{"Xc_est":0.2044875548715041,"Zc_est":0.21658963528539135,"Rc_est":0.07138564292441753},"26":{"Xc_est":0.1130137752046643,"Zc_est":0.12314861545738438,"Rc_est":0.04892308353998488},"17":{"Xc_est":0.19089422792132013,"Zc_est":0.20048129548625016,"Rc_est":0.061254743376886606},"10":{"Xc_est":0.20709799137175502,"Zc_est":0.21689352060392564,"Rc_est":0.0644454905307579},"19":{"Xc_est":0.049819824732509246,"Zc_est":0.056504023898107734,"Rc_est":0.02665876554343786},"9":{"Xc_est":0.10763637658613924,"Zc_est":0.13278503582005266,"Rc_est":0.07775780458024445},"18":{"Xc_est":0.09170560073853665,"Zc_est":0.09794539152145702,"Rc_est":0.03440032722919382},"30":{"Xc_est":0.26743973803996013,"Zc_est":0.305027642224587,"Rc_est":0.14668963507422114},"3":{"Xc_est":0.030123238013122056,"Zc_est":0.03486531716549361,"Rc_est":0.017555081106484866}}