{"32":{"length_est":14.036154994913222,"length_true":20.051664},"29":{"length_est":3.676460134346229,"length_true":5.2521},"1":{"length_est":0.14852198745021114,"length_true":0.11424},"54":{"length_est":8.421799895098827,"length_true":6.4783},"2":{"length_est":18.195184373017458,"length_true":13.996288},"41":{"length_est":6.316839922001124,"length_true":4.8591},"53":{"length_est":20.625665707578648,"length_true":29.465251},"51":{"length_est":8.281326050817365,"length_true":11.830480000000001},"27":{"length_est":13.893291985119465,"length_true":10.68714},"42":{"length_est":2.9488248131833665,"length_true":4.212621},"33":{"length_est":1.7639900136276083,"length_true":2.52},"28":{"length_est":8.604733359683207,"length_true":12.29249},"52":{"length_est":6.75408003253109,"length_true":9.6487},"50":{"length_est":5.301539473973833,"length_true":4.0781},"26":{"length_est":10.499990009887858,"length_true":15.0},"10":{"length_est":5.514520013697103,"length_true":7.8779},"24":{"length_est":7.293220070560071,"length_true":10.4189},"25":{"length_est":10.211590070722801,"length_true":14.588000000000001},"23":{"length_est":5.38213986410626,"length_true":4.1401},"49":{"length_est":15.8818369847218,"length_true":12.21679},"5":{"length_est":16.938021988142246,"length_true":13.029240000000001},"31":{"length_est":3.0729900539936965,"length_true":4.39},"43":{"length_est":8.339328008258569,"length_true":11.91334},"39":{"length_est":35.12732001473417,"length_true":50.1819},"34":{"length_est":8.69283503320182,"length_true":12.41835},"44":{"length_est":8.966626025017021,"length_true":12.809479999999999},"55":{"length_est":8.565414008843119,"length_true":12.23632},"17":{"length_est":12.203860132775285,"length_true":17.4341},"37":{"length_est":18.702763549801542,"length_true":16.546871},"47":{"length_est":5.792000024104277,"length_true":8.2743},"9":{"length_est":19.764039905162953,"length_true":15.2031},"12":{"length_est":9.369070011151702,"length_true":13.3844},"20":{"length_est":17.69339999222827,"length_true":13.610299999999999},"6":{"length_est":8.727310032166294,"length_true":12.467600000000001},"14":{"length_est":5.667400029562487,"length_true":8.0963},"7":{"length_est":10.759480008917578,"length_true":15.370700000000001},"57":{"length_est":15.45791997889586,"length_true":11.8907},"8":{"length_est":10.368180021037794,"length_true":14.8117},"19":{"length_est":7.549239750112943,"length_true":5.8071},"4":{"length_est":8.287437014202505,"length_true":11.83921},"22":{"length_est":9.308674008751469,"length_true":13.298119999999997},"11":{"length_est":16.16136169147487,"length_true":12.431809},"35":{"length_est":15.350604976991326,"length_true":11.80815},"13":{"length_est":9.015500031015549,"length_true":12.8793},"15":{"length_est":7.938329933265512,"length_true":6.1064},"16":{"length_est":35.29578985598533,"length_true":27.150599999999997},"40":{"length_est":25.668639985195234,"length_true":19.7451},"46":{"length_est":5.1034800377912415,"length_true":7.2907},"21":{"length_est":7.446268043357134,"length_true":10.637540000000001},"38":{"length_est":12.431033947420099,"length_true":9.87563},"45":{"length_est":6.361689910746402,"length_true":4.8936},"56":{"length_est":6.481548686919299,"length_true":4.9858},"36":{"length_est":41.68036514832103,"length_true":59.543393},"48":{"length_est":8.362400025268633,"length_true":11.9463},"18":{"length_est":14.319470010398481,"length_true":20.456400000000002},"30":{"length_est":12.53374900960362,"length_true":17.905369999999998},"3":{"length_est":10.328462006583107,"length_true":14.754960000000002}}