{"24":{"Xc_est":0.1955884301234171,"Zc_est":0.21156183720642027,"Rc_est":0.08064475782103298},"4":{"Xc_est":0.038345970450999425,"Zc_est":0.0653563088976189,"Rc_est":0.052924792516287275},"1":{"Xc_est":0.2269328108423684,"Zc_est":0.23904311226619634,"Rc_est":0.07512062889174445},"12":{"Xc_est":0.10943989588947221,"Zc_est":0.13443147109665646,"Rc_est":0.07806874924649854},"29":{"Xc_est":0.22149989911870957,"Zc_est":0.23351287298195927,"Rc_est":0.07393278392357562},"20":{"Xc_est":0.067752004452338,"Zc_est":0.07899604452217555,"Rc_est":0.04062069599157445},"2":{"Xc_est":0.24737673513041145,"Zc_est":0.26395575613821853,"Rc_est":0.09207275446470006},"6":{"Xc_est":0.08219000613979865,"Zc_est":0.090354895864228,"Rc_est":0.03753411911015555},"25":{"Xc_est":0.1804720630857743,"Zc_est":0.19091697661645315,"Rc_est":0.0622826332610594},"23":{"Xc_est":0.2219114848757739,"Zc_est":0.24386726278301596,"Rc_est":0.10112633058461944},"22":{"Xc_est":0.19800660234008954,"Zc_est":0.20899949704447107,"Rc_est":0.06688927563201381},"11":{"Xc_est":0.23988099741708313,"Zc_est":0.2537860507496243,"Rc_est":0.08285207681933039},"13":{"Xc_est":0.2525467038530208,"Zc_est":0.2666726872525898,"Rc_est":0.08564160495630724},"5":{"Xc_est":0.0884351209968895,"Zc_est":0.14195646560039826,"Rc_est":0.11104443930257188},"15":{"Xc_est":0.1479092609792187,"Zc_est":0.1532016007624118,"Rc_est":0.03991968177161222},"27":{"Xc_est":0.10632469360581843,"Zc_est":0.12439097251997948,"Rc_est":0.06456139383637194},"28":{"Xc_est":0.14922469237015487,"Zc_est":0.15528559389901275,"Rc_est":0.04296052676122284},"16":{"Xc_est":0.2359274615899386,"Zc_est":0.2512497711175253,"Rc_est":0.08639838166503408},"14":{"Xc_est":0.07156879452794597,"Zc_est":0.08985670414638705,"Rc_est":0.05433355252390535},"21":{"Xc_est":0.059328512038970986,"Zc_est":0.07182635550522667,"Rc_est":0.04048645457933901},"7":{"Xc_est":0.026632966577385862,"Zc_est":0.04049053023927012,"Rc_est":0.030498657844978946},"8":{"Xc_est":0.19950612501477824,"Zc_est":0.2149251104308594,"Rc_est":0.07993815844329154},"26":{"Xc_est":0.1075870629663721,"Zc_est":0.12236666640419556,"Rc_est":0.05829772662073168},"17":{"Xc_est":0.18463659379929656,"Zc_est":0.19519028416735607,"Rc_est":0.06331331031881669},"10":{"Xc_est":0.2041932304272901,"Zc_est":0.21561107856061773,"Rc_est":0.06923338678513768},"19":{"Xc_est":0.04557518162793177,"Zc_est":0.054302153118754005,"Rc_est":0.02952332387983501},"9":{"Xc_est":0.10242668148137848,"Zc_est":0.1314908438375485,"Rc_est":0.08245372601540094},"18":{"Xc_est":0.08723387945848186,"Zc_est":0.09554985240864368,"Rc_est":0.03898749248075141},"30":{"Xc_est":0.2641434847416903,"Zc_est":0.30558642774888445,"Rc_est":0.15365963781305939},"3":{"Xc_est":0.030244801219745373,"Zc_est":0.03801613429322335,"Rc_est":0.023032118134867254}}