{"24":{"Xc_est":0.16973034761257635,"Zc_est":0.18422797193384016,"Rc_est":0.07163487099290253},"4":{"Xc_est":0.039091114459680006,"Zc_est":0.0813618589182441,"Rc_est":0.07135570654777693},"1":{"Xc_est":0.1927127966445993,"Zc_est":0.2060165885649422,"Rc_est":0.07283277266007376},"12":{"Xc_est":0.10621556806601987,"Zc_est":0.14328900424571586,"Rc_est":0.09617687787686537},"29":{"Xc_est":0.1871982751474425,"Zc_est":0.2002362955875772,"Rc_est":0.07107305996267499},"20":{"Xc_est":0.06431025631590837,"Zc_est":0.07366289388749736,"Rc_est":0.035922317136605555},"2":{"Xc_est":0.21323944232373981,"Zc_est":0.22968874031707712,"Rc_est":0.08535723558027244},"6":{"Xc_est":0.07594013926493566,"Zc_est":0.08297264084391462,"Rc_est":0.0334298426115862},"25":{"Xc_est":0.15819891292460903,"Zc_est":0.1694914382723923,"Rc_est":0.06083133729514863},"23":{"Xc_est":0.18888521375207415,"Zc_est":0.22435898768828771,"Rc_est":0.12107572581796278},"22":{"Xc_est":0.17020533827075665,"Zc_est":0.18215797340583242,"Rc_est":0.06489738129891877},"11":{"Xc_est":0.20554503321786213,"Zc_est":0.22022011813083497,"Rc_est":0.07904517536843633},"13":{"Xc_est":0.2186229920627663,"Zc_est":0.23401052310876877,"Rc_est":0.0834560499134917},"5":{"Xc_est":0.08241838244829763,"Zc_est":0.1585285347965557,"Rc_est":0.13541974220677322},"15":{"Xc_est":0.12542098038210656,"Zc_est":0.13261203812758293,"Rc_est":0.04307586721521406},"27":{"Xc_est":0.1017445888226787,"Zc_est":0.12493075722067234,"Rc_est":0.07249643263661061},"28":{"Xc_est":0.12670668075609315,"Zc_est":0.13439483879579303,"Rc_est":0.044803903253184174},"16":{"Xc_est":0.20167518728546663,"Zc_est":0.21701793474878367,"Rc_est":0.08014925349620729},"14":{"Xc_est":0.06539353720342889,"Zc_est":0.09257614215427547,"Rc_est":0.06552882868014948},"21":{"Xc_est":0.05477864728049467,"Zc_est":0.06380844894255465,"Rc_est":0.03272335494068048},"7":{"Xc_est":0.02658947530917188,"Zc_est":0.033449869296436674,"Rc_est":0.020295160968359822},"8":{"Xc_est":0.17149872006127623,"Zc_est":0.18576754726639017,"Rc_est":0.0713986739002519},"26":{"Xc_est":0.10398998325138976,"Zc_est":0.11526509954761836,"Rc_est":0.04972048428060659},"17":{"Xc_est":0.16111829911579917,"Zc_est":0.1727994745995565,"Rc_est":0.06245440026062727},"10":{"Xc_est":0.1764670760308387,"Zc_est":0.1888897989630279,"Rc_est":0.06737007666181842},"19":{"Xc_est":0.047068187910355566,"Zc_est":0.05473376405675064,"Rc_est":0.02793511436625071},"9":{"Xc_est":0.0992018136749507,"Zc_est":0.14190279528070188,"Rc_est":0.10146626765618783},"18":{"Xc_est":0.08291001539133894,"Zc_est":0.09033484366164168,"Rc_est":0.035865210541431186},"30":{"Xc_est":0.23227720179916012,"Zc_est":0.29984768950655766,"Rc_est":0.18962051161932153},"3":{"Xc_est":0.030403973555598082,"Zc_est":0.03511100072097878,"Rc_est":0.017560773435673752}}