linecode_id,linecode_name,A_p_est,dist_est,x_est,r_est,scenario_id
11,uglv_240al_xlpe/nyl/pvc_ug_4w_bundled,"[292.8446739896112, 300.00000292333385, 258.95005940578966, 246.1913654564041]","[23.140669177575543, 20.31619445286254]",[0.7368559692772119 0.6662242931868066 0.6662242931868066 0.6372828701650906; 0.6662242931868066 0.7360975826750765 0.6444483813623354 0.6586959414755592; 0.6662242931868066 0.6444483813623354 0.7407203610618542 0.6586959414755592; 0.6372828701650906 0.6586959414755592 0.6586959414755592 0.7423076884037728],[0.19644479561357583 0.049348 0.049348 0.049348; 0.049348 0.1929363757887244 0.049348 0.049348; 0.049348 0.049348 0.21569865948708938 0.049348; 0.049348 0.049348 0.049348 0.22431966513746857],1
9,uglv_185al_xlpe/nyl/pvc_ug_2w_bundled,"[37.23051107645571, 37.230511078345614]",[99.9997010594969],[0.8016519006256678 0.5742649138157363; 0.5742649138157363 0.8016519006240731],[1.275910025547979 0.049348; 0.049348 1.275910025485716],1
8,ugsc_16al_xlpe/pvc_ug_2w_bundled,"[13.761442021335492, 13.761445361105412]",[3.890330418196013],[0.8329189256476058 0.7782598781697225; 0.7782598781697225 0.8329189180232451],[3.2578198826819214 0.049348; 0.049348 3.257819104016774],1
