linecode_id,linecode_name,A_p_est,dist_est,x_est,r_est,scenario_id
10,ugsc_16al_xlpe/pvc_ug_2w_bundled,"[10.00000843377488, 28.926914660107855]",[2.000000787591797],[0.8429495734279703 0.8200649307192409; 0.8200649307192409 0.809579921449502],[4.464664255282907 0.049348; 0.049348 1.5757188663510733],1
11,uglv_185al_xlpe/nyl/pvc_ug_2w_bundled,"[44.755501155813946, 44.75518776180136]",[2.8976978825438824],[0.7958686626191669 0.7967687720455191; 0.7967687720455191 0.7958688826059958],[1.0696813645877816 0.049348; 0.049348 1.0696885093766495],1
13,uglv_240al_xlpe/nyl/pvc_ug_4w_bundled,"[208.41153331404882, 250.60490095648703, 300.0000029746785, 213.64177035653162]","[49.80042899744524, 49.80042896637463, 49.800428996120424, 49.80042896777936]",[0.7475414209434557 0.6180678403764915 0.6180678403764915 0.6180678404156925; 0.6180678403764915 0.7417494745497918 0.618067840378163 0.6180678404139203; 0.6180678403764915 0.618067840378163 0.7360975826696996 0.6180678404139203; 0.6180678404156925 0.6180678404139203 0.6180678404139203 0.7467627442336896],[0.25603768013139383 0.049348 0.049348 0.049348; 0.049348 0.22123814656921467 0.049348 0.049348; 0.049348 0.049348 0.19293637576414943 0.049348; 0.049348 0.049348 0.049348 0.2509776395807184],1
