{"24":{"Xc_est":0.15816146485971794,"Zc_est":0.19640714820934677,"Rc_est":0.11645049978920875},"4":{"Xc_est":0.03756387712099073,"Zc_est":0.05740966085342584,"Rc_est":0.043414563166574466},"1":{"Xc_est":0.1895289386990373,"Zc_est":0.21053223619059544,"Rc_est":0.09166571807949374},"12":{"Xc_est":0.09258239258481286,"Zc_est":0.11281256662489539,"Rc_est":0.06446065289591822},"29":{"Xc_est":0.1840644200875569,"Zc_est":0.2051941611536128,"Rc_est":0.0906914165142777},"20":{"Xc_est":0.06224122309710103,"Zc_est":0.11180726345792853,"Rc_est":0.09288107616370268},"2":{"Xc_est":0.21025240877705448,"Zc_est":0.24511438186834822,"Rc_est":0.12599597137269436},"6":{"Xc_est":0.07085182224808993,"Zc_est":0.092322406027346,"Rc_est":0.05918991416451963},"25":{"Xc_est":0.14471755458848473,"Zc_est":0.16408499225926831,"Rc_est":0.0773350766383087},"23":{"Xc_est":0.18671194429682186,"Zc_est":0.20961418369708046,"Rc_est":0.0952720098659301},"22":{"Xc_est":0.1604099099166049,"Zc_est":0.1800598217131723,"Rc_est":0.08179364398243975},"11":{"Xc_est":0.20049637101561948,"Zc_est":0.22191051380244617,"Rc_est":0.09510773546685203},"13":{"Xc_est":0.21535516084111855,"Zc_est":0.24107474815909252,"Rc_est":0.10834753757730653},"5":{"Xc_est":0.07659190459295064,"Zc_est":0.117275767142611,"Rc_est":0.08881039190158022},"15":{"Xc_est":0.11176917497121647,"Zc_est":0.11684024738640575,"Rc_est":0.03404842045631623},"27":{"Xc_est":0.08818936918225795,"Zc_est":0.10114660690677747,"Rc_est":0.04953050829528781},"28":{"Xc_est":0.11312768508215292,"Zc_est":0.12034452839899762,"Rc_est":0.04104792788351659},"16":{"Xc_est":0.19869572429679985,"Zc_est":0.23015518881407093,"Rc_est":0.11615257243905852},"14":{"Xc_est":0.06169868532377226,"Zc_est":0.076350874834749,"Rc_est":0.04497475199875636},"21":{"Xc_est":0.053445675921117465,"Zc_est":0.106675156685474,"Rc_est":0.0923209010961511},"7":{"Xc_est":0.027105410414977688,"Zc_est":0.07078930685700313,"Rc_est":0.06539436284214847},"8":{"Xc_est":0.1620818376089302,"Zc_est":0.19776339931947345,"Rc_est":0.11331301790926714},"26":{"Xc_est":0.09139677867236634,"Zc_est":0.13514778876907968,"Rc_est":0.09955678609460161},"17":{"Xc_est":0.14695372084684868,"Zc_est":0.16627402191076807,"Rc_est":0.07779237939315808},"10":{"Xc_est":0.16664528711785406,"Zc_est":0.1872254172308835,"Rc_est":0.08533876691566616},"19":{"Xc_est":0.04078084656131151,"Zc_est":0.0675710836588647,"Rc_est":0.0538773969357843},"9":{"Xc_est":0.08560639266010558,"Zc_est":0.10877080048283833,"Rc_est":0.06710165849963205},"18":{"Xc_est":0.07468880389252194,"Zc_est":0.09617117065700957,"Rc_est":0.06058445872205227},"30":{"Xc_est":0.23554090045756362,"Zc_est":0.2853545608814129,"Rc_est":0.1610829277964121},"3":{"Xc_est":0.030632024571441874,"Zc_est":0.05506618659709138,"Rc_est":0.045759851147051035}}