{"32":{"length_est":14.036154912176837,"length_true":20.051664},"29":{"length_est":3.6764600612461953,"length_true":5.2521},"1":{"length_est":0.14852199283650172,"length_true":0.11424},"54":{"length_est":8.42179987666776,"length_true":6.4783},"2":{"length_est":13.706384756360473,"length_true":13.996288},"41":{"length_est":6.31683994617946,"length_true":4.8591},"53":{"length_est":20.625665708815546,"length_true":29.465251},"51":{"length_est":8.281326028962402,"length_true":11.830480000000001},"27":{"length_est":13.893291991505869,"length_true":10.68714},"42":{"length_est":5.476417260244221,"length_true":4.212621},"33":{"length_est":1.7639900083380997,"length_true":2.52},"28":{"length_est":8.764946542756718,"length_true":12.29249},"52":{"length_est":12.543319951729432,"length_true":9.6487},"50":{"length_est":5.301539979957708,"length_true":4.0781},"26":{"length_est":10.499990026785083,"length_true":15.0},"10":{"length_est":10.24127995021535,"length_true":7.8779},"24":{"length_est":13.544579978235209,"length_true":10.4189},"25":{"length_est":12.593659483429148,"length_true":14.588000000000001},"23":{"length_est":5.382121774893589,"length_true":4.1401},"49":{"length_est":15.881836991307432,"length_true":12.21679},"5":{"length_est":16.938021993159172,"length_true":13.029240000000001},"31":{"length_est":5.707009970853432,"length_true":4.39},"43":{"length_est":8.339328004892408,"length_true":11.91334},"39":{"length_est":35.12732002102852,"length_true":50.1819},"34":{"length_est":8.692835020675105,"length_true":12.41835},"44":{"length_est":8.966626014442323,"length_true":12.809479999999999},"55":{"length_est":8.565414018305606,"length_true":12.23632},"17":{"length_est":12.203860049470082,"length_true":17.4341},"37":{"length_est":15.064526518052597,"length_true":16.546871},"47":{"length_est":6.316777090611581,"length_true":8.2743},"9":{"length_est":19.764039797049247,"length_true":15.2031},"12":{"length_est":9.369070010318405,"length_true":13.3844},"20":{"length_est":17.693399992937398,"length_true":13.610299999999999},"6":{"length_est":8.727310025504641,"length_true":12.467600000000001},"14":{"length_est":10.525199960715648,"length_true":8.0963},"7":{"length_est":10.759480005075943,"length_true":15.370700000000001},"57":{"length_est":15.457919973713214,"length_true":11.8907},"8":{"length_est":10.368180055580543,"length_true":14.8117},"19":{"length_est":7.511234932316372,"length_true":5.8071},"4":{"length_est":9.755877692408843,"length_true":11.83921},"22":{"length_est":9.30867400504422,"length_true":13.298119999999997},"11":{"length_est":16.161361695182837,"length_true":12.431809},"35":{"length_est":11.80061882306756,"length_true":11.80815},"13":{"length_est":9.066013171168308,"length_true":12.8793},"15":{"length_est":7.938329908526438,"length_true":6.1064},"16":{"length_est":24.834125857987626,"length_true":27.150599999999997},"40":{"length_est":25.66863998856272,"length_true":19.7451},"46":{"length_est":9.477919972850453,"length_true":7.2907},"21":{"length_est":13.828811907084212,"length_true":10.637540000000001},"38":{"length_est":12.838328879295295,"length_true":9.87563},"45":{"length_est":3.4255104384869037,"length_true":4.8936},"56":{"length_est":6.48154979209516,"length_true":4.9858},"36":{"length_est":62.968895231727664,"length_true":59.543393},"48":{"length_est":8.36240004765533,"length_true":11.9463},"18":{"length_est":14.319470088976075,"length_true":20.456400000000002},"30":{"length_est":14.258495250725193,"length_true":17.905369999999998},"3":{"length_est":10.328462001899204,"length_true":14.754960000000002}}