{"32":{"length_est":14.036154928070191,"length_true":20.051664},"29":{"length_est":3.6764600663565647,"length_true":5.2521},"1":{"length_est":0.14852199179397196,"length_true":0.11424},"54":{"length_est":8.42179990980068,"length_true":6.4783},"2":{"length_est":16.33742516538736,"length_true":13.996288},"41":{"length_est":6.316839947321372,"length_true":4.8591},"53":{"length_est":20.625665705791434,"length_true":29.465251},"51":{"length_est":8.28132603332806,"length_true":11.830480000000001},"27":{"length_est":13.893291990318165,"length_true":10.68714},"42":{"length_est":5.476417268822654,"length_true":4.212621},"33":{"length_est":1.7639900115028395,"length_true":2.52},"28":{"length_est":12.00905093676238,"length_true":12.29249},"52":{"length_est":6.75408413309258,"length_true":9.6487},"50":{"length_est":2.8546604061426266,"length_true":4.0781},"26":{"length_est":10.499990009662296,"length_true":15.0},"10":{"length_est":5.514520022623278,"length_true":7.8779},"24":{"length_est":13.544579955070482,"length_true":10.4189},"25":{"length_est":12.472558716352628,"length_true":14.588000000000001},"23":{"length_est":5.382139820219387,"length_true":4.1401},"49":{"length_est":15.881836988976744,"length_true":12.21679},"5":{"length_est":16.938021992066908,"length_true":13.029240000000001},"31":{"length_est":3.0729900663104117,"length_true":4.39},"43":{"length_est":8.3393280054288,"length_true":11.91334},"39":{"length_est":35.127320010912456,"length_true":50.1819},"34":{"length_est":8.692835095479882,"length_true":12.41835},"44":{"length_est":8.966626016429291,"length_true":12.809479999999999},"55":{"length_est":8.565414007152299,"length_true":12.23632},"17":{"length_est":12.203860060806647,"length_true":17.4341},"37":{"length_est":14.789318171548073,"length_true":16.546871},"47":{"length_est":5.792000028707319,"length_true":8.2743},"9":{"length_est":12.619517483532974,"length_true":15.2031},"12":{"length_est":9.3690700076554,"length_true":13.3844},"20":{"length_est":17.69339999419574,"length_true":13.610299999999999},"6":{"length_est":8.727310024377916,"length_true":12.467600000000001},"14":{"length_est":5.667400026533935,"length_true":8.0963},"7":{"length_est":10.759480005850827,"length_true":15.370700000000001},"57":{"length_est":15.457919981923244,"length_true":11.8907},"8":{"length_est":10.368180017855167,"length_true":14.8117},"19":{"length_est":7.54923970285349,"length_true":5.8071},"4":{"length_est":8.944257023062255,"length_true":11.83921},"22":{"length_est":9.308674005713428,"length_true":13.298119999999997},"11":{"length_est":16.161361694192358,"length_true":12.431809},"35":{"length_est":15.350604837237745,"length_true":11.80815},"13":{"length_est":9.015500019251187,"length_true":12.8793},"15":{"length_est":7.938329933213587,"length_true":6.1064},"16":{"length_est":28.508164836628524,"length_true":27.150599999999997},"40":{"length_est":25.668639993173638,"length_true":19.7451},"46":{"length_est":5.615264457335412,"length_true":7.2907},"21":{"length_est":7.446268147522844,"length_true":10.637540000000001},"38":{"length_est":12.838328967920061,"length_true":9.87563},"45":{"length_est":6.361689882024786,"length_true":4.8936},"56":{"length_est":3.490050118121874,"length_true":4.9858},"36":{"length_est":41.68036517944014,"length_true":59.543393},"48":{"length_est":8.362400042052817,"length_true":11.9463},"18":{"length_est":14.319470006056198,"length_true":20.456400000000002},"30":{"length_est":12.533749030396661,"length_true":17.905369999999998},"3":{"length_est":10.32846200304516,"length_true":14.754960000000002}}