{"24":{"Xc_est":0.16422473081383168,"Zc_est":0.1949407209262395,"Rc_est":0.10503391102099607},"4":{"Xc_est":0.0379000848682918,"Zc_est":0.07522939175366408,"Rc_est":0.06498495941833418},"1":{"Xc_est":0.1883198270574566,"Zc_est":0.2078140180971741,"Rc_est":0.08787666843219676},"12":{"Xc_est":0.10047926368682458,"Zc_est":0.13699739627265103,"Rc_est":0.09312466995613652},"29":{"Xc_est":0.1828225486111633,"Zc_est":0.20227326250874247,"Rc_est":0.08654703025089583},"20":{"Xc_est":0.06109959199929169,"Zc_est":0.09229836282515784,"Rc_est":0.06917967647889493},"2":{"Xc_est":0.20906529729268417,"Zc_est":0.23880055035141146,"Rc_est":0.1154010585569239},"6":{"Xc_est":0.07331073224838297,"Zc_est":0.08995505688563514,"Rc_est":0.05212915495673946},"25":{"Xc_est":0.1526482138193439,"Zc_est":0.17026324890316688,"Rc_est":0.07541947192088805},"23":{"Xc_est":0.18575826613218616,"Zc_est":0.2242359793784368,"Rc_est":0.12560111867085677},"22":{"Xc_est":0.16437189558690013,"Zc_est":0.18242143495810362,"Rc_est":0.07911674837442972},"11":{"Xc_est":0.20218051286292144,"Zc_est":0.22680665053752777,"Rc_est":0.10278276580506243},"13":{"Xc_est":0.21426057355381287,"Zc_est":0.23774241884778982,"Rc_est":0.10302361059480046},"5":{"Xc_est":0.07946808322442339,"Zc_est":0.15553211576210244,"Rc_est":0.13369765436264075},"15":{"Xc_est":0.11962716116225436,"Zc_est":0.12612076483112963,"Rc_est":0.0399473357540791},"27":{"Xc_est":0.09600828499244551,"Zc_est":0.11849093529098263,"Rc_est":0.06944430112645095},"28":{"Xc_est":0.1209712648886528,"Zc_est":0.12915266889473004,"Rc_est":0.04523676551071223},"16":{"Xc_est":0.1974653036804967,"Zc_est":0.22453364145759594,"Rc_est":0.10687754669984459},"14":{"Xc_est":0.06245150216305474,"Zc_est":0.08932129950188297,"Rc_est":0.06386003775666788},"21":{"Xc_est":0.050233721373354745,"Zc_est":0.07898165377747063,"Rc_est":0.060948132624457016},"7":{"Xc_est":0.027065799456970123,"Zc_est":0.05777123208410956,"Rc_est":0.05103878678290782},"8":{"Xc_est":0.16594965381560642,"Zc_est":0.19501874946259884,"Rc_est":0.10243546768788767},"26":{"Xc_est":0.09890189334399108,"Zc_est":0.1308859782745341,"Rc_est":0.08572954450978744},"17":{"Xc_est":0.15544407857082465,"Zc_est":0.17398679631757244,"Rc_est":0.0781571732480118},"10":{"Xc_est":0.17063653326535483,"Zc_est":0.189498902229113,"Rc_est":0.08241970311291094},"19":{"Xc_est":0.04275096903772441,"Zc_est":0.06695368136098483,"Rc_est":0.05152814856099349},"9":{"Xc_est":0.09348279861032398,"Zc_est":0.13581689115282217,"Rc_est":0.09852509470383247},"18":{"Xc_est":0.07755015368305257,"Zc_est":0.09433351633274387,"Rc_est":0.05371020356910762},"30":{"Xc_est":0.22933939998181258,"Zc_est":0.3010817458707002,"Rc_est":0.19507346644926127},"3":{"Xc_est":0.030681179130986218,"Zc_est":0.04808639238831817,"Rc_est":0.037026563168293634}}