linecode_id,linecode_name,A_p_est,dist_est,x_est,r_est,scenario_id
10,ugsc_16al_xlpe/pvc_ug_2w_bundled,"[15.965420747324032, 15.96542132156628]",[115.59211421491919],[0.8282519357445536 0.5651605230111244; 0.5651605230111244 0.8282519346145869],[2.814899906799132 0.049348; 0.049348 2.8148998073281115],1
11,uglv_185al_xlpe/nyl/pvc_ug_2w_bundled,"[10.66090647574883, 299.9969977594878]",[2.0000048107152177],[0.8409390275281539 0.8200648043289724; 0.8200648043289724 0.7360978973774076],[4.332804681849975 0.049348; 0.049348 0.2015679602635182],1
13,uglv_240al_xlpe/nyl/pvc_ug_4w_bundled,"[249.53081256207432, 300.0000028995823, 300.0000029506347, 187.58573986216126]","[66.54617579618674, 66.54617575416218, 66.54617582167498, 66.54617572906317]",[0.7418844123755214 0.5998545726395265 0.5998545726395265 0.5998545726792055; 0.5998545726395265 0.7360975826775638 0.5998545726154608 0.5998545727029037; 0.5998545726395265 0.5998545726154608 0.7360975826722176 0.5998545727029037; 0.5998545726792055 0.5998545727029037 0.5998545727029037 0.7508488543958166],[0.22197803600270083 0.049348 0.049348 0.049348; 0.049348 0.19293637580009257 0.049348 0.049348; 0.049348 0.049348 0.19293637577565745 0.049348; 0.049348 0.049348 0.049348 0.27898439553852483],1
