{"32":{"Xc_est":0.21536241198589567,"Zc_est":0.23124396960608615,"Rc_est":0.08421879233756466},"29":{"Xc_est":0.11266130790880526,"Zc_est":0.13581846364168323,"Rc_est":0.07585568380988077},"1":{"Xc_est":0.15286084459952654,"Zc_est":0.17197204642436695,"Rc_est":0.07879052569759909},"54":{"Xc_est":0.10633125011993977,"Zc_est":0.12609758868147233,"Rc_est":0.067781023297178},"2":{"Xc_est":0.19212112692505565,"Zc_est":0.21073883600532523,"Rc_est":0.08660444324586371},"41":{"Xc_est":0.09809294573560971,"Zc_est":0.10432068455631419,"Rc_est":0.03550463664380665},"51":{"Xc_est":0.11410952784410747,"Zc_est":0.12803910571373245,"Rc_est":0.058077777567389896},"53":{"Xc_est":0.12473249714910094,"Zc_est":0.14225412575845045,"Rc_est":0.06839620201627108},"27":{"Xc_est":0.16088589339707704,"Zc_est":0.17185201229430305,"Rc_est":0.06040565731308324},"42":{"Xc_est":0.18386241922682475,"Zc_est":0.19533396100442085,"Rc_est":0.0659542805110931},"33":{"Xc_est":0.09544256453569426,"Zc_est":0.11251129022857738,"Rc_est":0.059577741680505225},"28":{"Xc_est":0.1350610100892125,"Zc_est":0.1479002262011201,"Rc_est":0.06027437651294394},"50":{"Xc_est":0.18575937348512925,"Zc_est":0.1973066057888022,"Rc_est":0.06650828407281338},"52":{"Xc_est":0.05324093917839215,"Zc_est":0.058533030954684644,"Rc_est":0.024321145288510135},"26":{"Xc_est":0.17043386151128548,"Zc_est":0.1794305287438679,"Rc_est":0.05610359610270951},"10":{"Xc_est":0.15229032157507513,"Zc_est":0.16187810466727406,"Rc_est":0.05488331918925042},"24":{"Xc_est":0.11287705299505413,"Zc_est":0.12085161385442178,"Rc_est":0.0431727168286872},"25":{"Xc_est":0.09905029771543655,"Zc_est":0.11482887650032672,"Rc_est":0.05809224905966949},"23":{"Xc_est":0.08948601490220023,"Zc_est":0.09629285059990694,"Rc_est":0.03556073977828915},"49":{"Xc_est":0.1524546561783141,"Zc_est":0.16262337694018766,"Rc_est":0.05660336153429753},"5":{"Xc_est":0.08815838464336351,"Zc_est":0.09474132200031045,"Rc_est":0.034698952598591196},"31":{"Xc_est":0.1498510492699801,"Zc_est":0.15769207108399347,"Rc_est":0.04910654045486447},"43":{"Xc_est":0.14688033374825313,"Zc_est":0.16286439400950165,"Rc_est":0.0703631891977898},"39":{"Xc_est":0.07767654120301451,"Zc_est":0.09426655691469531,"Rc_est":0.053409163064851314},"34":{"Xc_est":0.10435546949539698,"Zc_est":0.11239048125359923,"Rc_est":0.041731957332611536},"44":{"Xc_est":0.22019956515358274,"Zc_est":0.23344099269206553,"Rc_est":0.07750386167946774},"55":{"Xc_est":0.10138877046118162,"Zc_est":0.11077276372530062,"Rc_est":0.04461975355950661},"17":{"Xc_est":0.13640749752858478,"Zc_est":0.15388594055058644,"Rc_est":0.07123115411902128},"37":{"Xc_est":0.17617443919961873,"Zc_est":0.19004972819871557,"Rc_est":0.07128440335098211},"47":{"Xc_est":0.21421435844198658,"Zc_est":0.228403335841314,"Rc_est":0.07924829626388294},"9":{"Xc_est":0.02693975015754347,"Zc_est":0.033103883909158055,"Rc_est":0.019238424865881048},"12":{"Xc_est":0.15969617840908368,"Zc_est":0.16980665616468543,"Rc_est":0.05771855056535831},"20":{"Xc_est":0.17288747748139263,"Zc_est":0.1831189976502774,"Rc_est":0.060353023375496764},"6":{"Xc_est":0.11777170680373138,"Zc_est":0.12965660263588577,"Rc_est":0.054227849704887934},"14":{"Xc_est":0.10431833944435107,"Zc_est":0.1123214992742871,"Rc_est":0.041638963181097874},"7":{"Xc_est":0.1551981789184209,"Zc_est":0.16859454580298475,"Rc_est":0.0658608087933981},"8":{"Xc_est":0.1053078698983895,"Zc_est":0.113216630921389,"Rc_est":0.041572323180860224},"19":{"Xc_est":0.09180674724884687,"Zc_est":0.10173551346568219,"Rc_est":0.04383646723576561},"4":{"Xc_est":0.19858681556911553,"Zc_est":0.20988920906257194,"Rc_est":0.06794672003143434},"22":{"Xc_est":0.08168462523888533,"Zc_est":0.10136074436652776,"Rc_est":0.06001351929456767},"11":{"Xc_est":0.037289625432152695,"Zc_est":0.0445373766550244,"Rc_est":0.024352859266239424},"35":{"Xc_est":0.15384357977878746,"Zc_est":0.16504681537672466,"Rc_est":0.05977126589630248},"13":{"Xc_est":0.20420004279471266,"Zc_est":0.23216645952151363,"Rc_est":0.11046993912097597},"15":{"Xc_est":0.02894911353324195,"Zc_est":0.036673709649991504,"Rc_est":0.022514657561938357},"16":{"Xc_est":0.17286312176120408,"Zc_est":0.18307590482335956,"Rc_est":0.060292023202600714},"40":{"Xc_est":0.1658951070903723,"Zc_est":0.18369589740920392,"Rc_est":0.07888596940170461},"21":{"Xc_est":0.19843736483889948,"Zc_est":0.21003497788593567,"Rc_est":0.06882807691152631},"38":{"Xc_est":0.053170056772401664,"Zc_est":0.058394941217468965,"Rc_est":0.024143616601728084},"46":{"Xc_est":0.1295793356832457,"Zc_est":0.14252405917128375,"Rc_est":0.0593489949918979},"45":{"Xc_est":0.18419255435319595,"Zc_est":0.19543534119932937,"Rc_est":0.0653305097985867},"36":{"Xc_est":0.18518248677378948,"Zc_est":0.1962799143731699,"Rc_est":0.06506344118331117},"48":{"Xc_est":0.10879110504627262,"Zc_est":0.11900446779720181,"Rc_est":0.04823441529142982},"18":{"Xc_est":0.0917827940989471,"Zc_est":0.10042162803663947,"Rc_est":0.040748277079153336},"30":{"Xc_est":0.22221758825673743,"Zc_est":0.23688561584234094,"Rc_est":0.08206179660697324},"3":{"Xc_est":0.036382636825821324,"Zc_est":0.043452210661823504,"Rc_est":0.023757069453109708}}