linecode_id,linecode_name,A_p_est,dist_est,x_est,r_est,scenario_id
4,hydrogen,"[137.95458493595467, 137.95458493595467, 137.95458493595467, 137.95458493595467]","[385.75353952802755, 501.0118697807523, 380.00000257828486]",[0.7605033519717682 0.48943973647214245 0.43713952297053416 0.41473102173103715; 0.48943973647214245 0.7605033519717682 0.47301349595855763 0.437548519639797; 0.43713952297053416 0.47301349595855763 0.7605033519717682 0.4903839385339197; 0.41473102173103715 0.437548519639797 0.4903839385339197 0.7605033519717682],[0.22366131461775646 0.049348 0.049348 0.049348; 0.049348 0.22366131461775646 0.049348 0.049348; 0.049348 0.049348 0.22366131461775646 0.049348; 0.049348 0.049348 0.049348 0.22366131461775646],1
1,pluto,"[286.3399021364391, 286.3399021364391, 286.3399021364391, 286.3399021364391]","[577.544206110108, 622.2933079157389, 428.93925240123997]",[0.7375616597032549 0.4640816008178331 0.4181415797073347 0.3989374099098516; 0.4640816008178331 0.7375616597032549 0.45939266537275275 0.4264494026739533; 0.4181415797073347 0.45939266537275275 0.7375616597032549 0.48277221579784224; 0.3989374099098516 0.4264494026739533 0.48277221579784224 0.7375616597032549],[0.212214959744015 0.049348 0.049348 0.049348; 0.049348 0.212214959744015 0.049348 0.049348; 0.049348 0.049348 0.212214959744015 0.049348; 0.049348 0.049348 0.049348 0.212214959744015],1
10,tw2x16_lv_oh_2w_bundled,"[17.97421692953972, 17.97421692953972]",[40.10282324369059],[0.8245287263709358 0.6316757977373966; 0.6316757977373966 0.8245287263709358],[2.065075246265723 0.049348; 0.049348 2.065075246265723],1
7,abc2x16_lv_oh_2w_bundled,"[24.99502930867092, 24.99502930867092]",[99.99953000197075],[0.8141696572815573 0.5742650212950143; 0.5742650212950143 0.8141696572815573],[1.8388948630160282 0.049348; 0.049348 1.8388948630160282],1
