linecode_id,linecode_name,A_p_est,dist_est,x_est,r_est,scenario_id
4,hydrogen,"[156.6220493245537, 156.6220493245537, 156.6220493245537, 156.6220493245537]","[443.3152989198484, 854.2321441452453, 410.916845225397, 1288.0889182762867, 844.7736193564383, 433.85677413104116]",[0.7565163148144293 0.480700899448295 0.4394880249439585 0.41368217158787374; 0.480700899448295 0.7565163148144293 0.48546924390614904 0.4401876154715628; 0.4394880249439585 0.48546924390614904 0.7565163148144293 0.48205598377647535; 0.41368217158787374 0.4401876154715628 0.48205598377647535 0.7565163148144293],[0.20288526420136405 0.049348 0.049348 0.049348; 0.049348 0.20288526420136405 0.049348 0.049348; 0.049348 0.049348 0.20288526420136405 0.049348; 0.049348 0.049348 0.049348 0.20288526420136405],1
1,pluto,"[251.21777524147683, 251.21777524147683, 251.21777524147683, 251.21777524147683]","[623.6921646849623, 2902.9813417923774, 2661.4309053315033, 3000.0000133921735, 2612.866085118639, 756.7668634035444]",[0.741672738009084 0.45925158346227396 0.36262623320769116 0.3605606918200765; 0.45925158346227396 0.741672738009084 0.36808472207233683 0.3692418472895784; 0.36262623320769116 0.36808472207233683 0.741672738009084 0.4470999807970242; 0.3605606918200765 0.3692418472895784 0.4470999807970242 0.741672738009084],[0.2349849807810518 0.049348 0.049348 0.049348; 0.049348 0.2349849807810518 0.049348 0.049348; 0.049348 0.049348 0.2349849807810518 0.049348; 0.049348 0.049348 0.049348 0.2349849807810518],1
10,tw2x16_lv_oh_2w_bundled,"[11.999999936133603, 11.999999936133603]",[2.8113704311431538],[0.8372217860624697 0.7986690960879919; 0.7986690960879919 0.8372217860624697],[3.068607915666091 0.049348; 0.049348 3.068607915666091],1
7,abc2x16_lv_oh_2w_bundled,"[16.89406131600642, 16.89406131600642]",[2.0000070157510454],[0.8264757700256122 0.8200647350557717; 0.8200647350557717 0.8264757700256122],[2.697010717309196 0.049348; 0.049348 2.697010717309196],1
