{"32":{"Xc_est":0.20810619200083613,"Zc_est":0.22271537961844468,"Rc_est":0.07933443873564017},"29":{"Xc_est":0.11325728787364046,"Zc_est":0.14407544374680092,"Rc_est":0.08905346840154477},"1":{"Xc_est":0.15459763524362213,"Zc_est":0.18459393876062033,"Rc_est":0.10086869387594752},"54":{"Xc_est":0.10185547288652115,"Zc_est":0.12132218766875516,"Rc_est":0.06591309326526712},"2":{"Xc_est":0.1804171454852885,"Zc_est":0.21025398014666546,"Rc_est":0.10796476176259845},"41":{"Xc_est":0.09299971412011461,"Zc_est":0.0984425119263411,"Rc_est":0.032279735561877895},"51":{"Xc_est":0.11765403935975631,"Zc_est":0.14229931791680425,"Rc_est":0.08004138243384257},"53":{"Xc_est":0.11934280278432485,"Zc_est":0.13403656801045097,"Rc_est":0.06101718600199452},"27":{"Xc_est":0.15988619227437814,"Zc_est":0.1710306683488144,"Rc_est":0.06072804159400107},"42":{"Xc_est":0.18657710521546936,"Zc_est":0.19801724718811023,"Rc_est":0.06633109371458322},"33":{"Xc_est":0.100999163718168,"Zc_est":0.12978221597771938,"Rc_est":0.08150210127547693},"28":{"Xc_est":0.13670909018624475,"Zc_est":0.15181347542185675,"Rc_est":0.06601481636808444},"50":{"Xc_est":0.17802631834753369,"Zc_est":0.19043609324835423,"Rc_est":0.0676205263756388},"52":{"Xc_est":0.05113798424271291,"Zc_est":0.05565339075460326,"Rc_est":0.021959200123788783},"26":{"Xc_est":0.17594167142159822,"Zc_est":0.1846221800605418,"Rc_est":0.05594530925539226},"10":{"Xc_est":0.15664157271452778,"Zc_est":0.17079340499849896,"Rc_est":0.06807205659079649},"24":{"Xc_est":0.11153871640955992,"Zc_est":0.11888190008500253,"Rc_est":0.041134181765634915},"25":{"Xc_est":0.09827286416997913,"Zc_est":0.11471207862730638,"Rc_est":0.05917182734060317},"23":{"Xc_est":0.08873966055292819,"Zc_est":0.09507932284559442,"Rc_est":0.03413722715347358},"49":{"Xc_est":0.15280680629145876,"Zc_est":0.1631598103261297,"Rc_est":0.057194437287757395},"5":{"Xc_est":0.09155410091035607,"Zc_est":0.09971191274222993,"Rc_est":0.03950078669103203},"31":{"Xc_est":0.14658030011414197,"Zc_est":0.15359806462941133,"Rc_est":0.04589750621056538},"43":{"Xc_est":0.14118619900671456,"Zc_est":0.15477705962187618,"Rc_est":0.0634223572191243},"39":{"Xc_est":0.06980632159500495,"Zc_est":0.08477726920742501,"Rc_est":0.04810678579621547},"34":{"Xc_est":0.11365013602190305,"Zc_est":0.12275240118182426,"Rc_est":0.04638748298955729},"44":{"Xc_est":0.22909776462269144,"Zc_est":0.24605803030059714,"Rc_est":0.08977064397839338},"55":{"Xc_est":0.09781585493372992,"Zc_est":0.11017692264306227,"Rc_est":0.050705155622272076},"17":{"Xc_est":0.1431274901940453,"Zc_est":0.17337266574083968,"Rc_est":0.09783967894897444},"37":{"Xc_est":0.1846064967260469,"Zc_est":0.2047071663382096,"Rc_est":0.08846166015147719},"47":{"Xc_est":0.2107424164395213,"Zc_est":0.22742689887781992,"Rc_est":0.08550221193871833},"9":{"Xc_est":0.0238137447007503,"Zc_est":0.035494917575632945,"Rc_est":0.02632099422568349},"12":{"Xc_est":0.16105403775357988,"Zc_est":0.17350414926757945,"Rc_est":0.06453903265726067},"20":{"Xc_est":0.16295533840685716,"Zc_est":0.1738717121714714,"Rc_est":0.060637694366999645},"6":{"Xc_est":0.11398636588822246,"Zc_est":0.12412016268026686,"Rc_est":0.04912151438394574},"14":{"Xc_est":0.1153762600336764,"Zc_est":0.1268481760206963,"Rc_est":0.052714119364920084},"7":{"Xc_est":0.14842422623403312,"Zc_est":0.16045841261663016,"Rc_est":0.06096844467654797},"8":{"Xc_est":0.10858992478515413,"Zc_est":0.11613475480298992,"Rc_est":0.041176565037714816},"19":{"Xc_est":0.09233033104159136,"Zc_est":0.10157785552441112,"Rc_est":0.04234584634516461},"4":{"Xc_est":0.19461990955972144,"Zc_est":0.2051696695815382,"Rc_est":0.06494369961099697},"22":{"Xc_est":0.07967744893968501,"Zc_est":0.0994163111081022,"Rc_est":0.059456766181880887},"11":{"Xc_est":0.03643432410191944,"Zc_est":0.0459104038719317,"Rc_est":0.027933943705108544},"35":{"Xc_est":0.15312167031609203,"Zc_est":0.1685840168439095,"Rc_est":0.07052889347521041},"13":{"Xc_est":0.1792466774565865,"Zc_est":0.2040768255427604,"Rc_est":0.09756013194120183},"15":{"Xc_est":0.021892880952092977,"Zc_est":0.02816021612400692,"Rc_est":0.017711565028767612},"16":{"Xc_est":0.1659955862317341,"Zc_est":0.180850853543886,"Rc_est":0.0717808928555157},"40":{"Xc_est":0.15989820228732685,"Zc_est":0.17488514267654104,"Rc_est":0.0708334527908616},"21":{"Xc_est":0.1970831489590678,"Zc_est":0.21097398374504203,"Rc_est":0.0752878091966498},"38":{"Xc_est":0.05316571864621475,"Zc_est":0.06074901291157846,"Rc_est":0.029391307057745147},"46":{"Xc_est":0.1340918193841926,"Zc_est":0.1511834748734225,"Rc_est":0.06982712258886117},"45":{"Xc_est":0.18713607047945727,"Zc_est":0.19862009538291953,"Rc_est":0.06655849619265489},"36":{"Xc_est":0.1780187095882566,"Zc_est":0.19041907926731666,"Rc_est":0.06759263854551456},"48":{"Xc_est":0.11470221859484894,"Zc_est":0.129400165173535,"Rc_est":0.0598982787428623},"18":{"Xc_est":0.09335839890041357,"Zc_est":0.10553367155680332,"Rc_est":0.04920940140878058},"30":{"Xc_est":0.23106453066422286,"Zc_est":0.2502860129865763,"Rc_est":0.09618872577198992},"3":{"Xc_est":0.03397585463747348,"Zc_est":0.040132743244449584,"Rc_est":0.021360673724819305}}