{"32":{"shunt_est":{"gs":1.4421332971445795},"shunt_true":{"gs":0.6409481481481482}},"29":{"shunt_est":{"gs":1.4421330670948482},"shunt_true":{"gs":1.1537066666666667}},"1":{"shunt_est":{"gs":0.38456910855521176},"shunt_true":{"gs":0.4437333333333333}},"54":{"shunt_est":{"gs":1.4421331298460167},"shunt_true":{"gs":0.8240761904761905}},"2":{"shunt_est":{"gs":1.4421332849785424},"shunt_true":{"gs":0.4437333333333333}},"41":{"shunt_est":{"gs":0.38457254300597266},"shunt_true":{"gs":0.6409481481481482}},"51":{"shunt_est":{"gs":1.4421332597799326},"shunt_true":{"gs":0.4437333333333333}},"53":{"shunt_est":{"gs":0.3845691589917585},"shunt_true":{"gs":0.4437333333333333}},"27":{"shunt_est":{"gs":0.38456914577203855},"shunt_true":{"gs":0.4437333333333333}},"42":{"shunt_est":{"gs":1.4421327936622117},"shunt_true":{"gs":1.1537066666666667}},"33":{"shunt_est":{"gs":0.3845692133154513},"shunt_true":{"gs":0.6409481481481482}},"28":{"shunt_est":{"gs":0.3845689822358566},"shunt_true":{"gs":0.5244121212121212}},"50":{"shunt_est":{"gs":1.4421330637806997},"shunt_true":{"gs":0.8240761904761905}},"52":{"shunt_est":{"gs":1.44213285541324},"shunt_true":{"gs":0.5244121212121212}},"26":{"shunt_est":{"gs":0.7019339228877193},"shunt_true":{"gs":0.8240761904761905}},"10":{"shunt_est":{"gs":1.4421332363790438},"shunt_true":{"gs":1.1537066666666667}},"24":{"shunt_est":{"gs":1.442130861004262},"shunt_true":{"gs":0.6409481481481482}},"25":{"shunt_est":{"gs":1.4421327328483904},"shunt_true":{"gs":0.8240761904761905}},"23":{"shunt_est":{"gs":1.4421316484763427},"shunt_true":{"gs":0.6409481481481482}},"49":{"shunt_est":{"gs":0.38457003445766824},"shunt_true":{"gs":0.6409481481481482}},"5":{"shunt_est":{"gs":1.442131473295639},"shunt_true":{"gs":1.1537066666666667}},"31":{"shunt_est":{"gs":1.4421329183656002},"shunt_true":{"gs":1.1537066666666667}},"43":{"shunt_est":{"gs":0.38457045586487837},"shunt_true":{"gs":0.4437333333333333}},"39":{"shunt_est":{"gs":1.44213315847466},"shunt_true":{"gs":0.5244121212121212}},"34":{"shunt_est":{"gs":1.442133183900554},"shunt_true":{"gs":0.4437333333333333}},"44":{"shunt_est":{"gs":1.4421332989899565},"shunt_true":{"gs":1.1537066666666667}},"55":{"shunt_est":{"gs":1.4421328680360355},"shunt_true":{"gs":0.5244121212121212}},"17":{"shunt_est":{"gs":1.442132469717686},"shunt_true":{"gs":0.4437333333333333}},"37":{"shunt_est":{"gs":0.38456916436287086},"shunt_true":{"gs":0.4437333333333333}},"47":{"shunt_est":{"gs":0.38457256191548783},"shunt_true":{"gs":1.1537066666666667}},"9":{"shunt_est":{"gs":0.38458065563354993},"shunt_true":{"gs":1.1537066666666667}},"12":{"shunt_est":{"gs":0.3845689639881139},"shunt_true":{"gs":0.6409481481481482}},"20":{"shunt_est":{"gs":1.4421331677179912},"shunt_true":{"gs":1.1537066666666667}},"6":{"shunt_est":{"gs":1.4421311220953326},"shunt_true":{"gs":0.6409481481481482}},"14":{"shunt_est":{"gs":1.4421331847045353},"shunt_true":{"gs":0.5244121212121212}},"7":{"shunt_est":{"gs":1.4421326804014176},"shunt_true":{"gs":0.8240761904761905}},"8":{"shunt_est":{"gs":1.4421329941034322},"shunt_true":{"gs":0.6409481481481482}},"19":{"shunt_est":{"gs":1.4421309554668096},"shunt_true":{"gs":0.5244121212121212}},"4":{"shunt_est":{"gs":1.4421331955557017},"shunt_true":{"gs":0.4437333333333333}},"22":{"shunt_est":{"gs":1.4421317806208154},"shunt_true":{"gs":0.8240761904761905}},"11":{"shunt_est":{"gs":0.38457448493131036},"shunt_true":{"gs":0.6409481481481482}},"35":{"shunt_est":{"gs":0.38456896646967653},"shunt_true":{"gs":0.4437333333333333}},"13":{"shunt_est":{"gs":0.3845693238009543},"shunt_true":{"gs":1.1537066666666667}},"15":{"shunt_est":{"gs":1.442131385683662},"shunt_true":{"gs":0.8240761904761905}},"16":{"shunt_est":{"gs":0.3845691375262385},"shunt_true":{"gs":0.6409481481481482}},"40":{"shunt_est":{"gs":0.3845697801595751},"shunt_true":{"gs":0.6409481481481482}},"21":{"shunt_est":{"gs":1.4421332148050932},"shunt_true":{"gs":0.8240761904761905}},"38":{"shunt_est":{"gs":1.442128593353167},"shunt_true":{"gs":0.8240761904761905}},"46":{"shunt_est":{"gs":1.4421328324325629},"shunt_true":{"gs":1.1537066666666667}},"45":{"shunt_est":{"gs":1.4421329002311039},"shunt_true":{"gs":0.6409481481481482}},"36":{"shunt_est":{"gs":1.4421331880698216},"shunt_true":{"gs":0.5244121212121212}},"48":{"shunt_est":{"gs":0.3845689763746241},"shunt_true":{"gs":0.4437333333333333}},"18":{"shunt_est":{"gs":0.3845696194081112},"shunt_true":{"gs":1.1537066666666667}},"30":{"shunt_est":{"gs":1.442133298562012},"shunt_true":{"gs":0.8240761904761905}},"3":{"shunt_est":{"gs":1.4421189061790545},"shunt_true":{"gs":0.4437333333333333}}}