scenario_id,length_bounds,meas_noise,power_mult,A_p_bounds,dist_bounds,r_ac_error,exploit_equal_crossection,exploit_squareness,exploit_horizontality,solve_time,solve_status,objective,timestep_set
1,0.3,true,1.0,false,false,false,true,false,false,142.18500018119812,LOCALLY_SOLVED,65.71546868248622,"[17445, 17448, 17446, 17444, 17443, 23015, 17350, 17442, 17542, 17441, 17447, 20806, 23010, 23105, 23685, 17440, 17539, 23106, 23006, 20902, 17828, 23097, 17430, 17439, 17541, 17543, 17351, 17537, 23109, 23684, 23107, 23112, 20807, 20801, 23012, 23013, 23009, 20809, 23014, 17352, 17349, 23103, 17346, 17341, 23102, 17345, 17544, 17538, 23005, 17545, 20904, 17450, 17254, 23104, 18883, 17449, 17434, 21859, 17451, 23781, 23688, 21190, 17534, 23004, 17535, 23690, 17540, 24833, 17348, 23016, 23589, 23114, 23017, 20804, 17344, 17251, 20803, 17436, 23683, 23022, 17829, 23108, 20903, 23011, 23686, 17253, 20802, 17831, 21856, 21187, 17437, 20899, 20797, 18312, 23689, 21188, 21189, 23007, 17256, 17435, 23113, 23096, 17456, 17433, 20810, 20800, 17452, 21857, 17424, 21766, 17353, 20805, 23101, 20905, 20811, 17531, 20798, 23003, 18884, 23100, 23110, 18310, 17354, 20900, 23778, 23111, 21858, 23099, 20896, 17438, 23008, 23780, 17347, 17530, 20808, 17825, 23095, 23094, 17533, 21765, 23687, 16296, 17830, 20901, 20796, 20707, 23682, 17427, 20898, 17252, 21863, 21191, 17255, 21862, 23782, 21193, 17826, 17827, 18886, 17432, 17453, 23779, 18887, 21092, 17257, 23018, 23098, 23783, 18881, 23019, 21762, 20897, 23693, 21861, 17431, 21860, 21761, 23680, 19649, 23001, 21855, 21854, 21864, 18311, 23092, 17342, 23002, 18885, 17343, 21192, 18880, 17536, 20708, 23588, 17250, 17429, 17355, 17532, 20799, 23089]"
