{"24":{"Xc_est":0.21149261722029147,"Zc_est":0.22350297172686073,"Rc_est":0.07228036546704211},"4":{"Xc_est":0.046253442869490485,"Zc_est":0.04844004615169109,"Rc_est":0.014389478583212885},"1":{"Xc_est":0.24316173341941,"Zc_est":0.25376052647523545,"Rc_est":0.07257255815703655},"12":{"Xc_est":0.12423052762864994,"Zc_est":0.12905147216646465,"Rc_est":0.034943647111299686},"29":{"Xc_est":0.237477776131165,"Zc_est":0.24784274570784365,"Rc_est":0.07092483657929095},"20":{"Xc_est":0.07412960979506229,"Zc_est":0.08076055379463065,"Rc_est":0.03204790166059607},"2":{"Xc_est":0.26322848395458615,"Zc_est":0.27641869080430953,"Rc_est":0.08436858337638864},"6":{"Xc_est":0.09101570782899758,"Zc_est":0.09685255491429792,"Rc_est":0.033114322004438576},"25":{"Xc_est":0.19651235794597502,"Zc_est":0.20541017698500028,"Rc_est":0.059801621913808736},"23":{"Xc_est":0.2370802732857058,"Zc_est":0.2455749241591349,"Rc_est":0.06403114394214668},"22":{"Xc_est":0.21402321506973912,"Zc_est":0.22348323290043284,"Rc_est":0.06433365214909917},"11":{"Xc_est":0.25378580436272746,"Zc_est":0.2646579814020815,"Rc_est":0.07507737757665715},"13":{"Xc_est":0.2684540910694162,"Zc_est":0.2804267435424038,"Rc_est":0.08106515578157313},"5":{"Xc_est":0.09541869649309606,"Zc_est":0.09972103921250011,"Rc_est":0.028975127630079568},"15":{"Xc_est":0.1641045428585115,"Zc_est":0.16968543055549795,"Rc_est":0.043160680671227594},"27":{"Xc_est":0.12005450212656396,"Zc_est":0.12450710473717881,"Rc_est":0.03299902497313614},"28":{"Xc_est":0.16539652970090357,"Zc_est":0.1714367810888232,"Rc_est":0.04510607357103051},"16":{"Xc_est":0.2518161102042793,"Zc_est":0.2641642791366216,"Rc_est":0.07982113137106742},"14":{"Xc_est":0.07974600361342798,"Zc_est":0.08285869058881498,"Rc_est":0.022497500167354335},"21":{"Xc_est":0.0672074043045983,"Zc_est":0.07503927949660014,"Rc_est":0.03337751150111606},"7":{"Xc_est":0.02640805916312274,"Zc_est":0.03366676531674433,"Rc_est":0.020882181354680084},"8":{"Xc_est":0.21541897585964143,"Zc_est":0.22721509372012338,"Rc_est":0.07225900396371154},"26":{"Xc_est":0.1189317608581544,"Zc_est":0.1285432071353748,"Rc_est":0.0487708146315667},"17":{"Xc_est":0.20067177386238813,"Zc_est":0.20969190155103312,"Rc_est":0.06084022313412998},"10":{"Xc_est":0.2201957090046293,"Zc_est":0.2299780543143608,"Rc_est":0.06636079567159904},"19":{"Xc_est":0.05274941058952981,"Zc_est":0.05806361974969412,"Rc_est":0.02426692442181888},"9":{"Xc_est":0.112782512340841,"Zc_est":0.11725010908038998,"Rc_est":0.03205765102828648},"18":{"Xc_est":0.09804068413626674,"Zc_est":0.10410607168909153,"Rc_est":0.03501568815012837},"30":{"Xc_est":0.2799308374191605,"Zc_est":0.29045010920202763,"Rc_est":0.07745961655777354},"3":{"Xc_est":0.03475334480704513,"Zc_est":0.03915074137920284,"Rc_est":0.01802735630268218}}