linecode_id,linecode_name,A_p_est,dist_est,x_est,r_est,scenario_id
11,uglv_240al_xlpe/nyl/pvc_ug_4w_bundled,"[300.0000029450179, 300.0000029450179, 300.0000029450179, 276.51899761680033]","[20.598921260935168, 22.569274560587854, 28.79604755442415, 34.25862732929532, 20.937977449134806, 25.77365693480767]",[0.7360975826728058 0.6735349805818088 0.6677952308793782 0.641572359940373; 0.6735349805818088 0.7360975826728058 0.652486296296776 0.6725091913555625; 0.6677952308793782 0.652486296296776 0.7360975826728058 0.659453436362338; 0.641572359940373 0.6725091913555625 0.659453436362338 0.7386580796137674],[0.19293637577834583 0.049348 0.049348 0.049348; 0.049348 0.19293637577834583 0.049348 0.049348; 0.049348 0.049348 0.19293637577834583 0.049348; 0.049348 0.049348 0.049348 0.20512938763568592],1
9,uglv_185al_xlpe/nyl/pvc_ug_2w_bundled,"[39.54134146903736, 39.54131725009169]",[99.99995726562666],[0.799760087893867 0.5742647528360258; 0.5742647528360258 0.7997601071360729],[1.2042286737849837 0.049348; 0.049348 1.2042293811461504],1
8,ugsc_16al_xlpe/pvc_ug_2w_bundled,"[145.22191168608154, 7.754292246762569]",[12.311169916959413],[0.7588905028579047 0.7058766049450549; 0.7058766049450549 0.850939900270495],[0.35338751633728666 0.049348; 0.049348 5.743381495970755],1
