linecode_id,linecode_name,A_p_est,dist_est,x_est,r_est,scenario_id
11,uglv_240al_xlpe/nyl/pvc_ug_4w_bundled,"[300.00000293771836, 300.00000293771836, 300.00000293771836, 256.14355143189175]","[12.110082776916393, 24.788215834393753, 27.145710186669486, 27.36936836872566, 15.333607380800252, 34.59467196244509]",[0.7360975826735701 0.7069113588046995 0.6619029135443879 0.6556790223651618; 0.7069113588046995 0.7360975826735701 0.6561945850356865 0.6920824672435607; 0.6619029135443879 0.6561945850356865 0.7360975826735701 0.640959040774591; 0.6556790223651618 0.6920824672435607 0.640959040774591 0.7410627070943022],[0.1929363757818396 0.049348 0.049348 0.049348; 0.049348 0.1929363757818396 0.049348 0.049348; 0.049348 0.049348 0.1929363757818396 0.049348; 0.049348 0.049348 0.049348 0.21752132669734642],1
9,uglv_185al_xlpe/nyl/pvc_ug_2w_bundled,"[14.649656527733741, 14.647577366183015]",[99.9991308226163],[0.8309539721893219 0.5742652721090657; 0.5742652721090657 0.8309584312409595],[3.1665221802733114 0.049348; 0.049348 3.16696464994188],1
8,ugsc_16al_xlpe/pvc_ug_2w_bundled,"[13.952517840583914, 13.951895843692043]",[99.99980367228693],[0.8324857191996442 0.5742648493419085; 0.5742648493419085 0.8324871197418366],[3.2138807599713415 0.049348; 0.049348 3.214021839690039],1
