{"24":{"Xc_est":0.17531605606821277,"Zc_est":0.19982986871412367,"Rc_est":0.095897116301749},"4":{"Xc_est":0.03740491186839391,"Zc_est":0.060342881418091195,"Rc_est":0.0473511975134262},"1":{"Xc_est":0.20646754012229213,"Zc_est":0.22119904906478832,"Rc_est":0.07937363657421978},"12":{"Xc_est":0.0988719088840713,"Zc_est":0.12046031727872401,"Rc_est":0.06881158094761927},"29":{"Xc_est":0.20104509100919363,"Zc_est":0.21580165886290736,"Rc_est":0.07842976060837932},"20":{"Xc_est":0.06270774468543744,"Zc_est":0.08404122718925507,"Rc_est":0.05595236030715754},"2":{"Xc_est":0.22700575238776374,"Zc_est":0.2501471876288077,"Rc_est":0.10508093957263248},"6":{"Xc_est":0.07712581606282895,"Zc_est":0.09066554602775871,"Rc_est":0.0476639248609922},"25":{"Xc_est":0.16006757022332507,"Zc_est":0.17334904728014727,"Rc_est":0.066545211365925},"23":{"Xc_est":0.20386602401109796,"Zc_est":0.22681652950379042,"Rc_est":0.09942023088914179},"22":{"Xc_est":0.1775766179318657,"Zc_est":0.1912309150741299,"Rc_est":0.07096342469166268},"11":{"Xc_est":0.21865091634717787,"Zc_est":0.2354354292971519,"Rc_est":0.08730187941203577},"13":{"Xc_est":0.23208479698723652,"Zc_est":0.2498605574536193,"Rc_est":0.09255779372060786},"5":{"Xc_est":0.0831275203710543,"Zc_est":0.12902940927801293,"Rc_est":0.0986833512584211},"15":{"Xc_est":0.12740425206945835,"Zc_est":0.13181962733538918,"Rc_est":0.033831504629011105},"27":{"Xc_est":0.0959514276791866,"Zc_est":0.1118801233822519,"Rc_est":0.05753681894538253},"28":{"Xc_est":0.12874663163802808,"Zc_est":0.13450857865403257,"Rc_est":0.038946919947410126},"16":{"Xc_est":0.21554457199368546,"Zc_est":0.2365555820046406,"Rc_est":0.09746322825359928},"14":{"Xc_est":0.06632586397238974,"Zc_est":0.08206369391749144,"Rc_est":0.04832524834597101},"21":{"Xc_est":0.05562418715886554,"Zc_est":0.08366346341581651,"Rc_est":0.062494199039952236},"7":{"Xc_est":0.026845901370418868,"Zc_est":0.055368818034668886,"Rc_est":0.0484252371203902},"8":{"Xc_est":0.1792094681626674,"Zc_est":0.20227475287453625,"Rc_est":0.09380320981346324},"26":{"Xc_est":0.09748179591065945,"Zc_est":0.12467421432548408,"Rc_est":0.07772360763442004},"17":{"Xc_est":0.16422536736486187,"Zc_est":0.17754940123589263,"Rc_est":0.06748198717509842},"10":{"Xc_est":0.18376194840772914,"Zc_est":0.19802678798694495,"Rc_est":0.07379806960769056},"19":{"Xc_est":0.04042776813681842,"Zc_est":0.057371679541336915,"Rc_est":0.040707556753869494},"9":{"Xc_est":0.09197002048251682,"Zc_est":0.11712247286406227,"Rc_est":0.07252026601053281},"18":{"Xc_est":0.08093266190131185,"Zc_est":0.09452736906609686,"Rc_est":0.04883981715901516},"30":{"Xc_est":0.25093558951615624,"Zc_est":0.3007511847255573,"Rc_est":0.16577878340730284},"3":{"Xc_est":0.03036237344935435,"Zc_est":0.04588154499512597,"Rc_est":0.03439829137706858}}