{"32":{"length_est":14.036154915186314,"length_true":20.051664},"29":{"length_est":3.676460099989037,"length_true":5.2521},"1":{"length_est":0.14852199261220037,"length_true":0.11424},"54":{"length_est":8.421799934122777,"length_true":6.4783},"2":{"length_est":13.335256080423214,"length_true":13.996288},"41":{"length_est":6.316839952953313,"length_true":4.8591},"53":{"length_est":20.62566571113183,"length_true":29.465251},"51":{"length_est":8.281326030168593,"length_true":11.830480000000001},"27":{"length_est":13.89329199122103,"length_true":10.68714},"42":{"length_est":5.476417198767173,"length_true":4.212621},"33":{"length_est":1.7639900087790483,"length_true":2.52},"28":{"length_est":11.147018993623066,"length_true":12.29249},"52":{"length_est":12.543319865797478,"length_true":9.6487},"50":{"length_est":5.30153997418708,"length_true":4.0781},"26":{"length_est":10.499990024084425,"length_true":15.0},"10":{"length_est":8.416659251955663,"length_true":7.8779},"24":{"length_est":10.049499366980626,"length_true":10.4189},"25":{"length_est":10.211590092893802,"length_true":14.588000000000001},"23":{"length_est":5.382139867698501,"length_true":4.1401},"49":{"length_est":15.881836991047743,"length_true":12.21679},"5":{"length_est":16.938021992949544,"length_true":13.029240000000001},"31":{"length_est":5.707009947995685,"length_true":4.39},"43":{"length_est":8.339328004925482,"length_true":11.91334},"39":{"length_est":35.12732002153627,"length_true":50.1819},"34":{"length_est":8.692835016974916,"length_true":12.41835},"44":{"length_est":8.966626014810208,"length_true":12.809479999999999},"55":{"length_est":8.565414033473632,"length_true":12.23632},"17":{"length_est":12.203860075645593,"length_true":17.4341},"37":{"length_est":14.918616679602396,"length_true":16.546871},"47":{"length_est":5.792000035007135,"length_true":8.2743},"9":{"length_est":19.764039883391938,"length_true":15.2031},"12":{"length_est":9.36907001022303,"length_true":13.3844},"20":{"length_est":17.693399992560686,"length_true":13.610299999999999},"6":{"length_est":8.727310020874128,"length_true":12.467600000000001},"14":{"length_est":5.667401464080656,"length_true":8.0963},"7":{"length_est":10.759480005214352,"length_true":15.370700000000001},"57":{"length_est":15.457919986280634,"length_true":11.8907},"8":{"length_est":10.368180026690412,"length_true":14.8117},"19":{"length_est":7.5492398445625195,"length_true":5.8071},"4":{"length_est":8.287437026294768,"length_true":11.83921},"22":{"length_est":9.308674005179226,"length_true":13.298119999999997},"11":{"length_est":16.161361694921542,"length_true":12.431809},"35":{"length_est":12.263125245716488,"length_true":11.80815},"13":{"length_est":10.782399312653581,"length_true":12.8793},"15":{"length_est":7.938329915382193,"length_true":6.1064},"16":{"length_est":24.582457003694586,"length_true":27.150599999999997},"40":{"length_est":25.66863999332752,"length_true":19.7451},"46":{"length_est":9.477917647610584,"length_true":7.2907},"21":{"length_est":13.828811905516012,"length_true":10.637540000000001},"38":{"length_est":12.83832881151332,"length_true":9.87563},"45":{"length_est":6.361689742782308,"length_true":4.8936},"56":{"length_est":6.481549885460111,"length_true":4.9858},"36":{"length_est":69.3049090978833,"length_true":59.543393},"48":{"length_est":8.36240006741587,"length_true":11.9463},"18":{"length_est":14.319470005902213,"length_true":20.456400000000002},"30":{"length_est":12.533749021647544,"length_true":17.905369999999998},"3":{"length_est":10.328462002566612,"length_true":14.754960000000002}}