linecode_id,linecode_name,A_p_est,dist_est,x_est,r_est,scenario_id
11,uglv_240al_xlpe/nyl/pvc_ug_4w_bundled,"[300.0000029454568, 300.0000029454568, 300.0000029454568, 244.69374490679252]","[16.405669946102133, 38.82361691560844, 41.7565311234968, 34.41207460408854, 18.445533170053007, 46.64157381199254]",[0.7360975826727598 0.6878362792272055 0.6337126850148352 0.6412915585230169; 0.6878362792272055 0.7360975826727598 0.6291368108888953 0.6804726683429766; 0.6337126850148352 0.6291368108888953 0.7360975826727598 0.6221853038413305; 0.6412915585230169 0.6804726683429766 0.6221853038413305 0.7424993804806685],[0.19293637577813574 0.049348 0.049348 0.049348; 0.049348 0.19293637577813574 0.049348 0.049348; 0.049348 0.049348 0.19293637577813574 0.049348; 0.049348 0.049348 0.049348 0.22539055953817932],1
9,uglv_185al_xlpe/nyl/pvc_ug_2w_bundled,"[32.01327534356971, 20.70593324768338]",[91.20084155447947],[0.8063950237167122 0.580051934033745; 0.580051934033745 0.8200839293893121],[1.4758040744890015 0.049348; 0.049348 2.254780159559055],1
8,ugsc_16al_xlpe/pvc_ug_2w_bundled,"[117.82726256220188, 6.519019832306288]",[14.169377460481128],[0.7654578078838967 0.6970439245713205; 0.6970439245713205 0.8563912830103815],[0.42407621510474786 0.049348; 0.049348 6.822329357074955],1
