{"32":{"length_est":14.036154918886101,"length_true":20.051664},"29":{"length_est":3.6764600849804525,"length_true":5.2521},"1":{"length_est":0.14852199242221134,"length_true":0.11424},"54":{"length_est":8.421799945057865,"length_true":6.4783},"2":{"length_est":12.686439227892443,"length_true":13.996288},"41":{"length_est":6.316839964582381,"length_true":4.8591},"53":{"length_est":20.625665714027697,"length_true":29.465251},"51":{"length_est":8.28132603350224,"length_true":11.830480000000001},"27":{"length_est":13.893291990964988,"length_true":10.68714},"42":{"length_est":5.476417251867502,"length_true":4.212621},"33":{"length_est":1.763990008561682,"length_true":2.52},"28":{"length_est":8.60474047721267,"length_true":12.29249},"52":{"length_est":12.543319974292857,"length_true":9.6487},"50":{"length_est":5.301539985587835,"length_true":4.0781},"26":{"length_est":16.845174901707132,"length_true":15.0},"10":{"length_est":10.241279981722258,"length_true":7.8779},"24":{"length_est":13.544579961175977,"length_true":10.4189},"25":{"length_est":10.497556167242175,"length_true":14.588000000000001},"23":{"length_est":5.382139870571866,"length_true":4.1401},"49":{"length_est":15.881836990810209,"length_true":12.21679},"5":{"length_est":16.938021992908165,"length_true":13.029240000000001},"31":{"length_est":5.70700997649789,"length_true":4.39},"43":{"length_est":8.339328005078592,"length_true":11.91334},"39":{"length_est":35.12732001905407,"length_true":50.1819},"34":{"length_est":8.69283501678451,"length_true":12.41835},"44":{"length_est":8.966626015307408,"length_true":12.809479999999999},"55":{"length_est":8.886082681571098,"length_true":12.23632},"17":{"length_est":12.20386005284223,"length_true":17.4341},"37":{"length_est":15.847458873092256,"length_true":16.546871},"47":{"length_est":5.7920001236839695,"length_true":8.2743},"9":{"length_est":19.764039924291104,"length_true":15.2031},"12":{"length_est":9.369070022678603,"length_true":13.3844},"20":{"length_est":17.693399988619433,"length_true":13.610299999999999},"6":{"length_est":8.727310021839594,"length_true":12.467600000000001},"14":{"length_est":10.525199976551697,"length_true":8.0963},"7":{"length_est":10.759480005369076,"length_true":15.370700000000001},"57":{"length_est":15.45791998351182,"length_true":11.8907},"8":{"length_est":10.368180354280325,"length_true":14.8117},"19":{"length_est":7.549239914337897,"length_true":5.8071},"4":{"length_est":8.287437029008723,"length_true":11.83921},"22":{"length_est":9.308674005354444,"length_true":13.298119999999997},"11":{"length_est":16.16136169540121,"length_true":12.431809},"35":{"length_est":12.23955858263904,"length_true":11.80815},"13":{"length_est":9.916637657504259,"length_true":12.8793},"15":{"length_est":7.938329933214613,"length_true":6.1064},"16":{"length_est":26.46198490176365,"length_true":27.150599999999997},"40":{"length_est":25.66863998314654,"length_true":19.7451},"46":{"length_est":9.477919976071428,"length_true":7.2907},"21":{"length_est":13.828811963308432,"length_true":10.637540000000001},"38":{"length_est":12.838328859967358,"length_true":9.87563},"45":{"length_est":6.361689850246331,"length_true":4.8936},"56":{"length_est":6.481549948873454,"length_true":4.9858},"36":{"length_est":69.90499917135926,"length_true":59.543393},"48":{"length_est":10.765325189259743,"length_true":11.9463},"18":{"length_est":15.419441405195089,"length_true":20.456400000000002},"30":{"length_est":14.669660767383608,"length_true":17.905369999999998},"3":{"length_est":10.328462002050394,"length_true":14.754960000000002}}