{"24":{"Xc_est":0.19723217716063768,"Zc_est":0.21034746659284556,"Rc_est":0.07311309728429725},"4":{"Xc_est":0.03870105852601936,"Zc_est":0.0408084529377233,"Rc_est":0.012944415789675538},"1":{"Xc_est":0.22858928344680027,"Zc_est":0.23928636240748105,"Rc_est":0.07074533714304265},"12":{"Xc_est":0.1095587122403124,"Zc_est":0.11411277049220521,"Rc_est":0.03191571653043566},"29":{"Xc_est":0.22316285836480035,"Zc_est":0.2337429530739649,"Rc_est":0.06952774092540194},"20":{"Xc_est":0.06872321186908775,"Zc_est":0.07706562544272627,"Rc_est":0.03487450035878728},"2":{"Xc_est":0.24895822328706224,"Zc_est":0.2630040450113672,"Rc_est":0.08479935583535121},"6":{"Xc_est":0.08329490831207428,"Zc_est":0.08981741127402416,"Rc_est":0.03360246445203597},"25":{"Xc_est":0.18219486613178112,"Zc_est":0.1912949588832106,"Rc_est":0.05829915993692865},"23":{"Xc_est":0.2228058705695315,"Zc_est":0.23104209079949364,"Rc_est":0.06113911808944132},"22":{"Xc_est":0.19970533825845882,"Zc_est":0.20935138262604516,"Rc_est":0.06281543821793587},"11":{"Xc_est":0.2415201540326282,"Zc_est":0.25361895538213847,"Rc_est":0.07739890002566374},"13":{"Xc_est":0.2541526565680581,"Zc_est":0.2665123126943153,"Rc_est":0.08021994750105012},"5":{"Xc_est":0.08780470856318726,"Zc_est":0.09239163784398954,"Rc_est":0.028749746044594408},"15":{"Xc_est":0.1497327055695975,"Zc_est":0.15483832691407942,"Rc_est":0.03943379723485374},"27":{"Xc_est":0.10685123386112792,"Zc_est":0.11109591687783096,"Rc_est":0.03041572897828485},"28":{"Xc_est":0.15103541093880796,"Zc_est":0.15671768592267332,"Rc_est":0.04181791151531944},"16":{"Xc_est":0.23753546833839737,"Zc_est":0.2505901972287921,"Rc_est":0.07982698934835974},"14":{"Xc_est":0.07203127208411056,"Zc_est":0.07508278458477938,"Rc_est":0.021187741336660175},"21":{"Xc_est":0.060549763173301956,"Zc_est":0.06980502794264216,"Rc_est":0.03473424975049986},"7":{"Xc_est":0.026501188146703686,"Zc_est":0.03622305019256747,"Rc_est":0.02469405580430793},"8":{"Xc_est":0.20115152803363992,"Zc_est":0.21392169354894752,"Rc_est":0.07280490189940228},"26":{"Xc_est":0.1086938713084197,"Zc_est":0.12000529817334095,"Rc_est":0.050861713790051985},"17":{"Xc_est":0.18635393773184655,"Zc_est":0.19556862680968384,"Rc_est":0.059323668835132265},"10":{"Xc_est":0.20588056251880582,"Zc_est":0.2158839317273335,"Rc_est":0.06495433746095848},"19":{"Xc_est":0.046574685342391266,"Zc_est":0.052916836583289606,"Rc_est":0.025119519884739462},"9":{"Xc_est":0.10253336487259358,"Zc_est":0.10696952842060083,"Rc_est":0.030485883592727327},"18":{"Xc_est":0.09032028361917162,"Zc_est":0.0970538022378206,"Rc_est":0.035520232203216096},"30":{"Xc_est":0.2642930990845219,"Zc_est":0.27466485356953463,"Rc_est":0.07476589839407384},"3":{"Xc_est":0.030142162543668978,"Zc_est":0.035758361202297737,"Rc_est":0.019238254418346555}}