{"24":{"Xc_est":0.2114926164921664,"Zc_est":0.2235029709990862,"Rc_est":0.07228036534713823},"4":{"Xc_est":0.04625344287860654,"Zc_est":0.048440046167376544,"Rc_est":0.014389478606713049},"1":{"Xc_est":0.24316173277397024,"Zc_est":0.2537605258487526,"Rc_est":0.0725725581290595},"12":{"Xc_est":0.12423052731587365,"Zc_est":0.1290514718511863,"Rc_est":0.03494364705890757},"29":{"Xc_est":0.23747777540209777,"Zc_est":0.24784274496504194,"Rc_est":0.07092483642475053},"20":{"Xc_est":0.0741296097092463,"Zc_est":0.08076055366312854,"Rc_est":0.03204790152771131},"2":{"Xc_est":0.2632284832262913,"Zc_est":0.27641869007226477,"Rc_est":0.08436858325024102},"6":{"Xc_est":0.09101570751783923,"Zc_est":0.09685255460733724,"Rc_est":0.03311432196187001},"25":{"Xc_est":0.19651235721686325,"Zc_est":0.20541017624200342,"Rc_est":0.05980162175763164},"23":{"Xc_est":0.23708029943587797,"Zc_est":0.2455749526247197,"Rc_est":0.06403115629150993},"22":{"Xc_est":0.21402321434062072,"Zc_est":0.2234832321571491,"Rc_est":0.06433365199267739},"11":{"Xc_est":0.2537858036336469,"Zc_est":0.26465798065896573,"Rc_est":0.07507737742160084},"13":{"Xc_est":0.26845409034058215,"Zc_est":0.28042674280249086,"Rc_est":0.08106515563560535},"5":{"Xc_est":0.09541869618612879,"Zc_est":0.09972103891007561,"Rc_est":0.028975127600134314},"15":{"Xc_est":0.1641045421284598,"Zc_est":0.16968542980094392,"Rc_est":0.04316068048049795},"27":{"Xc_est":0.1200545018556799,"Zc_est":0.12450710446445722,"Rc_est":0.03299902492965229},"28":{"Xc_est":0.16539652897103724,"Zc_est":0.1714367803362832,"Rc_est":0.04510607338711564},"16":{"Xc_est":0.25181610947580485,"Zc_est":0.26416427840208745,"Rc_est":0.07982113123831948},"14":{"Xc_est":0.07974600330331766,"Zc_est":0.08285869027380355,"Rc_est":0.02249750010639749},"21":{"Xc_est":0.06720740416626936,"Zc_est":0.075039279284119,"Rc_est":0.03337751130194899},"7":{"Xc_est":0.02640805916473344,"Zc_est":0.033666765354733966,"Rc_est":0.020882181413890973},"8":{"Xc_est":0.21541897513139516,"Zc_est":0.227215092990136,"Rc_est":0.07225900383935219},"26":{"Xc_est":0.11893176054795825,"Zc_est":0.12854320684564166,"Rc_est":0.04877081462436872},"17":{"Xc_est":0.2006717731332704,"Zc_est":0.2096919008079023,"Rc_est":0.060840222977733976},"10":{"Xc_est":0.2201957082755581,"Zc_est":0.22997805357166637,"Rc_est":0.06636079551691319},"19":{"Xc_est":0.052749410440511214,"Zc_est":0.05806361951530222,"Rc_est":0.024266924184912095},"9":{"Xc_est":0.11278251203192576,"Zc_est":0.11725010876980303,"Rc_est":0.032057650979121374},"18":{"Xc_est":0.09804068382511531,"Zc_est":0.1041060713818362,"Rc_est":0.03501568810781458},"30":{"Xc_est":0.2799308366624824,"Zc_est":0.2904501084320106,"Rc_est":0.077459616404997},"3":{"Xc_est":0.03475334485229423,"Zc_est":0.03915074144212355,"Rc_est":0.018027356352097904}}