{"32":{"length_est":14.036154935699825,"length_true":20.051664},"29":{"length_est":3.676460223301241,"length_true":5.2521},"1":{"length_est":0.14852199125559967,"length_true":0.11424},"54":{"length_est":8.421799863347948,"length_true":6.4783},"2":{"length_est":13.40112781423017,"length_true":13.996288},"41":{"length_est":6.3168399038667635,"length_true":4.8591},"53":{"length_est":20.625665712948248,"length_true":29.465251},"51":{"length_est":8.281326037969686,"length_true":11.830480000000001},"27":{"length_est":13.893291989599968,"length_true":10.68714},"42":{"length_est":5.4764169781206276,"length_true":4.212621},"33":{"length_est":1.763990011744088,"length_true":2.52},"28":{"length_est":10.171157826705661,"length_true":12.29249},"52":{"length_est":6.7540801030122335,"length_true":9.6487},"50":{"length_est":5.301539961520078,"length_true":4.0781},"26":{"length_est":10.499990018478812,"length_true":15.0},"10":{"length_est":5.514520033929923,"length_true":7.8779},"24":{"length_est":7.293220137735814,"length_true":10.4189},"25":{"length_est":10.211590020849172,"length_true":14.588000000000001},"23":{"length_est":5.38213970463028,"length_true":4.1401},"49":{"length_est":15.881836989411605,"length_true":12.21679},"5":{"length_est":16.938021991801264,"length_true":13.029240000000001},"31":{"length_est":5.707009872454669,"length_true":4.39},"43":{"length_est":8.339328005740814,"length_true":11.91334},"39":{"length_est":35.12732003110606,"length_true":50.1819},"34":{"length_est":8.692835018523798,"length_true":12.41835},"44":{"length_est":8.966626017431883,"length_true":12.809479999999999},"55":{"length_est":8.565414109244436,"length_true":12.23632},"17":{"length_est":12.203860158415646,"length_true":17.4341},"37":{"length_est":16.249305961845444,"length_true":16.546871},"47":{"length_est":5.792000047234026,"length_true":8.2743},"9":{"length_est":19.76403987621263,"length_true":15.2031},"12":{"length_est":9.369070014084134,"length_true":13.3844},"20":{"length_est":17.693399993776335,"length_true":13.610299999999999},"6":{"length_est":8.727310022569178,"length_true":12.467600000000001},"14":{"length_est":5.667400340166911,"length_true":8.0963},"7":{"length_est":10.759480006193852,"length_true":15.370700000000001},"57":{"length_est":15.45791998372579,"length_true":11.8907},"8":{"length_est":10.36818004934217,"length_true":14.8117},"19":{"length_est":7.549239796676794,"length_true":5.8071},"4":{"length_est":8.287437008989613,"length_true":11.83921},"22":{"length_est":9.30867400610834,"length_true":13.298119999999997},"11":{"length_est":16.16136169250969,"length_true":12.431809},"35":{"length_est":15.35060496549944,"length_true":11.80815},"13":{"length_est":10.811324298875412,"length_true":12.8793},"15":{"length_est":7.938329905468168,"length_true":6.1064},"16":{"length_est":33.38366597504749,"length_true":27.150599999999997},"40":{"length_est":25.668639987008685,"length_true":19.7451},"46":{"length_est":5.103480332195264,"length_true":7.2907},"21":{"length_est":13.828811855288514,"length_true":10.637540000000001},"38":{"length_est":12.838328360638632,"length_true":9.87563},"45":{"length_est":6.361689869920472,"length_true":4.8936},"56":{"length_est":6.4815499056907635,"length_true":4.9858},"36":{"length_est":54.788500173644714,"length_true":59.543393},"48":{"length_est":8.362400175995683,"length_true":11.9463},"18":{"length_est":14.319470009401797,"length_true":20.456400000000002},"30":{"length_est":12.53374900990659,"length_true":17.905369999999998},"3":{"length_est":10.328462005775496,"length_true":14.754960000000002}}