{"32":{"shunt_est":{"gs":1.1537066049311575},"shunt_true":{"gs":0.4807111111111111}},"29":{"shunt_est":{"gs":1.1537059223945942},"shunt_true":{"gs":5.768533333333333}},"1":{"shunt_est":{"gs":0.16481539920016824},"shunt_true":{"gs":0.23074133333333333}},"54":{"shunt_est":{"gs":1.153706355865396},"shunt_true":{"gs":1.1537066666666667}},"24":{"shunt_est":{"gs":0.16481708115265178},"shunt_true":{"gs":0.4807111111111111}},"2":{"shunt_est":{"gs":1.1537064625631297},"shunt_true":{"gs":0.19228444444444445}},"25":{"shunt_est":{"gs":0.9364930687549019},"shunt_true":{"gs":1.1537066666666667}},"23":{"shunt_est":{"gs":1.1537008256783603},"shunt_true":{"gs":0.4807111111111111}},"41":{"shunt_est":{"gs":0.16481644848100402},"shunt_true":{"gs":0.4807111111111111}},"51":{"shunt_est":{"gs":1.1537064911608301},"shunt_true":{"gs":0.23074133333333333}},"53":{"shunt_est":{"gs":0.16481548350170838},"shunt_true":{"gs":0.23074133333333333}},"49":{"shunt_est":{"gs":1.153705246938589},"shunt_true":{"gs":0.4807111111111111}},"27":{"shunt_est":{"gs":0.16481539784773822},"shunt_true":{"gs":0.19228444444444445}},"5":{"shunt_est":{"gs":1.153705896178799},"shunt_true":{"gs":5.768533333333333}},"31":{"shunt_est":{"gs":1.1537062945090126},"shunt_true":{"gs":2.8842666666666665}},"42":{"shunt_est":{"gs":1.153706272900564},"shunt_true":{"gs":2.8842666666666665}},"33":{"shunt_est":{"gs":0.16481534078726004},"shunt_true":{"gs":0.5768533333333333}},"28":{"shunt_est":{"gs":0.16481539830903905},"shunt_true":{"gs":0.3845688888888889}},"43":{"shunt_est":{"gs":0.16482076911558027},"shunt_true":{"gs":0.23074133333333333}},"50":{"shunt_est":{"gs":0.16481553468669408},"shunt_true":{"gs":1.4421333333333333}},"52":{"shunt_est":{"gs":1.153704792973753},"shunt_true":{"gs":0.28842666666666666}},"39":{"shunt_est":{"gs":1.15370636184358},"shunt_true":{"gs":0.3845688888888889}},"34":{"shunt_est":{"gs":1.153706413098879},"shunt_true":{"gs":0.19228444444444445}},"44":{"shunt_est":{"gs":1.1537066008936805},"shunt_true":{"gs":5.768533333333333}},"55":{"shunt_est":{"gs":1.1537048804619425},"shunt_true":{"gs":0.28842666666666666}},"26":{"shunt_est":{"gs":1.1537059510259464},"shunt_true":{"gs":1.4421333333333333}},"17":{"shunt_est":{"gs":1.1537054605161163},"shunt_true":{"gs":0.23074133333333333}},"10":{"shunt_est":{"gs":1.1537065560287703},"shunt_true":{"gs":2.8842666666666665}},"37":{"shunt_est":{"gs":1.153695453616553},"shunt_true":{"gs":0.19228444444444445}},"47":{"shunt_est":{"gs":0.16481597666230716},"shunt_true":{"gs":2.8842666666666665}}}