{"32":{"Xc_est":0.20155567562232912,"Zc_est":0.2157270233701704,"Rc_est":0.07689901323541476},"29":{"Xc_est":0.11200033811776555,"Zc_est":0.1410113730547294,"Rc_est":0.08567456794338829},"1":{"Xc_est":0.14778807614271156,"Zc_est":0.1741330922585255,"Rc_est":0.09209244469310301},"54":{"Xc_est":0.10049036962757865,"Zc_est":0.10772677965249237,"Rc_est":0.03881680907041772},"2":{"Xc_est":0.1741564229285595,"Zc_est":0.20179549435271965,"Rc_est":0.10193606767865446},"41":{"Xc_est":0.08685699288113216,"Zc_est":0.09125023899789864,"Rc_est":0.027972645652861963},"51":{"Xc_est":0.11304266376512921,"Zc_est":0.13387132759568293,"Rc_est":0.07171393533417755},"53":{"Xc_est":0.11200307520019803,"Zc_est":0.11911548193701973,"Rc_est":0.04054391671739743},"27":{"Xc_est":0.15336930565339413,"Zc_est":0.1623654448022538,"Rc_est":0.05329534453617395},"42":{"Xc_est":0.18049377218857365,"Zc_est":0.19191818168621538,"Rc_est":0.06522719266442835},"33":{"Xc_est":0.09651185194659864,"Zc_est":0.11980689524595432,"Rc_est":0.07098700291118717},"28":{"Xc_est":0.1314049816686583,"Zc_est":0.14469171703459419,"Rc_est":0.06056751415634168},"50":{"Xc_est":0.17179540958628262,"Zc_est":0.18520978160014046,"Rc_est":0.06920260432565471},"52":{"Xc_est":0.049218710774135685,"Zc_est":0.05307835166430107,"Rc_est":0.019870327756008263},"26":{"Xc_est":0.16955954637674225,"Zc_est":0.1778695562314487,"Rc_est":0.05373210647728127},"10":{"Xc_est":0.15029017779230966,"Zc_est":0.1588466271894615,"Rc_est":0.051430666227686814},"24":{"Xc_est":0.10544341822925925,"Zc_est":0.11075319186612628,"Rc_est":0.03388148551442954},"25":{"Xc_est":0.09647536278183311,"Zc_est":0.10384001380553708,"Rc_est":0.03840902033699665},"23":{"Xc_est":0.08447723248144773,"Zc_est":0.08952824218178883,"Rc_est":0.02964630399284986},"49":{"Xc_est":0.14672871328775974,"Zc_est":0.1568533056736676,"Rc_est":0.0554404563263633},"5":{"Xc_est":0.0850886238205259,"Zc_est":0.09241546330202434,"Rc_est":0.03606305524573367},"31":{"Xc_est":0.14025483698554594,"Zc_est":0.1463826226697054,"Rc_est":0.04191005752584073},"43":{"Xc_est":0.13564423130620906,"Zc_est":0.14315953083938754,"Rc_est":0.045774379116501444},"39":{"Xc_est":0.06719127060939979,"Zc_est":0.07983603003603618,"Rc_est":0.043117570035999},"34":{"Xc_est":0.11399853040846356,"Zc_est":0.12432472251196955,"Rc_est":0.04960818170815008},"44":{"Xc_est":0.2230246977791151,"Zc_est":0.23550457130470234,"Rc_est":0.07564646248137455},"55":{"Xc_est":0.09082671712097767,"Zc_est":0.10083425668890961,"Rc_est":0.04379560227957614},"17":{"Xc_est":0.13772797887539973,"Zc_est":0.1627325324943197,"Rc_est":0.08667687677179114},"37":{"Xc_est":0.17808747054551527,"Zc_est":0.19668110556783466,"Rc_est":0.08347640458288771},"47":{"Xc_est":0.20384379108389467,"Zc_est":0.21472575856244597,"Rc_est":0.06748970459828191},"9":{"Xc_est":0.023283343282182473,"Zc_est":0.0325170103535618,"Rc_est":0.02269894023820701},"12":{"Xc_est":0.1545224890969204,"Zc_est":0.16386961170071318,"Rc_est":0.05455318507873421},"20":{"Xc_est":0.15671663948136702,"Zc_est":0.16848074032000643,"Rc_est":0.06185187764688053},"6":{"Xc_est":0.10774198996234627,"Zc_est":0.11372102386331168,"Rc_est":0.036388663996821606},"14":{"Xc_est":0.1145961522569461,"Zc_est":0.12561308627735154,"Rc_est":0.051442874453360286},"7":{"Xc_est":0.14317522037082483,"Zc_est":0.1542397814593438,"Rc_est":0.0573652024871514},"8":{"Xc_est":0.10069652725478088,"Zc_est":0.10794239525027197,"Rc_est":0.03888148776980001},"19":{"Xc_est":0.08585938766937987,"Zc_est":0.09406723628413521,"Rc_est":0.038429292098274004},"4":{"Xc_est":0.1884418254678595,"Zc_est":0.1975281709327123,"Rc_est":0.05922040802260298},"22":{"Xc_est":0.07321279575673811,"Zc_est":0.08982823258946186,"Rc_est":0.05204803461830821},"11":{"Xc_est":0.035695163885051624,"Zc_est":0.03836806051933056,"Rc_est":0.014069944677727712},"35":{"Xc_est":0.14681200312664455,"Zc_est":0.16060806438706965,"Rc_est":0.06512438931846673},"13":{"Xc_est":0.17241756599398697,"Zc_est":0.18528489555283417,"Rc_est":0.06784302069287464},"15":{"Xc_est":0.02122803900120088,"Zc_est":0.0230612334636694,"Rc_est":0.009010596485769386},"16":{"Xc_est":0.15973548609713775,"Zc_est":0.17485261773045854,"Rc_est":0.07111970478358987},"40":{"Xc_est":0.15338190014317385,"Zc_est":0.16184805837003136,"Rc_est":0.051660301069762646},"21":{"Xc_est":0.19023043697865477,"Zc_est":0.20301304364613781,"Rc_est":0.07089906020095546},"38":{"Xc_est":0.051232171312344955,"Zc_est":0.0574754105490371,"Rc_est":0.026051630283014993},"46":{"Xc_est":0.12881792865768463,"Zc_est":0.1435933782002377,"Rc_est":0.06344288391380214},"45":{"Xc_est":0.18078209949696422,"Zc_est":0.1897775557663756,"Rc_est":0.057735198745042224},"36":{"Xc_est":0.1717217519036108,"Zc_est":0.18505705693375002,"Rc_est":0.06897647601998765},"48":{"Xc_est":0.1064186420296632,"Zc_est":0.11338702279182628,"Rc_est":0.039136805773549464},"18":{"Xc_est":0.08888837909397648,"Zc_est":0.09533353457242727,"Rc_est":0.03445778396992051},"30":{"Xc_est":0.2249030664393797,"Zc_est":0.23794526535835855,"Rc_est":0.07769530238453048},"3":{"Xc_est":0.033384720465758126,"Zc_est":0.03823412200622829,"Rc_est":0.01863621541543081}}