linecode_id,linecode_name,A_p_est,dist_est,x_est,r_est,scenario_id
4,hydrogen,"[166.78198041445296, 160.09937112188962, 299.99999895426697, 129.88550835081006]","[644.678762146692, 1310.4523593621004, 665.7735972154088, 1761.8263212782067, 1117.147559131516, 451.3739619161074]",[0.7545417601815448 0.4571721440507846 0.41260066140760876 0.39400373630718716; 0.4571721440507846 0.7558264471623358 0.4551491095320988 0.4226282575200207; 0.41260066140760876 0.4551491095320988 0.7360975830907172 0.4795689855439086; 0.39400373630718716 0.4226282575200207 0.4795689855439086 0.7623968313285105],[0.19353216730120076 0.049348 0.049348 0.049348; 0.049348 0.1995504698685103 0.049348 0.049348; 0.049348 0.049348 0.12950573683575556 0.049348; 0.049348 0.049348 0.049348 0.23449044793155246],1
1,pluto,"[183.8623459139418, 207.81205225200185, 106.74989932928392, 300.0000026324201]","[447.44137669191053, 2000.000137455207, 2049.2215492683913, 2532.5066270307957, 2285.503718214056, 1552.5731978810793]",[0.7514787031788146 0.48011880653811234 0.3860368714549217 0.37120460347290707; 0.48011880653811234 0.7476319170648769 0.3845092533952164 0.37765261986847865; 0.3860368714549217 0.3845092533952164 0.7685595399212699 0.40194804294796854; 0.37120460347290707 0.37765261986847865 0.40194804294796854 0.7360975827055409],[0.3029905230655364 0.049348 0.049348 0.049348; 0.049348 0.2737589944971268 0.049348 0.049348; 0.049348 0.049348 0.4862131362424985 0.049348; 0.049348 0.049348 0.049348 0.20479902968382735],1
10,tw2x16_lv_oh_2w_bundled,"[14.476111167775114, 10.000000256372877]",[2.000002754326942],[0.8313283599554907 0.8200648689323444; 0.8200648689323444 0.8429495991180853],[2.5521692601611523 0.049348; 0.049348 3.672459786629625],1
7,abc2x16_lv_oh_2w_bundled,"[55.11193274717364, 10.000000822166283]",[16.42274834588453],[0.7893293628437907 0.6877709047639957; 0.6877709047639957 0.8429495973405887],[0.8609649050997337 0.049348; 0.049348 4.522325261279464],1
