{"24":{"Xc_est":0.19115640954941596,"Zc_est":0.22389675583048346,"Rc_est":0.11657179916082228},"4":{"Xc_est":0.049564099144791735,"Zc_est":0.08718082535379341,"Rc_est":0.0717209619660381},"1":{"Xc_est":0.2160307196143529,"Zc_est":0.23709081714056474,"Rc_est":0.09768717293117635},"12":{"Xc_est":0.11469987011352285,"Zc_est":0.1407631572498866,"Rc_est":0.08159783229288198},"29":{"Xc_est":0.2114868221650998,"Zc_est":0.23073994267980502,"Rc_est":0.09227266766701367},"20":{"Xc_est":0.06469191625701166,"Zc_est":0.08409740570534902,"Rc_est":0.0537338777436159},"2":{"Xc_est":0.2326035547400785,"Zc_est":0.26005453868818845,"Rc_est":0.11629251658901277},"6":{"Xc_est":0.08427012019414273,"Zc_est":0.10221371699816792,"Rc_est":0.05784626854902829},"25":{"Xc_est":0.1756251747833994,"Zc_est":0.19333249333816102,"Rc_est":0.0808285281484853},"23":{"Xc_est":0.21196341608662644,"Zc_est":0.23590857421090738,"Rc_est":0.10355851305957836},"22":{"Xc_est":0.18902308939809126,"Zc_est":0.20701113715325575,"Rc_est":0.08440309579562391},"11":{"Xc_est":0.2261494886935549,"Zc_est":0.2456344357419062,"Rc_est":0.09587848969340482},"13":{"Xc_est":0.2393741020497126,"Zc_est":0.2623285846954241,"Rc_est":0.10731414452996435},"5":{"Xc_est":0.08739258195796594,"Zc_est":0.1390845785533152,"Rc_est":0.10819915253861058},"15":{"Xc_est":0.14214240477845455,"Zc_est":0.14809495921947555,"Rc_est":0.04156505395180074},"27":{"Xc_est":0.11350772418695841,"Zc_est":0.13682683647662136,"Rc_est":0.07640405571759562},"28":{"Xc_est":0.14362105332030886,"Zc_est":0.15157124081695794,"Rc_est":0.04844413365885761},"16":{"Xc_est":0.22421493316001662,"Zc_est":0.25190066101014186,"Rc_est":0.11481117874752302},"14":{"Xc_est":0.07138061533450955,"Zc_est":0.09034463696114108,"Rc_est":0.05538015151755327},"21":{"Xc_est":0.06703844458189648,"Zc_est":0.10974214951250265,"Rc_est":0.08688605370060537},"7":{"Xc_est":0.02736054615919713,"Zc_est":0.0649257755145375,"Rc_est":0.05887917152979107},"8":{"Xc_est":0.19285651600675544,"Zc_est":0.2236524617229273,"Rc_est":0.11325540988606919},"26":{"Xc_est":0.10622750482740793,"Zc_est":0.13265130304284034,"Rc_est":0.0794486338278166},"17":{"Xc_est":0.18157672954929835,"Zc_est":0.20247508411337703,"Rc_est":0.08958823010250883},"10":{"Xc_est":0.1952487764602148,"Zc_est":0.21409515107612062,"Rc_est":0.08783307466493466},"19":{"Xc_est":0.06063139167579636,"Zc_est":0.10509162813653632,"Rc_est":0.08583754800694275},"9":{"Xc_est":0.10411202668053289,"Zc_est":0.13427090441969866,"Rc_est":0.08479010363335958},"18":{"Xc_est":0.08985231222671841,"Zc_est":0.11232233506289592,"Rc_est":0.06740080816647355},"30":{"Xc_est":0.2543876120278721,"Zc_est":0.3059940627798814,"Rc_est":0.17005678258539064},"3":{"Xc_est":0.03502362377315709,"Zc_est":0.054897103479771815,"Rc_est":0.04227336925613003}}