linecode_id,linecode_name,A_p_est,dist_est,x_est,r_est,scenario_id
4,hydrogen,"[158.76002716652067, 141.95510660636708, 299.9999951643554, 116.28058458106418]","[2999.9503502892367, 1851.8914780503153, 1271.8205580880608, 2444.9584655508907, 1652.8226326114423, 949.6843874742457]",[0.7560903696146254 0.36056173197270935 0.39087114743588114 0.37341512362638224; 0.36056173197270935 0.7596052841228863 0.4144807837090106 0.3980165925147718; 0.39087114743588114 0.4144807837090106 0.7360975834875968 0.4328324374435787; 0.37341512362638224 0.3980165925147718 0.4328324374435787 0.7658729254720605],[0.20081761987906596 0.049348 0.049348 0.049348; 0.049348 0.21874888695495004 0.049348 0.049348; 0.049348 0.049348 0.12950573784839134 0.049348; 0.049348 0.049348 0.049348 0.256152266194058],1
1,pluto,"[258.25950905923446, 300.00000120567387, 176.13763387280218, 227.55233124467657]","[113.59608494378404, 2280.019155715799, 2216.426832160497, 2852.6902819369493, 2772.8320217860296, 731.8608958613768]",[0.7408042510124699 0.566254974493528 0.37780358010071313 0.3637242695442436; 0.566254974493528 0.7360975828549499 0.37958093907125245 0.36550827857343676; 0.37780358010071313 0.37958093907125245 0.7528271299716687 0.4492026391445649; 0.3637242695442436 0.36550827857343676 0.4492026391445649 0.7447810356043978],[0.22992338126762385 0.049348 0.049348 0.049348; 0.049348 0.20479903042312458 0.049348 0.049348; 0.049348 0.049348 0.31411429831440973 0.049348; 0.049348 0.049348 0.049348 0.254291228044611],1
10,tw2x16_lv_oh_2w_bundled,"[10.000038977962454, 15.984506998065294]",[2.000001149315879],[0.842949477470578 0.8200649193553227; 0.8200649193553227 0.8282144011542172],[3.672445757419548 0.049348; 0.049348 2.3159877405656064],1
7,abc2x16_lv_oh_2w_bundled,"[11.616979669867952, 11.616979898833925]",[25.349580847651104],[0.838240885035924 0.6604958648566339; 0.6604958648566339 0.8382408844167273],[3.8997271485790015 0.049348; 0.049348 3.8997270726895863],1
