{"32":{"length_est":14.036154926338908,"length_true":20.051664},"29":{"length_est":3.67646007998688,"length_true":5.2521},"1":{"length_est":0.07995801168516228,"length_true":0.11424},"54":{"length_est":8.421799379189062,"length_true":6.4783},"2":{"length_est":9.797391605875593,"length_true":13.996288},"41":{"length_est":6.316839925084213,"length_true":4.8591},"53":{"length_est":20.625665737800716,"length_true":29.465251},"51":{"length_est":8.281326014391313,"length_true":11.830480000000001},"27":{"length_est":13.893291995816838,"length_true":10.68714},"42":{"length_est":5.47641727514069,"length_true":4.212621},"33":{"length_est":1.7639900036502543,"length_true":2.52},"28":{"length_est":8.604733598068172,"length_true":12.29249},"52":{"length_est":12.543319984791555,"length_true":9.6487},"50":{"length_est":5.3015396567252715,"length_true":4.0781},"26":{"length_est":15.75547646245011,"length_true":15.0},"10":{"length_est":10.241279981657788,"length_true":7.8779},"24":{"length_est":13.544579872472653,"length_true":10.4189},"25":{"length_est":18.96440998791311,"length_true":14.588000000000001},"23":{"length_est":2.898060602691102,"length_true":4.1401},"49":{"length_est":15.881836978673725,"length_true":12.21679},"5":{"length_est":16.938021995850107,"length_true":13.029240000000001},"31":{"length_est":5.707009373408642,"length_true":4.39},"43":{"length_est":8.33932800516868,"length_true":11.91334},"39":{"length_est":35.12732003888007,"length_true":50.1819},"34":{"length_est":8.692835012702208,"length_true":12.41835},"44":{"length_est":8.966626007087543,"length_true":12.809479999999999},"55":{"length_est":9.827501633223989,"length_true":12.23632},"17":{"length_est":12.203860119818334,"length_true":17.4341},"37":{"length_est":18.706123158954913,"length_true":16.546871},"47":{"length_est":5.792000024048272,"length_true":8.2743},"9":{"length_est":17.761648383549808,"length_true":15.2031},"12":{"length_est":11.45783212755794,"length_true":13.3844},"20":{"length_est":13.551491350074931,"length_true":13.610299999999999},"6":{"length_est":8.727310010721313,"length_true":12.467600000000001},"14":{"length_est":10.476707656795535,"length_true":8.0963},"7":{"length_est":10.759480005012243,"length_true":15.370700000000001},"57":{"length_est":13.690229200071176,"length_true":11.8907},"8":{"length_est":13.029486505664098,"length_true":14.8117},"19":{"length_est":4.888837833945393,"length_true":5.8071},"4":{"length_est":10.291678419684825,"length_true":11.83921},"22":{"length_est":9.308674027833217,"length_true":13.298119999999997},"11":{"length_est":16.16136169374934,"length_true":12.431809},"35":{"length_est":12.541579693922067,"length_true":11.80815},"13":{"length_est":12.905214588029258,"length_true":12.8793},"15":{"length_est":7.938322960676658,"length_true":6.1064},"16":{"length_est":28.5100669285676,"length_true":27.150599999999997},"40":{"length_est":24.411512743418058,"length_true":19.7451},"46":{"length_est":5.103480224112088,"length_true":7.2907},"21":{"length_est":8.94103871184139,"length_true":10.637540000000001},"38":{"length_est":6.912939132998641,"length_true":9.87563},"45":{"length_est":3.425510079475027,"length_true":4.8936},"56":{"length_est":3.490050060276402,"length_true":4.9858},"36":{"length_est":53.24767015946351,"length_true":59.543393},"48":{"length_est":8.362400229459586,"length_true":11.9463},"18":{"length_est":14.31947007833656,"length_true":20.456400000000002},"30":{"length_est":16.980062396969608,"length_true":17.905369999999998},"3":{"length_est":10.328462004299835,"length_true":14.754960000000002}}