linecode_id,linecode_name,A_p_est,dist_est,x_est,r_est,scenario_id
4,hydrogen,"[244.8077520139124, 146.08782791291287, 300.00000205209636, 91.56315017634068]","[2982.7571429834798, 2822.4315452116643, 321.22304761849557, 2999.9999592991358, 745.534194077895, 1016.7980605975583]",[0.7424847466241244 0.3609228683233073 0.3643942939138599 0.3605606929530011; 0.3609228683233073 0.7587037346176194 0.5009419466582788 0.4480395850502204; 0.3643942939138599 0.5009419466582788 0.7360975827663124 0.42854201044324436; 0.3605606929530011 0.4480395850502204 0.42854201044324436 0.7733806332798366],[0.1475774096860808 0.049348 0.049348 0.049348; 0.049348 0.21395665570017489 0.049348 0.049348; 0.049348 0.049348 0.1295057360080389 0.049348; 0.049348 0.049348 0.049348 0.31197899205947527],1
1,pluto,"[299.9999984470752, 300.00000264329395, 138.76379892223116, 299.99999939031653]","[1.4072081053415344, 349.3869835859744, 348.3883889366978, 446.26847538146757, 444.86963500146084, 277.6404275896773]",[0.7360975831438303 0.8421528857175399 0.4956612683417876 0.48028372757434706; 0.8421528857175399 0.7360975827044023 0.49584110771218926 0.48048098546270834; 0.4956612683417876 0.49584110771218926 0.7603196103734953 0.5101034104369702; 0.48028372757434706 0.48048098546270834 0.5101034104369702 0.7360975830450541],[0.20479903185254794 0.049348 0.049348 0.049348; 0.049348 0.20479902967819286 0.049348 0.049348; 0.049348 0.049348 0.38542491398314144 0.049348; 0.049348 0.049348 0.049348 0.2047990313637885],1
10,tw2x16_lv_oh_2w_bundled,"[9.999999926244435, 9.999999926244435]",[99.9999681902463],[0.8429496001552167 0.5742647459718664; 0.5742647459718664 0.8429496001552167],[3.6724599062388505 0.049348; 0.049348 3.6724599062388505],1
7,abc2x16_lv_oh_2w_bundled,"[9.999999913064652, 9.999999913064652]",[99.99998658027904],[0.8429496001966224 0.5742647344170384; 0.5742647344170384 0.8429496001966224],[4.52232566791856 0.049348; 0.049348 4.52232566791856],1
