{"24":{"Xc_est":0.19698873362109315,"Zc_est":0.2306030220417756,"Rc_est":0.11988825047166904},"4":{"Xc_est":0.0486166473859739,"Zc_est":0.07439709725874409,"Rc_est":0.056314737657871636},"1":{"Xc_est":0.22103539678131348,"Zc_est":0.2383911595323508,"Rc_est":0.08929556715148876},"12":{"Xc_est":0.10936011390956925,"Zc_est":0.13242470141779195,"Rc_est":0.07467708504807472},"29":{"Xc_est":0.21570868526359166,"Zc_est":0.23316057907299698,"Rc_est":0.08850773263115501},"20":{"Xc_est":0.06553839920134429,"Zc_est":0.0865513452078011,"Rc_est":0.05653188115926437},"2":{"Xc_est":0.24178480372967628,"Zc_est":0.2714702825451629,"Rc_est":0.12343509626744131},"6":{"Xc_est":0.08298012604730724,"Zc_est":0.10179726700563671,"Rc_est":0.05896594144919501},"25":{"Xc_est":0.18352250700006265,"Zc_est":0.20010788970296323,"Rc_est":0.07976626445926407},"23":{"Xc_est":0.21557579869297827,"Zc_est":0.23433201336500578,"Rc_est":0.09186167593497171},"22":{"Xc_est":0.1947821023681785,"Zc_est":0.2113993867902043,"Rc_est":0.08215615212695174},"11":{"Xc_est":0.23201175590970138,"Zc_est":0.2494572050131221,"Rc_est":0.09164847108738902},"13":{"Xc_est":0.24688543566226775,"Zc_est":0.2678917156119839,"Rc_est":0.10398823467769944},"5":{"Xc_est":0.08913876041093753,"Zc_est":0.1408172464371069,"Rc_est":0.10901274368866411},"15":{"Xc_est":0.15047877506481416,"Zc_est":0.15501608663417912,"Rc_est":0.03723070467192899},"27":{"Xc_est":0.10488913445398382,"Zc_est":0.11852679592195296,"Rc_est":0.05519846759664973},"28":{"Xc_est":0.15196572973541175,"Zc_est":0.15854762713920498,"Rc_est":0.045208041955565326},"16":{"Xc_est":0.23021668666290043,"Zc_est":0.25703946349950096,"Rc_est":0.11432218935126812},"14":{"Xc_est":0.07214160722459827,"Zc_est":0.08885233944227053,"Rc_est":0.05186835963683693},"21":{"Xc_est":0.07032374021255587,"Zc_est":0.12895183644923947,"Rc_est":0.10808861034423727},"7":{"Xc_est":0.0271460134099839,"Zc_est":0.07184573227229321,"Rc_est":0.06651994589359651},"8":{"Xc_est":0.19866744035454378,"Zc_est":0.22996641577725585,"Rc_est":0.11582659680924542},"26":{"Xc_est":0.10503017285975463,"Zc_est":0.142819194740542,"Rc_est":0.09677802010470621},"17":{"Xc_est":0.1884045838646531,"Zc_est":0.21062862941489963,"Rc_est":0.09417076142830114},"10":{"Xc_est":0.19827541103031313,"Zc_est":0.2156846807049938,"Rc_est":0.08489253719600745},"19":{"Xc_est":0.06269596194519428,"Zc_est":0.113863018012945,"Rc_est":0.09504737359224076},"9":{"Xc_est":0.10009306801376205,"Zc_est":0.1273725893814575,"Rc_est":0.07877280153282468},"18":{"Xc_est":0.08882856635792996,"Zc_est":0.11386261725833986,"Rc_est":0.07123328862065845},"30":{"Xc_est":0.260271820403707,"Zc_est":0.3019945687330775,"Rc_est":0.15316428776976032},"3":{"Xc_est":0.037351116013388315,"Zc_est":0.05962147074332014,"Rc_est":0.04647164626039178}}