{"32":{"length_est":14.03615489494396,"length_true":20.051664},"29":{"length_est":3.6764601949513898,"length_true":5.2521},"1":{"length_est":0.07995801955349471,"length_true":0.11424},"54":{"length_est":8.421799754124992,"length_true":6.4783},"2":{"length_est":9.797391610304128,"length_true":13.996288},"41":{"length_est":6.31683989796665,"length_true":4.8591},"53":{"length_est":20.625665810136447,"length_true":29.465251},"51":{"length_est":8.281326024790229,"length_true":11.830480000000001},"27":{"length_est":13.893291992740062,"length_true":10.68714},"42":{"length_est":5.476417276791256,"length_true":4.212621},"33":{"length_est":1.7639900063429048,"length_true":2.52},"28":{"length_est":8.604733093465665,"length_true":12.29249},"52":{"length_est":12.543319982782757,"length_true":9.6487},"50":{"length_est":5.3015398466905435,"length_true":4.0781},"26":{"length_est":19.50000995191063,"length_true":15.0},"10":{"length_est":10.241279976705323,"length_true":7.8779},"24":{"length_est":10.208711185395755,"length_true":10.4189},"25":{"length_est":18.964409986442384,"length_true":14.588000000000001},"23":{"length_est":5.3821397644428,"length_true":4.1401},"49":{"length_est":15.881836990840892,"length_true":12.21679},"5":{"length_est":16.938021993672855,"length_true":13.029240000000001},"31":{"length_est":3.0729903909863476,"length_true":4.39},"43":{"length_est":8.339328005654846,"length_true":11.91334},"39":{"length_est":35.12732002397873,"length_true":50.1819},"34":{"length_est":8.692835015578252,"length_true":12.41835},"44":{"length_est":8.96662601218386,"length_true":12.809479999999999},"55":{"length_est":8.565414015892497,"length_true":12.23632},"17":{"length_est":12.203860167395367,"length_true":17.4341},"37":{"length_est":21.51094226051572,"length_true":16.546871},"47":{"length_est":5.79200002759248,"length_true":8.2743},"9":{"length_est":19.764039588508176,"length_true":15.2031},"12":{"length_est":11.790175894942392,"length_true":13.3844},"20":{"length_est":16.91660633637725,"length_true":13.610299999999999},"6":{"length_est":8.727310019548767,"length_true":12.467600000000001},"14":{"length_est":8.85642900061621,"length_true":8.0963},"7":{"length_est":10.759480006709335,"length_true":15.370700000000001},"57":{"length_est":15.457919973594063,"length_true":11.8907},"8":{"length_est":10.368180163304041,"length_true":14.8117},"19":{"length_est":7.421817180738933,"length_true":5.8071},"4":{"length_est":11.42424360696008,"length_true":11.83921},"22":{"length_est":9.308674070530683,"length_true":13.298119999999997},"11":{"length_est":16.161361690385384,"length_true":12.431809},"35":{"length_est":11.80795570179589,"length_true":11.80815},"13":{"length_est":9.015500046650672,"length_true":12.8793},"15":{"length_est":4.274470389420822,"length_true":6.1064},"16":{"length_est":26.63988939229991,"length_true":27.150599999999997},"40":{"length_est":25.668639982234417,"length_true":19.7451},"46":{"length_est":5.103480062797131,"length_true":7.2907},"21":{"length_est":7.446268036411526,"length_true":10.637540000000001},"38":{"length_est":6.9129310335921375,"length_true":9.87563},"45":{"length_est":3.4255100838504786,"length_true":4.8936},"56":{"length_est":3.490050121275188,"length_true":4.9858},"36":{"length_est":72.16686130507094,"length_true":59.543393},"48":{"length_est":8.36240002373034,"length_true":11.9463},"18":{"length_est":14.319470123583114,"length_true":20.456400000000002},"30":{"length_est":13.310346210487365,"length_true":17.905369999999998},"3":{"length_est":10.328462005055373,"length_true":14.754960000000002}}