{"24":{"Xc_est":0.19514301103562834,"Zc_est":0.2226074566700967,"Rc_est":0.10711342123691886},"4":{"Xc_est":0.03741585733326689,"Zc_est":0.061230787329805726,"Rc_est":0.04846919575405101},"1":{"Xc_est":0.22626602912832203,"Zc_est":0.24263408448228227,"Rc_est":0.08760698040143039},"12":{"Xc_est":0.11164207307354952,"Zc_est":0.13362753929153984,"Rc_est":0.07343273641198626},"29":{"Xc_est":0.22084413057698996,"Zc_est":0.23726066773828697,"Rc_est":0.08672078439054393},"20":{"Xc_est":0.0680094335287134,"Zc_est":0.09479996479166519,"Rc_est":0.06604354832687652},"2":{"Xc_est":0.24682767529982771,"Zc_est":0.2726290071613978,"Rc_est":0.11576991946050724},"6":{"Xc_est":0.0866951098734212,"Zc_est":0.10186354178569601,"Rc_est":0.05348026803561911},"25":{"Xc_est":0.1798652906401261,"Zc_est":0.19475963372975527,"Rc_est":0.0746980063555339},"23":{"Xc_est":0.2236487969758388,"Zc_est":0.2474846976697246,"Rc_est":0.10597118094998766},"22":{"Xc_est":0.19737414112373783,"Zc_est":0.21263268421786125,"Rc_est":0.07909555495323059},"11":{"Xc_est":0.2398268918170024,"Zc_est":0.26057744043056374,"Rc_est":0.10190026703959044},"13":{"Xc_est":0.25189074573207104,"Zc_est":0.27159894669060997,"Rc_est":0.10157283129848221},"5":{"Xc_est":0.09268758152701947,"Zc_est":0.13891587067288527,"Rc_est":0.10347285322961722},"15":{"Xc_est":0.14717412465332336,"Zc_est":0.1522707586897664,"Rc_est":0.03906611043455829},"27":{"Xc_est":0.10767730944980125,"Zc_est":0.12217111956544158,"Rc_est":0.05771810362031278},"28":{"Xc_est":0.14852199662980484,"Zc_est":0.15511924304140487,"Rc_est":0.04475707853328531},"16":{"Xc_est":0.23536117526075942,"Zc_est":0.25878855656440025,"Rc_est":0.10759476840701819},"14":{"Xc_est":0.07587252884585367,"Zc_est":0.09183862343495883,"Rc_est":0.051746421334844694},"21":{"Xc_est":0.058036771733911405,"Zc_est":0.08445961829709993,"Rc_est":0.061360901636120686},"7":{"Xc_est":0.02689362272569229,"Zc_est":0.05981306551798607,"Rc_est":0.053425984907599235},"8":{"Xc_est":0.19903283220955353,"Zc_est":0.2248650084739182,"Rc_est":0.10464322117853127},"26":{"Xc_est":0.11029961099677806,"Zc_est":0.14071152701991127,"Rc_est":0.08737121751603706},"17":{"Xc_est":0.1840229113526842,"Zc_est":0.19895289878877534,"Rc_est":0.07561629476335652},"10":{"Xc_est":0.20356087069703419,"Zc_est":0.21948492189332927,"Rc_est":0.08207681072986554},"19":{"Xc_est":0.044723931259165794,"Zc_est":0.06377368813424603,"Rc_est":0.0454626579839926},"9":{"Xc_est":0.1047417933031825,"Zc_est":0.13018070925422806,"Rc_est":0.07730571646112114},"18":{"Xc_est":0.0937221751459151,"Zc_est":0.10893347307283514,"Rc_est":0.05552166641617047},"30":{"Xc_est":0.2704063879923496,"Zc_est":0.3208176228282328,"Rc_est":0.17263931316501785},"3":{"Xc_est":0.030392858989595102,"Zc_est":0.048342021185240794,"Rc_est":0.03759288675684348}}