{"24":{"Xc_est":0.17683579935248736,"Zc_est":0.20208493368272265,"Rc_est":0.09781319179393566},"4":{"Xc_est":0.0374059403349837,"Zc_est":0.060424952287643136,"Rc_est":0.04745493110962852},"1":{"Xc_est":0.20797980959833562,"Zc_est":0.22302890745489082,"Rc_est":0.08053752144163809},"12":{"Xc_est":0.09840094324082599,"Zc_est":0.12007105557189443,"Rc_est":0.06880634240725708},"29":{"Xc_est":0.20255750503829292,"Zc_est":0.2176396259271832,"Rc_est":0.07960819007103583},"20":{"Xc_est":0.062196573035446984,"Zc_est":0.08507718834617013,"Rc_est":0.05804924012884248},"2":{"Xc_est":0.22852417433323208,"Zc_est":0.2522760829694349,"Rc_est":0.10686404345576549},"6":{"Xc_est":0.07632898051812514,"Zc_est":0.09032141434958775,"Rc_est":0.048289177081138876},"25":{"Xc_est":0.1615796380493889,"Zc_est":0.17518490521026445,"Rc_est":0.06768878475314659},"23":{"Xc_est":0.20537190741138658,"Zc_est":0.22839867298786232,"Rc_est":0.09994165032070126},"22":{"Xc_est":0.1790886339162718,"Zc_est":0.19305803923693682,"Rc_est":0.07210178719015374},"11":{"Xc_est":0.22028188301926868,"Zc_est":0.23760767374028574,"Rc_est":0.08906906664917569},"13":{"Xc_est":0.23359902496180274,"Zc_est":0.25177220657162236,"Rc_est":0.09391879225606958},"5":{"Xc_est":0.08232448188139194,"Zc_est":0.1285145987522292,"Rc_est":0.09868475959035844},"15":{"Xc_est":0.1289090085181902,"Zc_est":0.13337862155134206,"Rc_est":0.03423922034441347},"27":{"Xc_est":0.095902125161901,"Zc_est":0.11266868107197875,"Rc_est":0.05913555684975274},"28":{"Xc_est":0.13025283010501781,"Zc_est":0.1361103649912373,"Rc_est":0.039499768450982145},"16":{"Xc_est":0.21706159728749816,"Zc_est":0.2386161981659204,"Rc_est":0.09910576678557993},"14":{"Xc_est":0.06552156694604627,"Zc_est":0.08134055843380855,"Rc_est":0.04819969617392417},"21":{"Xc_est":0.0548688231022033,"Zc_est":0.08200186775013556,"Rc_est":0.06094028688716393},"7":{"Xc_est":0.026858430490408265,"Zc_est":0.05648094827022448,"Rc_est":0.049686237823925464},"8":{"Xc_est":0.18072826864144104,"Zc_est":0.2044669474941085,"Rc_est":0.09562439820163911},"26":{"Xc_est":0.0966924448277948,"Zc_est":0.1249262875107035,"Rc_est":0.07910213918997903},"17":{"Xc_est":0.16573738886134184,"Zc_est":0.1793814644982712,"Rc_est":0.06862089870417673},"10":{"Xc_est":0.18527433170987648,"Zc_est":0.1998689294945197,"Rc_est":0.07497340186188667},"19":{"Xc_est":0.04043688330461558,"Zc_est":0.05803256736596121,"Rc_est":0.04162496058489099},"9":{"Xc_est":0.09116620184166102,"Zc_est":0.11644424842964365,"Rc_est":0.07244298885406435},"18":{"Xc_est":0.0801358802354193,"Zc_est":0.09417584195100487,"Rc_est":0.04947049530856936},"30":{"Xc_est":0.25254327577528357,"Zc_est":0.3026762784912676,"Rc_est":0.16683771582592608},"3":{"Xc_est":0.030370377346432276,"Zc_est":0.04649377114871227,"Rc_est":0.03520384830475416}}