{"32":{"length_est":14.036154914164523,"length_true":20.051664},"29":{"length_est":3.6764600923493727,"length_true":5.2521},"1":{"length_est":0.14852199267699803,"length_true":0.11424},"54":{"length_est":8.421799930694924,"length_true":6.4783},"2":{"length_est":13.643735710581527,"length_true":13.996288},"41":{"length_est":6.31683995089557,"length_true":4.8591},"53":{"length_est":20.625665711206388,"length_true":29.465251},"51":{"length_est":8.28132602960729,"length_true":11.830480000000001},"27":{"length_est":13.893291991302053,"length_true":10.68714},"42":{"length_est":5.476417194670142,"length_true":4.212621},"33":{"length_est":1.7639900088276854,"length_true":2.52},"28":{"length_est":10.886347220450494,"length_true":12.29249},"52":{"length_est":12.54331990372694,"length_true":9.6487},"50":{"length_est":5.301539971154043,"length_true":4.0781},"26":{"length_est":10.499990024295533,"length_true":15.0},"10":{"length_est":7.612202031145797,"length_true":7.8779},"24":{"length_est":13.544575596024803,"length_true":10.4189},"25":{"length_est":10.211592508534492,"length_true":14.588000000000001},"23":{"length_est":5.382139857430559,"length_true":4.1401},"49":{"length_est":15.881836991123645,"length_true":12.21679},"5":{"length_est":16.938021993009034,"length_true":13.029240000000001},"31":{"length_est":5.707009941659866,"length_true":4.39},"43":{"length_est":8.3393280048429,"length_true":11.91334},"39":{"length_est":35.12732002139302,"length_true":50.1819},"34":{"length_est":8.692835017444887,"length_true":12.41835},"44":{"length_est":8.966626014678681,"length_true":12.809479999999999},"55":{"length_est":8.56541401950019,"length_true":12.23632},"17":{"length_est":12.203860076282101,"length_true":17.4341},"37":{"length_est":14.618110348137122,"length_true":16.546871},"47":{"length_est":5.792000033574797,"length_true":8.2743},"9":{"length_est":19.76403986169718,"length_true":15.2031},"12":{"length_est":9.36907001001614,"length_true":13.3844},"20":{"length_est":17.693399992738737,"length_true":13.610299999999999},"6":{"length_est":8.727310021148776,"length_true":12.467600000000001},"14":{"length_est":5.667400290723175,"length_true":8.0963},"7":{"length_est":10.759480005170817,"length_true":15.370700000000001},"57":{"length_est":15.457919985554428,"length_true":11.8907},"8":{"length_est":10.36818002523569,"length_true":14.8117},"19":{"length_est":7.549239790454239,"length_true":5.8071},"4":{"length_est":8.28743703911263,"length_true":11.83921},"22":{"length_est":9.308674005131234,"length_true":13.298119999999997},"11":{"length_est":16.16136169493751,"length_true":12.431809},"35":{"length_est":12.213444693923444,"length_true":11.80815},"13":{"length_est":10.661094393035576,"length_true":12.8793},"15":{"length_est":7.938329908596912,"length_true":6.1064},"16":{"length_est":24.492498203978723,"length_true":27.150599999999997},"40":{"length_est":25.668639993577425,"length_true":19.7451},"46":{"length_est":6.8694193649540045,"length_true":7.2907},"21":{"length_est":13.828811866028182,"length_true":10.637540000000001},"38":{"length_est":12.838328781910404,"length_true":9.87563},"45":{"length_est":6.361689582913955,"length_true":4.8936},"56":{"length_est":6.481549829277531,"length_true":4.9858},"36":{"length_est":69.02476690439994,"length_true":59.543393},"48":{"length_est":8.362400055836062,"length_true":11.9463},"18":{"length_est":14.319470005631123,"length_true":20.456400000000002},"30":{"length_est":12.53374902046649,"length_true":17.905369999999998},"3":{"length_est":10.328462002560556,"length_true":14.754960000000002}}