linecode_id,linecode_name,A_p_est,dist_est,x_est,r_est,scenario_id
11,uglv_240al_xlpe/nyl/pvc_ug_4w_bundled,"[300.0000025218954, 300.00000293069905, 214.92290071251364, 238.46401607004861]","[3.8381317054594533, 5.14718279885176, 5.561508807356726, 15.603930283811751, 11.907961266132567, 13.885094038719823]",[0.7360975827171151 0.7791086367814875 0.7606697178871181 0.6909844250465628; 0.7791086367814875 0.7360975826743051 0.7558052704772881 0.7079688969246958; 0.7606697178871181 0.7558052704772881 0.7465749167533573 0.6983173548957965; 0.6909844250465628 0.7079688969246958 0.6983173548957965 0.7433095672301209],[0.19293637598086408 0.049348 0.049348 0.049348; 0.049348 0.19293637578519923 0.049348 0.049348; 0.049348 0.049348 0.24977574880464845 0.049348; 0.049348 0.049348 0.049348 0.22998956540800852],1
9,uglv_185al_xlpe/nyl/pvc_ug_2w_bundled,"[14.239269322357114, 14.239269324940787]",[99.99990603106716],[0.8318466043262114 0.5742647850277464; 0.5742647850277464 0.831846604320511],[3.2563616496698202 0.049348; 0.049348 3.256361649087917],1
8,ugsc_16al_xlpe/pvc_ug_2w_bundled,"[13.916122391798822, 13.916122392078325]",[99.99987202357956],[0.832567775594175 0.5742648063953546; 0.5742648063953546 0.8325677755935441],[3.222157102098237 0.049348; 0.049348 3.2221571020345117],1
