{"32":{"length_est":15.073749710452114,"length_true":20.051664},"29":{"length_est":4.468054720911607,"length_true":5.2521},"1":{"length_est":0.13498277218219104,"length_true":0.11424},"54":{"length_est":7.637408433652254,"length_true":6.4783},"2":{"length_est":9.952624961672626,"length_true":13.996288},"41":{"length_est":5.917787244979595,"length_true":4.8591},"53":{"length_est":20.72583874407641,"length_true":29.465251},"51":{"length_est":8.811410053354313,"length_true":11.830480000000001},"27":{"length_est":13.823873884156676,"length_true":10.68714},"42":{"length_est":5.030220279115572,"length_true":4.212621},"33":{"length_est":1.896446200634404,"length_true":2.52},"28":{"length_est":15.980106907027954,"length_true":12.29249},"52":{"length_est":12.095284024542178,"length_true":9.6487},"50":{"length_est":5.010093126328317,"length_true":4.0781},"26":{"length_est":10.666290487714718,"length_true":15.0},"10":{"length_est":9.645624987588297,"length_true":7.8779},"24":{"length_est":13.544579253067687,"length_true":10.4189},"25":{"length_est":17.564959073624664,"length_true":14.588000000000001},"23":{"length_est":4.786099728677088,"length_true":4.1401},"49":{"length_est":15.740512700636426,"length_true":12.21679},"5":{"length_est":16.86128304624275,"length_true":13.029240000000001},"31":{"length_est":5.290591674592166,"length_true":4.39},"43":{"length_est":8.39353793970055,"length_true":11.91334},"39":{"length_est":35.404334777050586,"length_true":50.1819},"34":{"length_est":9.058190544114156,"length_true":12.41835},"44":{"length_est":9.077141790126449,"length_true":12.809479999999999},"55":{"length_est":8.766266793647672,"length_true":12.23632},"17":{"length_est":12.928179519462596,"length_true":17.4341},"37":{"length_est":21.51092424127267,"length_true":16.546871},"47":{"length_est":6.070146605655894,"length_true":8.2743},"9":{"length_est":18.89508443348933,"length_true":15.2031},"12":{"length_est":9.549685539454579,"length_true":13.3844},"20":{"length_est":17.69339997009475,"length_true":13.610299999999999},"6":{"length_est":9.038401993327241,"length_true":12.467600000000001},"14":{"length_est":6.645366766762052,"length_true":8.0963},"7":{"length_est":10.816655451224658,"length_true":15.370700000000001},"57":{"length_est":15.19629441548731,"length_true":11.8907},"8":{"length_est":10.701558402628839,"length_true":14.8117},"19":{"length_est":6.990299590260244,"length_true":5.8071},"4":{"length_est":8.28744828086358,"length_true":11.83921},"22":{"length_est":9.36342812601121,"length_true":13.298119999999997},"11":{"length_est":16.102795664925583,"length_true":12.431809},"35":{"length_est":15.35060486881824,"length_true":11.80815},"13":{"length_est":9.736521261660299,"length_true":12.8793},"15":{"length_est":7.4053833660499055,"length_true":6.1064},"16":{"length_est":35.2957895976197,"length_true":27.150599999999997},"40":{"length_est":25.55952994942522,"length_true":19.7451},"46":{"length_est":8.969477831485033,"length_true":7.2907},"21":{"length_est":13.464517973400778,"length_true":10.637540000000001},"38":{"length_est":12.510736279029862,"length_true":9.87563},"45":{"length_est":5.873292640960319,"length_true":4.8936},"56":{"length_est":5.936620352965246,"length_true":4.9858},"36":{"length_est":41.68036581460184,"length_true":59.543393},"48":{"length_est":14.620002793476633,"length_true":11.9463},"18":{"length_est":14.434612819162695,"length_true":20.456400000000002},"30":{"length_est":12.766478450634029,"length_true":17.905369999999998},"3":{"length_est":10.371229397308383,"length_true":14.754960000000002}}