{"32":{"length_est":14.03615492051218,"length_true":20.051664},"29":{"length_est":3.6764602775939803,"length_true":5.2521},"1":{"length_est":0.14852199223504634,"length_true":0.11424},"54":{"length_est":8.421799884717194,"length_true":6.4783},"2":{"length_est":14.593285252940882,"length_true":13.996288},"41":{"length_est":6.3168399077378865,"length_true":4.8591},"53":{"length_est":20.62566571673252,"length_true":29.465251},"51":{"length_est":8.281326034798713,"length_true":11.830480000000001},"27":{"length_est":13.893291990781506,"length_true":10.68714},"42":{"length_est":5.476417083471199,"length_true":4.212621},"33":{"length_est":1.7639900085727036,"length_true":2.52},"28":{"length_est":11.815576452309774,"length_true":12.29249},"52":{"length_est":12.543319059664526,"length_true":9.6487},"50":{"length_est":5.301539939822194,"length_true":4.0781},"26":{"length_est":10.499990027971354,"length_true":15.0},"10":{"length_est":5.5145200830536885,"length_true":7.8779},"24":{"length_est":7.293220193576166,"length_true":10.4189},"25":{"length_est":10.21159002397265,"length_true":14.588000000000001},"23":{"length_est":5.3821397946386424,"length_true":4.1401},"49":{"length_est":15.881836990557465,"length_true":12.21679},"5":{"length_est":16.938021992557868,"length_true":13.029240000000001},"31":{"length_est":5.707009821713573,"length_true":4.39},"43":{"length_est":8.339328005105939,"length_true":11.91334},"39":{"length_est":35.127320035914416,"length_true":50.1819},"34":{"length_est":8.692835016045082,"length_true":12.41835},"44":{"length_est":8.966626015491885,"length_true":12.809479999999999},"55":{"length_est":8.565414031000538,"length_true":12.23632},"17":{"length_est":12.203860168368521,"length_true":17.4341},"37":{"length_est":13.967173339669804,"length_true":16.546871},"47":{"length_est":5.792000046341194,"length_true":8.2743},"9":{"length_est":19.764039906982955,"length_true":15.2031},"12":{"length_est":9.369070007814951,"length_true":13.3844},"20":{"length_est":17.693399993763496,"length_true":13.610299999999999},"6":{"length_est":8.727310023804131,"length_true":12.467600000000001},"14":{"length_est":5.667400134507995,"length_true":8.0963},"7":{"length_est":10.759480005506102,"length_true":15.370700000000001},"57":{"length_est":15.457919986242779,"length_true":11.8907},"8":{"length_est":10.368180046995167,"length_true":14.8117},"19":{"length_est":7.549239704444016,"length_true":5.8071},"4":{"length_est":8.287437046218525,"length_true":11.83921},"22":{"length_est":9.308674005415897,"length_true":13.298119999999997},"11":{"length_est":16.161361692818872,"length_true":12.431809},"35":{"length_est":15.350604978488633,"length_true":11.80815},"13":{"length_est":9.56190016406566,"length_true":12.8793},"15":{"length_est":7.938329921231191,"length_true":6.1064},"16":{"length_est":32.99041123116664,"length_true":27.150599999999997},"40":{"length_est":25.66863998752863,"length_true":19.7451},"46":{"length_est":9.477919501821043,"length_true":7.2907},"21":{"length_est":13.828811932380328,"length_true":10.637540000000001},"38":{"length_est":12.83832894471574,"length_true":9.87563},"45":{"length_est":6.361689922920065,"length_true":4.8936},"56":{"length_est":6.481549892236554,"length_true":4.9858},"36":{"length_est":64.31401477933414,"length_true":59.543393},"48":{"length_est":15.530199749108002,"length_true":11.9463},"18":{"length_est":14.319470008793184,"length_true":20.456400000000002},"30":{"length_est":12.533749008190394,"length_true":17.905369999999998},"3":{"length_est":10.328462005552776,"length_true":14.754960000000002}}