{"24":{"Xc_est":0.201140901439174,"Zc_est":0.21300000323402649,"Rc_est":0.07008094709642397},"4":{"Xc_est":0.04263729782612515,"Zc_est":0.08413125431868478,"Rc_est":0.07252674532420104},"1":{"Xc_est":0.2325547893170664,"Zc_est":0.2428117299019643,"Rc_est":0.06982697289500188},"12":{"Xc_est":0.12292422011122477,"Zc_est":0.15418083327549928,"Rc_est":0.09306645722049631},"29":{"Xc_est":0.22712646690845154,"Zc_est":0.2372500151164347,"Rc_est":0.06856484304971874},"20":{"Xc_est":0.0719170401453769,"Zc_est":0.0799361251888841,"Rc_est":0.03489589441383037},"2":{"Xc_est":0.2528846444670871,"Zc_est":0.26590135504828843,"Rc_est":0.08217595274331123},"6":{"Xc_est":0.0893413342486684,"Zc_est":0.09522128788499716,"Rc_est":0.032942672343712766},"25":{"Xc_est":0.18615407044021132,"Zc_est":0.19480330375213428,"Rc_est":0.05740199657927528},"23":{"Xc_est":0.227881722446282,"Zc_est":0.2541291528082228,"Rc_est":0.11247909531082097},"22":{"Xc_est":0.2036678040458458,"Zc_est":0.21287998437103806,"Rc_est":0.061946051859310285},"11":{"Xc_est":0.24343713609007314,"Zc_est":0.25406862434568755,"Rc_est":0.07272706957641908},"13":{"Xc_est":0.2581088847939527,"Zc_est":0.2698618748415285,"Rc_est":0.07877331453866114},"5":{"Xc_est":0.09589507937551196,"Zc_est":0.16487453919042613,"Rc_est":0.13411840822504428},"15":{"Xc_est":0.15373698729919344,"Zc_est":0.15899653030952543,"Rc_est":0.040556570203056835},"27":{"Xc_est":0.11854472700382071,"Zc_est":0.13760359928978919,"Rc_est":0.0698705820577909},"28":{"Xc_est":0.15502995632002872,"Zc_est":0.1607600839014609,"Rc_est":0.042538420509167243},"16":{"Xc_est":0.24146963448056363,"Zc_est":0.2536278575466935,"Rc_est":0.0775854738179051},"14":{"Xc_est":0.07893223720985619,"Zc_est":0.10197837761335246,"Rc_est":0.06457005056292353},"21":{"Xc_est":0.06277314347616361,"Zc_est":0.0708647127400656,"Rc_est":0.032883734122708674},"7":{"Xc_est":0.026419110795391637,"Zc_est":0.033879989559895844,"Rc_est":0.02121047565141981},"8":{"Xc_est":0.20506740915136898,"Zc_est":0.21669830666917492,"Rc_est":0.07003937333552326},"26":{"Xc_est":0.11726600261616407,"Zc_est":0.12701651204056957,"Rc_est":0.048804497347867},"17":{"Xc_est":0.19249295827247773,"Zc_est":0.20216475456667204,"Rc_est":0.061782270956261334},"10":{"Xc_est":0.20984151725620637,"Zc_est":0.21938046471272568,"Rc_est":0.06398692001639646},"19":{"Xc_est":0.05248249969336853,"Zc_est":0.060471563854349875,"Rc_est":0.03003992777831343},"9":{"Xc_est":0.11246379841123205,"Zc_est":0.1492585287930049,"Rc_est":0.09813257595910765},"18":{"Xc_est":0.09636750428679186,"Zc_est":0.10247569063412594,"Rc_est":0.03485069997110875},"30":{"Xc_est":0.27174992746490584,"Zc_est":0.32786584967925686,"Rc_est":0.18343389084005024},"3":{"Xc_est":0.030091920795401687,"Zc_est":0.034573149709025926,"Rc_est":0.01702289586545106}}