{"24":{"Xc_est":0.19721930527817194,"Zc_est":0.21280069201987142,"Rc_est":0.07992921962418617},"4":{"Xc_est":0.03899466257974921,"Zc_est":0.06550322108684509,"Rc_est":0.0526316279725757},"1":{"Xc_est":0.22851072161707717,"Zc_est":0.2402474335941417,"Rc_est":0.07417330688741187},"12":{"Xc_est":0.11063112061391542,"Zc_est":0.13504746304029674,"Rc_est":0.07745045142108348},"29":{"Xc_est":0.22308556678794486,"Zc_est":0.23473233577498337,"Rc_est":0.07302122533401463},"20":{"Xc_est":0.06848685513827207,"Zc_est":0.07966552089124503,"Rc_est":0.04069577241118214},"2":{"Xc_est":0.24893373860188833,"Zc_est":0.2650509645029274,"Rc_est":0.09101652360763299},"6":{"Xc_est":0.08277578315301524,"Zc_est":0.09075641830831499,"Rc_est":0.0372142067973892},"25":{"Xc_est":0.18211453072039885,"Zc_est":0.1922619419656679,"Rc_est":0.061635639275493474},"23":{"Xc_est":0.22348520508679037,"Zc_est":0.2447988189121395,"Rc_est":0.09990407823554409},"22":{"Xc_est":0.19962454761033244,"Zc_est":0.21029249000278266,"Rc_est":0.0661284457925677},"11":{"Xc_est":0.24124959734119053,"Zc_est":0.25460616227381316,"Rc_est":0.08138138393092564},"13":{"Xc_est":0.25409130891744997,"Zc_est":0.26778478944852563,"Rc_est":0.08453579237582276},"5":{"Xc_est":0.08902655850094492,"Zc_est":0.14166026082775607,"Rc_est":0.11019029621189748},"15":{"Xc_est":0.14958810682475757,"Zc_est":0.15470408364357408,"Rc_est":0.039455694045129636},"27":{"Xc_est":0.10757225014947015,"Zc_est":0.12530916958945423,"Rc_est":0.06426973612034223},"28":{"Xc_est":0.1509034868145106,"Zc_est":0.15677232984978123,"Rc_est":0.04249354155341061},"16":{"Xc_est":0.2374987079229964,"Zc_est":0.2523899259854511,"Rc_est":0.08541099738235547},"14":{"Xc_est":0.07216902794301822,"Zc_est":0.09005432381477418,"Rc_est":0.05386476254005083},"21":{"Xc_est":0.05982996795230465,"Zc_est":0.07199801387977871,"Rc_est":0.04005107910480074},"7":{"Xc_est":0.026611312850941884,"Zc_est":0.04038250657073593,"Rc_est":0.03037408213073814},"8":{"Xc_est":0.20113036950579716,"Zc_est":0.2161597891837493,"Rc_est":0.07919361667725783},"26":{"Xc_est":0.1088931388201886,"Zc_est":0.1233939816359027,"Rc_est":0.05803756560925543},"17":{"Xc_est":0.18627319520084928,"Zc_est":0.19652319529800089,"Rc_est":0.06263914941793586},"10":{"Xc_est":0.20580300047931416,"Zc_est":0.21688261729243477,"Rc_est":0.06843387083402593},"19":{"Xc_est":0.046062646300780025,"Zc_est":0.054482864039215116,"Rc_est":0.029096650832782046},"9":{"Xc_est":0.10373594104107214,"Zc_est":0.1321543288589218,"Rc_est":0.08187564456219723},"18":{"Xc_est":0.08788152303423502,"Zc_est":0.09600639244008291,"Rc_est":0.03865314086257971},"30":{"Xc_est":0.26580936592282906,"Zc_est":0.3064719807222786,"Rc_est":0.15254656979276943},"3":{"Xc_est":0.03021251279705588,"Zc_est":0.03789044686175811,"Rc_est":0.022866788884131718}}