{"32":{"length_est":14.036154910569856,"length_true":20.051664},"29":{"length_est":3.676460076170121,"length_true":5.2521},"1":{"length_est":0.1485219929400952,"length_true":0.11424},"54":{"length_est":8.421799893770032,"length_true":6.4783},"2":{"length_est":14.05068164918312,"length_true":13.996288},"41":{"length_est":6.316839949482676,"length_true":4.8591},"53":{"length_est":20.625665710050278,"length_true":29.465251},"51":{"length_est":8.281326028540176,"length_true":11.830480000000001},"27":{"length_est":13.893291991637623,"length_true":10.68714},"42":{"length_est":5.476417273093986,"length_true":4.212621},"33":{"length_est":1.763990008300229,"length_true":2.52},"28":{"length_est":9.466269407612359,"length_true":12.29249},"52":{"length_est":12.543319969783399,"length_true":9.6487},"50":{"length_est":5.301539977517693,"length_true":4.0781},"26":{"length_est":10.499990041153227,"length_true":15.0},"10":{"length_est":10.241279969305234,"length_true":7.8779},"24":{"length_est":13.544579980752069,"length_true":10.4189},"25":{"length_est":13.088155697622447,"length_true":14.588000000000001},"23":{"length_est":5.382139312659095,"length_true":4.1401},"49":{"length_est":15.881836991437835,"length_true":12.21679},"5":{"length_est":16.93802199325822,"length_true":13.029240000000001},"31":{"length_est":5.707009968002712,"length_true":4.39},"43":{"length_est":8.339328004861988,"length_true":11.91334},"39":{"length_est":35.12732002221105,"length_true":50.1819},"34":{"length_est":8.692835018871579,"length_true":12.41835},"44":{"length_est":8.96662601422531,"length_true":12.809479999999999},"55":{"length_est":8.565414015348274,"length_true":12.23632},"17":{"length_est":12.203860049591256,"length_true":17.4341},"37":{"length_est":15.041808852513036,"length_true":16.546871},"47":{"length_est":7.101542656314739,"length_true":8.2743},"9":{"length_est":19.764039854239968,"length_true":15.2031},"12":{"length_est":9.369070011469244,"length_true":13.3844},"20":{"length_est":17.693399992596557,"length_true":13.610299999999999},"6":{"length_est":8.727310029096419,"length_true":12.467600000000001},"14":{"length_est":10.525199953777152,"length_true":8.0963},"7":{"length_est":10.759480005006305,"length_true":15.370700000000001},"57":{"length_est":15.457919977184464,"length_true":11.8907},"8":{"length_est":10.368180115504172,"length_true":14.8117},"19":{"length_est":6.348947279334214,"length_true":5.8071},"4":{"length_est":9.913070038674508,"length_true":11.83921},"22":{"length_est":9.3086740050121,"length_true":13.298119999999997},"11":{"length_est":16.161361695213344,"length_true":12.431809},"35":{"length_est":11.671841007806405,"length_true":11.80815},"13":{"length_est":9.341190028086181,"length_true":12.8793},"15":{"length_est":7.938329891615442,"length_true":6.1064},"16":{"length_est":24.634938874372715,"length_true":27.150599999999997},"40":{"length_est":25.668639989325037,"length_true":19.7451},"46":{"length_est":9.477919977131046,"length_true":7.2907},"21":{"length_est":13.828811957880475,"length_true":10.637540000000001},"38":{"length_est":12.838328953285925,"length_true":9.87563},"45":{"length_est":3.4255102295135056,"length_true":4.8936},"56":{"length_est":6.481549245164057,"length_true":4.9858},"36":{"length_est":64.98770953986848,"length_true":59.543393},"48":{"length_est":8.362400108468801,"length_true":11.9463},"18":{"length_est":14.319470052725052,"length_true":20.456400000000002},"30":{"length_est":14.113256115493618,"length_true":17.905369999999998},"3":{"length_est":10.32846200187473,"length_true":14.754960000000002}}