{"24":{"Xc_est":0.18457350085761032,"Zc_est":0.19988025264816783,"Rc_est":0.07671204716249673},"4":{"Xc_est":0.040776115973187116,"Zc_est":0.05921887345833621,"Rc_est":0.04294395580073675},"1":{"Xc_est":0.21448695947827268,"Zc_est":0.22594997334554348,"Rc_est":0.07105444861947512},"12":{"Xc_est":0.11846975830860243,"Zc_est":0.13639304222907972,"Rc_est":0.06758682071827948},"29":{"Xc_est":0.20956161503261933,"Zc_est":0.22101141686647474,"Rc_est":0.07021378703820871},"20":{"Xc_est":0.06633507855919646,"Zc_est":0.07457455443979395,"Rc_est":0.03407376589752044},"2":{"Xc_est":0.23321847663429146,"Zc_est":0.24882087994768143,"Rc_est":0.08672354037006874},"6":{"Xc_est":0.08820249804295052,"Zc_est":0.09637557881708345,"Rc_est":0.038840333820799905},"25":{"Xc_est":0.1701051569480077,"Zc_est":0.1799679462841372,"Rc_est":0.0587596568184648},"23":{"Xc_est":0.2116236470035307,"Zc_est":0.23172273620710007,"Rc_est":0.0943973437350348},"22":{"Xc_est":0.1867237894449727,"Zc_est":0.19733178993448655,"Rc_est":0.06382837749824005},"11":{"Xc_est":0.23033197681112896,"Zc_est":0.24631192141665106,"Rc_est":0.08727395424890542},"13":{"Xc_est":0.23917607601634513,"Zc_est":0.2525110783863319,"Rc_est":0.08097313980112011},"5":{"Xc_est":0.09385705412592654,"Zc_est":0.12947659851739812,"Rc_est":0.08919104750163209},"15":{"Xc_est":0.1373243672269754,"Zc_est":0.1420515087301786,"Rc_est":0.0363407388234033},"27":{"Xc_est":0.11458286994539826,"Zc_est":0.1269730124175852,"Rc_est":0.05470751134416735},"28":{"Xc_est":0.13875647950788192,"Zc_est":0.14431320268276682,"Rc_est":0.03966030588808013},"16":{"Xc_est":0.2229558775364894,"Zc_est":0.23746448087005226,"Rc_est":0.08173161167392548},"14":{"Xc_est":0.07758777315292391,"Zc_est":0.09049617006270752,"Rc_est":0.046579976955650165},"21":{"Xc_est":0.06652124519352935,"Zc_est":0.08532420339110346,"Rc_est":0.05343354397968321},"7":{"Xc_est":0.027514688064337944,"Zc_est":0.04252218613099588,"Rc_est":0.03242033704453483},"8":{"Xc_est":0.18803311478856363,"Zc_est":0.20271759316409096,"Rc_est":0.07574939155632048},"26":{"Xc_est":0.11602004060402135,"Zc_est":0.13065009846214698,"Rc_est":0.0600732753094913},"17":{"Xc_est":0.1739140931822913,"Zc_est":0.1838379185336473,"Rc_est":0.05958412945881851},"10":{"Xc_est":0.192376629639475,"Zc_est":0.2032949827603786,"Rc_est":0.06572733361470634},"19":{"Xc_est":0.053399850378870246,"Zc_est":0.06880583087543952,"Rc_est":0.043390071928655044},"9":{"Xc_est":0.11048812534880414,"Zc_est":0.1306346882698089,"Rc_est":0.06969789047207303},"18":{"Xc_est":0.09495769357192145,"Zc_est":0.10340247352640493,"Rc_est":0.04092808281461445},"30":{"Xc_est":0.25958326194852055,"Zc_est":0.3035488806849304,"Rc_est":0.15734819058775315},"3":{"Xc_est":0.030492340464699716,"Zc_est":0.03830553130703812,"Rc_est":0.023184712672347573}}