linecode_id,linecode_name,A_p_est,dist_est,x_est,r_est,scenario_id
10,ugsc_16al_xlpe/pvc_ug_2w_bundled,"[16.40136792292064, 16.46862978163525]",[2.00052997936601],[0.8273334641589069 0.8200483078360846; 0.8200483078360846 0.8272057830118827],[2.741391736724485 0.049348; 0.049348 2.730396780381789],1
11,uglv_185al_xlpe/nyl/pvc_ug_2w_bundled,"[24.88309988940142, 64.93151699875453]",[2.001067326729166],[0.8130241353718575 0.8200314332696842; 0.8200314332696842 0.7839958851429805],[1.8845506588766991 0.049348; 0.049348 0.7526356049854175],1
13,uglv_240al_xlpe/nyl/pvc_ug_4w_bundled,"[298.5629745895596, 297.6175978407068, 296.53661211490845, 258.2265078613631]","[62.621473431102764, 39.27302330289337, 51.67464512422227, 33.0469186994819, 69.88673436175338, 20.46388344494731]",[0.7362484060408441 0.6036739938398326 0.6329895447174873 0.6438349462511832; 0.6036739938398326 0.7363479771932875 0.615746597607588 0.5967770756413321; 0.6329895447174873 0.615746597607588 0.7364622290107576 0.6739482366514583; 0.6438349462511832 0.5967770756413321 0.6739482366514583 0.7407382750811861],[0.19362748815686948 0.049348 0.049348 0.049348; 0.049348 0.19408578926012912 0.049348 0.049348; 0.049348 0.049348 0.194613412082343 0.049348; 0.049348 0.049348 0.049348 0.21616477459504294],1
