{"24":{"Xc_est":0.20179150056079095,"Zc_est":0.20957862209987876,"Rc_est":0.056598490639840425},"4":{"Xc_est":0.04221121810329097,"Zc_est":0.0689888828438596,"Rc_est":0.05456811360382715},"1":{"Xc_est":0.2304588631496622,"Zc_est":0.23872590141782124,"Rc_est":0.06227975917998215},"12":{"Xc_est":0.11898631182650979,"Zc_est":0.14082581275392636,"Rc_est":0.07532706774943854},"29":{"Xc_est":0.22590910407695,"Zc_est":0.23403184466841856,"Rc_est":0.06112267184975286},"20":{"Xc_est":0.07004730205982368,"Zc_est":0.07325367505068783,"Rc_est":0.02143540021953374},"2":{"Xc_est":0.25053547399532755,"Zc_est":0.2598769268563735,"Rc_est":0.06905065808701212},"6":{"Xc_est":0.08424320381418965,"Zc_est":0.08762767304058197,"Rc_est":0.024118285462031472},"25":{"Xc_est":0.18711888191500747,"Zc_est":0.19391051887516786,"Rc_est":0.05087055495386619},"23":{"Xc_est":0.22626195048915568,"Zc_est":0.2455064207463893,"Rc_est":0.09528343186801153},"22":{"Xc_est":0.20247049910728293,"Zc_est":0.20977677659149804,"Rc_est":0.054881627056484215},"11":{"Xc_est":0.24199617815420654,"Zc_est":0.2507040596908353,"Rc_est":0.06550095651380564},"13":{"Xc_est":0.25592918014118726,"Zc_est":0.2651812550377439,"Rc_est":0.06943596168883016},"5":{"Xc_est":0.09089020757103564,"Zc_est":0.13732834872009628,"Rc_est":0.1029468092263302},"15":{"Xc_est":0.1550041140118507,"Zc_est":0.1602483271199339,"Rc_est":0.04066018917981728},"27":{"Xc_est":0.11483772056973048,"Zc_est":0.1290589649188041,"Rc_est":0.0588940944430051},"28":{"Xc_est":0.1562383032733943,"Zc_est":0.16161428892314422,"Rc_est":0.04133728310356655},"16":{"Xc_est":0.23917907924454618,"Zc_est":0.2480469187903127,"Rc_est":0.06573159037402858},"14":{"Xc_est":0.07407547264945179,"Zc_est":0.09007816568912473,"Rc_est":0.05125329536408102},"21":{"Xc_est":0.061354242877937205,"Zc_est":0.06434041098507316,"Rc_est":0.019373832006167883},"7":{"Xc_est":0.025905879265028464,"Zc_est":0.027719709629988255,"Rc_est":0.009862439935261043},"8":{"Xc_est":0.20575564650157832,"Zc_est":0.213613842186936,"Rc_est":0.05740633681557063},"26":{"Xc_est":0.11282322273960708,"Zc_est":0.11767591874995785,"Rc_est":0.033444614877371354},"17":{"Xc_est":0.1925221095407916,"Zc_est":0.1995866006524191,"Rc_est":0.052631250203198324},"10":{"Xc_est":0.2086282702677119,"Zc_est":0.2161658996970179,"Rc_est":0.05658569639868155},"19":{"Xc_est":0.04968233094090543,"Zc_est":0.0521605981642524,"Rc_est":0.015886912636851817},"9":{"Xc_est":0.10754622786545648,"Zc_est":0.13285765612151332,"Rc_est":0.07800618989550506},"18":{"Xc_est":0.09126601935768296,"Zc_est":0.09488963742241097,"Rc_est":0.025972235189903367},"30":{"Xc_est":0.2682383632288879,"Zc_est":0.30551482849662115,"Rc_est":0.14624462699055657},"3":{"Xc_est":0.02976186536736071,"Zc_est":0.031322419658261366,"Rc_est":0.009763469829078861}}