linecode_id,linecode_name,A_p_est,dist_est,x_est,r_est,scenario_id
11,uglv_240al_xlpe/nyl/pvc_ug_4w_bundled,"[299.9999336921382, 300.0000028455663, 270.88030263283457, 246.38866285869835]","[23.53690355310864, 30.672763345374253, 38.04905260632054, 39.27606653359439, 24.26913100272699, 32.02145051132382]",[0.7360975899249681 0.6651575369331878 0.6485192765016592 0.6329846761118317; 0.6651575369331878 0.7360975826832203 0.6349789106334722 0.6632326371246791; 0.6485192765016592 0.6349789106334722 0.739305327454433 0.6458155568976343; 0.6329846761118317 0.6632326371246791 0.6458155568976343 0.7422825217499678],[0.19293640892471486 0.049348 0.049348 0.049348; 0.049348 0.19293637582594614 0.049348 0.049348; 0.049348 0.049348 0.20837216210292803 0.049348; 0.049348 0.049348 0.049348 0.22417955538320394],1
9,uglv_185al_xlpe/nyl/pvc_ug_2w_bundled,"[123.49253324716472, 21.262080145242518]",[45.16950729470293],[0.7639824805002128 0.6242003288139034; 0.6242003288139034 0.8192512507677009],[0.41913174220185845 0.049348; 0.049348 2.1970932237118883],1
8,ugsc_16al_xlpe/pvc_ug_2w_bundled,"[13.578973806272451, 13.57897059212658]",[3.52053977066746],[0.833338268688541 0.7845355240442241; 0.7845355240442241 0.8333382761247154],[3.300933901890243 0.049348; 0.049348 3.3009346715414716],1
