linecode_id,linecode_name,A_p_est,dist_est,x_est,r_est,scenario_id
10,ugsc_16al_xlpe/pvc_ug_2w_bundled,"[10.000015559272038, 27.416701721260722]",[2.0000013436690627],[0.8429495510425352 0.8200649132495268; 0.8200649132495268 0.811264450048638],[4.464661109155459 0.049348; 0.049348 1.6597969970933695],1
11,uglv_185al_xlpe/nyl/pvc_ug_2w_bundled,"[38.78346775042518, 38.78409876228453]",[22.207862347029728],[0.8003680715986174 0.6688095317888645; 0.6688095317888645 0.8003675604605358],[1.226796374961864 0.049348; 0.049348 1.2267772180415775],1
13,uglv_240al_xlpe/nyl/pvc_ug_4w_bundled,"[298.83653570572164, 299.9458325588385, 285.4244620043558, 250.7592520547171]","[30.700236725143217, 27.606620077293858, 24.022611491301443, 30.093301062593845, 42.28385838629682, 19.792934186431726]",[0.7362196578316244 0.6484630235073143 0.6551367095366802 0.6497176387181283; 0.6484630235073143 0.7361032559078083 0.6638741318270486 0.6283482980889312; 0.6551367095366802 0.6638741318270486 0.7376622588086478 0.6760428377850224; 0.6497176387181283 0.6283482980889312 0.6760428377850224 0.7417301309480364],[0.19349541174350096 0.049348 0.049348 0.049348; 0.049348 0.1929623079198276 0.049348 0.049348; 0.049348 0.049348 0.200268887627763 0.049348; 0.049348 0.049348 0.049348 0.22113234216646388],1
