{"32":{"length_est":14.03615493196668,"length_true":20.051664},"29":{"length_est":3.6764601793624765,"length_true":5.2521},"1":{"length_est":0.1485219914969545,"length_true":0.11424},"54":{"length_est":8.421799865706076,"length_true":6.4783},"2":{"length_est":13.740145336359765,"length_true":13.996288},"41":{"length_est":6.316839900102162,"length_true":4.8591},"53":{"length_est":20.62566571189226,"length_true":29.465251},"51":{"length_est":8.281326034660504,"length_true":11.830480000000001},"27":{"length_est":13.893291989887055,"length_true":10.68714},"42":{"length_est":5.47641667476999,"length_true":4.212621},"33":{"length_est":1.76399001148855,"length_true":2.52},"28":{"length_est":10.312125972005676,"length_true":12.29249},"52":{"length_est":6.754080076697799,"length_true":9.6487},"50":{"length_est":5.301539958773078,"length_true":4.0781},"26":{"length_est":10.499990016244125,"length_true":15.0},"10":{"length_est":5.514520025997639,"length_true":7.8779},"24":{"length_est":7.2932201543112285,"length_true":10.4189},"25":{"length_est":10.211590020990291,"length_true":14.588000000000001},"23":{"length_est":5.382139722546105,"length_true":4.1401},"49":{"length_est":15.881836989702265,"length_true":12.21679},"5":{"length_est":16.9380219919501,"length_true":13.029240000000001},"31":{"length_est":5.707009857389755,"length_true":4.39},"43":{"length_est":8.339328005582546,"length_true":11.91334},"39":{"length_est":35.12732003037137,"length_true":50.1819},"34":{"length_est":8.69283501783198,"length_true":12.41835},"44":{"length_est":8.966626016953647,"length_true":12.809479999999999},"55":{"length_est":8.565414127265756,"length_true":12.23632},"17":{"length_est":12.203860167065907,"length_true":17.4341},"37":{"length_est":15.323812584694231,"length_true":16.546871},"47":{"length_est":5.792000051308815,"length_true":8.2743},"9":{"length_est":19.764039855462016,"length_true":15.2031},"12":{"length_est":9.369070011178188,"length_true":13.3844},"20":{"length_est":17.6933999942359,"length_true":13.610299999999999},"6":{"length_est":8.727310021940381,"length_true":12.467600000000001},"14":{"length_est":6.119791626349661,"length_true":8.0963},"7":{"length_est":10.75948000602091,"length_true":15.370700000000001},"57":{"length_est":15.457919982691848,"length_true":11.8907},"8":{"length_est":10.368180048196624,"length_true":14.8117},"19":{"length_est":7.5492397214102835,"length_true":5.8071},"4":{"length_est":8.287437009826952,"length_true":11.83921},"22":{"length_est":9.308674005938702,"length_true":13.298119999999997},"11":{"length_est":16.16136169252997,"length_true":12.431809},"35":{"length_est":15.350604966196745,"length_true":11.80815},"13":{"length_est":11.318131077897366,"length_true":12.8793},"15":{"length_est":7.938329890629961,"length_true":6.1064},"16":{"length_est":33.50416451188941,"length_true":27.150599999999997},"40":{"length_est":25.66863998704283,"length_true":19.7451},"46":{"length_est":5.103480290689287,"length_true":7.2907},"21":{"length_est":13.828811636408691,"length_true":10.637540000000001},"38":{"length_est":11.744527300636026,"length_true":9.87563},"45":{"length_est":6.3616898273745095,"length_true":4.8936},"56":{"length_est":6.481549876855579,"length_true":4.9858},"36":{"length_est":57.47396547783739,"length_true":59.543393},"48":{"length_est":8.362400120148509,"length_true":11.9463},"18":{"length_est":14.319470010504599,"length_true":20.456400000000002},"30":{"length_est":12.533749008707613,"length_true":17.905369999999998},"3":{"length_est":10.328462005759528,"length_true":14.754960000000002}}