linecode_id,linecode_name,A_p_est,dist_est,x_est,r_est,scenario_id
11,uglv_240al_xlpe/nyl/pvc_ug_4w_bundled,"[300.0000026214118, 300.00000293080603, 267.9964679554343, 240.47765911817635]","[13.406960527678887, 24.131213086486706, 27.115458902859874, 30.66704346138607, 18.061033546027446, 32.84819049944095]",[0.7360975827066938 0.7005191062347703 0.6635907206106879 0.6485309945611215; 0.7005191062347703 0.736097582674294 0.6562646443024936 0.6817962534360769; 0.6635907206106879 0.6562646443024936 0.7396415802679769 0.6442139281899862; 0.6485309945611215 0.6817962534360769 0.6442139281899862 0.7430453973489441],[0.19293637593323273 0.049348 0.049348 0.049348; 0.049348 0.19293637578514802 0.049348 0.049348; 0.049348 0.049348 0.21008337642121974 0.049348; 0.049348 0.049348 0.049348 0.2284769607289685],1
9,uglv_185al_xlpe/nyl/pvc_ug_2w_bundled,"[24.938481378892305, 24.938481379000972]",[99.99992914526806],[0.8142408123234084 0.5742647705046197; 0.5742647705046197 0.8142408123232715],[1.880475179892151 0.049348; 0.049348 1.8804751798841721],1
8,ugsc_16al_xlpe/pvc_ug_2w_bundled,"[12.425133129136523, 12.425128472019622]",[68.4253507539575],[0.8361280492669432 0.5981048709947968; 0.5981048709947968 0.8361280610421096],[3.6028873731174285 0.049348; 0.049348 3.6028887050351073],1
