{"32":{"length_est":14.036154918707751,"length_true":20.051664},"29":{"length_est":3.6764601619632127,"length_true":5.2521},"1":{"length_est":0.14852199243237046,"length_true":0.11424},"54":{"length_est":8.421799900763487,"length_true":6.4783},"2":{"length_est":15.735731101194743,"length_true":13.996288},"41":{"length_est":6.31683995485708,"length_true":4.8591},"53":{"length_est":20.625665708479257,"length_true":29.465251},"51":{"length_est":8.281326032731387,"length_true":11.830480000000001},"27":{"length_est":13.893291991064164,"length_true":10.68714},"42":{"length_est":5.476417232028128,"length_true":4.212621},"33":{"length_est":1.7639900086074376,"length_true":2.52},"28":{"length_est":8.604733911401338,"length_true":12.29249},"52":{"length_est":12.543319978239243,"length_true":9.6487},"50":{"length_est":5.30153997733326,"length_true":4.0781},"26":{"length_est":10.49999003712886,"length_true":15.0},"10":{"length_est":10.24127997760132,"length_true":7.8779},"24":{"length_est":13.544579975091635,"length_true":10.4189},"25":{"length_est":15.98353325324567,"length_true":14.588000000000001},"23":{"length_est":5.382139713514982,"length_true":4.1401},"49":{"length_est":15.881836990725068,"length_true":12.21679},"5":{"length_est":16.93802199269908,"length_true":13.029240000000001},"31":{"length_est":5.707009968438164,"length_true":4.39},"43":{"length_est":8.339328005670726,"length_true":11.91334},"39":{"length_est":35.1273200223058,"length_true":50.1819},"34":{"length_est":8.692835021967928,"length_true":12.41835},"44":{"length_est":8.96662601526688,"length_true":12.809479999999999},"55":{"length_est":8.565414025070387,"length_true":12.23632},"17":{"length_est":12.203860048885147,"length_true":17.4341},"37":{"length_est":16.12047095674245,"length_true":16.546871},"47":{"length_est":5.792000137556591,"length_true":8.2743},"9":{"length_est":19.764039927293236,"length_true":15.2031},"12":{"length_est":9.369070008872022,"length_true":13.3844},"20":{"length_est":17.693399991072734,"length_true":13.610299999999999},"6":{"length_est":8.727310031791266,"length_true":12.467600000000001},"14":{"length_est":10.525199932288139,"length_true":8.0963},"7":{"length_est":10.759480005574881,"length_true":15.370700000000001},"57":{"length_est":15.457919980870996,"length_true":11.8907},"8":{"length_est":10.368180042134368,"length_true":14.8117},"19":{"length_est":7.549239882677359,"length_true":5.8071},"4":{"length_est":11.009693031342323,"length_true":11.83921},"22":{"length_est":9.3086740053031,"length_true":13.298119999999997},"11":{"length_est":16.161361695405997,"length_true":12.431809},"35":{"length_est":12.39338471415055,"length_true":11.80815},"13":{"length_est":9.124030870250541,"length_true":12.8793},"15":{"length_est":7.938329942741677,"length_true":6.1064},"16":{"length_est":26.398480083295187,"length_true":27.150599999999997},"40":{"length_est":25.668639986585866,"length_true":19.7451},"46":{"length_est":9.477919980792727,"length_true":7.2907},"21":{"length_est":13.82881197047125,"length_true":10.637540000000001},"38":{"length_est":12.838328975490102,"length_true":9.87563},"45":{"length_est":6.361689943032653,"length_true":4.8936},"56":{"length_est":6.481549921569252,"length_true":4.9858},"36":{"length_est":58.08658503690201,"length_true":59.543393},"48":{"length_est":14.809712424188342,"length_true":11.9463},"18":{"length_est":14.319470030266247,"length_true":20.456400000000002},"30":{"length_est":14.451809776011606,"length_true":17.905369999999998},"3":{"length_est":10.328462002083551,"length_true":14.754960000000002}}