{"32":{"Xc_est":0.20130692559049584,"Zc_est":0.21670871323003693,"Rc_est":0.08023832063995946},"29":{"Xc_est":0.1119657840232893,"Zc_est":0.14961410072774256,"Rc_est":0.0992373031909938},"1":{"Xc_est":0.1479057807478007,"Zc_est":0.17966829391857947,"Rc_est":0.10200282280896233},"54":{"Xc_est":0.10072283744569432,"Zc_est":0.12047719332184038,"Rc_est":0.0661034350665405},"2":{"Xc_est":0.1742292275744373,"Zc_est":0.20690645010993544,"Rc_est":0.11159953116348717},"41":{"Xc_est":0.08686408219455251,"Zc_est":0.09254247356939492,"Rc_est":0.03191771669214738},"51":{"Xc_est":0.11258379654421097,"Zc_est":0.13825966654252794,"Rc_est":0.08025349928908226},"53":{"Xc_est":0.11217735695843799,"Zc_est":0.12732409923250934,"Rc_est":0.060230115649806515},"27":{"Xc_est":0.15352065499746095,"Zc_est":0.16589514915904977,"Rc_est":0.06286977814223568},"42":{"Xc_est":0.18022806992887377,"Zc_est":0.19236134115696027,"Rc_est":0.06723636204775987},"33":{"Xc_est":0.09608772626935366,"Zc_est":0.12563382060505263,"Rc_est":0.08093828352645185},"28":{"Xc_est":0.13095307730854625,"Zc_est":0.1464314241782829,"Rc_est":0.0655244498664592},"50":{"Xc_est":0.17172697602990572,"Zc_est":0.18578081586971168,"Rc_est":0.0708827006316767},"52":{"Xc_est":0.04891987262678245,"Zc_est":0.05336866860127254,"Rc_est":0.02133215531660677},"26":{"Xc_est":0.1667755633290614,"Zc_est":0.17599042805514173,"Rc_est":0.05620090963059443},"10":{"Xc_est":0.15024613825407376,"Zc_est":0.16500932121506534,"Rc_est":0.06822150707507399},"24":{"Xc_est":0.10495199437552392,"Zc_est":0.11252160784874167,"Rc_est":0.04057328073333479},"25":{"Xc_est":0.0968590593054287,"Zc_est":0.11957438763174455,"Rc_est":0.07011673700318742},"23":{"Xc_est":0.084496276025242,"Zc_est":0.09156461113291392,"Rc_est":0.03527686706310323},"49":{"Xc_est":0.14641810192149157,"Zc_est":0.15738245822080277,"Rc_est":0.05771462193699649},"5":{"Xc_est":0.08591574330886001,"Zc_est":0.09574852614086457,"Rc_est":0.042264232038851754},"31":{"Xc_est":0.1398118042540429,"Zc_est":0.14691141668003685,"Rc_est":0.045117887164234545},"43":{"Xc_est":0.13547864800008183,"Zc_est":0.14933729430560932,"Rc_est":0.06282645467150041},"39":{"Xc_est":0.06689127663376315,"Zc_est":0.08249612586397642,"Rc_est":0.048282169512879294},"34":{"Xc_est":0.11388660499259903,"Zc_est":0.12556404753980951,"Rc_est":0.05287883544329675},"44":{"Xc_est":0.22304249646673754,"Zc_est":0.24141551151870194,"Rc_est":0.09237691254703134},"55":{"Xc_est":0.09067088482048971,"Zc_est":0.10205734993743956,"Rc_est":0.046845419435868896},"17":{"Xc_est":0.1373456289624317,"Zc_est":0.16836903383706556,"Rc_est":0.09738742095435617},"37":{"Xc_est":0.17535490013055285,"Zc_est":0.19652205716268506,"Rc_est":0.08872191359330281},"47":{"Xc_est":0.2039381699346123,"Zc_est":0.22131717465360307,"Rc_est":0.08596810245884595},"9":{"Xc_est":0.023204604097160745,"Zc_est":0.035145272856452164,"Rc_est":0.02639576770712502},"12":{"Xc_est":0.15475760912879233,"Zc_est":0.16858592223048044,"Rc_est":0.0668677470163421},"20":{"Xc_est":0.15670737405261992,"Zc_est":0.1691089774548467,"Rc_est":0.06356606935587665},"6":{"Xc_est":0.10744143226299173,"Zc_est":0.11793010039954457,"Rc_est":0.04861941190022381},"14":{"Xc_est":0.11437244055016697,"Zc_est":0.12676765084262923,"Rc_est":0.05467158441784243},"7":{"Xc_est":0.14270080923781142,"Zc_est":0.15506675588107618,"Rc_est":0.06068095106666531},"8":{"Xc_est":0.1001486505139876,"Zc_est":0.10798684406748905,"Rc_est":0.04039067085210851},"19":{"Xc_est":0.08566262351183385,"Zc_est":0.09511188922603475,"Rc_est":0.04133021177317286},"4":{"Xc_est":0.18829007270053905,"Zc_est":0.1994600333506679,"Rc_est":0.06581149919790058},"22":{"Xc_est":0.07305174673104886,"Zc_est":0.09376952383471943,"Rc_est":0.05878916481574395},"11":{"Xc_est":0.03579557914640814,"Zc_est":0.04515333460000135,"Rc_est":0.02752272041555685},"35":{"Xc_est":0.14635599055655196,"Zc_est":0.16224021701138208,"Rc_est":0.07001294197582919},"13":{"Xc_est":0.17304849914946,"Zc_est":0.20000433892680763,"Rc_est":0.10027937241361595},"15":{"Xc_est":0.021301089277064346,"Zc_est":0.027615901978753975,"Rc_est":0.01757559779099084},"16":{"Xc_est":0.15974843478558814,"Zc_est":0.17638809432159655,"Rc_est":0.07478768215394256},"40":{"Xc_est":0.15339067840875215,"Zc_est":0.16871021566203132,"Rc_est":0.07024554538212295},"21":{"Xc_est":0.1899941782446606,"Zc_est":0.2037509939617058,"Rc_est":0.0735980962628735},"38":{"Xc_est":0.050948149239983476,"Zc_est":0.05853296633096378,"Rc_est":0.028816561844226166},"46":{"Xc_est":0.12844008783702737,"Zc_est":0.1460928376829068,"Rc_est":0.06961509217591283},"45":{"Xc_est":0.180659546651553,"Zc_est":0.19261788356448178,"Rc_est":0.06681150553995623},"36":{"Xc_est":0.17166914822979568,"Zc_est":0.18564602990519907,"Rc_est":0.07066931417254951},"48":{"Xc_est":0.10625659015335387,"Zc_est":0.12141046491056136,"Rc_est":0.05873702442906717},"18":{"Xc_est":0.08911322923156954,"Zc_est":0.10227972935855192,"Rc_est":0.05019935670484601},"30":{"Xc_est":0.22500850235271674,"Zc_est":0.2457166800913532,"Rc_est":0.0987312551530865},"3":{"Xc_est":0.03325789149189861,"Zc_est":0.039318220955640054,"Rc_est":0.020972247200279487}}