linecode_id,linecode_name,A_p_est,dist_est,x_est,r_est,scenario_id
4,hydrogen,"[164.98927691568417, 158.93868333377068, 299.9999825494272, 126.86490787605896]","[672.9524939009382, 657.8782744168053, 431.3485350992768]",[0.7548812719385455 0.45447523193570233 0.41163110113197 0.3939911491684694; 0.45447523193570233 0.7560550363724265 0.4558986794396394 0.4242185680478278; 0.41163110113197 0.4558986794396394 0.7360975848086321 0.48242028601702336; 0.3939911491684694 0.4242185680478278 0.48242028601702336 0.7631360672322972],[0.1950988113038896 0.049348 0.049348 0.049348; 0.049348 0.20064735936617634 0.049348 0.049348; 0.049348 0.049348 0.12950574121900524 0.049348; 0.049348 0.049348 0.049348 0.23889861229694953],1
1,pluto,"[191.99684462310003, 205.1680732813473, 99.11751887050059, 300.00000263996236]","[458.65893587055103, 1199.9999569345946, 901.8699292388455]",[0.7501186549001702 0.4785630015568867 0.3977951180615049 0.3705131854209656; 0.4785630015568867 0.7480341852279283 0.4181330736205837 0.3829153700772522; 0.3977951180615049 0.4181330736205837 0.7708900574550686 0.4360783007788018; 0.3705131854209656 0.3829153700772522 0.4360783007788018 0.7360975827047511],[0.29224422783076565 0.049348 0.049348 0.049348; 0.049348 0.27665095493105085 0.049348 0.049348; 0.049348 0.049348 0.5198532128604103 0.049348; 0.049348 0.049348 0.049348 0.20479902967991917],1
10,tw2x16_lv_oh_2w_bundled,"[11.914785182342477, 11.914785642856158]",[2.7941705202769005],[0.8374456741737117 0.7990546817791936; 0.7990546817791936 0.8374456729594644],[3.090201715840197 0.049348; 0.049348 3.0902015983093594],1
7,abc2x16_lv_oh_2w_bundled,"[17.06671311538972, 17.066722294187446]",[41.074610302029086],[0.8261563382252415 0.6301713835472897; 0.6301713835472897 0.8261563213291339],[2.6702261965164196 0.049348; 0.049348 2.6702247869598326],1
