{"24":{"shunt_est":{"gs":11.537066427064037},"shunt_true":{"gs":1.1537066666666667}},"4":{"shunt_est":{"gs":0.5768544174081041},"shunt_true":{"gs":5.768533333333333}},"1":{"shunt_est":{"gs":11.53706638072332},"shunt_true":{"gs":0.7210666666666666}},"12":{"shunt_est":{"gs":11.537063683158637},"shunt_true":{"gs":1.9228444444444444}},"29":{"shunt_est":{"gs":11.537065622197531},"shunt_true":{"gs":0.7210666666666666}},"20":{"shunt_est":{"gs":0.5768583870195478},"shunt_true":{"gs":1.1537066666666667}},"2":{"shunt_est":{"gs":0.5768549308830422},"shunt_true":{"gs":0.7210666666666666}},"6":{"shunt_est":{"gs":11.53706144166512},"shunt_true":{"gs":0.8240761904761905}},"25":{"shunt_est":{"gs":11.537064885270897},"shunt_true":{"gs":0.7210666666666666}},"23":{"shunt_est":{"gs":0.5768538969787926},"shunt_true":{"gs":2.8842666666666665}},"22":{"shunt_est":{"gs":0.5768536426008165},"shunt_true":{"gs":1.4421333333333333}},"11":{"shunt_est":{"gs":11.537049616370506},"shunt_true":{"gs":0.9614222222222222}},"13":{"shunt_est":{"gs":6.807107542128597},"shunt_true":{"gs":2.8842666666666665}},"5":{"shunt_est":{"gs":0.5768539685413232},"shunt_true":{"gs":0.9614222222222222}},"15":{"shunt_est":{"gs":11.537063655904596},"shunt_true":{"gs":1.9228444444444444}},"27":{"shunt_est":{"gs":11.537062807765427},"shunt_true":{"gs":2.8842666666666665}},"28":{"shunt_est":{"gs":11.537065658089972},"shunt_true":{"gs":1.1537066666666667}},"16":{"shunt_est":{"gs":0.5768540400896487},"shunt_true":{"gs":1.4421333333333333}},"14":{"shunt_est":{"gs":0.5768542747759976},"shunt_true":{"gs":1.1537066666666667}},"21":{"shunt_est":{"gs":0.5768556561392303},"shunt_true":{"gs":1.1537066666666667}},"7":{"shunt_est":{"gs":0.5768656599632553},"shunt_true":{"gs":5.768533333333333}},"8":{"shunt_est":{"gs":10.545302772927421},"shunt_true":{"gs":2.8842666666666665}},"26":{"shunt_est":{"gs":0.5768540979469083},"shunt_true":{"gs":0.7210666666666666}},"17":{"shunt_est":{"gs":0.5768575609860942},"shunt_true":{"gs":1.1537066666666667}},"10":{"shunt_est":{"gs":0.5768546174622234},"shunt_true":{"gs":0.7210666666666666}}}