{"24":{"Xc_est":0.19561144066767247,"Zc_est":0.22671019995747166,"Rc_est":0.11460226457044569},"4":{"Xc_est":0.04867661473217237,"Zc_est":0.0682637305711928,"Rc_est":0.047859420072876586},"1":{"Xc_est":0.21910881634844728,"Zc_est":0.24266721080486886,"Rc_est":0.10430101532677932},"12":{"Xc_est":0.10962029375488508,"Zc_est":0.129920703243276,"Rc_est":0.06973363842737658},"29":{"Xc_est":0.21065981410085538,"Zc_est":0.22896547497502714,"Rc_est":0.0897085918601604},"20":{"Xc_est":0.06648157527460441,"Zc_est":0.08520605545430791,"Rc_est":0.05329420264052838},"2":{"Xc_est":0.23711078352435697,"Zc_est":0.2661751274014354,"Rc_est":0.12094492458816075},"6":{"Xc_est":0.08401309101821208,"Zc_est":0.10121469688346034,"Rc_est":0.05644657122249648},"25":{"Xc_est":0.18206143999494426,"Zc_est":0.19900345413892967,"Rc_est":0.08034928018465623},"23":{"Xc_est":0.2113857771887386,"Zc_est":0.23148494756836074,"Rc_est":0.09434688205256006},"22":{"Xc_est":0.19565642897981242,"Zc_est":0.21290079904081652,"Rc_est":0.08393635702772521},"11":{"Xc_est":0.22729149714081784,"Zc_est":0.2459314684712345,"Rc_est":0.0939194469314178},"13":{"Xc_est":0.24243217865961286,"Zc_est":0.2645085766413051,"Rc_est":0.10578953571673683},"5":{"Xc_est":0.09005004418537908,"Zc_est":0.13110792345314973,"Rc_est":0.09529048816334315},"15":{"Xc_est":0.14850703896777392,"Zc_est":0.15425070077144262,"Rc_est":0.041700576321019915},"27":{"Xc_est":0.10518547493298697,"Zc_est":0.11823873715162364,"Rc_est":0.05400384084796855},"28":{"Xc_est":0.1499838898328517,"Zc_est":0.15758849571471784,"Rc_est":0.04836286563299},"16":{"Xc_est":0.22533236051018127,"Zc_est":0.25167931284157824,"Rc_est":0.11210621668452958},"14":{"Xc_est":0.073070485136241,"Zc_est":0.08777590694409595,"Rc_est":0.04863449436164599},"21":{"Xc_est":0.07119982323818061,"Zc_est":0.11961682730069305,"Rc_est":0.09611852341945158},"7":{"Xc_est":0.027393243941400636,"Zc_est":0.06359174194253218,"Rc_est":0.05738919610564801},"8":{"Xc_est":0.19949823255528762,"Zc_est":0.2287580680719074,"Rc_est":0.11194064907489058},"26":{"Xc_est":0.10471305305115719,"Zc_est":0.1393452732283722,"Rc_est":0.09193629148380547},"17":{"Xc_est":0.18525429243160116,"Zc_est":0.2037787196210024,"Rc_est":0.08489177643353868},"10":{"Xc_est":0.1997721489298449,"Zc_est":0.21771092406789724,"Rc_est":0.0865397883661012},"19":{"Xc_est":0.06358663101204505,"Zc_est":0.10613261566165105,"Rc_est":0.08497571690619485},"9":{"Xc_est":0.09902030982510758,"Zc_est":0.12231883164224264,"Rc_est":0.07181138361334505},"18":{"Xc_est":0.09187798015543423,"Zc_est":0.11925309345688291,"Rc_est":0.07602458195605999},"30":{"Xc_est":0.258974866330342,"Zc_est":0.302216654679518,"Rc_est":0.15577844836453003},"3":{"Xc_est":0.03793713028657869,"Zc_est":0.056880062846078216,"Rc_est":0.042380605174925964}}