{"24":{"shunt_est":{"gs":11.537066096451962},"shunt_true":{"gs":5.768533333333333}},"4":{"shunt_est":{"gs":0.5768575653494366},"shunt_true":{"gs":1.1537066666666667}},"1":{"shunt_est":{"gs":11.537065976767582},"shunt_true":{"gs":2.8842666666666665}},"12":{"shunt_est":{"gs":11.53706632221146},"shunt_true":{"gs":1.4421333333333333}},"29":{"shunt_est":{"gs":11.537066412219142},"shunt_true":{"gs":1.9228444444444444}},"20":{"shunt_est":{"gs":0.5768564212341284},"shunt_true":{"gs":5.768533333333333}},"2":{"shunt_est":{"gs":11.537019096959042},"shunt_true":{"gs":1.1537066666666667}},"6":{"shunt_est":{"gs":11.537066196027776},"shunt_true":{"gs":1.1537066666666667}},"25":{"shunt_est":{"gs":11.537066497270043},"shunt_true":{"gs":0.9614222222222222}},"23":{"shunt_est":{"gs":11.537065829868315},"shunt_true":{"gs":5.768533333333333}},"22":{"shunt_est":{"gs":11.53706429716323},"shunt_true":{"gs":0.7210666666666666}},"11":{"shunt_est":{"gs":11.537066240337685},"shunt_true":{"gs":0.7210666666666666}},"13":{"shunt_est":{"gs":11.537066456906881},"shunt_true":{"gs":1.9228444444444444}},"5":{"shunt_est":{"gs":0.5768537333945635},"shunt_true":{"gs":1.9228444444444444}},"15":{"shunt_est":{"gs":11.537066111858223},"shunt_true":{"gs":0.8240761904761905}},"27":{"shunt_est":{"gs":11.53706500672908},"shunt_true":{"gs":0.7210666666666666}},"28":{"shunt_est":{"gs":11.537066200717472},"shunt_true":{"gs":2.8842666666666665}},"16":{"shunt_est":{"gs":11.537065231433152},"shunt_true":{"gs":1.4421333333333333}},"14":{"shunt_est":{"gs":0.5768553725192107},"shunt_true":{"gs":0.7210666666666666}},"21":{"shunt_est":{"gs":0.5768547941943176},"shunt_true":{"gs":1.9228444444444444}},"7":{"shunt_est":{"gs":11.537053063056232},"shunt_true":{"gs":1.4421333333333333}},"8":{"shunt_est":{"gs":11.53706633405067},"shunt_true":{"gs":0.8240761904761905}},"26":{"shunt_est":{"gs":0.5768536391804236},"shunt_true":{"gs":1.1537066666666667}},"17":{"shunt_est":{"gs":11.537066318340592},"shunt_true":{"gs":1.9228444444444444}},"10":{"shunt_est":{"gs":11.53706624968178},"shunt_true":{"gs":1.9228444444444444}}}