{"32":{"length_est":14.036154914902271,"length_true":20.051664},"29":{"length_est":3.6764601004570028,"length_true":5.2521},"1":{"length_est":0.07995802726858145,"length_true":0.11424},"54":{"length_est":8.421799878107928,"length_true":6.4783},"2":{"length_est":9.79739163854245,"length_true":13.996288},"41":{"length_est":6.316839902743621,"length_true":4.8591},"53":{"length_est":20.625666049020097,"length_true":29.465251},"51":{"length_est":8.281326028134886,"length_true":11.830480000000001},"27":{"length_est":13.893291991170946,"length_true":10.68714},"42":{"length_est":5.476417265886128,"length_true":4.212621},"33":{"length_est":1.763990007682771,"length_true":2.52},"28":{"length_est":8.604733057561756,"length_true":12.29249},"52":{"length_est":12.54331998747981,"length_true":9.6487},"50":{"length_est":5.301539940645768,"length_true":4.0781},"26":{"length_est":19.500009971435084,"length_true":15.0},"10":{"length_est":10.241279986249882,"length_true":7.8779},"24":{"length_est":7.293220101282767,"length_true":10.4189},"25":{"length_est":18.964409973017045,"length_true":14.588000000000001},"23":{"length_est":5.382139920416332,"length_true":4.1401},"49":{"length_est":15.88183699108793,"length_true":12.21679},"5":{"length_est":16.938021993069782,"length_true":13.029240000000001},"31":{"length_est":3.0729918577689865,"length_true":4.39},"43":{"length_est":8.339328005087292,"length_true":11.91334},"39":{"length_est":35.127320015788065,"length_true":50.1819},"34":{"length_est":8.692835015435953,"length_true":12.41835},"44":{"length_est":8.966626014584575,"length_true":12.809479999999999},"55":{"length_est":12.181621859941302,"length_true":12.23632},"17":{"length_est":12.203860338822718,"length_true":17.4341},"37":{"length_est":21.510942273068547,"length_true":16.546871},"47":{"length_est":5.792000023152858,"length_true":8.2743},"9":{"length_est":10.642162503299081,"length_true":15.2031},"12":{"length_est":14.215653222745106,"length_true":13.3844},"20":{"length_est":17.693399994791395,"length_true":13.610299999999999},"6":{"length_est":8.72731001968776,"length_true":12.467600000000001},"14":{"length_est":10.525199815937526,"length_true":8.0963},"7":{"length_est":10.759480007450149,"length_true":15.370700000000001},"57":{"length_est":15.457919980375493,"length_true":11.8907},"8":{"length_est":10.368180021534409,"length_true":14.8117},"19":{"length_est":7.549239732896043,"length_true":5.8071},"4":{"length_est":9.369389769856992,"length_true":11.83921},"22":{"length_est":9.308674103089276,"length_true":13.298119999999997},"11":{"length_est":16.161361690729212,"length_true":12.431809},"35":{"length_est":12.94146346202596,"length_true":11.80815},"13":{"length_est":9.015500037422944,"length_true":12.8793},"15":{"length_est":5.123227883488735,"length_true":6.1064},"16":{"length_est":30.558285129829667,"length_true":27.150599999999997},"40":{"length_est":25.66863998433628,"length_true":19.7451},"46":{"length_est":5.103480030503236,"length_true":7.2907},"21":{"length_est":7.446268041219826,"length_true":10.637540000000001},"38":{"length_est":6.912931031238096,"length_true":9.87563},"45":{"length_est":3.425510215301619,"length_true":4.8936},"56":{"length_est":6.481549584840258,"length_true":4.9858},"36":{"length_est":69.0027658205238,"length_true":59.543393},"48":{"length_est":8.36240002187324,"length_true":11.9463},"18":{"length_est":14.319470045962275,"length_true":20.456400000000002},"30":{"length_est":12.533749010649679,"length_true":17.905369999999998},"3":{"length_est":10.328462006268861,"length_true":14.754960000000002}}