{"24":{"Xc_est":0.20596438226378547,"Zc_est":0.2360767349277342,"Rc_est":0.11537286514963965},"4":{"Xc_est":0.04914604239877324,"Zc_est":0.06820559506585655,"Rc_est":0.047293442619728766},"1":{"Xc_est":0.2361858112145426,"Zc_est":0.2555218743965692,"Rc_est":0.09750738882804995},"12":{"Xc_est":0.12530683023301936,"Zc_est":0.14341156195335028,"Rc_est":0.06975008529638435},"29":{"Xc_est":0.22987788571996357,"Zc_est":0.24781723719885593,"Rc_est":0.09257181379768568},"20":{"Xc_est":0.0704729154638187,"Zc_est":0.0883768382691767,"Rc_est":0.05332948273221555},"2":{"Xc_est":0.2544776140622931,"Zc_est":0.2794332982941022,"Rc_est":0.11543011797916221},"6":{"Xc_est":0.0910449456782171,"Zc_est":0.1075665352492261,"Rc_est":0.05728330796989208},"25":{"Xc_est":0.1904606221160879,"Zc_est":0.2068809228786035,"Rc_est":0.08077417702617248},"23":{"Xc_est":0.23116337450397403,"Zc_est":0.2496876120403435,"Rc_est":0.09437901193774248},"22":{"Xc_est":0.2059737283773385,"Zc_est":0.22271690272796693,"Rc_est":0.0847209654045389},"11":{"Xc_est":0.24650718597033205,"Zc_est":0.26481482740492357,"Rc_est":0.09675277814351158},"13":{"Xc_est":0.2615255347467653,"Zc_est":0.28296560213046984,"Rc_est":0.10804594700625195},"5":{"Xc_est":0.0969674755349641,"Zc_est":0.1300285639506849,"Rc_est":0.08662988013066561},"15":{"Xc_est":0.15704597868151518,"Zc_est":0.16277528277835343,"Rc_est":0.04280599564941815},"27":{"Xc_est":0.12007325099150824,"Zc_est":0.13141763389591532,"Rc_est":0.05341356471095238},"28":{"Xc_est":0.15852282954311384,"Zc_est":0.16606203268364533,"Rc_est":0.049468284917398984},"16":{"Xc_est":0.24452919140921286,"Zc_est":0.27016445575870207,"Rc_est":0.11486647772153642},"14":{"Xc_est":0.08007489283732386,"Zc_est":0.0922178134753907,"Rc_est":0.045739880402915906},"21":{"Xc_est":0.06955838314559426,"Zc_est":0.1024528407832125,"Rc_est":0.07522111351689098},"7":{"Xc_est":0.02731118252943633,"Zc_est":0.06319586129200523,"Rc_est":0.05698961478446909},"8":{"Xc_est":0.20765093790046674,"Zc_est":0.23598097192068995,"Rc_est":0.11210756931487703},"26":{"Xc_est":0.11592400089089104,"Zc_est":0.13967240027068895,"Rc_est":0.07791023947353931},"17":{"Xc_est":0.19593303464067452,"Zc_est":0.21443664658827652,"Rc_est":0.08713966568975146},"10":{"Xc_est":0.2121657304134778,"Zc_est":0.2296616200971926,"Rc_est":0.08792134316411845},"19":{"Xc_est":0.06236729137283942,"Zc_est":0.10422798484994217,"Rc_est":0.08350924375597665},"9":{"Xc_est":0.11389533772964286,"Zc_est":0.1329950291456739,"Rc_est":0.06866971545673711},"18":{"Xc_est":0.09984716186592182,"Zc_est":0.12050135683105012,"Rc_est":0.06746199867662146},"30":{"Xc_est":0.2791518252317563,"Zc_est":0.3171599115946725,"Rc_est":0.15054789268707636},"3":{"Xc_est":0.03680844150485041,"Zc_est":0.05536372412905043,"Rc_est":0.04135553872725644}}