linecode_id,linecode_name,A_p_est,dist_est,x_est,r_est,scenario_id
4,hydrogen,"[167.5865680571495, 167.5865680571495, 167.5865680571495, 167.5865680571495]","[3000.000022552345, 2296.3961397050143, 1188.2822251705686, 1741.199117273718, 1321.0093730579774, 673.9764543248624]",[0.7543905678861865 0.36056069162822585 0.3773538818176218 0.39474370436305595; 0.36056069162822585 0.7543905678861865 0.41874962926506076 0.4120965143511799; 0.3773538818176218 0.41874962926506076 0.7543905678861865 0.4543796998085846; 0.39474370436305595 0.4120965143511799 0.4543796998085846 0.7543905678861865],[0.19283993521704307 0.049348 0.049348 0.049348; 0.049348 0.19283993521704307 0.049348 0.049348; 0.049348 0.049348 0.19283993521704307 0.049348; 0.049348 0.049348 0.049348 0.19283993521704307],1
1,pluto,"[295.11745517808583, 295.11745517808583, 295.11745517808583, 295.11745517808583]","[41.99965766812973, 822.9178942903293, 798.2752126956451, 2999.9999999312026, 2968.827335673265, 2198.0838743891923]",[0.7366130895204636 0.6287720337857469 0.4418345837898095 0.36056069210200303; 0.6287720337857469 0.7366130895204636 0.44374486607342145 0.3612169880671349; 0.4418345837898095 0.44374486607342145 0.7366130895204636 0.38010309494865563; 0.36056069210200303 0.3612169880671349 0.38010309494865563 0.7366130895204636],[0.20737087698035003 0.049348 0.049348 0.049348; 0.049348 0.20737087698035003 0.049348 0.049348; 0.049348 0.049348 0.20737087698035003 0.049348; 0.049348 0.049348 0.049348 0.20737087698035003],1
10,tw2x16_lv_oh_2w_bundled,"[14.223019552324823, 14.223019552324823]",[9.211533290418643],[0.8318824765523077 0.7241010677728202; 0.7241010677728202 0.8318824765523077],[2.5967057296209006 0.049348; 0.049348 2.5967057296209006],1
7,abc2x16_lv_oh_2w_bundled,"[11.999999935838183, 11.999999935838183]",[25.16268046412807],[0.837221786063243 0.6609608362590053; 0.6609608362590053 0.837221786063243],[3.776829377457309 0.049348; 0.049348 3.776829377457309],1
