linecode_id,linecode_name,A_p_est,dist_est,x_est,r_est,scenario_id
4,hydrogen,"[147.6519011797506, 147.6519011797506, 147.6519011797506, 147.6519011797506]","[1475.0573790585256, 1108.0101630470024, 375.46724244250515, 2286.4133067498074, 1943.2514051292721, 1999.9998140918099]",[0.7583691704761406 0.4051660964239099 0.42314428754534433 0.3776276188602275; 0.4051660964239099 0.7583691704761406 0.4911379243734529 0.3878454715416968; 0.42314428754534433 0.4911379243734529 0.7583691704761406 0.3860368816137063; 0.3776276188602275 0.3878454715416968 0.3860368816137063 0.7583691704761406],[0.21221295991425126 0.049348 0.049348 0.049348; 0.049348 0.21221295991425126 0.049348 0.049348; 0.049348 0.049348 0.21221295991425126 0.049348; 0.049348 0.049348 0.049348 0.21221295991425126],1
1,pluto,"[300.000002707565, 300.000002707565, 300.000002707565, 300.000002707565]","[9.321852137964626, 1058.1738235234377, 1057.2144467673397, 2077.314229761113, 2068.8329675356513, 1787.5968402156896]",[0.7360975826976718 0.7233530516348381 0.42603588821100247 0.3836537432700565; 0.7233530516348381 0.7360975826976718 0.4260928797007621 0.38391079898278097; 0.42603588821100247 0.4260928797007621 0.7360975826976718 0.3930913392076267; 0.3836537432700565 0.38391079898278097 0.3930913392076267 0.7360975826976718],[0.20479902964488952 0.049348 0.049348 0.049348; 0.049348 0.20479902964488952 0.049348 0.049348; 0.049348 0.049348 0.20479902964488952 0.049348; 0.049348 0.049348 0.049348 0.20479902964488952],1
10,tw2x16_lv_oh_2w_bundled,"[12.423587794056898, 12.423587794056898]",[99.99993242117795],[0.8361319567716453 0.5742647684462986; 0.5742647684462986 0.8361319567716453],[2.965664880096087 0.049348; 0.049348 2.965664880096087],1
7,abc2x16_lv_oh_2w_bundled,"[11.999999882159264, 11.999999882159264]",[99.99999652477776],[0.8372217862037744 0.5742647281687103; 0.5742647281687103 0.8372217862037744],[3.7768293941312403 0.049348; 0.049348 3.7768293941312403],1
