{"32":{"length_est":14.03615504723845,"length_true":20.051664},"29":{"length_est":3.6764601377311266,"length_true":5.2521},"1":{"length_est":0.07995800557440817,"length_true":0.11424},"54":{"length_est":8.421799870347888,"length_true":6.4783},"2":{"length_est":9.79739160539763,"length_true":13.996288},"41":{"length_est":6.3168399433322895,"length_true":4.8591},"53":{"length_est":20.62566579394751,"length_true":29.465251},"51":{"length_est":8.281326014815571,"length_true":11.830480000000001},"27":{"length_est":13.893291995673634,"length_true":10.68714},"42":{"length_est":5.47641727521553,"length_true":4.212621},"33":{"length_est":1.7639900038232903,"length_true":2.52},"28":{"length_est":8.667279129632602,"length_true":12.29249},"52":{"length_est":12.543319982633733,"length_true":9.6487},"50":{"length_est":5.301539947764883,"length_true":4.0781},"26":{"length_est":18.215470497225454,"length_true":15.0},"10":{"length_est":10.241279982919638,"length_true":7.8779},"24":{"length_est":13.544579963952113,"length_true":10.4189},"25":{"length_est":18.96440998792156,"length_true":14.588000000000001},"23":{"length_est":5.382139726852726,"length_true":4.1401},"49":{"length_est":15.881836970950944,"length_true":12.21679},"5":{"length_est":16.93802199598973,"length_true":13.029240000000001},"31":{"length_est":5.707009946428505,"length_true":4.39},"43":{"length_est":8.339328004443525,"length_true":11.91334},"39":{"length_est":35.12732006527462,"length_true":50.1819},"34":{"length_est":8.692835026032457,"length_true":12.41835},"44":{"length_est":8.96662600731772,"length_true":12.809479999999999},"55":{"length_est":9.61961471907278,"length_true":12.23632},"17":{"length_est":12.20386039783047,"length_true":17.4341},"37":{"length_est":16.052190737225843,"length_true":16.546871},"47":{"length_est":5.792000045871704,"length_true":8.2743},"9":{"length_est":19.764039851484302,"length_true":15.2031},"12":{"length_est":11.483314525255802,"length_true":13.3844},"20":{"length_est":13.26241950696614,"length_true":13.610299999999999},"6":{"length_est":8.727310010517852,"length_true":12.467600000000001},"14":{"length_est":10.52519994983297,"length_true":8.0963},"7":{"length_est":10.75948000720822,"length_true":15.370700000000001},"57":{"length_est":13.33771737200583,"length_true":11.8907},"8":{"length_est":10.368180091550979,"length_true":14.8117},"19":{"length_est":7.549239392949408,"length_true":5.8071},"4":{"length_est":9.73334100027847,"length_true":11.83921},"22":{"length_est":9.308674013799596,"length_true":13.298119999999997},"11":{"length_est":16.161361693078785,"length_true":12.431809},"35":{"length_est":13.662590606262292,"length_true":11.80815},"13":{"length_est":9.015500153308876,"length_true":12.8793},"15":{"length_est":7.938329918348197,"length_true":6.1064},"16":{"length_est":32.016976321129235,"length_true":27.150599999999997},"40":{"length_est":25.66863987675315,"length_true":19.7451},"46":{"length_est":9.477919784459571,"length_true":7.2907},"21":{"length_est":13.072351431466858,"length_true":10.637540000000001},"38":{"length_est":8.350634147493796,"length_true":9.87563},"45":{"length_est":6.361689605069724,"length_true":4.8936},"56":{"length_est":3.4900503213038427,"length_true":4.9858},"36":{"length_est":60.28350884936121,"length_true":59.543393},"48":{"length_est":12.506566408072494,"length_true":11.9463},"18":{"length_est":15.306748483483346,"length_true":20.456400000000002},"30":{"length_est":14.567839633742198,"length_true":17.905369999999998},"3":{"length_est":10.328462004156432,"length_true":14.754960000000002}}