{"24":{"Xc_est":0.19305260636833627,"Zc_est":0.22343264119481107,"Rc_est":0.11248482709095212},"4":{"Xc_est":0.0446944162155481,"Zc_est":0.06903646439490502,"Rc_est":0.05261599163087529},"1":{"Xc_est":0.2188227097304335,"Zc_est":0.2401482090054371,"Rc_est":0.09893322998239544},"12":{"Xc_est":0.11388776966180536,"Zc_est":0.13595809082575064,"Rc_est":0.0742575139796817},"29":{"Xc_est":0.21163033789890473,"Zc_est":0.2301158393842773,"Rc_est":0.09036536735014089},"20":{"Xc_est":0.06361659949011234,"Zc_est":0.08180887181856725,"Rc_est":0.05143558862831653},"2":{"Xc_est":0.23342731588083238,"Zc_est":0.25676936365840836,"Rc_est":0.10696819300247187},"6":{"Xc_est":0.08453315925277297,"Zc_est":0.10132067014850792,"Rc_est":0.05585716772347187},"25":{"Xc_est":0.17748843143530393,"Zc_est":0.19432999137076615,"Rc_est":0.07913281400782776},"23":{"Xc_est":0.21154955401059358,"Zc_est":0.23150867885723392,"Rc_est":0.09403751689693224},"22":{"Xc_est":0.19307103585079338,"Zc_est":0.21033179926842044,"Rc_est":0.0834448374615995},"11":{"Xc_est":0.22680538950018508,"Zc_est":0.24565682678647208,"Rc_est":0.0943747415385498},"13":{"Xc_est":0.2418595550078892,"Zc_est":0.26409378982534065,"Rc_est":0.1060635916594239},"5":{"Xc_est":0.08409997396429264,"Zc_est":0.11607827905947696,"Rc_est":0.08000850735150047},"15":{"Xc_est":0.1438496357324261,"Zc_est":0.14972057574318515,"Rc_est":0.04151545616417051},"27":{"Xc_est":0.11148679175093804,"Zc_est":0.12938832235519573,"Rc_est":0.06566607363757193},"28":{"Xc_est":0.14532360088887084,"Zc_est":0.15299676096657214,"Rc_est":0.04784412075641678},"16":{"Xc_est":0.22631203904059602,"Zc_est":0.2524570943879042,"Rc_est":0.11188139028484995},"14":{"Xc_est":0.07170395239242558,"Zc_est":0.08702977375062508,"Rc_est":0.04932265940102741},"21":{"Xc_est":0.06106665022513236,"Zc_est":0.09389646052650918,"Rc_est":0.0713260788890546},"7":{"Xc_est":0.028325290040896713,"Zc_est":0.0621448706410066,"Rc_est":0.055314219610209825},"8":{"Xc_est":0.19456157896280196,"Zc_est":0.22284215528360263,"Rc_est":0.10864813925209507},"26":{"Xc_est":0.10450054695610657,"Zc_est":0.12718963488355037,"Rc_est":0.07250406131855937},"17":{"Xc_est":0.18277679931523602,"Zc_est":0.20135816876813353,"Rc_est":0.08448522806819003},"10":{"Xc_est":0.19884971118916858,"Zc_est":0.21682233010137755,"Rc_est":0.08643329908417809},"19":{"Xc_est":0.05718251741435351,"Zc_est":0.0956364135248952,"Rc_est":0.07665822391669347},"9":{"Xc_est":0.10309901394607153,"Zc_est":0.1271577949417005,"Rc_est":0.07442914844187928},"18":{"Xc_est":0.08996220740160003,"Zc_est":0.11045282450556398,"Rc_est":0.06408297496752484},"30":{"Xc_est":0.2543468031250641,"Zc_est":0.29243687343539726,"Rc_est":0.14431572570143028},"3":{"Xc_est":0.032418429305550445,"Zc_est":0.051187976454600354,"Rc_est":0.03961381545468384}}