{"24":{"shunt_est":{"gs":11.537066448974329},"shunt_true":{"gs":0.028277124183006534}},"4":{"shunt_est":{"gs":0.5768545366426572},"shunt_true":{"gs":0.16966274509803922}},"1":{"shunt_est":{"gs":0.5768561893552341},"shunt_true":{"gs":0.22621699346405227}},"12":{"shunt_est":{"gs":0.5768537950919131},"shunt_true":{"gs":0.16966274509803922}},"29":{"shunt_est":{"gs":11.537066196664828},"shunt_true":{"gs":0.05655424836601307}},"20":{"shunt_est":{"gs":0.5768542920449354},"shunt_true":{"gs":0.08483137254901961}},"2":{"shunt_est":{"gs":0.5768536757791719},"shunt_true":{"gs":0.05655424836601307}},"6":{"shunt_est":{"gs":0.5768538493041637},"shunt_true":{"gs":0.16966274509803922}},"25":{"shunt_est":{"gs":11.537066366235337},"shunt_true":{"gs":0.14138562091503268}},"23":{"shunt_est":{"gs":0.5768541714545261},"shunt_true":{"gs":0.19793986928104573}},"22":{"shunt_est":{"gs":0.5768537289492754},"shunt_true":{"gs":0.19793986928104573}},"11":{"shunt_est":{"gs":0.5768543661145635},"shunt_true":{"gs":0.11310849673202614}},"13":{"shunt_est":{"gs":11.537065717544431},"shunt_true":{"gs":0.08483137254901961}},"5":{"shunt_est":{"gs":0.5768535051877614},"shunt_true":{"gs":0.22621699346405227}},"15":{"shunt_est":{"gs":0.5768545710358123},"shunt_true":{"gs":0.05655424836601307}},"27":{"shunt_est":{"gs":0.5768535927472369},"shunt_true":{"gs":0.14138562091503268}},"28":{"shunt_est":{"gs":0.5768548649661566},"shunt_true":{"gs":0.11310849673202614}},"16":{"shunt_est":{"gs":0.5768535507233107},"shunt_true":{"gs":0.14138562091503268}},"14":{"shunt_est":{"gs":0.5768536522348897},"shunt_true":{"gs":0.028277124183006534}},"21":{"shunt_est":{"gs":0.5768579078238337},"shunt_true":{"gs":0.028277124183006534}},"7":{"shunt_est":{"gs":11.536976886697039},"shunt_true":{"gs":0.05655424836601307}},"8":{"shunt_est":{"gs":11.537066486841386},"shunt_true":{"gs":0.19793986928104573}},"26":{"shunt_est":{"gs":0.5768534788480516},"shunt_true":{"gs":0.14138562091503268}},"17":{"shunt_est":{"gs":11.537065391547712},"shunt_true":{"gs":0.11310849673202614}},"10":{"shunt_est":{"gs":11.537052251931883},"shunt_true":{"gs":0.05655424836601307}}}