linecode_id,linecode_name,A_p_est,dist_est,x_est,r_est,scenario_id
4,hydrogen,"[222.31379748857213, 222.31379748857213, 222.31379748857213, 222.31379748857213]","[2000.000259244628, 667.7472791143185, 1332.2534788752082, 562.7358834074286, 2077.3894941045132, 872.6010655919499]",[0.7455127253458278 0.38603686762878564 0.4549631199854419 0.46571363640666963; 0.38603686762878564 0.7455127253458278 0.41156396712496657 0.38365146680966883; 0.4549631199854419 0.41156396712496657 0.7455127253458278 0.43815124313908405; 0.46571363640666963 0.38365146680966883 0.43815124313908405 0.7455127253458278],[0.1575163693884956 0.049348 0.049348 0.049348; 0.049348 0.1575163693884956 0.049348 0.049348; 0.049348 0.049348 0.1575163693884956 0.049348; 0.049348 0.049348 0.049348 0.1575163693884956],1
1,pluto,"[300.0000022269393, 300.0000022269393, 300.0000022269393, 300.0000022269393]","[3.328764343280425, 2000.0002421577724, 2000.0013441862582, 1051.7191191003785, 1048.3903547571, 2259.2057052022506]",[0.736097582748003 0.7880549425833535 0.38603686816558624 0.42642032786227474; 0.7880549425833535 0.736097582748003 0.38603683354427304 0.4266195109038987; 0.38603686816558624 0.38603683354427304 0.736097582748003 0.3783797841565899; 0.42642032786227474 0.4266195109038987 0.3783797841565899 0.736097582748003],[0.2047990298939354 0.049348 0.049348 0.049348; 0.049348 0.2047990298939354 0.049348 0.049348; 0.049348 0.049348 0.2047990298939354 0.049348; 0.049348 0.049348 0.049348 0.2047990298939354],1
10,tw2x16_lv_oh_2w_bundled,"[12.364009966505533, 12.364009966505533]",[99.99997957982599],[0.8362829758944095 0.5742647388155638; 0.5742647388155638 0.8362829758944095],[2.9797175882901263 0.049348; 0.049348 2.9797175882901263],1
7,abc2x16_lv_oh_2w_bundled,"[11.999999882122072, 11.999999882122072]",[99.99999667474074],[0.8372217862038718 0.5742647280744857; 0.5742647280744857 0.8372217862038718],[3.776829394142793 0.049348; 0.049348 3.776829394142793],1
