{"32":{"length_est":14.036154981509565,"length_true":20.051664},"29":{"length_est":6.8277384585156335,"length_true":5.2521},"1":{"length_est":0.07995801718642136,"length_true":0.11424},"54":{"length_est":8.42179987363818,"length_true":6.4783},"2":{"length_est":9.79739161208245,"length_true":13.996288},"41":{"length_est":6.316839927341428,"length_true":4.8591},"53":{"length_est":26.941596799564003,"length_true":29.465251},"51":{"length_est":8.281326029367975,"length_true":11.830480000000001},"27":{"length_est":13.89329199132387,"length_true":10.68714},"42":{"length_est":5.476417277452906,"length_true":4.212621},"33":{"length_est":1.7639900076202202,"length_true":2.52},"28":{"length_est":8.604733091572808,"length_true":12.29249},"52":{"length_est":12.543319980991862,"length_true":9.6487},"50":{"length_est":5.301539939447073,"length_true":4.0781},"26":{"length_est":19.500009954111643,"length_true":15.0},"10":{"length_est":10.241279976228705,"length_true":7.8779},"24":{"length_est":13.544579901472632,"length_true":10.4189},"25":{"length_est":18.96440998571878,"length_true":14.588000000000001},"23":{"length_est":5.38213989054324,"length_true":4.1401},"49":{"length_est":15.881836991263919,"length_true":12.21679},"5":{"length_est":16.938021993178786,"length_true":13.029240000000001},"31":{"length_est":5.707009857471942,"length_true":4.39},"43":{"length_est":8.33932800644102,"length_true":11.91334},"39":{"length_est":35.12732003424542,"length_true":50.1819},"34":{"length_est":8.692835016879913,"length_true":12.41835},"44":{"length_est":8.966626014585273,"length_true":12.809479999999999},"55":{"length_est":9.963389360497231,"length_true":12.23632},"17":{"length_est":12.203860562904667,"length_true":17.4341},"37":{"length_est":21.51094227930361,"length_true":16.546871},"47":{"length_est":5.792000056019348,"length_true":8.2743},"9":{"length_est":19.764039843945564,"length_true":15.2031},"12":{"length_est":13.91683763314634,"length_true":13.3844},"20":{"length_est":17.693399986510205,"length_true":13.610299999999999},"6":{"length_est":8.727310020224174,"length_true":12.467600000000001},"14":{"length_est":10.525199869980916,"length_true":8.0963},"7":{"length_est":10.759480022699607,"length_true":15.370700000000001},"57":{"length_est":15.457919984393161,"length_true":11.8907},"8":{"length_est":10.827489387946963,"length_true":14.8117},"19":{"length_est":7.549239888346857,"length_true":5.8071},"4":{"length_est":11.557235129103141,"length_true":11.83921},"22":{"length_est":11.935907628610847,"length_true":13.298119999999997},"11":{"length_est":16.1613616886112,"length_true":12.431809},"35":{"length_est":12.58577950042049,"length_true":11.80815},"13":{"length_est":9.015500038836118,"length_true":12.8793},"15":{"length_est":7.938329498073313,"length_true":6.1064},"16":{"length_est":31.626246955252466,"length_true":27.150599999999997},"40":{"length_est":25.668639973603288,"length_true":19.7451},"46":{"length_est":5.103480102179282,"length_true":7.2907},"21":{"length_est":12.241999325748708,"length_true":10.637540000000001},"38":{"length_est":6.912935562093578,"length_true":9.87563},"45":{"length_est":3.4255102850917254,"length_true":4.8936},"56":{"length_est":6.48154958392668,"length_true":4.9858},"36":{"length_est":77.40640657327964,"length_true":59.543393},"48":{"length_est":8.362400113701703,"length_true":11.9463},"18":{"length_est":18.35099380281498,"length_true":20.456400000000002},"30":{"length_est":12.533749026033009,"length_true":17.905369999999998},"3":{"length_est":10.328462006221775,"length_true":14.754960000000002}}