{"32":{"length_est":14.036154913482456,"length_true":20.051664},"29":{"length_est":6.827735068617505,"length_true":5.2521},"1":{"length_est":0.07995801069667938,"length_true":0.11424},"54":{"length_est":8.42179981770685,"length_true":6.4783},"2":{"length_est":9.797391623882653,"length_true":13.996288},"41":{"length_est":6.316839901313321,"length_true":4.8591},"53":{"length_est":38.30483593521381,"length_true":29.465251},"51":{"length_est":8.28132603119074,"length_true":11.830480000000001},"27":{"length_est":13.893291991170292,"length_true":10.68714},"42":{"length_est":5.476417268606748,"length_true":4.212621},"33":{"length_est":1.7639900076860346,"length_true":2.52},"28":{"length_est":8.604733182861285,"length_true":12.29249},"52":{"length_est":12.543319982861455,"length_true":9.6487},"50":{"length_est":5.301539952475104,"length_true":4.0781},"26":{"length_est":19.500009965095884,"length_true":15.0},"10":{"length_est":10.241279979910491,"length_true":7.8779},"24":{"length_est":13.544579852015756,"length_true":10.4189},"25":{"length_est":18.964409985128857,"length_true":14.588000000000001},"23":{"length_est":5.382139763523055,"length_true":4.1401},"49":{"length_est":15.881836990698197,"length_true":12.21679},"5":{"length_est":16.938021993049784,"length_true":13.029240000000001},"31":{"length_est":5.7070099203912115,"length_true":4.39},"43":{"length_est":8.339328007417084,"length_true":11.91334},"39":{"length_est":35.12732006216127,"length_true":50.1819},"34":{"length_est":8.692835059432738,"length_true":12.41835},"44":{"length_est":8.966626014589131,"length_true":12.809479999999999},"55":{"length_est":10.593187682434216,"length_true":12.23632},"17":{"length_est":12.203860367463738,"length_true":17.4341},"37":{"length_est":21.51094226611501,"length_true":16.546871},"47":{"length_est":5.792000053238022,"length_true":8.2743},"9":{"length_est":19.764039807520753,"length_true":15.2031},"12":{"length_est":13.450120023886925,"length_true":13.3844},"20":{"length_est":17.693399909470635,"length_true":13.610299999999999},"6":{"length_est":8.727310024647768,"length_true":12.467600000000001},"14":{"length_est":10.52519994548569,"length_true":8.0963},"7":{"length_est":10.759480010111973,"length_true":15.370700000000001},"57":{"length_est":15.457919972126755,"length_true":11.8907},"8":{"length_est":10.368180218803134,"length_true":14.8117},"19":{"length_est":7.54923988592335,"length_true":5.8071},"4":{"length_est":8.287437169608415,"length_true":11.83921},"22":{"length_est":9.308674044489836,"length_true":13.298119999999997},"11":{"length_est":16.16136168980279,"length_true":12.431809},"35":{"length_est":13.8066774237923,"length_true":11.80815},"13":{"length_est":9.015500047638133,"length_true":12.8793},"15":{"length_est":7.9383299164563095,"length_true":6.1064},"16":{"length_est":33.28132693967695,"length_true":27.150599999999997},"40":{"length_est":25.6686399767353,"length_true":19.7451},"46":{"length_est":7.609730104543898,"length_true":7.2907},"21":{"length_est":13.8288117503024,"length_true":10.637540000000001},"38":{"length_est":11.756368418115462,"length_true":9.87563},"45":{"length_est":6.361689874748296,"length_true":4.8936},"56":{"length_est":6.481549913622711,"length_true":4.9858},"36":{"length_est":77.40642081803311,"length_true":59.543393},"48":{"length_est":8.362400182962862,"length_true":11.9463},"18":{"length_est":14.319470248165324,"length_true":20.456400000000002},"30":{"length_est":12.533749015395365,"length_true":17.905369999999998},"3":{"length_est":10.328462006368197,"length_true":14.754960000000002}}