{"32":{"length_est":14.0361548961586,"length_true":20.051664},"29":{"length_est":3.676460090701161,"length_true":5.2521},"1":{"length_est":0.0799580111069935,"length_true":0.11424},"54":{"length_est":8.421798452477939,"length_true":6.4783},"2":{"length_est":9.797391610356334,"length_true":13.996288},"41":{"length_est":6.316839904329623,"length_true":4.8591},"53":{"length_est":20.625665719735682,"length_true":29.465251},"51":{"length_est":8.281326014847227,"length_true":11.830480000000001},"27":{"length_est":13.893291995745553,"length_true":10.68714},"42":{"length_est":5.476417271933951,"length_true":4.212621},"33":{"length_est":1.7639900037539273,"length_true":2.52},"28":{"length_est":8.604733093460677,"length_true":12.29249},"52":{"length_est":12.543319988324088,"length_true":9.6487},"50":{"length_est":5.301539954605668,"length_true":4.0781},"26":{"length_est":12.59024520441903,"length_true":15.0},"10":{"length_est":10.241279983823876,"length_true":7.8779},"24":{"length_est":12.282818169370572,"length_true":10.4189},"25":{"length_est":18.964409990595826,"length_true":14.588000000000001},"23":{"length_est":5.382139642421307,"length_true":4.1401},"49":{"length_est":15.881836993205244,"length_true":12.21679},"5":{"length_est":16.938021995746762,"length_true":13.029240000000001},"31":{"length_est":5.7070099164212404,"length_true":4.39},"43":{"length_est":8.339328005092465,"length_true":11.91334},"39":{"length_est":35.12732003633577,"length_true":50.1819},"34":{"length_est":8.692835014948034,"length_true":12.41835},"44":{"length_est":8.966626007280762,"length_true":12.809479999999999},"55":{"length_est":10.080857710865816,"length_true":12.23632},"17":{"length_est":12.203860614360114,"length_true":17.4341},"37":{"length_est":16.330248787014025,"length_true":16.546871},"47":{"length_est":5.7920000207842195,"length_true":8.2743},"9":{"length_est":17.013934879727977,"length_true":15.2031},"12":{"length_est":10.897065457427463,"length_true":13.3844},"20":{"length_est":14.037875082853555,"length_true":13.610299999999999},"6":{"length_est":8.727310009995861,"length_true":12.467600000000001},"14":{"length_est":10.525199674333814,"length_true":8.0963},"7":{"length_est":10.759480011107273,"length_true":15.370700000000001},"57":{"length_est":13.291712761926096,"length_true":11.8907},"8":{"length_est":11.086664295903113,"length_true":14.8117},"19":{"length_est":4.064962013082082,"length_true":5.8071},"4":{"length_est":10.041093146230159,"length_true":11.83921},"22":{"length_est":9.308674033180194,"length_true":13.298119999999997},"11":{"length_est":16.16136169326569,"length_true":12.431809},"35":{"length_est":13.83419725739862,"length_true":11.80815},"13":{"length_est":9.015500085070723,"length_true":12.8793},"15":{"length_est":6.905890497771269,"length_true":6.1064},"16":{"length_est":30.97648201510655,"length_true":27.150599999999997},"40":{"length_est":25.668639955644963,"length_true":19.7451},"46":{"length_est":6.078781014256465,"length_true":7.2907},"21":{"length_est":7.446268276869074,"length_true":10.637540000000001},"38":{"length_est":12.838328838199304,"length_true":9.87563},"45":{"length_est":3.425510142136423,"length_true":4.8936},"56":{"length_est":3.4900503702889374,"length_true":4.9858},"36":{"length_est":56.10252794016276,"length_true":59.543393},"48":{"length_est":8.362401934666062,"length_true":11.9463},"18":{"length_est":15.65891175775969,"length_true":20.456400000000002},"30":{"length_est":14.59286107324433,"length_true":17.905369999999998},"3":{"length_est":10.328462003595483,"length_true":14.754960000000002}}