{"24":{"shunt_est":{"gs":0.5768544646640458},"shunt_true":{"gs":5.768533333333333}},"4":{"shunt_est":{"gs":11.537065524518164},"shunt_true":{"gs":0.9614222222222222}},"1":{"shunt_est":{"gs":11.537066122953838},"shunt_true":{"gs":0.7210666666666666}},"12":{"shunt_est":{"gs":11.537065341163615},"shunt_true":{"gs":0.9614222222222222}},"29":{"shunt_est":{"gs":11.537065967233794},"shunt_true":{"gs":2.8842666666666665}},"20":{"shunt_est":{"gs":0.5768555704748121},"shunt_true":{"gs":1.9228444444444444}},"2":{"shunt_est":{"gs":11.53706608028215},"shunt_true":{"gs":2.8842666666666665}},"6":{"shunt_est":{"gs":11.537065260514522},"shunt_true":{"gs":0.9614222222222222}},"25":{"shunt_est":{"gs":11.537065764511198},"shunt_true":{"gs":1.1537066666666667}},"23":{"shunt_est":{"gs":11.537066082228236},"shunt_true":{"gs":0.8240761904761905}},"22":{"shunt_est":{"gs":11.537066119581619},"shunt_true":{"gs":0.8240761904761905}},"11":{"shunt_est":{"gs":11.537066007222702},"shunt_true":{"gs":1.4421333333333333}},"13":{"shunt_est":{"gs":11.537066077158816},"shunt_true":{"gs":1.9228444444444444}},"5":{"shunt_est":{"gs":0.5768538701646819},"shunt_true":{"gs":0.7210666666666666}},"15":{"shunt_est":{"gs":11.537065265888574},"shunt_true":{"gs":2.8842666666666665}},"27":{"shunt_est":{"gs":11.53706396901114},"shunt_true":{"gs":1.1537066666666667}},"28":{"shunt_est":{"gs":11.53706527127016},"shunt_true":{"gs":1.4421333333333333}},"16":{"shunt_est":{"gs":11.537054366704478},"shunt_true":{"gs":1.1537066666666667}},"14":{"shunt_est":{"gs":11.5370657218234},"shunt_true":{"gs":5.768533333333333}},"21":{"shunt_est":{"gs":11.537063796839702},"shunt_true":{"gs":5.768533333333333}},"7":{"shunt_est":{"gs":0.5768599509545549},"shunt_true":{"gs":2.8842666666666665}},"8":{"shunt_est":{"gs":0.5768553344505378},"shunt_true":{"gs":0.8240761904761905}},"26":{"shunt_est":{"gs":0.5768537447321039},"shunt_true":{"gs":1.1537066666666667}},"17":{"shunt_est":{"gs":11.537065470428846},"shunt_true":{"gs":1.4421333333333333}},"10":{"shunt_est":{"gs":11.537065974193915},"shunt_true":{"gs":2.8842666666666665}}}