linecode_id,linecode_name,A_p_est,dist_est,x_est,r_est,scenario_id
4,hydrogen,"[141.91873825066918, 141.91873825066918, 141.91873825066918, 141.91873825066918]","[1767.1116906808347, 2286.737901659915, 883.8244062078869, 2999.9998742248904, 1466.2996875922613, 1941.8620191572204]",[0.7596133338131945 0.39381552638256234 0.3776186994318086 0.3605606947347961; 0.39381552638256234 0.7596133338131945 0.43734825485768475 0.4055402535791242; 0.3776186994318086 0.43734825485768475 0.7596133338131945 0.3878904112351286; 0.3605606947347961 0.4055402535791242 0.3878904112351286 0.7596133338131945],[0.21879229793639096 0.049348 0.049348 0.049348; 0.049348 0.21879229793639096 0.049348 0.049348; 0.049348 0.049348 0.21879229793639096 0.049348; 0.049348 0.049348 0.049348 0.21879229793639096],1
1,pluto,"[300.0000023466164, 300.0000023466164, 300.0000023466164, 300.0000023466164]","[160.50461018454334, 2800.7593423691515, 2690.839879844015, 2999.9999944435654, 2865.078010187243, 715.4007056777867]",[0.7360975827354703 0.5445356093579853 0.3648786148691708 0.36056069221693615; 0.5445356093579853 0.7360975827354703 0.36739423261198356 0.3634520140349346; 0.3648786148691708 0.36739423261198356 0.7360975827354703 0.4506319194700103; 0.36056069221693615 0.3634520140349346 0.4506319194700103 0.7360975827354703],[0.20479902983192227 0.049348 0.049348 0.049348; 0.049348 0.20479902983192227 0.049348 0.049348; 0.049348 0.049348 0.20479902983192227 0.049348; 0.049348 0.049348 0.049348 0.20479902983192227],1
10,tw2x16_lv_oh_2w_bundled,"[13.852017953809137, 13.852017953809137]",[5.281669253447552],[0.8327128273388438 0.759049113562632; 0.759049113562632 0.8327128273388438],[2.6649321636922454 0.049348; 0.049348 2.6649321636922454],1
7,abc2x16_lv_oh_2w_bundled,"[11.999999883186602, 11.999999883186602]",[99.99999259043523],[0.8372217862010849 0.5742647306407367; 0.5742647306407367 0.8372217862010849],[3.776829393812125 0.049348; 0.049348 3.776829393812125],1
