{"24":{"shunt_est":{"gs":0.5768549918106431},"shunt_true":{"gs":0.028277124183006534}},"4":{"shunt_est":{"gs":0.5768547198400862},"shunt_true":{"gs":0.16966274509803922}},"1":{"shunt_est":{"gs":0.5768535503708881},"shunt_true":{"gs":0.22621699346405227}},"12":{"shunt_est":{"gs":0.5768577442218841},"shunt_true":{"gs":0.16966274509803922}},"29":{"shunt_est":{"gs":0.5768534352635947},"shunt_true":{"gs":0.05655424836601307}},"20":{"shunt_est":{"gs":0.5768546395056069},"shunt_true":{"gs":0.08483137254901961}},"2":{"shunt_est":{"gs":0.5768534479795118},"shunt_true":{"gs":0.05655424836601307}},"6":{"shunt_est":{"gs":0.5768542405754225},"shunt_true":{"gs":0.16966274509803922}},"25":{"shunt_est":{"gs":0.5768534939150867},"shunt_true":{"gs":0.14138562091503268}},"23":{"shunt_est":{"gs":0.5768534291463083},"shunt_true":{"gs":0.19793986928104573}},"22":{"shunt_est":{"gs":0.5768534197802762},"shunt_true":{"gs":0.19793986928104573}},"11":{"shunt_est":{"gs":0.5768534546848578},"shunt_true":{"gs":0.11310849673202614}},"13":{"shunt_est":{"gs":0.5768534481690285},"shunt_true":{"gs":0.08483137254901961}},"5":{"shunt_est":{"gs":0.5768543393931023},"shunt_true":{"gs":0.22621699346405227}},"15":{"shunt_est":{"gs":0.5768536498306783},"shunt_true":{"gs":0.05655424836601307}},"27":{"shunt_est":{"gs":0.576863201205219},"shunt_true":{"gs":0.14138562091503268}},"28":{"shunt_est":{"gs":0.5768539192305062},"shunt_true":{"gs":0.11310849673202614}},"16":{"shunt_est":{"gs":0.5768534546619708},"shunt_true":{"gs":0.14138562091503268}},"14":{"shunt_est":{"gs":0.5768538970965328},"shunt_true":{"gs":0.028277124183006534}},"21":{"shunt_est":{"gs":11.537065218486335},"shunt_true":{"gs":0.028277124183006534}},"7":{"shunt_est":{"gs":0.5768574942035332},"shunt_true":{"gs":0.05655424836601307}},"8":{"shunt_est":{"gs":0.5768534580687784},"shunt_true":{"gs":0.19793986928104573}},"26":{"shunt_est":{"gs":0.5768538054909482},"shunt_true":{"gs":0.14138562091503268}},"17":{"shunt_est":{"gs":0.5768535154345732},"shunt_true":{"gs":0.11310849673202614}},"10":{"shunt_est":{"gs":0.5768534901401745},"shunt_true":{"gs":0.05655424836601307}}}