{"24":{"Xc_est":0.2333855029456089,"Zc_est":0.26815613263199667,"Rc_est":0.13205649731449853},"4":{"Xc_est":0.06229606033974237,"Zc_est":0.08145323405867666,"Rc_est":0.05247694927074877},"1":{"Xc_est":0.26935135295727974,"Zc_est":0.2952580824944056,"Rc_est":0.12094289536122466},"12":{"Xc_est":0.13858813474954262,"Zc_est":0.16061143948449452,"Rc_est":0.08117489390152638},"29":{"Xc_est":0.2621861066585428,"Zc_est":0.2851446632693945,"Rc_est":0.11209783435130048},"20":{"Xc_est":0.08856379249667946,"Zc_est":0.10787461642759184,"Rc_est":0.061590482446601855},"2":{"Xc_est":0.28874690035847916,"Zc_est":0.32263235551483227,"Rc_est":0.1439335414641758},"6":{"Xc_est":0.10622706702896914,"Zc_est":0.12477785509710326,"Rc_est":0.06546238120521278},"25":{"Xc_est":0.21780308765100312,"Zc_est":0.2384486218550262,"Rc_est":0.0970544191381862},"23":{"Xc_est":0.2612203671472605,"Zc_est":0.286707711488613,"Rc_est":0.11817458108446247},"22":{"Xc_est":0.23567026107099964,"Zc_est":0.2569638445558444,"Rc_est":0.10242043475619042},"11":{"Xc_est":0.2789105726631534,"Zc_est":0.3023853141311316,"Rc_est":0.1168151131442117},"13":{"Xc_est":0.29410693677426847,"Zc_est":0.32114954613178176,"Rc_est":0.12898891705067478},"5":{"Xc_est":0.11219382967321165,"Zc_est":0.1525249750737843,"Rc_est":0.10332672744511408},"15":{"Xc_est":0.18413746245986287,"Zc_est":0.19299568884003487,"Rc_est":0.057799055612372745},"27":{"Xc_est":0.13415473220404475,"Zc_est":0.14932416824175673,"Rc_est":0.06557602495084242},"28":{"Xc_est":0.18561431332493813,"Zc_est":0.19648902844806584,"Rc_est":0.06446134492373334},"16":{"Xc_est":0.2769247699136828,"Zc_est":0.30801556186774476,"Rc_est":0.1348564353709394},"14":{"Xc_est":0.09520102720202153,"Zc_est":0.11093731597920993,"Rc_est":0.056954828560456784},"21":{"Xc_est":0.08964498240889397,"Zc_est":0.13657060821586814,"Rc_est":0.10303061757245385},"7":{"Xc_est":0.04092186646635327,"Zc_est":0.07412250570993921,"Rc_est":0.06180248132259677},"8":{"Xc_est":0.23731188857574512,"Zc_est":0.27039966755305356,"Rc_est":0.12961114054515152},"26":{"Xc_est":0.13362042302429633,"Zc_est":0.16894321647819113,"Rc_est":0.10337984786603749},"17":{"Xc_est":0.22210573407372344,"Zc_est":0.24283313794152142,"Rc_est":0.09816809957465011},"10":{"Xc_est":0.24190666331251234,"Zc_est":0.2640573559418553,"Rc_est":0.10586526093110268},"19":{"Xc_est":0.07724913987279503,"Zc_est":0.11869672488374164,"Rc_est":0.09011927034236353},"9":{"Xc_est":0.12790502463006692,"Zc_est":0.1523425256789089,"Rc_est":0.08275596537175428},"18":{"Xc_est":0.11534236491964633,"Zc_est":0.14205270497558484,"Rc_est":0.082916282150273},"30":{"Xc_est":0.312917558867957,"Zc_est":0.36414244627561015,"Rc_est":0.18623190524640043},"3":{"Xc_est":0.05152749595565951,"Zc_est":0.06983109692156061,"Rc_est":0.04713066154646977}}