linecode_id,linecode_name,A_p_est,dist_est,x_est,r_est,scenario_id
4,hydrogen,"[135.1167339480343, 135.1167339480343, 135.1167339480343, 135.1167339480343]","[1951.7646646052926, 1992.2350133814061, 1076.0087948250855, 2959.2971880983646, 2103.1991457374743, 1123.6124641715217]",[0.7611563472169242 0.3875708097885201 0.38628129537919076 0.3614190076926932; 0.3875708097885201 0.7611563472169242 0.42498571284675984 0.38287564657256035; 0.38628129537919076 0.42498571284675984 0.7611563472169242 0.42226569835586514; 0.3614190076926932 0.38287564657256035 0.42226569835586514 0.7611563472169242],[0.22732240971413384 0.049348 0.049348 0.049348; 0.049348 0.22732240971413384 0.049348 0.049348; 0.049348 0.049348 0.22732240971413384 0.049348; 0.049348 0.049348 0.049348 0.22732240971413384],1
1,pluto,"[299.9999814588084, 299.9999814588084, 299.9999814588084, 299.9999814588084]","[326.69552150968804, 2552.867305009789, 2486.4870270817974, 2806.507915752793, 2824.465008925508, 750.495999113218]",[0.7360975849228416 0.4998805334720823 0.3707014707744046 0.3647497840242131; 0.4998805334720823 0.7360975849228416 0.3723568601757604 0.3643490419435551; 0.3707014707744046 0.3723568601757604 0.7360975849228416 0.4476228003107918; 0.3647497840242131 0.3643490419435551 0.4476228003107918 0.7360975849228416],[0.2047990406553605 0.049348 0.049348 0.049348; 0.049348 0.2047990406553605 0.049348 0.049348; 0.049348 0.049348 0.2047990406553605 0.049348; 0.049348 0.049348 0.049348 0.2047990406553605],1
10,tw2x16_lv_oh_2w_bundled,"[12.308276840631365, 12.308276840631365]",[2.000008109408433],[0.8364249096255094 0.8200647006975612; 0.8200647006975612 0.8364249096255094],[2.9929865989921667 0.049348; 0.049348 2.9929865989921667],1
7,abc2x16_lv_oh_2w_bundled,"[12.64141980814848, 12.64141980814848]",[6.400922642298331],[0.8355858900829194 0.7469728063925993; 0.7469728063925993 0.8355858900829194],[3.5876986733550256 0.049348; 0.049348 3.5876986733550256],1
