{"24":{"shunt_est":{"gs":11.537065632729123},"shunt_true":{"gs":0.028277124183006534}},"4":{"shunt_est":{"gs":0.5768579849318703},"shunt_true":{"gs":0.16966274509803922}},"1":{"shunt_est":{"gs":0.5768539642043465},"shunt_true":{"gs":0.22621699346405227}},"12":{"shunt_est":{"gs":11.537063879684686},"shunt_true":{"gs":0.16966274509803922}},"29":{"shunt_est":{"gs":0.5768535839959297},"shunt_true":{"gs":0.05655424836601307}},"20":{"shunt_est":{"gs":0.5768552278036277},"shunt_true":{"gs":0.08483137254901961}},"2":{"shunt_est":{"gs":0.576853575319857},"shunt_true":{"gs":0.05655424836601307}},"6":{"shunt_est":{"gs":9.548059534145192},"shunt_true":{"gs":0.16966274509803922}},"25":{"shunt_est":{"gs":0.5768537820455402},"shunt_true":{"gs":0.14138562091503268}},"23":{"shunt_est":{"gs":0.5768535502508128},"shunt_true":{"gs":0.19793986928104573}},"22":{"shunt_est":{"gs":0.5768534865814697},"shunt_true":{"gs":0.19793986928104573}},"11":{"shunt_est":{"gs":0.5768536309883076},"shunt_true":{"gs":0.11310849673202614}},"13":{"shunt_est":{"gs":0.5768535837245184},"shunt_true":{"gs":0.08483137254901961}},"5":{"shunt_est":{"gs":0.5768538482854622},"shunt_true":{"gs":0.22621699346405227}},"15":{"shunt_est":{"gs":0.5768541174217968},"shunt_true":{"gs":0.05655424836601307}},"27":{"shunt_est":{"gs":0.5768554913917329},"shunt_true":{"gs":0.14138562091503268}},"28":{"shunt_est":{"gs":0.5768555563882599},"shunt_true":{"gs":0.11310849673202614}},"16":{"shunt_est":{"gs":0.5768535995043188},"shunt_true":{"gs":0.14138562091503268}},"14":{"shunt_est":{"gs":0.5768541285660049},"shunt_true":{"gs":0.028277124183006534}},"21":{"shunt_est":{"gs":11.53706522945717},"shunt_true":{"gs":0.028277124183006534}},"7":{"shunt_est":{"gs":11.537038627188188},"shunt_true":{"gs":0.05655424836601307}},"8":{"shunt_est":{"gs":0.5768546890099042},"shunt_true":{"gs":0.19793986928104573}},"26":{"shunt_est":{"gs":0.5768537422582768},"shunt_true":{"gs":0.14138562091503268}},"17":{"shunt_est":{"gs":0.5768537856371634},"shunt_true":{"gs":0.11310849673202614}},"10":{"shunt_est":{"gs":0.5768537357221611},"shunt_true":{"gs":0.05655424836601307}}}