{"24":{"Xc_est":0.21539161716578795,"Zc_est":0.24321418805996498,"Rc_est":0.11295836634961862},"4":{"Xc_est":0.05273957430108439,"Zc_est":0.07016328085839528,"Rc_est":0.04627551494423866},"1":{"Xc_est":0.24806973709870847,"Zc_est":0.26599945297830874,"Rc_est":0.0960058046189768},"12":{"Xc_est":0.12518381302410428,"Zc_est":0.14885845887047722,"Rc_est":0.08054721431582633},"29":{"Xc_est":0.24147788731215844,"Zc_est":0.25763160066118346,"Rc_est":0.08979126682757085},"20":{"Xc_est":0.07391150900463647,"Zc_est":0.0902733954279753,"Rc_est":0.05183024945679052},"2":{"Xc_est":0.2676701751459087,"Zc_est":0.29330840894062743,"Rc_est":0.11992706155259913},"6":{"Xc_est":0.09391029124882971,"Zc_est":0.11404034897241774,"Rc_est":0.06469975572837039},"25":{"Xc_est":0.1999855892659845,"Zc_est":0.21493154343720244,"Rc_est":0.07874853935302539},"23":{"Xc_est":0.23960630045667738,"Zc_est":0.25711459613905074,"Rc_est":0.09325629377801593},"22":{"Xc_est":0.21543660553006663,"Zc_est":0.23061868914338346,"Rc_est":0.08229245882761677},"11":{"Xc_est":0.25792008399632127,"Zc_est":0.274241241088564,"Rc_est":0.09319596871714175},"13":{"Xc_est":0.27283467219679947,"Zc_est":0.29202129228838014,"Rc_est":0.10410416320705199},"5":{"Xc_est":0.09741344720262947,"Zc_est":0.135293315943359,"Rc_est":0.09388770762485406},"15":{"Xc_est":0.16688280067783673,"Zc_est":0.17209197755152095,"Rc_est":0.04202118008236568},"27":{"Xc_est":0.11737669851772034,"Zc_est":0.12867692342988385,"Rc_est":0.05273007935192572},"28":{"Xc_est":0.1683596515428623,"Zc_est":0.17525710387850824,"Rc_est":0.048683469394119896},"16":{"Xc_est":0.2560692217487021,"Zc_est":0.2794286822118528,"Rc_est":0.11184338208256506},"14":{"Xc_est":0.0805019787516729,"Zc_est":0.09337741991815851,"Rc_est":0.04731568416114587},"21":{"Xc_est":0.07862975366008713,"Zc_est":0.12305334483291047,"Rc_est":0.09465456942969626},"7":{"Xc_est":0.031836678000265205,"Zc_est":0.06551192830015944,"Rc_est":0.05725590522830515},"8":{"Xc_est":0.2192784090531128,"Zc_est":0.2454554825751414,"Rc_est":0.1102967508557314},"26":{"Xc_est":0.11690291507455941,"Zc_est":0.14786152126087002,"Rc_est":0.090535837747541},"17":{"Xc_est":0.20693433968747726,"Zc_est":0.22638294898676026,"Rc_est":0.09180097303433049},"10":{"Xc_est":0.22162451497421926,"Zc_est":0.23753517689086112,"Rc_est":0.08547242024778962},"19":{"Xc_est":0.0674864352329399,"Zc_est":0.10660935286232291,"Rc_est":0.08252960182427568},"9":{"Xc_est":0.11128707703432528,"Zc_est":0.1319825871995018,"Rc_est":0.07095484345011444},"18":{"Xc_est":0.09932542837238846,"Zc_est":0.12340045572050566,"Rc_est":0.07322657817124878},"30":{"Xc_est":0.2902750930336801,"Zc_est":0.33034892248056846,"Rc_est":0.15770472709580077},"3":{"Xc_est":0.04212986346852512,"Zc_est":0.05891330849455489,"Rc_est":0.041180729982578324}}