linecode_id,linecode_name,A_p_est,dist_est,x_est,r_est,scenario_id
4,hydrogen,"[133.4959080812449, 133.4959080812449, 133.4959080812449, 133.4959080812449]","[3.810238250090516, 2.810971467767093, 1.0000000423780429, 20.229202103516766, 19.250633958858984, 19.407827598870988]",[0.7615354841261632 0.7795669329591378 0.7986780132500348 0.6746729623057216; 0.7795669329591378 0.7615354841261632 0.8636167764484654 0.6777883749354934; 0.7986780132500348 0.8636167764484654 0.7615354841261632 0.6772773952003236; 0.6746729623057216 0.6777883749354934 0.6772773952003236 0.7615354841261632],[0.22948326641032324 0.049348 0.049348 0.049348; 0.049348 0.22948326641032324 0.049348 0.049348; 0.049348 0.049348 0.22948326641032324 0.049348; 0.049348 0.049348 0.049348 0.22948326641032324],1
1,pluto,"[246.98773101661885, 246.98773101661885, 246.98773101661885, 246.98773101661885]","[1.0000003067716625, 37.13392899390808, 37.12046169554365, 226.63963065034486, 225.6396303435732, 228.67262388241014]",[0.742206229755732 0.8636167598360883 0.636508562303598 0.5228561465688422; 0.8636167598360883 0.742206229755732 0.6365313536104085 0.5231339931432119; 0.636508562303598 0.6365313536104085 0.742206229755732 0.5222950464518108; 0.5228561465688422 0.5231339931432119 0.5222950464518108 0.742206229755732],[0.23816429918379511 0.049348 0.049348 0.049348; 0.049348 0.23816429918379511 0.049348 0.049348; 0.049348 0.049348 0.23816429918379511 0.049348; 0.049348 0.049348 0.049348 0.23816429918379511],1
10,tw2x16_lv_oh_2w_bundled,"[12.529644829025479, 12.529644829025479]",[99.99990942646023],[0.8358649045685057 0.574264782894351; 0.574264782894351 0.8358649045685057],[2.9409797493080765 0.049348; 0.049348 2.9409797493080765],1
7,abc2x16_lv_oh_2w_bundled,"[11.999999883294091, 11.999999883294091]",[99.99999661108644],[0.8372217862008036 0.5742647281144809; 0.5742647281144809 0.8372217862008036],[3.7768293937787365 0.049348; 0.049348 3.7768293937787365],1
