{"24":{"Xc_est":0.19242180903336484,"Zc_est":0.2239111556437624,"Rc_est":0.11449913986599403},"4":{"Xc_est":0.045162324267030304,"Zc_est":0.06619602120990538,"Rc_est":0.048397083494998425},"1":{"Xc_est":0.21556368699414563,"Zc_est":0.23629677496197246,"Rc_est":0.09679081933178924},"12":{"Xc_est":0.11493794753541939,"Zc_est":0.13492747962835414,"Rc_est":0.0706731418235039},"29":{"Xc_est":0.2114382586585737,"Zc_est":0.23012859304270109,"Rc_est":0.09084620031263393},"20":{"Xc_est":0.06567276738448138,"Zc_est":0.0846494037615357,"Rc_est":0.05340982289099349},"2":{"Xc_est":0.23353589605013653,"Zc_est":0.25957739514823475,"Rc_est":0.11331994232262307},"6":{"Xc_est":0.08373997260164005,"Zc_est":0.10115542386589448,"Rc_est":0.05674536779478434},"25":{"Xc_est":0.17686055382353313,"Zc_est":0.19395402679586105,"Rc_est":0.07961475373046584},"23":{"Xc_est":0.21285878998931737,"Zc_est":0.2326692692535109,"Rc_est":0.09394745541655947},"22":{"Xc_est":0.19026476193809355,"Zc_est":0.20766883233743277,"Rc_est":0.08322057611572603},"11":{"Xc_est":0.22552350952338793,"Zc_est":0.24449918560819914,"Rc_est":0.09444044904238318},"13":{"Xc_est":0.24068607087008473,"Zc_est":0.26316597364664573,"Rc_est":0.10642624194486808},"5":{"Xc_est":0.08916028686301128,"Zc_est":0.12507931845023193,"Rc_est":0.08772274021301471},"15":{"Xc_est":0.14326244864354892,"Zc_est":0.1489411432229714,"Rc_est":0.040734935291714715},"27":{"Xc_est":0.1094058934182787,"Zc_est":0.12155391364390782,"Rc_est":0.05296890038030657},"28":{"Xc_est":0.14473929950533265,"Zc_est":0.1523022052367153,"Rc_est":0.047397224588283306},"16":{"Xc_est":0.22355389585479896,"Zc_est":0.2502973363027311,"Rc_est":0.1125718091192647},"14":{"Xc_est":0.07222636432739325,"Zc_est":0.08544017340598084,"Rc_est":0.04564400867245043},"21":{"Xc_est":0.06169195491475773,"Zc_est":0.09746388222522576,"Rc_est":0.07545403261064433},"7":{"Xc_est":0.027418905373041952,"Zc_est":0.06372527283859536,"Rc_est":0.057524899187200586},"8":{"Xc_est":0.19410656558017295,"Zc_est":0.22371484106955505,"Rc_est":0.11122486823299138},"26":{"Xc_est":0.10590381166581493,"Zc_est":0.13260718263493848,"Rc_est":0.07980631278932472},"17":{"Xc_est":0.18262042950340887,"Zc_est":0.2024101877702939,"Rc_est":0.0872906801508391},"10":{"Xc_est":0.19569269554024105,"Zc_est":0.21383215660426536,"Rc_est":0.08618909507719405},"19":{"Xc_est":0.05841615198375894,"Zc_est":0.10221514448032512,"Rc_est":0.08387782155340061},"9":{"Xc_est":0.10320908955849155,"Zc_est":0.12392180552932666,"Rc_est":0.0685893411409931},"18":{"Xc_est":0.0895443845176073,"Zc_est":0.1100583368449014,"Rc_est":0.06398937966904096},"30":{"Xc_est":0.25747251371640084,"Zc_est":0.2971477329743205,"Rc_est":0.14833974481687595},"3":{"Xc_est":0.03273830347475197,"Zc_est":0.05257094184860903,"Rc_est":0.04113280214676452}}