{"32":{"length_est":14.036155228571065,"length_true":20.051664},"29":{"length_est":3.676460049567907,"length_true":5.2521},"1":{"length_est":0.07995800829980663,"length_true":0.11424},"54":{"length_est":6.4538588042797045,"length_true":6.4783},"2":{"length_est":9.797391605827439,"length_true":13.996288},"41":{"length_est":6.31683994002859,"length_true":4.8591},"53":{"length_est":21.804819524363953,"length_true":29.465251},"51":{"length_est":8.281326020672022,"length_true":11.830480000000001},"27":{"length_est":13.893291997043839,"length_true":10.68714},"42":{"length_est":5.476417268858918,"length_true":4.212621},"33":{"length_est":1.763990002629746,"length_true":2.52},"28":{"length_est":8.604733171700643,"length_true":12.29249},"52":{"length_est":12.543319925326834,"length_true":9.6487},"50":{"length_est":5.301539916239439,"length_true":4.0781},"26":{"length_est":10.942779860214978,"length_true":15.0},"10":{"length_est":10.241279904208115,"length_true":7.8779},"24":{"length_est":11.966860669428208,"length_true":10.4189},"25":{"length_est":17.84835249687625,"length_true":14.588000000000001},"23":{"length_est":5.208711486988487,"length_true":4.1401},"49":{"length_est":15.669396218639609,"length_true":12.21679},"5":{"length_est":16.938021994624727,"length_true":13.029240000000001},"31":{"length_est":5.70700989671802,"length_true":4.39},"43":{"length_est":8.339328006944893,"length_true":11.91334},"39":{"length_est":35.12732012128367,"length_true":50.1819},"34":{"length_est":8.69283501594955,"length_true":12.41835},"44":{"length_est":8.966626012698276,"length_true":12.809479999999999},"55":{"length_est":10.684493802533504,"length_true":12.23632},"17":{"length_est":12.203860191174416,"length_true":17.4341},"37":{"length_est":15.937062217202172,"length_true":16.546871},"47":{"length_est":5.7920000229597655,"length_true":8.2743},"9":{"length_est":13.076760153407841,"length_true":15.2031},"12":{"length_est":11.356834787404772,"length_true":13.3844},"20":{"length_est":12.57881571273246,"length_true":13.610299999999999},"6":{"length_est":8.727310006803558,"length_true":12.467600000000001},"14":{"length_est":10.010923853615276,"length_true":8.0963},"7":{"length_est":10.759480008464612,"length_true":15.370700000000001},"57":{"length_est":11.7848761145651,"length_true":11.8907},"8":{"length_est":12.88220101210167,"length_true":14.8117},"19":{"length_est":7.549239097286732,"length_true":5.8071},"4":{"length_est":9.469602087233195,"length_true":11.83921},"22":{"length_est":9.35537930180842,"length_true":13.298119999999997},"11":{"length_est":16.161361693647073,"length_true":12.431809},"35":{"length_est":11.967594458961281,"length_true":11.80815},"13":{"length_est":12.108569137886988,"length_true":12.8793},"15":{"length_est":7.383293111671852,"length_true":6.1064},"16":{"length_est":25.677998765595518,"length_true":27.150599999999997},"40":{"length_est":20.165103300826917,"length_true":19.7451},"46":{"length_est":5.1034811992046905,"length_true":7.2907},"21":{"length_est":7.446268147859347,"length_true":10.637540000000001},"38":{"length_est":10.433632109262412,"length_true":9.87563},"45":{"length_est":6.361689260053896,"length_true":4.8936},"56":{"length_est":3.4900513808147062,"length_true":4.9858},"36":{"length_est":57.63358271206918,"length_true":59.543393},"48":{"length_est":10.372173942458037,"length_true":11.9463},"18":{"length_est":14.979093297601825,"length_true":20.456400000000002},"30":{"length_est":14.31468353866503,"length_true":17.905369999999998},"3":{"length_est":10.328462004060118,"length_true":14.754960000000002}}