linecode_id,linecode_name,A_p_est,dist_est,x_est,r_est,scenario_id
4,hydrogen,"[300.00000251593747, 299.99999491901843, 300.00000214054086, 112.6450587632932]","[1199.9999745563914, 379.99999752474923, 1199.9999896096]",[0.736097582717739 0.4181330726979064 0.400847782543262 0.36534606359859484; 0.4181330726979064 0.7360975835132884 0.4903839393695085 0.40084778194463966; 0.400847782543262 0.4903839393695085 0.7360975827570505 0.4181330719097204; 0.36534606359859484 0.40084778194463966 0.4181330719097204 0.7668708327440452],[0.12950573588410408 0.049348 0.049348 0.049348; 0.049348 0.12950573791394354 0.049348 0.049348; 0.049348 0.049348 0.12950573598440723 0.049348; 0.049348 0.049348 0.049348 0.26282670231427485],1
1,pluto,"[215.2968941868419, 300.0000028772864, 137.17769067005983, 300.00000239743605]","[379.99999666164865, 1200.0000110230353, 379.9999972949557]",[0.7465202963845177 0.4903839395122199 0.4008477811274127 0.3873062521197557; 0.4903839395122199 0.7360975826798986 0.4181330707885129 0.40084778110222796; 0.4008477811274127 0.4181330707885129 0.7606807719060322 0.49038393940750424; 0.3873062521197557 0.40084778110222796 0.49038393940750424 0.7360975827301485],[0.2659572989427378 0.049348 0.049348 0.049348; 0.049348 0.20479902955694496 0.049348 0.049348; 0.049348 0.049348 0.38931078175091893 0.049348; 0.049348 0.049348 0.049348 0.20479902980558906],1
10,tw2x16_lv_oh_2w_bundled,"[9.999999912664286, 9.999999912807102]",[99.99998235633245],[0.8429496001978802 0.5742647370710289; 0.5742647370710289 0.8429496001974315],[3.6724599111590903 0.049348; 0.049348 3.672459911107347],1
7,abc2x16_lv_oh_2w_bundled,"[9.999999905335313, 9.999999905327973]",[99.99999200894423],[0.8429496002209049 0.574264731006099; 0.574264731006099 0.8429496002209279],[4.522325671375876 0.049348; 0.049348 4.52232567137916],1
