linecode_id,linecode_name,A_p_est,dist_est,x_est,r_est,scenario_id
4,hydrogen,"[271.9095124996443, 178.18171010083398, 300.00000029224117, 117.47065120297589]","[1124.0387865730684, 867.3752663250625, 1199.999986081875]",[0.7391861885353712 0.4222418630838706 0.3863071925347671 0.35667441965719326; 0.4222418630838706 0.7524646467355812 0.43852866023468295 0.3839550864827757; 0.3863071925347671 0.43852866023468295 0.7360975829506045 0.4181330720944321; 0.35667441965719326 0.3839550864827757 0.4181330720944321 0.7655530344913929],[0.137786689569327 0.049348 0.049348 0.049348; 0.049348 0.18430753626943286 0.049348 0.049348; 0.049348 0.049348 0.12950573647825894 0.049348; 0.049348 0.049348 0.049348 0.25405718242678377],1
1,pluto,"[241.95715450199398, 300.0000027946947, 180.9890759521122, 300.0000007012922]","[379.9999970607751, 1200.0000100040643, 385.9898678713746]",[0.7428527082171572 0.49038393944622544 0.4008477811520621 0.387114526816001; 0.49038393944622544 0.7360975826885475 0.4181330708418663 0.4006100318063608; 0.4008477811520621 0.4181330708418663 0.7519735266047118 0.48940125481414326; 0.387114526816001 0.4006100318063608 0.48940125481414326 0.7360975829077687],[0.24209001422292017 0.049348 0.049348 0.049348; 0.049348 0.2047990295997415 0.049348 0.049348; 0.049348 0.049348 0.3070171939501356 0.049348; 0.049348 0.049348 0.049348 0.20479903068448008],1
10,tw2x16_lv_oh_2w_bundled,"[11.946108595078814, 10.00000459898974]",[3.0485196236283594],[0.8373631913540006 0.7935807068168462; 0.7935807068168462 0.8429495854753234],[3.0822284151411456 0.049348; 0.049348 3.6724582132517143],1
7,abc2x16_lv_oh_2w_bundled,"[13.282794782713248, 10.000000192721874]",[12.596222426213199],[0.8340310851181053 0.7044383812222488; 0.7044383812222488 0.8429495993180512],[3.416845354437699 0.049348; 0.049348 4.522325542828511],1
