{"24":{"Xc_est":0.1987654459541639,"Zc_est":0.23521897567523337,"Rc_est":0.12577863098455308},"4":{"Xc_est":0.04913255351065282,"Zc_est":0.07682023716177043,"Rc_est":0.059053713034097115},"1":{"Xc_est":0.22497178708449309,"Zc_est":0.24485577136706518,"Rc_est":0.09665424867935196},"12":{"Xc_est":0.10984042326044968,"Zc_est":0.13391504976251428,"Rc_est":0.07660497353868051},"29":{"Xc_est":0.21947259669413222,"Zc_est":0.2393016961988672,"Rc_est":0.09537861974252787},"20":{"Xc_est":0.07027225274237262,"Zc_est":0.10340958153857306,"Rc_est":0.07586403659504876},"2":{"Xc_est":0.2455926795361474,"Zc_est":0.2780787502295909,"Rc_est":0.1304301617246042},"6":{"Xc_est":0.08431744873856427,"Zc_est":0.10363907758764625,"Rc_est":0.06026297571011364},"25":{"Xc_est":0.18558654327673754,"Zc_est":0.2044808978054111,"Rc_est":0.08584912650632273},"23":{"Xc_est":0.21948891842552212,"Zc_est":0.2409256362977713,"Rc_est":0.09934675089745247},"22":{"Xc_est":0.19663089367529193,"Zc_est":0.21561668902639716,"Rc_est":0.08846947631337088},"11":{"Xc_est":0.2358540081742825,"Zc_est":0.25568898856031536,"Rc_est":0.0987408005797126},"13":{"Xc_est":0.25061536349399216,"Zc_est":0.2740008184563583,"Rc_est":0.11076275590435809},"5":{"Xc_est":0.09036801864246069,"Zc_est":0.14210958176502905,"Rc_est":0.10967567841626216},"15":{"Xc_est":0.15282497013054444,"Zc_est":0.15910462245649445,"Rc_est":0.044258438648712345},"27":{"Xc_est":0.1053694436196489,"Zc_est":0.1198588341068779,"Rc_est":0.057126355255220945},"28":{"Xc_est":0.15431192480119155,"Zc_est":0.1629133095352986,"Rc_est":0.05223577593848317},"16":{"Xc_est":0.2341127302594658,"Zc_est":0.2637939284161204,"Rc_est":0.12156671501553319},"14":{"Xc_est":0.07340584425590835,"Zc_est":0.09032365404717568,"Rc_est":0.05263026229757176},"21":{"Xc_est":0.07142876674349845,"Zc_est":0.12941405094957273,"Rc_est":0.10791630027332058},"7":{"Xc_est":0.027014273845813397,"Zc_est":0.07145084887653656,"Rc_est":0.06614720563834174},"8":{"Xc_est":0.20048052854051535,"Zc_est":0.23464754488156533,"Rc_est":0.12193042276258143},"26":{"Xc_est":0.10482720073111322,"Zc_est":0.1457289758862453,"Rc_est":0.10123335616155756},"17":{"Xc_est":0.1878048223498372,"Zc_est":0.2065642494296086,"Rc_est":0.08601242843080095},"10":{"Xc_est":0.20218904107239216,"Zc_est":0.2222135402309676,"Rc_est":0.09218703342773518},"19":{"Xc_est":0.06229414304277921,"Zc_est":0.11269311505628161,"Rc_est":0.09391047824206886},"9":{"Xc_est":0.09927229242128034,"Zc_est":0.12738211669770713,"Rc_est":0.07981989483713996},"18":{"Xc_est":0.0906064616313117,"Zc_est":0.11756972892504738,"Rc_est":0.0749206932039658},"30":{"Xc_est":0.2639432016404089,"Zc_est":0.30848810455199943,"Rc_est":0.15968374043056416},"3":{"Xc_est":0.03709482634928056,"Zc_est":0.0588962574792362,"Rc_est":0.04574650809818392}}