{"24":{"Zc_true":0.2254337521363135,"Rc_true":0.08930838894430002,"Xc_true":0.2069888602471893},"4":{"Zc_true":0.076545052111337,"Rc_true":0.054731811022307994,"Xc_true":0.05351237113925772},"1":{"Zc_true":0.2564181632697762,"Rc_true":0.09657099372694,"Xc_true":0.23753803406030982},"12":{"Zc_true":0.15007220345163316,"Rc_true":0.08160303037421601,"Xc_true":0.12594686055068285},"29":{"Zc_true":0.2523586620534156,"Rc_true":0.09586884152158001,"Xc_true":0.23343962718163389},"20":{"Zc_true":0.08907784828232167,"Rc_true":0.05182218526053201,"Xc_true":0.07245221990685598},"2":{"Zc_true":0.2677019065010082,"Rc_true":0.09909813110118001,"Xc_true":0.24868428007521481},"6":{"Zc_true":0.1105037374149437,"Rc_true":0.05686308010317599,"Xc_true":0.09475054672058952},"25":{"Zc_true":0.217052685214606,"Rc_true":0.0847658821123,"Xc_true":0.19981644924428643},"23":{"Zc_true":0.24730216884377637,"Rc_true":0.09313055015218002,"Xc_true":0.2290961879717512},"22":{"Zc_true":0.23095002397084266,"Rc_true":0.08855304164702002,"Xc_true":0.21329855223886057},"11":{"Zc_true":0.2651979184055619,"Rc_true":0.09917116205930003,"Xc_true":0.24595734699831823},"13":{"Zc_true":0.2868986755495415,"Rc_true":0.11131368890798002,"Xc_true":0.264424115189554},"5":{"Zc_true":0.1129663488327679,"Rc_true":0.069254168860616,"Xc_true":0.08924828325537633},"15":{"Zc_true":0.15960479913627068,"Rc_true":0.0452892193243,"Xc_true":0.15304436781641054},"27":{"Zc_true":0.13535141677251958,"Rc_true":0.06325623444341599,"Xc_true":0.11966058175676685},"28":{"Zc_true":0.16340975859467136,"Rc_true":0.051391016284300005,"Xc_true":0.15511838269281814},"16":{"Zc_true":0.25756847133026417,"Rc_true":0.09387600549910001,"Xc_true":0.23985164793042818},"14":{"Zc_true":0.09943955341441245,"Rc_true":0.056255698602788014,"Xc_true":0.08199708017954092},"21":{"Zc_true":0.08742438833939002,"Rc_true":0.055851585877176,"Xc_true":0.06725789196459334},"7":{"Zc_true":0.066965173468323,"Rc_true":0.05495626989742,"Xc_true":0.038264119702464315},"8":{"Zc_true":0.22785950267507185,"Rc_true":0.0884248184201,"Xc_true":0.21000239152615244},"26":{"Zc_true":0.13055163935862057,"Rc_true":0.063266525219016,"Xc_true":0.1141975364267327},"17":{"Zc_true":0.2202843983221216,"Rc_true":0.08554054530506,"Xc_true":0.20299761390975044},"10":{"Zc_true":0.23661749907208285,"Rc_true":0.09130369332298002,"Xc_true":0.21829218138245432},"19":{"Zc_true":0.07563541707203474,"Rc_true":0.04879642945514801,"Xc_true":0.05778948683012687},"9":{"Zc_true":0.12217734481214067,"Rc_true":0.05861458583674801,"Xc_true":0.10719903876682485},"18":{"Zc_true":0.11611133332612222,"Rc_true":0.05865661307221601,"Xc_true":0.10020600515770599},"30":{"Zc_true":0.3078868121080632,"Rc_true":0.13983692621318003,"Xc_true":0.27429896670843557},"3":{"Zc_true":0.05947172321771569,"Rc_true":0.040680642153388,"Xc_true":0.04338169218083332}}