{"32":{"length_est":14.036155126337338,"length_true":20.051664},"29":{"length_est":3.6764600705953123,"length_true":5.2521},"1":{"length_est":0.07995802681339065,"length_true":0.11424},"54":{"length_est":7.7130341307061245,"length_true":6.4783},"2":{"length_est":11.729484948287311,"length_true":13.996288},"41":{"length_est":6.316839723881189,"length_true":4.8591},"53":{"length_est":20.625666033966237,"length_true":29.465251},"51":{"length_est":8.281326014123255,"length_true":11.830480000000001},"27":{"length_est":13.893291995876071,"length_true":10.68714},"42":{"length_est":5.476416587547769,"length_true":4.212621},"33":{"length_est":1.7639900036011318,"length_true":2.52},"28":{"length_est":8.604733094160526,"length_true":12.29249},"52":{"length_est":12.543319986293035,"length_true":9.6487},"50":{"length_est":5.301539905043917,"length_true":4.0781},"26":{"length_est":17.70416688982322,"length_true":15.0},"10":{"length_est":10.241279983079673,"length_true":7.8779},"24":{"length_est":7.496046217161508,"length_true":10.4189},"25":{"length_est":18.964409987285595,"length_true":14.588000000000001},"23":{"length_est":5.382137788459673,"length_true":4.1401},"49":{"length_est":15.881836981855242,"length_true":12.21679},"5":{"length_est":16.938021995739945,"length_true":13.029240000000001},"31":{"length_est":5.7070098628152675,"length_true":4.39},"43":{"length_est":8.339328002842736,"length_true":11.91334},"39":{"length_est":35.12732002297936,"length_true":50.1819},"34":{"length_est":8.692835014902364,"length_true":12.41835},"44":{"length_est":8.966626006972843,"length_true":12.809479999999999},"55":{"length_est":9.908311925869041,"length_true":12.23632},"17":{"length_est":12.203860166277675,"length_true":17.4341},"37":{"length_est":19.959524690428573,"length_true":16.546871},"47":{"length_est":5.792000034136037,"length_true":8.2743},"9":{"length_est":17.616194133280196,"length_true":15.2031},"12":{"length_est":11.99276339512767,"length_true":13.3844},"20":{"length_est":14.90382059429535,"length_true":13.610299999999999},"6":{"length_est":8.727310010067756,"length_true":12.467600000000001},"14":{"length_est":10.525199935593053,"length_true":8.0963},"7":{"length_est":10.759480005487013,"length_true":15.370700000000001},"57":{"length_est":12.91848431605073,"length_true":11.8907},"8":{"length_est":16.95144289503134,"length_true":14.8117},"19":{"length_est":7.3861236285606555,"length_true":5.8071},"4":{"length_est":9.80130328638654,"length_true":11.83921},"22":{"length_est":9.308674011166856,"length_true":13.298119999999997},"11":{"length_est":16.1613616943491,"length_true":12.431809},"35":{"length_est":11.32830917207616,"length_true":11.80815},"13":{"length_est":12.511578870285936,"length_true":12.8793},"15":{"length_est":7.9383296994472525,"length_true":6.1064},"16":{"length_est":24.658233316572932,"length_true":27.150599999999997},"40":{"length_est":25.668639724059716,"length_true":19.7451},"46":{"length_est":9.47791987536099,"length_true":7.2907},"21":{"length_est":11.765636979419753,"length_true":10.637540000000001},"38":{"length_est":6.912931474661242,"length_true":9.87563},"45":{"length_est":3.4255101061261484,"length_true":4.8936},"56":{"length_est":3.490050084602216,"length_true":4.9858},"36":{"length_est":65.52794961699085,"length_true":59.543393},"48":{"length_est":8.362400079636918,"length_true":11.9463},"18":{"length_est":14.319470055254476,"length_true":20.456400000000002},"30":{"length_est":16.98963651437222,"length_true":17.905369999999998},"3":{"length_est":10.328462003837053,"length_true":14.754960000000002}}