{"32":{"length_est":14.036154897365757,"length_true":20.051664},"29":{"length_est":3.676460096890725,"length_true":5.2521},"1":{"length_est":0.14852063602751012,"length_true":0.11424},"54":{"length_est":8.421799907013224,"length_true":6.4783},"2":{"length_est":14.016831800560343,"length_true":13.996288},"41":{"length_est":6.316839880096878,"length_true":4.8591},"53":{"length_est":20.625665730873695,"length_true":29.465251},"51":{"length_est":8.281326024714154,"length_true":11.830480000000001},"27":{"length_est":13.89329199273357,"length_true":10.68714},"42":{"length_est":5.476417234589775,"length_true":4.212621},"33":{"length_est":1.7639900063508238,"length_true":2.52},"28":{"length_est":8.604733059079726,"length_true":12.29249},"52":{"length_est":12.543319975632112,"length_true":9.6487},"50":{"length_est":4.983872448228167,"length_true":4.0781},"26":{"length_est":19.500009492690697,"length_true":15.0},"10":{"length_est":10.241279970153494,"length_true":7.8779},"24":{"length_est":7.293220261352207,"length_true":10.4189},"25":{"length_est":18.964409685138403,"length_true":14.588000000000001},"23":{"length_est":5.382139919550363,"length_true":4.1401},"49":{"length_est":15.881836992079311,"length_true":12.21679},"5":{"length_est":16.93802199377828,"length_true":13.029240000000001},"31":{"length_est":3.07299005963838,"length_true":4.39},"43":{"length_est":8.339328004010554,"length_true":11.91334},"39":{"length_est":35.12732001428193,"length_true":50.1819},"34":{"length_est":8.692835012324617,"length_true":12.41835},"44":{"length_est":8.966626012180296,"length_true":12.809479999999999},"55":{"length_est":8.565414018010728,"length_true":12.23632},"17":{"length_est":12.203860289481325,"length_true":17.4341},"37":{"length_est":21.51094227448736,"length_true":16.546871},"47":{"length_est":5.792000045555635,"length_true":8.2743},"9":{"length_est":19.764039283186264,"length_true":15.2031},"12":{"length_est":12.249729269517019,"length_true":13.3844},"20":{"length_est":17.693399995922316,"length_true":13.610299999999999},"6":{"length_est":8.727310015766266,"length_true":12.467600000000001},"14":{"length_est":10.525199698887958,"length_true":8.0963},"7":{"length_est":10.759480004438963,"length_true":15.370700000000001},"57":{"length_est":15.457919982380162,"length_true":11.8907},"8":{"length_est":10.36818009106795,"length_true":14.8117},"19":{"length_est":7.549239564202587,"length_true":5.8071},"4":{"length_est":8.287437023216066,"length_true":11.83921},"22":{"length_est":9.308674012703344,"length_true":13.298119999999997},"11":{"length_est":16.16136169079969,"length_true":12.431809},"35":{"length_est":11.957105867417676,"length_true":11.80815},"13":{"length_est":9.015500026505604,"length_true":12.8793},"15":{"length_est":6.9807426345210395,"length_true":6.1064},"16":{"length_est":26.570434945915657,"length_true":27.150599999999997},"40":{"length_est":25.6686399886354,"length_true":19.7451},"46":{"length_est":5.103480184316888,"length_true":7.2907},"21":{"length_est":9.360797163080269,"length_true":10.637540000000001},"38":{"length_est":6.912931171296781,"length_true":9.87563},"45":{"length_est":3.4255101014353047,"length_true":4.8936},"56":{"length_est":3.4900502021326445,"length_true":4.9858},"36":{"length_est":73.58131253643124,"length_true":59.543393},"48":{"length_est":8.36240004269053,"length_true":11.9463},"18":{"length_est":14.319470322892522,"length_true":20.456400000000002},"30":{"length_est":14.304010039122073,"length_true":17.905369999999998},"3":{"length_est":10.328462005062585,"length_true":14.754960000000002}}