{"24":{"shunt_est":{"gs":11.537065888092947},"shunt_true":{"gs":1.1537066666666667}},"4":{"shunt_est":{"gs":11.537060467794056},"shunt_true":{"gs":5.768533333333333}},"1":{"shunt_est":{"gs":0.5768540183602677},"shunt_true":{"gs":0.7210666666666666}},"12":{"shunt_est":{"gs":11.53706586991781},"shunt_true":{"gs":1.9228444444444444}},"29":{"shunt_est":{"gs":0.5768535576196119},"shunt_true":{"gs":0.7210666666666666}},"20":{"shunt_est":{"gs":11.537064529821476},"shunt_true":{"gs":1.1537066666666667}},"2":{"shunt_est":{"gs":0.5768535311846238},"shunt_true":{"gs":0.7210666666666666}},"6":{"shunt_est":{"gs":11.537066268714677},"shunt_true":{"gs":0.8240761904761905}},"25":{"shunt_est":{"gs":0.5768539796556421},"shunt_true":{"gs":0.7210666666666666}},"23":{"shunt_est":{"gs":0.5768534951525827},"shunt_true":{"gs":2.8842666666666665}},"22":{"shunt_est":{"gs":0.5768534655723091},"shunt_true":{"gs":1.4421333333333333}},"11":{"shunt_est":{"gs":0.5768536180776486},"shunt_true":{"gs":0.9614222222222222}},"13":{"shunt_est":{"gs":0.5768538645887981},"shunt_true":{"gs":2.8842666666666665}},"5":{"shunt_est":{"gs":0.5768582601357319},"shunt_true":{"gs":0.9614222222222222}},"15":{"shunt_est":{"gs":0.5768541640902985},"shunt_true":{"gs":1.9228444444444444}},"27":{"shunt_est":{"gs":11.5370653037871},"shunt_true":{"gs":2.8842666666666665}},"28":{"shunt_est":{"gs":0.5768571365560277},"shunt_true":{"gs":1.1537066666666667}},"16":{"shunt_est":{"gs":0.5768536848212988},"shunt_true":{"gs":1.4421333333333333}},"14":{"shunt_est":{"gs":0.5769467976618444},"shunt_true":{"gs":1.1537066666666667}},"21":{"shunt_est":{"gs":11.537066151926837},"shunt_true":{"gs":1.1537066666666667}},"7":{"shunt_est":{"gs":0.576880483871202},"shunt_true":{"gs":5.768533333333333}},"8":{"shunt_est":{"gs":0.5768537114297317},"shunt_true":{"gs":2.8842666666666665}},"26":{"shunt_est":{"gs":8.907455921096693},"shunt_true":{"gs":0.7210666666666666}},"17":{"shunt_est":{"gs":0.5768537961510255},"shunt_true":{"gs":1.1537066666666667}},"10":{"shunt_est":{"gs":0.5768536265004547},"shunt_true":{"gs":0.7210666666666666}}}