{"24":{"shunt_est":{"gs":0.5768574267465375},"shunt_true":{"gs":5.768533333333333}},"4":{"shunt_est":{"gs":11.537058695807172},"shunt_true":{"gs":1.1537066666666667}},"1":{"shunt_est":{"gs":0.576853758062062},"shunt_true":{"gs":2.8842666666666665}},"12":{"shunt_est":{"gs":11.537066228330412},"shunt_true":{"gs":1.4421333333333333}},"29":{"shunt_est":{"gs":0.5768536186190378},"shunt_true":{"gs":1.9228444444444444}},"20":{"shunt_est":{"gs":11.537061554519708},"shunt_true":{"gs":5.768533333333333}},"2":{"shunt_est":{"gs":0.5768534317542485},"shunt_true":{"gs":1.1537066666666667}},"6":{"shunt_est":{"gs":11.53706638087914},"shunt_true":{"gs":1.1537066666666667}},"25":{"shunt_est":{"gs":0.5768555183122422},"shunt_true":{"gs":0.9614222222222222}},"23":{"shunt_est":{"gs":0.5768535286472313},"shunt_true":{"gs":5.768533333333333}},"22":{"shunt_est":{"gs":0.5768535729751855},"shunt_true":{"gs":0.7210666666666666}},"11":{"shunt_est":{"gs":0.5768535804682948},"shunt_true":{"gs":0.7210666666666666}},"13":{"shunt_est":{"gs":0.576853658234167},"shunt_true":{"gs":1.9228444444444444}},"5":{"shunt_est":{"gs":0.5768539978091323},"shunt_true":{"gs":1.9228444444444444}},"15":{"shunt_est":{"gs":0.5768550312556979},"shunt_true":{"gs":0.8240761904761905}},"27":{"shunt_est":{"gs":11.537065203235427},"shunt_true":{"gs":0.7210666666666666}},"28":{"shunt_est":{"gs":0.5768586322387556},"shunt_true":{"gs":2.8842666666666665}},"16":{"shunt_est":{"gs":0.576853666744614},"shunt_true":{"gs":1.4421333333333333}},"14":{"shunt_est":{"gs":11.53706456942085},"shunt_true":{"gs":0.7210666666666666}},"21":{"shunt_est":{"gs":11.537063192151527},"shunt_true":{"gs":1.9228444444444444}},"7":{"shunt_est":{"gs":11.537063643205737},"shunt_true":{"gs":1.4421333333333333}},"8":{"shunt_est":{"gs":4.688831178122638},"shunt_true":{"gs":0.8240761904761905}},"26":{"shunt_est":{"gs":0.5768537218180528},"shunt_true":{"gs":1.1537066666666667}},"17":{"shunt_est":{"gs":0.5768539137465876},"shunt_true":{"gs":1.9228444444444444}},"10":{"shunt_est":{"gs":0.5768538730782075},"shunt_true":{"gs":1.9228444444444444}}}