{"24":{"Xc_est":0.20349207962298074,"Zc_est":0.22972010953421612,"Rc_est":0.10659410047055473},"4":{"Xc_est":0.05012959207416895,"Zc_est":0.0774652813766866,"Rc_est":0.05905839328365313},"1":{"Xc_est":0.22988937308328447,"Zc_est":0.24720555857690485,"Rc_est":0.09089259779923764},"12":{"Xc_est":0.11857522731973216,"Zc_est":0.13801941977684148,"Rc_est":0.07063480517145795},"29":{"Xc_est":0.22341757883321914,"Zc_est":0.23906522465340055,"Rc_est":0.0850691901153595},"20":{"Xc_est":0.06883312493582742,"Zc_est":0.08688596590924089,"Rc_est":0.053020486451470276},"2":{"Xc_est":0.24674904132648842,"Zc_est":0.26771337960403946,"Rc_est":0.10385260816886324},"6":{"Xc_est":0.08966664167637257,"Zc_est":0.10346953577214488,"Rc_est":0.051631755765073235},"25":{"Xc_est":0.18818313359728037,"Zc_est":0.20283714297098288,"Rc_est":0.07569686121722005},"23":{"Xc_est":0.22290705160944888,"Zc_est":0.24026303111124683,"Rc_est":0.08965919061393793},"22":{"Xc_est":0.20140936869641676,"Zc_est":0.21623552489395254,"Rc_est":0.07868969708592113},"11":{"Xc_est":0.2391728367959421,"Zc_est":0.2549768334924341,"Rc_est":0.08837160039746993},"13":{"Xc_est":0.25396928950030373,"Zc_est":0.2722778486286325,"Rc_est":0.09815715381238102},"5":{"Xc_est":0.09080446700412056,"Zc_est":0.13130023929160714,"Rc_est":0.09483829189800329},"15":{"Xc_est":0.15532893249253238,"Zc_est":0.16107416990819237,"Rc_est":0.04263579414463331},"27":{"Xc_est":0.11706136578746613,"Zc_est":0.1339271763660493,"Rc_est":0.06506247158966472},"28":{"Xc_est":0.15680015498937333,"Zc_est":0.1641779019600397,"Rc_est":0.04866307519371238},"16":{"Xc_est":0.237882291014331,"Zc_est":0.26017825691053587,"Rc_est":0.10537903487306159},"14":{"Xc_est":0.07391107532819606,"Zc_est":0.08748287798736877,"Rc_est":0.04680178292311714},"21":{"Xc_est":0.07056194404485891,"Zc_est":0.10627372457713596,"Rc_est":0.07946770783222046},"7":{"Xc_est":0.026952797152556156,"Zc_est":0.057508492816444524,"Rc_est":0.05080131368057535},"8":{"Xc_est":0.20520378164692527,"Zc_est":0.22997673687471004,"Rc_est":0.10383018588705613},"26":{"Xc_est":0.11119620656174958,"Zc_est":0.13405540571405516,"Rc_est":0.07487493203627403},"17":{"Xc_est":0.19362100929785844,"Zc_est":0.21006629932605014,"Rc_est":0.08147855466943625},"10":{"Xc_est":0.2076495897108275,"Zc_est":0.2232604546798089,"Rc_est":0.08201755005338796},"19":{"Xc_est":0.060991852155117696,"Zc_est":0.09529459045759978,"Rc_est":0.07321921155796429},"9":{"Xc_est":0.10801751987486057,"Zc_est":0.130352586817639,"Rc_est":0.07296582960629047},"18":{"Xc_est":0.09894595410550854,"Zc_est":0.11735238252568495,"Rc_est":0.06309738386498512},"30":{"Xc_est":0.2656434456591379,"Zc_est":0.29907205832965916,"Rc_est":0.13739598193498861},"3":{"Xc_est":0.035811327924577294,"Zc_est":0.0507209983871084,"Rc_est":0.035918915207219765}}