{"24":{"Xc_est":0.19422615514885327,"Zc_est":0.22973336483831963,"Rc_est":0.1226931928675346},"4":{"Xc_est":0.04472139608640634,"Zc_est":0.07660644108263574,"Rc_est":0.0621976168951038},"1":{"Xc_est":0.2210703806311321,"Zc_est":0.23996015524639197,"Rc_est":0.09332075285529423},"12":{"Xc_est":0.10763778300070441,"Zc_est":0.1315432755715642,"Rc_est":0.07561574583900992},"29":{"Xc_est":0.21559712834515204,"Zc_est":0.2344901738386194,"Rc_est":0.09221453180594685},"20":{"Xc_est":0.0680201271081135,"Zc_est":0.10106362028198777,"Rc_est":0.07474702437353538},"2":{"Xc_est":0.24169127312816407,"Zc_est":0.27307184769331083,"Rc_est":0.12709666595283273},"6":{"Xc_est":0.08216850461024519,"Zc_est":0.10152211326830811,"Rc_est":0.05962446085776623},"25":{"Xc_est":0.18261456032039125,"Zc_est":0.20060813833868965,"Rc_est":0.08303943356445195},"23":{"Xc_est":0.21547761462117193,"Zc_est":0.23572911852864073,"Rc_est":0.09559087257400503},"22":{"Xc_est":0.1920678418896651,"Zc_est":0.2101285625870416,"Rc_est":0.0852288503192602},"11":{"Xc_est":0.23195260176962587,"Zc_est":0.2508078214281591,"Rc_est":0.09540730486624535},"13":{"Xc_est":0.24671395830017193,"Zc_est":0.26908887601973575,"Rc_est":0.10742926034105298},"5":{"Xc_est":0.08825469824852991,"Zc_est":0.1404592019922391,"Rc_est":0.10926982960249162},"15":{"Xc_est":0.1498529868675288,"Zc_est":0.15547963229827955,"Rc_est":0.04144874408819232},"27":{"Xc_est":0.10316680329344874,"Zc_est":0.11745112327789553,"Rc_est":0.05613712726396202},"28":{"Xc_est":0.1513399415381847,"Zc_est":0.15920651816150963,"Rc_est":0.049426081377446196},"16":{"Xc_est":0.23021132382952192,"Zc_est":0.25879788977055634,"Rc_est":0.11823321923364868},"14":{"Xc_est":0.07129252400472504,"Zc_est":0.08837427987998557,"Rc_est":0.052224413499260346},"21":{"Xc_est":0.06936793035230816,"Zc_est":0.12823505852531306,"Rc_est":0.1078532358050874},"7":{"Xc_est":0.027014273867132753,"Zc_est":0.07145084899584657,"Rc_est":0.0661472057585112},"8":{"Xc_est":0.1959292463507602,"Zc_est":0.22911523445317195,"Rc_est":0.11876666654813155},"26":{"Xc_est":0.10266072351824683,"Zc_est":0.14365068182671115,"Rc_est":0.10048031765469832},"17":{"Xc_est":0.18499379664962126,"Zc_est":0.20319901465293183,"Rc_est":0.08406625218885981},"10":{"Xc_est":0.19831357207177583,"Zc_est":0.21737837443349556,"Rc_est":0.08902294537635544},"19":{"Xc_est":0.056945357314019965,"Zc_est":0.109023346498337,"Rc_est":0.09296943778508636},"9":{"Xc_est":0.09710581518984349,"Zc_est":0.1252242273507059,"Rc_est":0.07906685634257404},"18":{"Xc_est":0.08883829832667374,"Zc_est":0.11710947987400981,"Rc_est":0.07630456753551537},"30":{"Xc_est":0.2601713556933845,"Zc_est":0.30382783798896973,"Rc_est":0.1569146927910769},"3":{"Xc_est":0.03174604040455374,"Zc_est":0.054912119862348834,"Rc_est":0.04480546647909613}}