linecode_id,linecode_name,A_p_est,dist_est,x_est,r_est,scenario_id
4,hydrogen,"[300.00000134804577, 155.31179090041636, 236.70630850788092, 300.0000023595473]","[1199.9998857845687, 764.7809898079231, 1021.2739556678276]",[0.7360975828400406 0.41813307734599936 0.38715317768321317 0.3608534406476537; 0.41813307734599936 0.7567802382202055 0.44643809133265244 0.3931455584444866; 0.38715317768321317 0.44643809133265244 0.7435419908046104 0.4282660340410968; 0.3608534406476537 0.3931455584444866 0.4282660340410968 0.7360975827341162],[0.1295057361961559 0.049348 0.049348 0.049348; 0.049348 0.20418055216805697 0.049348 0.049348; 0.049348 0.049348 0.15093938182032202 0.049348; 0.049348 0.049348 0.049348 0.12950573592589035],1
1,pluto,"[211.19563720453357, 300.000002721893, 161.82928959992105, 300.0000028002805]","[379.9999969342389, 1200.0000106735608, 379.9999981949719]",[0.7471245229611774 0.49038393946714787 0.40084778113047015 0.38730625209336844; 0.49038393946714787 0.7360975826961713 0.41813307080681145 0.4008477810803345; 0.40084778113047015 0.41813307080681145 0.7554888093645856 0.49038393925868895; 0.38730625209336844 0.4008477810803345 0.49038393925868895 0.7360975826879625],[0.27016368507590144 0.049348 0.049348 0.049348; 0.049348 0.20479902963746516 0.049348 0.049348; 0.049348 0.049348 0.3375239502847337 0.049348; 0.049348 0.049348 0.049348 0.2047990295968471],1
10,tw2x16_lv_oh_2w_bundled,"[11.808169665389766, 10.000000129683624]",[83.17607219302938],[0.8377280551547233 0.5858390384471728; 0.5858390384471728 0.8429495995160922],[3.11765746893986 0.049348; 0.049348 3.672459832530557],1
7,abc2x16_lv_oh_2w_bundled,"[12.906953896301324, 9.999999916867019]",[99.99996608511331],[0.8349328293907197 0.5742647472945639; 0.5742647472945639 0.8429496001846768],[3.514904369821984 0.049348; 0.049348 4.52232566621777],1
