{"24":{"shunt_est":{"gs":0.5768536878652927},"shunt_true":{"gs":0.028277124183006534}},"4":{"shunt_est":{"gs":11.53706233936152},"shunt_true":{"gs":0.16966274509803922}},"1":{"shunt_est":{"gs":0.5768534730714944},"shunt_true":{"gs":0.22621699346405227}},"12":{"shunt_est":{"gs":7.807591179916208},"shunt_true":{"gs":0.16966274509803922}},"29":{"shunt_est":{"gs":0.576853399394088},"shunt_true":{"gs":0.05655424836601307}},"20":{"shunt_est":{"gs":11.537066079704452},"shunt_true":{"gs":0.08483137254901961}},"2":{"shunt_est":{"gs":0.5768534088734687},"shunt_true":{"gs":0.05655424836601307}},"6":{"shunt_est":{"gs":11.537065976207924},"shunt_true":{"gs":0.16966274509803922}},"25":{"shunt_est":{"gs":0.576853419818915},"shunt_true":{"gs":0.14138562091503268}},"23":{"shunt_est":{"gs":0.5768533969964945},"shunt_true":{"gs":0.19793986928104573}},"22":{"shunt_est":{"gs":0.5768533940059922},"shunt_true":{"gs":0.19793986928104573}},"11":{"shunt_est":{"gs":0.5768534153623397},"shunt_true":{"gs":0.11310849673202614}},"13":{"shunt_est":{"gs":0.5768534176773474},"shunt_true":{"gs":0.08483137254901961}},"5":{"shunt_est":{"gs":11.537061936266172},"shunt_true":{"gs":0.22621699346405227}},"15":{"shunt_est":{"gs":0.5768535436309856},"shunt_true":{"gs":0.05655424836601307}},"27":{"shunt_est":{"gs":7.914753587322549},"shunt_true":{"gs":0.14138562091503268}},"28":{"shunt_est":{"gs":0.5768536880237678},"shunt_true":{"gs":0.11310849673202614}},"16":{"shunt_est":{"gs":0.5768534524784108},"shunt_true":{"gs":0.14138562091503268}},"14":{"shunt_est":{"gs":0.5769144523832654},"shunt_true":{"gs":0.028277124183006534}},"21":{"shunt_est":{"gs":11.53706637363463},"shunt_true":{"gs":0.028277124183006534}},"7":{"shunt_est":{"gs":0.5769548836480444},"shunt_true":{"gs":0.05655424836601307}},"8":{"shunt_est":{"gs":0.5768534244857907},"shunt_true":{"gs":0.19793986928104573}},"26":{"shunt_est":{"gs":0.576854603422267},"shunt_true":{"gs":0.14138562091503268}},"17":{"shunt_est":{"gs":0.5768534475909414},"shunt_true":{"gs":0.11310849673202614}},"10":{"shunt_est":{"gs":0.5768534354735547},"shunt_true":{"gs":0.05655424836601307}}}