{"32":{"length_est":14.03615492485299,"length_true":20.051664},"29":{"length_est":3.6764604005855976,"length_true":5.2521},"1":{"length_est":0.14852027800314216,"length_true":0.11424},"54":{"length_est":8.421799924954279,"length_true":6.4783},"2":{"length_est":13.818080318206265,"length_true":13.996288},"41":{"length_est":6.316839901419931,"length_true":4.8591},"53":{"length_est":20.625665727918456,"length_true":29.465251},"51":{"length_est":8.281326024847822,"length_true":11.830480000000001},"27":{"length_est":13.893291992907217,"length_true":10.68714},"42":{"length_est":5.47641703941356,"length_true":4.212621},"33":{"length_est":1.76399000636616,"length_true":2.52},"28":{"length_est":8.60473307339741,"length_true":12.29249},"52":{"length_est":12.543319973222204,"length_true":9.6487},"50":{"length_est":2.854660366596353,"length_true":4.0781},"26":{"length_est":12.233600705756247,"length_true":15.0},"10":{"length_est":10.241279970528566,"length_true":7.8779},"24":{"length_est":7.2932216665897345,"length_true":10.4189},"25":{"length_est":18.96440994268188,"length_true":14.588000000000001},"23":{"length_est":5.38213992949987,"length_true":4.1401},"49":{"length_est":15.881836992551422,"length_true":12.21679},"5":{"length_est":16.93802199420051,"length_true":13.029240000000001},"31":{"length_est":3.0729900826961134,"length_true":4.39},"43":{"length_est":8.339328004002178,"length_true":11.91334},"39":{"length_est":35.127320020111064,"length_true":50.1819},"34":{"length_est":8.692835012243894,"length_true":12.41835},"44":{"length_est":8.966626012182557,"length_true":12.809479999999999},"55":{"length_est":8.56541400913957,"length_true":12.23632},"17":{"length_est":12.203861940526384,"length_true":17.4341},"37":{"length_est":21.510942275921092,"length_true":16.546871},"47":{"length_est":5.792000071665662,"length_true":8.2743},"9":{"length_est":19.76403986440739,"length_true":15.2031},"12":{"length_est":12.722254508612451,"length_true":13.3844},"20":{"length_est":17.693399995133337,"length_true":13.610299999999999},"6":{"length_est":8.727310015502658,"length_true":12.467600000000001},"14":{"length_est":10.525199790182098,"length_true":8.0963},"7":{"length_est":10.759480004381986,"length_true":15.370700000000001},"57":{"length_est":15.457919983971497,"length_true":11.8907},"8":{"length_est":10.368180045326854,"length_true":14.8117},"19":{"length_est":7.549239690107537,"length_true":5.8071},"4":{"length_est":8.478382293319402,"length_true":11.83921},"22":{"length_est":9.308674011192698,"length_true":13.298119999999997},"11":{"length_est":16.16136169078337,"length_true":12.431809},"35":{"length_est":11.795963099203082,"length_true":11.80815},"13":{"length_est":9.015500044281756,"length_true":12.8793},"15":{"length_est":7.938329240145238,"length_true":6.1064},"16":{"length_est":26.724132446452472,"length_true":27.150599999999997},"40":{"length_est":25.668639989542765,"length_true":19.7451},"46":{"length_est":5.10348118730816,"length_true":7.2907},"21":{"length_est":13.82881168490486,"length_true":10.637540000000001},"38":{"length_est":6.912931386279336,"length_true":9.87563},"45":{"length_est":3.425510108104034,"length_true":4.8936},"56":{"length_est":3.4900501581774606,"length_true":4.9858},"36":{"length_est":72.88620048356142,"length_true":59.543393},"48":{"length_est":8.362400046964714,"length_true":11.9463},"18":{"length_est":14.319470419482721,"length_true":20.456400000000002},"30":{"length_est":15.4163286400606,"length_true":17.905369999999998},"3":{"length_est":10.32846200505338,"length_true":14.754960000000002}}