linecode_id,linecode_name,A_p_est,dist_est,x_est,r_est,scenario_id
4,hydrogen,"[185.32094896970938, 136.284738036258, 131.25378527985404, 286.9352321051877]","[1199.9999685706664, 728.5448136355845, 1040.1818598281307]",[0.7512304594870445 0.418133073011319 0.38832279572449074 0.3612191191745716; 0.418133073011319 0.760885941587165 0.449487979629259 0.3937581297513706; 0.38832279572449074 0.449487979629259 0.76206761100485 0.42711339740236887; 0.3612191191745716 0.3937581297513706 0.42711339740236887 0.7374964104297216],[0.17910840269917674 0.049348 0.049348 0.049348; 0.049348 0.2257971117156888 0.049348 0.049348; 0.049348 0.049348 0.23256039967007688 0.049348; 0.049348 0.049348 0.049348 0.13315548780995828],1
1,pluto,"[261.594457853846, 300.00000275806025, 257.05904854660315, 300.00000273376276]","[379.99999684204045, 1200.0000106203358, 401.73072353704373]",[0.7404011678572242 0.4903839394823926 0.4008477811362532 0.3866134606016487; 0.4903839394823926 0.7360975826923839 0.4181330708095983 0.39998950219221524; 0.4008477811362532 0.4181330708095983 0.7409506215831778 0.48688980309059454; 0.3866134606016487 0.39998950219221524 0.48688980309059454 0.7360975826949284],[0.22762130784055057 0.049348 0.049348 0.049348; 0.049348 0.20479902961872437 0.049348 0.049348; 0.049348 0.049348 0.23076666461435197 0.049348; 0.049348 0.049348 0.049348 0.2047990296313146],1
10,tw2x16_lv_oh_2w_bundled,"[14.29681885279959, 10.00000014176905]",[53.048805618010945],[0.8317198890954233 0.6140975647022097; 0.6140975647022097 0.8429495994781246],[2.5835564255386014 0.049348; 0.049348 3.672459828151872],1
7,abc2x16_lv_oh_2w_bundled,"[17.13547700302648, 9.999999922940548]",[99.99990568271444],[0.8260300136128556 0.5742647852466235; 0.5742647852466235 0.8429496001655962],[2.659708731856226 0.049348; 0.049348 4.522325663501094],1
