{"24":{"Xc_est":0.19581051446764855,"Zc_est":0.2312168299945468,"Rc_est":0.12296123330807134},"4":{"Xc_est":0.04490729946908197,"Zc_est":0.07631361176673533,"Rc_est":0.06170171630739453},"1":{"Xc_est":0.22264870192042543,"Zc_est":0.2415043519911159,"Rc_est":0.09355163047108452},"12":{"Xc_est":0.10793527113484647,"Zc_est":0.1317658997263583,"Rc_est":0.07557929330010892},"29":{"Xc_est":0.2171774844555842,"Zc_est":0.23603925309494644,"Rc_est":0.09245793231067123},"20":{"Xc_est":0.06835532477931681,"Zc_est":0.10141737475100163,"Rc_est":0.07492018069718745},"2":{"Xc_est":0.24326959443122792,"Zc_est":0.2745767632707141,"Rc_est":0.12732754357752946},"6":{"Xc_est":0.0824702071604396,"Zc_est":0.10176028856251913,"Rc_est":0.05961393510951393},"25":{"Xc_est":0.18419891953479478,"Zc_est":0.2021617599340205,"Rc_est":0.08330747398543986},"23":{"Xc_est":0.21711363466897912,"Zc_est":0.23742173208788345,"Rc_est":0.09607678444054932},"22":{"Xc_est":0.1936503371541074,"Zc_est":0.21167949817055876,"Rc_est":0.08548541902476772},"11":{"Xc_est":0.23353092306931308,"Zc_est":0.25235561015903196,"Rc_est":0.0956381824855109},"13":{"Xc_est":0.24829227973178578,"Zc_est":0.27062845653237655,"Rc_est":0.10766013798379165},"5":{"Xc_est":0.08855919550958505,"Zc_est":0.1406559106236182,"Rc_est":0.10927650289085192},"15":{"Xc_est":0.15143734603159784,"Zc_est":0.15707819664217726,"Rc_est":0.04171678423925561},"27":{"Xc_est":0.10346429168891501,"Zc_est":0.11769513790786734,"Rc_est":0.056100675864583185},"28":{"Xc_est":0.15292430070225363,"Zc_est":0.1607959808570817,"Rc_est":0.04969412152878535},"16":{"Xc_est":0.231789645125891,"Zc_est":0.2603078597176706,"Rc_est":0.11846409685304657},"14":{"Xc_est":0.07159702128571294,"Zc_est":0.08862403672077811,"Rc_est":0.05223108679415923},"21":{"Xc_est":0.06967654496682243,"Zc_est":0.12842915443329245,"Rc_est":0.10788524824987358},"7":{"Xc_est":0.02701427386454179,"Zc_est":0.07145084898570182,"Rc_est":0.0661472057486112},"8":{"Xc_est":0.197512664941637,"Zc_est":0.23060601907791292,"Rc_est":0.11902891758986713},"26":{"Xc_est":0.1029610489250201,"Zc_est":0.1438522004210493,"Rc_est":0.1004613257439765},"17":{"Xc_est":0.1864171987147022,"Zc_est":0.2042516645839528,"Rc_est":0.08347077637520083},"10":{"Xc_est":0.19989392779883475,"Zc_est":0.21892022032088185,"Rc_est":0.08926634581127252},"19":{"Xc_est":0.05725769939335337,"Zc_est":0.10923360862351976,"Rc_est":0.0930243898829585},"9":{"Xc_est":0.09740614059393396,"Zc_est":0.12544529124427528,"Rc_est":0.07904786442375164},"18":{"Xc_est":0.08909472820884015,"Zc_est":0.11713874133124957,"Rc_est":0.07605007643692609},"30":{"Xc_est":0.26170316510560643,"Zc_est":0.3051550928630453,"Rc_est":0.15694293253906505},"3":{"Xc_est":0.03205838247941079,"Zc_est":0.05513798182987125,"Rc_est":0.0448604185566187}}