{"24":{"Xc_est":0.1956556143851194,"Zc_est":0.21724524549179883,"Rc_est":0.09441597983590176},"4":{"Xc_est":0.04536608153969996,"Zc_est":0.06408245607658182,"Rc_est":0.04526013502565289},"1":{"Xc_est":0.22150252926416078,"Zc_est":0.23765528040852665,"Rc_est":0.0861200431701879},"12":{"Xc_est":0.11535801578303079,"Zc_est":0.13401594158721641,"Rc_est":0.06821144181228118},"29":{"Xc_est":0.2143978805927148,"Zc_est":0.2286708470220961,"Rc_est":0.07952298457147396},"20":{"Xc_est":0.06525542227024574,"Zc_est":0.07697322096365565,"Rc_est":0.04082409349699848},"2":{"Xc_est":0.23763714203220912,"Zc_est":0.25518911331055,"Rc_est":0.09300576476212857},"6":{"Xc_est":0.08623306850821544,"Zc_est":0.09801178402056794,"Rc_est":0.04658505879090291},"25":{"Xc_est":0.18028287747554728,"Zc_est":0.19324205039045117,"Rc_est":0.06957423465797145},"23":{"Xc_est":0.21387577055428006,"Zc_est":0.2301485382900736,"Rc_est":0.08500296728273911},"22":{"Xc_est":0.19660412230266883,"Zc_est":0.2100277964808045,"Rc_est":0.07388162415769885},"11":{"Xc_est":0.23095820848078064,"Zc_est":0.24560772950199825,"Rc_est":0.08355514781552965},"13":{"Xc_est":0.24755208786181898,"Zc_est":0.2643808539130316,"Rc_est":0.09281810012620395},"5":{"Xc_est":0.08327704036040116,"Zc_est":0.10672795547855399,"Rc_est":0.06675171180909384},"15":{"Xc_est":0.1470716771950571,"Zc_est":0.15276458099685386,"Rc_est":0.04131511798575978},"27":{"Xc_est":0.1106511173208677,"Zc_est":0.12294555790787098,"Rc_est":0.053590488381066545},"28":{"Xc_est":0.14852878588092067,"Zc_est":0.15549092417504776,"Rc_est":0.04600681759859157},"16":{"Xc_est":0.22900000511298937,"Zc_est":0.2483518970325498,"Rc_est":0.09611275887163505},"14":{"Xc_est":0.07189475827563631,"Zc_est":0.08387221872539767,"Rc_est":0.04319366627653611},"21":{"Xc_est":0.06273349913164603,"Zc_est":0.08351353740552903,"Rc_est":0.055127298289363524},"7":{"Xc_est":0.02861111978883106,"Zc_est":0.05031565677973594,"Rc_est":0.041389239442219124},"8":{"Xc_est":0.1978381680553918,"Zc_est":0.21800368022630673,"Rc_est":0.09157327040518072},"26":{"Xc_est":0.10509891123059682,"Zc_est":0.12070853374478999,"Rc_est":0.05936976483834369},"17":{"Xc_est":0.18542580268860656,"Zc_est":0.19940703925387965,"Rc_est":0.07335147579486215},"10":{"Xc_est":0.20130020326001397,"Zc_est":0.21528075089733706,"Rc_est":0.07631533184359715},"19":{"Xc_est":0.05711031237465052,"Zc_est":0.08022703985442135,"Rc_est":0.056345276148695486},"9":{"Xc_est":0.10349377574857288,"Zc_est":0.12255826531728461,"Rc_est":0.06564729072007493},"18":{"Xc_est":0.09145143940415179,"Zc_est":0.10539114792590602,"Rc_est":0.05238251895479024},"30":{"Xc_est":0.25866970827817604,"Zc_est":0.2878759819053096,"Rc_est":0.1263430369162838},"3":{"Xc_est":0.03306889766488876,"Zc_est":0.04462704120150743,"Rc_est":0.02996699540544824}}