{"24":{"shunt_est":{"gs":11.537066189396887},"shunt_true":{"gs":5.768533333333333}},"4":{"shunt_est":{"gs":11.537059754332416},"shunt_true":{"gs":0.9614222222222222}},"1":{"shunt_est":{"gs":0.5768535911244363},"shunt_true":{"gs":0.7210666666666666}},"12":{"shunt_est":{"gs":11.537066105894322},"shunt_true":{"gs":0.9614222222222222}},"29":{"shunt_est":{"gs":0.5768535857679049},"shunt_true":{"gs":2.8842666666666665}},"20":{"shunt_est":{"gs":0.5768574913054649},"shunt_true":{"gs":1.9228444444444444}},"2":{"shunt_est":{"gs":0.5768534196489666},"shunt_true":{"gs":2.8842666666666665}},"6":{"shunt_est":{"gs":11.537066432073154},"shunt_true":{"gs":0.9614222222222222}},"25":{"shunt_est":{"gs":0.5768541628336603},"shunt_true":{"gs":1.1537066666666667}},"23":{"shunt_est":{"gs":0.5768535059148158},"shunt_true":{"gs":0.8240761904761905}},"22":{"shunt_est":{"gs":0.5768534937772379},"shunt_true":{"gs":0.8240761904761905}},"11":{"shunt_est":{"gs":0.5768535381246739},"shunt_true":{"gs":1.4421333333333333}},"13":{"shunt_est":{"gs":0.5768535890707225},"shunt_true":{"gs":1.9228444444444444}},"5":{"shunt_est":{"gs":0.5768535429198813},"shunt_true":{"gs":0.7210666666666666}},"15":{"shunt_est":{"gs":0.5768542831433389},"shunt_true":{"gs":2.8842666666666665}},"27":{"shunt_est":{"gs":11.537026450708156},"shunt_true":{"gs":1.1537066666666667}},"28":{"shunt_est":{"gs":0.5768551988486914},"shunt_true":{"gs":1.4421333333333333}},"16":{"shunt_est":{"gs":0.5768534903231225},"shunt_true":{"gs":1.1537066666666667}},"14":{"shunt_est":{"gs":0.5768556014560303},"shunt_true":{"gs":5.768533333333333}},"21":{"shunt_est":{"gs":11.537065881612003},"shunt_true":{"gs":5.768533333333333}},"7":{"shunt_est":{"gs":11.53706427302122},"shunt_true":{"gs":2.8842666666666665}},"8":{"shunt_est":{"gs":11.537066234089997},"shunt_true":{"gs":0.8240761904761905}},"26":{"shunt_est":{"gs":0.5768535162166333},"shunt_true":{"gs":1.1537066666666667}},"17":{"shunt_est":{"gs":0.5768536695274364},"shunt_true":{"gs":1.4421333333333333}},"10":{"shunt_est":{"gs":0.5768538201507561},"shunt_true":{"gs":2.8842666666666665}}}