linecode_id,linecode_name,A_p_est,dist_est,x_est,r_est,scenario_id
4,hydrogen,"[300.0000023506002, 299.9999917256537, 300.00000102954374, 300.0000009747046]","[715.7486084868028, 379.99999837920643, 1199.9999918565502]",[0.7360975827350532 0.45060137139300627 0.42384348026884167 0.37737160177097556; 0.45060137139300627 0.7360975838476975 0.49038393922822626 0.4008477818213057; 0.42384348026884167 0.49038393922822626 0.7360975828733942 0.4181330717920701; 0.37737160177097556 0.4008477818213057 0.4181330717920701 0.736097582879137],[0.12950573592828096 0.049348 0.049348 0.049348; 0.049348 0.12950573876718655 0.049348 0.049348; 0.049348 0.049348 0.12950573628125728 0.049348; 0.049348 0.049348 0.049348 0.12950573629590986],1
1,pluto,"[240.17907678484747, 300.0000028491622, 132.55130980057567, 300.00000255002]","[379.99999675141754, 1200.0000108651298, 379.9999974324965]",[0.7430844283791567 0.49038393949737685 0.4008477811301223 0.38730625211753084; 0.49038393949737685 0.7360975826828438 0.41813307079678086 0.4008477811030378; 0.4008477811301223 0.41813307079678086 0.7617585695206934 0.49038393938476227; 0.38730625211753084 0.4008477811030378 0.49038393938476227 0.7360975827141699],[0.24351690904338247 0.049348 0.049348 0.049348; 0.049348 0.20479902957151808 0.049348 0.049348; 0.049348 0.049348 0.4011763552574754 0.049348; 0.049348 0.049348 0.049348 0.2047990297265246],1
10,tw2x16_lv_oh_2w_bundled,"[9.999999911547084, 9.999999909940666]",[99.99999332245709],[0.84294960020139 0.5742647301807926; 0.5742647301807926 0.8429496002064366],[3.672459911563865 0.049348; 0.049348 3.6724599121458885],1
7,abc2x16_lv_oh_2w_bundled,"[9.99999990607838, 9.999999905079603]",[99.99999469266375],[0.8429496002185703 0.5742647293198644; 0.5742647293198644 0.8429496002217083],[4.522325671043505 0.049348; 0.049348 4.522325671490255],1
