{"32":{"length_est":14.036154933153137,"length_true":20.051664},"29":{"length_est":3.6764600929028224,"length_true":5.2521},"1":{"length_est":0.07995803450961851,"length_true":0.11424},"54":{"length_est":8.421799639255173,"length_true":6.4783},"2":{"length_est":11.361416851421282,"length_true":13.996288},"41":{"length_est":6.316839799684221,"length_true":4.8591},"53":{"length_est":20.625665728290297,"length_true":29.465251},"51":{"length_est":8.281326014352766,"length_true":11.830480000000001},"27":{"length_est":13.893291996530582,"length_true":10.68714},"42":{"length_est":5.476416625510524,"length_true":4.212621},"33":{"length_est":1.763990003534078,"length_true":2.52},"28":{"length_est":8.604733327666462,"length_true":12.29249},"52":{"length_est":12.543319984814584,"length_true":9.6487},"50":{"length_est":5.100156043278724,"length_true":4.0781},"26":{"length_est":12.660893581195547,"length_true":15.0},"10":{"length_est":10.241279983440775,"length_true":7.8779},"24":{"length_est":7.293221090951498,"length_true":10.4189},"25":{"length_est":18.964409982240742,"length_true":14.588000000000001},"23":{"length_est":5.382138724344347,"length_true":4.1401},"49":{"length_est":15.881836978435151,"length_true":12.21679},"5":{"length_est":16.938021995947572,"length_true":13.029240000000001},"31":{"length_est":4.2775416258913115,"length_true":4.39},"43":{"length_est":8.33932800297389,"length_true":11.91334},"39":{"length_est":35.1273200256008,"length_true":50.1819},"34":{"length_est":8.69283501432413,"length_true":12.41835},"44":{"length_est":8.966626007063393,"length_true":12.809479999999999},"55":{"length_est":9.886092092196462,"length_true":12.23632},"17":{"length_est":12.203860249574953,"length_true":17.4341},"37":{"length_est":19.415362595091757,"length_true":16.546871},"47":{"length_est":5.7920000296127645,"length_true":8.2743},"9":{"length_est":17.899914619284342,"length_true":15.2031},"12":{"length_est":11.760743204528689,"length_true":13.3844},"20":{"length_est":14.78183457893936,"length_true":13.610299999999999},"6":{"length_est":8.727310010520258,"length_true":12.467600000000001},"14":{"length_est":10.525199779656466,"length_true":8.0963},"7":{"length_est":10.759480004967248,"length_true":15.370700000000001},"57":{"length_est":12.943063044933174,"length_true":11.8907},"8":{"length_est":13.846879691942993,"length_true":14.8117},"19":{"length_est":7.549236601925513,"length_true":5.8071},"4":{"length_est":10.08207400713411,"length_true":11.83921},"22":{"length_est":9.308674018656296,"length_true":13.298119999999997},"11":{"length_est":16.161361694621508,"length_true":12.431809},"35":{"length_est":11.336254241819237,"length_true":11.80815},"13":{"length_est":10.837455070134718,"length_true":12.8793},"15":{"length_est":7.325257766521597,"length_true":6.1064},"16":{"length_est":24.38155115351444,"length_true":27.150599999999997},"40":{"length_est":23.81248069987253,"length_true":19.7451},"46":{"length_est":8.089963898534414,"length_true":7.2907},"21":{"length_est":11.480169898513758,"length_true":10.637540000000001},"38":{"length_est":6.912931182554023,"length_true":9.87563},"45":{"length_est":3.4255100968043,"length_true":4.8936},"56":{"length_est":3.490050062770217,"length_true":4.9858},"36":{"length_est":58.80409178160838,"length_true":59.543393},"48":{"length_est":8.362400052768125,"length_true":11.9463},"18":{"length_est":14.31947003828363,"length_true":20.456400000000002},"30":{"length_est":16.920418830645154,"length_true":17.905369999999998},"3":{"length_est":10.32846200399222,"length_true":14.754960000000002}}