{"32":{"length_est":14.036155374245439,"length_true":20.051664},"29":{"length_est":3.676460046624689,"length_true":5.2521},"1":{"length_est":0.07995801154654085,"length_true":0.11424},"54":{"length_est":8.421798617561194,"length_true":6.4783},"2":{"length_est":9.85748999202972,"length_true":13.996288},"41":{"length_est":6.316839867312001,"length_true":4.8591},"53":{"length_est":22.651949157639837,"length_true":29.465251},"51":{"length_est":8.281326021544762,"length_true":11.830480000000001},"27":{"length_est":13.893291996075801,"length_true":10.68714},"42":{"length_est":5.476417243113788,"length_true":4.212621},"33":{"length_est":1.7639900026035653,"length_true":2.52},"28":{"length_est":8.604733220493573,"length_true":12.29249},"52":{"length_est":12.54331997210278,"length_true":9.6487},"50":{"length_est":5.301539838679425,"length_true":4.0781},"26":{"length_est":11.508267761880804,"length_true":15.0},"10":{"length_est":10.241279969317333,"length_true":7.8779},"24":{"length_est":10.707939308204127,"length_true":10.4189},"25":{"length_est":17.35001295669308,"length_true":14.588000000000001},"23":{"length_est":5.382139416860074,"length_true":4.1401},"49":{"length_est":15.47749081453981,"length_true":12.21679},"5":{"length_est":16.938021993277395,"length_true":13.029240000000001},"31":{"length_est":5.707009524915289,"length_true":4.39},"43":{"length_est":8.339328004172545,"length_true":11.91334},"39":{"length_est":35.1273200384692,"length_true":50.1819},"34":{"length_est":8.69283501399692,"length_true":12.41835},"44":{"length_est":8.966626018666119,"length_true":12.809479999999999},"55":{"length_est":10.561605147598199,"length_true":12.23632},"17":{"length_est":14.337499963960173,"length_true":17.4341},"37":{"length_est":16.125157062331404,"length_true":16.546871},"47":{"length_est":5.792000036553088,"length_true":8.2743},"9":{"length_est":13.720598058515288,"length_true":15.2031},"12":{"length_est":11.432417251298178,"length_true":13.3844},"20":{"length_est":12.948360728337017,"length_true":13.610299999999999},"6":{"length_est":8.72731000665389,"length_true":12.467600000000001},"14":{"length_est":10.525199947832434,"length_true":8.0963},"7":{"length_est":10.759480140985163,"length_true":15.370700000000001},"57":{"length_est":11.79554522591868,"length_true":11.8907},"8":{"length_est":14.601373337476595,"length_true":14.8117},"19":{"length_est":7.549239620161707,"length_true":5.8071},"4":{"length_est":9.37518119504858,"length_true":11.83921},"22":{"length_est":9.68944476592863,"length_true":13.298119999999997},"11":{"length_est":16.16136169365432,"length_true":12.431809},"35":{"length_est":11.360529980295748,"length_true":11.80815},"13":{"length_est":10.165766692020613,"length_true":12.8793},"15":{"length_est":5.8835160826597965,"length_true":6.1064},"16":{"length_est":24.05289834470591,"length_true":27.150599999999997},"40":{"length_est":19.06725824811232,"length_true":19.7451},"46":{"length_est":5.103481023747339,"length_true":7.2907},"21":{"length_est":8.961296626923085,"length_true":10.637540000000001},"38":{"length_est":10.398692746911694,"length_true":9.87563},"45":{"length_est":6.361689518706114,"length_true":4.8936},"56":{"length_est":4.577243266018932,"length_true":4.9858},"36":{"length_est":60.52068047402294,"length_true":59.543393},"48":{"length_est":8.362400809034593,"length_true":11.9463},"18":{"length_est":15.825001879100595,"length_true":20.456400000000002},"30":{"length_est":14.440347991495118,"length_true":17.905369999999998},"3":{"length_est":10.328462004123704,"length_true":14.754960000000002}}