{"24":{"shunt_est":{"gs":1.4694473956176326},"shunt_true":{"gs":0.028277124183006534}},"4":{"shunt_est":{"gs":11.537058334645739},"shunt_true":{"gs":0.16966274509803922}},"1":{"shunt_est":{"gs":0.5768534946898676},"shunt_true":{"gs":0.22621699346405227}},"12":{"shunt_est":{"gs":11.537065987424706},"shunt_true":{"gs":0.16966274509803922}},"29":{"shunt_est":{"gs":0.576853490516506},"shunt_true":{"gs":0.05655424836601307}},"20":{"shunt_est":{"gs":0.5768579773335987},"shunt_true":{"gs":0.08483137254901961}},"2":{"shunt_est":{"gs":0.5768534000426008},"shunt_true":{"gs":0.05655424836601307}},"6":{"shunt_est":{"gs":11.537066398163168},"shunt_true":{"gs":0.16966274509803922}},"25":{"shunt_est":{"gs":0.576853680324223},"shunt_true":{"gs":0.14138562091503268}},"23":{"shunt_est":{"gs":0.5768534564659727},"shunt_true":{"gs":0.19793986928104573}},"22":{"shunt_est":{"gs":0.5768534580901574},"shunt_true":{"gs":0.19793986928104573}},"11":{"shunt_est":{"gs":0.576853471908419},"shunt_true":{"gs":0.11310849673202614}},"13":{"shunt_est":{"gs":0.57685348316013},"shunt_true":{"gs":0.08483137254901961}},"5":{"shunt_est":{"gs":0.5768535595511446},"shunt_true":{"gs":0.22621699346405227}},"15":{"shunt_est":{"gs":0.5768537916039754},"shunt_true":{"gs":0.05655424836601307}},"27":{"shunt_est":{"gs":1.6844865851329098},"shunt_true":{"gs":0.14138562091503268}},"28":{"shunt_est":{"gs":0.5768539413774089},"shunt_true":{"gs":0.11310849673202614}},"16":{"shunt_est":{"gs":0.5768534551579104},"shunt_true":{"gs":0.14138562091503268}},"14":{"shunt_est":{"gs":0.5768555441915474},"shunt_true":{"gs":0.028277124183006534}},"21":{"shunt_est":{"gs":11.537065696364882},"shunt_true":{"gs":0.028277124183006534}},"7":{"shunt_est":{"gs":11.537064360764408},"shunt_true":{"gs":0.05655424836601307}},"8":{"shunt_est":{"gs":11.537017304715533},"shunt_true":{"gs":0.19793986928104573}},"26":{"shunt_est":{"gs":0.5768535133856756},"shunt_true":{"gs":0.14138562091503268}},"17":{"shunt_est":{"gs":0.5768535532805363},"shunt_true":{"gs":0.11310849673202614}},"10":{"shunt_est":{"gs":0.5768536007482413},"shunt_true":{"gs":0.05655424836601307}}}