{"24":{"Xc_est":0.19001602677751522,"Zc_est":0.2179975979059456,"Rc_est":0.10684971811122834},"4":{"Xc_est":0.046215446849172746,"Zc_est":0.07446585315905402,"Rc_est":0.058389175017609936},"1":{"Xc_est":0.2162903403569494,"Zc_est":0.23455486714658416,"Rc_est":0.09074400459769633},"12":{"Xc_est":0.1111757229643007,"Zc_est":0.13154131199845337,"Rc_est":0.07030700808340173},"29":{"Xc_est":0.20968261535991356,"Zc_est":0.22611785502139164,"Rc_est":0.08463146681525514},"20":{"Xc_est":0.06450180159999827,"Zc_est":0.08295581587943619,"Rc_est":0.052164978468100406},"2":{"Xc_est":0.23365356193473696,"Zc_est":0.25579229467880893,"Rc_est":0.10409472134676506},"6":{"Xc_est":0.0834121737938682,"Zc_est":0.09811349915399785,"Rc_est":0.05165915194061034},"25":{"Xc_est":0.175933794286016,"Zc_est":0.1914147832516423,"Rc_est":0.07541166538009225},"23":{"Xc_est":0.20918636255080503,"Zc_est":0.2272626782122811,"Rc_est":0.08882224175836809},"22":{"Xc_est":0.18795505169365842,"Zc_est":0.20360873845997002,"Rc_est":0.07829059279437509},"11":{"Xc_est":0.22606956872356995,"Zc_est":0.24264722666919644,"Rc_est":0.08814888942800966},"13":{"Xc_est":0.2408136487999984,"Zc_est":0.2599908347661513,"Rc_est":0.09800010568377586},"5":{"Xc_est":0.08524309601836551,"Zc_est":0.12355400697436084,"Rc_est":0.08943828721875283},"15":{"Xc_est":0.1431806397867681,"Zc_est":0.14916627207229471,"Rc_est":0.041831580345447324},"27":{"Xc_est":0.10825874133701369,"Zc_est":0.12350874278732231,"Rc_est":0.05945127811099189},"28":{"Xc_est":0.14465345295143575,"Zc_est":0.15241941729972416,"Rc_est":0.04803183651719155},"16":{"Xc_est":0.22428589361874463,"Zc_est":0.24792226573831752,"Rc_est":0.10564699604088183},"14":{"Xc_est":0.06991597821993246,"Zc_est":0.08407287060290092,"Rc_est":0.04669050825341326},"21":{"Xc_est":0.06606148489549128,"Zc_est":0.10267938053597939,"Rc_est":0.07860620459388203},"7":{"Xc_est":0.02690174923916521,"Zc_est":0.058552712407979,"Rc_est":0.05200688433471642},"8":{"Xc_est":0.1917416852207413,"Zc_est":0.21816866114727607,"Rc_est":0.1040802135638908},"26":{"Xc_est":0.10365810528241552,"Zc_est":0.12781472743120798,"Rc_est":0.07477701356415385},"17":{"Xc_est":0.1805375581894951,"Zc_est":0.19832492995706114,"Rc_est":0.08209121710297557},"10":{"Xc_est":0.19377151378170437,"Zc_est":0.2102971908814565,"Rc_est":0.08171602620892984},"19":{"Xc_est":0.05710785329558209,"Zc_est":0.09340994466128325,"Rc_est":0.07391962427930944},"9":{"Xc_est":0.10059161519331603,"Zc_est":0.12396980218152742,"Rc_est":0.07245577137624633},"18":{"Xc_est":0.09150369727555611,"Zc_est":0.1107908946183751,"Rc_est":0.062463555096098106},"30":{"Xc_est":0.2522553151461672,"Zc_est":0.2866736670649758,"Rc_est":0.13619488745539776},"3":{"Xc_est":0.03198868627094003,"Zc_est":0.04803015050442534,"Rc_est":0.03582763330359854}}