{"24":{"shunt_est":{"gs":0.5768536791259488},"shunt_true":{"gs":0.028277124183006534}},"4":{"shunt_est":{"gs":11.537056608533936},"shunt_true":{"gs":0.16966274509803922}},"1":{"shunt_est":{"gs":0.5768534288765312},"shunt_true":{"gs":0.22621699346405227}},"12":{"shunt_est":{"gs":3.599879254450509},"shunt_true":{"gs":0.16966274509803922}},"29":{"shunt_est":{"gs":0.5768533929832512},"shunt_true":{"gs":0.05655424836601307}},"20":{"shunt_est":{"gs":11.537062541641006},"shunt_true":{"gs":0.08483137254901961}},"2":{"shunt_est":{"gs":0.576853389436287},"shunt_true":{"gs":0.05655424836601307}},"6":{"shunt_est":{"gs":11.537065205558026},"shunt_true":{"gs":0.16966274509803922}},"25":{"shunt_est":{"gs":0.5768534224263334},"shunt_true":{"gs":0.14138562091503268}},"23":{"shunt_est":{"gs":0.576853391142994},"shunt_true":{"gs":0.19793986928104573}},"22":{"shunt_est":{"gs":0.5768533844661693},"shunt_true":{"gs":0.19793986928104573}},"11":{"shunt_est":{"gs":0.5768533940956448},"shunt_true":{"gs":0.11310849673202614}},"13":{"shunt_est":{"gs":0.5768534011380061},"shunt_true":{"gs":0.08483137254901961}},"5":{"shunt_est":{"gs":3.032717967373777},"shunt_true":{"gs":0.22621699346405227}},"15":{"shunt_est":{"gs":0.5768534942992868},"shunt_true":{"gs":0.05655424836601307}},"27":{"shunt_est":{"gs":0.5768545064046346},"shunt_true":{"gs":0.14138562091503268}},"28":{"shunt_est":{"gs":0.5768535382350661},"shunt_true":{"gs":0.11310849673202614}},"16":{"shunt_est":{"gs":0.5768533993118571},"shunt_true":{"gs":0.14138562091503268}},"14":{"shunt_est":{"gs":0.5768546093364305},"shunt_true":{"gs":0.028277124183006534}},"21":{"shunt_est":{"gs":11.537066219080776},"shunt_true":{"gs":0.028277124183006534}},"7":{"shunt_est":{"gs":11.53706433178248},"shunt_true":{"gs":0.05655424836601307}},"8":{"shunt_est":{"gs":0.5768534238373554},"shunt_true":{"gs":0.19793986928104573}},"26":{"shunt_est":{"gs":0.5768539855996435},"shunt_true":{"gs":0.14138562091503268}},"17":{"shunt_est":{"gs":0.5768534218221417},"shunt_true":{"gs":0.11310849673202614}},"10":{"shunt_est":{"gs":0.5768534164800603},"shunt_true":{"gs":0.05655424836601307}}}