{"24":{"shunt_est":{"gs":6.079749876892975},"shunt_true":{"gs":5.768533333333333}},"4":{"shunt_est":{"gs":5.9656904408486975},"shunt_true":{"gs":0.9614222222222222}},"1":{"shunt_est":{"gs":6.406874259736929},"shunt_true":{"gs":0.7210666666666666}},"12":{"shunt_est":{"gs":6.186394359554184},"shunt_true":{"gs":0.9614222222222222}},"29":{"shunt_est":{"gs":6.457897382518482},"shunt_true":{"gs":2.8842666666666665}},"20":{"shunt_est":{"gs":6.097218138589001},"shunt_true":{"gs":1.9228444444444444}},"2":{"shunt_est":{"gs":5.5527194290755135},"shunt_true":{"gs":2.8842666666666665}},"6":{"shunt_est":{"gs":6.302032977532937},"shunt_true":{"gs":0.9614222222222222}},"25":{"shunt_est":{"gs":5.945224854228286},"shunt_true":{"gs":1.1537066666666667}},"23":{"shunt_est":{"gs":5.753705935620194},"shunt_true":{"gs":0.8240761904761905}},"22":{"shunt_est":{"gs":6.372088441318705},"shunt_true":{"gs":0.8240761904761905}},"11":{"shunt_est":{"gs":5.566543524400722},"shunt_true":{"gs":1.4421333333333333}},"13":{"shunt_est":{"gs":6.3294309085563425},"shunt_true":{"gs":1.9228444444444444}},"5":{"shunt_est":{"gs":6.0666072668131275},"shunt_true":{"gs":0.7210666666666666}},"15":{"shunt_est":{"gs":6.210953083487301},"shunt_true":{"gs":2.8842666666666665}},"27":{"shunt_est":{"gs":5.914793120425778},"shunt_true":{"gs":1.1537066666666667}},"28":{"shunt_est":{"gs":5.043324624728609},"shunt_true":{"gs":1.4421333333333333}},"16":{"shunt_est":{"gs":6.4963043080888845},"shunt_true":{"gs":1.1537066666666667}},"14":{"shunt_est":{"gs":5.865460709156042},"shunt_true":{"gs":5.768533333333333}},"21":{"shunt_est":{"gs":5.939730687380714},"shunt_true":{"gs":5.768533333333333}},"7":{"shunt_est":{"gs":6.284397934608712},"shunt_true":{"gs":2.8842666666666665}},"8":{"shunt_est":{"gs":6.225034377223248},"shunt_true":{"gs":0.8240761904761905}},"26":{"shunt_est":{"gs":5.98802244877988},"shunt_true":{"gs":1.1537066666666667}},"17":{"shunt_est":{"gs":6.013859661914317},"shunt_true":{"gs":1.4421333333333333}},"10":{"shunt_est":{"gs":6.018392781832055},"shunt_true":{"gs":2.8842666666666665}}}