{"24":{"shunt_est":{"gs":11.537066770196313},"shunt_true":{"gs":0.7210666666666666}},"4":{"shunt_est":{"gs":0.5768536675420531},"shunt_true":{"gs":0.9614222222222222}}}