{"24":{"shunt_est":{"gs":11.537066471471425},"shunt_true":{"gs":5.768533333333333}},"4":{"shunt_est":{"gs":0.5768560800856557},"shunt_true":{"gs":0.9614222222222222}},"1":{"shunt_est":{"gs":0.5768552824196138},"shunt_true":{"gs":0.7210666666666666}},"12":{"shunt_est":{"gs":11.537066670004425},"shunt_true":{"gs":0.9614222222222222}},"29":{"shunt_est":{"gs":11.53706643365112},"shunt_true":{"gs":2.8842666666666665}},"20":{"shunt_est":{"gs":11.53706566778227},"shunt_true":{"gs":1.9228444444444444}},"2":{"shunt_est":{"gs":11.537063425425641},"shunt_true":{"gs":2.8842666666666665}},"6":{"shunt_est":{"gs":11.537066627826695},"shunt_true":{"gs":0.9614222222222222}},"25":{"shunt_est":{"gs":11.537066588451005},"shunt_true":{"gs":1.1537066666666667}},"23":{"shunt_est":{"gs":11.537066477276872},"shunt_true":{"gs":0.8240761904761905}},"22":{"shunt_est":{"gs":11.537066024789086},"shunt_true":{"gs":0.8240761904761905}},"11":{"shunt_est":{"gs":11.537066430800042},"shunt_true":{"gs":1.4421333333333333}},"13":{"shunt_est":{"gs":11.537066427548499},"shunt_true":{"gs":1.9228444444444444}},"5":{"shunt_est":{"gs":11.53706609548088},"shunt_true":{"gs":0.7210666666666666}},"15":{"shunt_est":{"gs":11.537066540224513},"shunt_true":{"gs":2.8842666666666665}},"27":{"shunt_est":{"gs":11.537066489271856},"shunt_true":{"gs":1.1537066666666667}},"28":{"shunt_est":{"gs":11.537066561330047},"shunt_true":{"gs":1.4421333333333333}},"16":{"shunt_est":{"gs":11.537066196225958},"shunt_true":{"gs":1.1537066666666667}},"14":{"shunt_est":{"gs":11.537060330180422},"shunt_true":{"gs":5.768533333333333}},"21":{"shunt_est":{"gs":0.576865732570069},"shunt_true":{"gs":5.768533333333333}},"7":{"shunt_est":{"gs":11.537064531372298},"shunt_true":{"gs":2.8842666666666665}},"8":{"shunt_est":{"gs":11.537066494187961},"shunt_true":{"gs":0.8240761904761905}},"26":{"shunt_est":{"gs":11.537066494759934},"shunt_true":{"gs":1.1537066666666667}},"17":{"shunt_est":{"gs":11.537066574184186},"shunt_true":{"gs":1.4421333333333333}},"10":{"shunt_est":{"gs":11.537066556663722},"shunt_true":{"gs":2.8842666666666665}}}