{"24":{"shunt_est":{"gs":11.537066471471432},"shunt_true":{"gs":5.768533333333333}},"4":{"shunt_est":{"gs":0.5768560800830789},"shunt_true":{"gs":0.9614222222222222}},"1":{"shunt_est":{"gs":0.5768552824185436},"shunt_true":{"gs":0.7210666666666666}},"12":{"shunt_est":{"gs":11.537066670004425},"shunt_true":{"gs":0.9614222222222222}},"29":{"shunt_est":{"gs":11.537066433651129},"shunt_true":{"gs":2.8842666666666665}},"20":{"shunt_est":{"gs":11.537065667782446},"shunt_true":{"gs":1.9228444444444444}},"2":{"shunt_est":{"gs":11.537063425428057},"shunt_true":{"gs":2.8842666666666665}},"6":{"shunt_est":{"gs":11.537066627826695},"shunt_true":{"gs":0.9614222222222222}},"25":{"shunt_est":{"gs":11.537066588451006},"shunt_true":{"gs":1.1537066666666667}},"23":{"shunt_est":{"gs":11.537066477276879},"shunt_true":{"gs":0.8240761904761905}},"22":{"shunt_est":{"gs":11.537066024789153},"shunt_true":{"gs":0.8240761904761905}},"11":{"shunt_est":{"gs":11.537066430800053},"shunt_true":{"gs":1.4421333333333333}},"13":{"shunt_est":{"gs":11.53706642754851},"shunt_true":{"gs":1.9228444444444444}},"5":{"shunt_est":{"gs":11.537066095480922},"shunt_true":{"gs":0.7210666666666666}},"15":{"shunt_est":{"gs":11.537066540224515},"shunt_true":{"gs":2.8842666666666665}},"27":{"shunt_est":{"gs":11.53706648927186},"shunt_true":{"gs":1.1537066666666667}},"28":{"shunt_est":{"gs":11.537066561330048},"shunt_true":{"gs":1.4421333333333333}},"16":{"shunt_est":{"gs":11.537066196225995},"shunt_true":{"gs":1.1537066666666667}},"14":{"shunt_est":{"gs":11.537060330212627},"shunt_true":{"gs":5.768533333333333}},"21":{"shunt_est":{"gs":0.5768657323274254},"shunt_true":{"gs":5.768533333333333}},"7":{"shunt_est":{"gs":11.5370645313737},"shunt_true":{"gs":2.8842666666666665}},"8":{"shunt_est":{"gs":11.537066494187966},"shunt_true":{"gs":0.8240761904761905}},"26":{"shunt_est":{"gs":11.537066494759939},"shunt_true":{"gs":1.1537066666666667}},"17":{"shunt_est":{"gs":11.53706657418419},"shunt_true":{"gs":1.4421333333333333}},"10":{"shunt_est":{"gs":11.537066556663726},"shunt_true":{"gs":2.8842666666666665}}}