{"24":{"shunt_est":{"gs":6.058513074728619},"shunt_true":{"gs":5.768533333333333}},"4":{"shunt_est":{"gs":6.007198756194954},"shunt_true":{"gs":0.9614222222222222}},"1":{"shunt_est":{"gs":6.105528666109976},"shunt_true":{"gs":0.7210666666666666}},"12":{"shunt_est":{"gs":6.005920190884049},"shunt_true":{"gs":0.9614222222222222}},"29":{"shunt_est":{"gs":6.017165516548302},"shunt_true":{"gs":2.8842666666666665}},"20":{"shunt_est":{"gs":6.01966452468772},"shunt_true":{"gs":1.9228444444444444}},"2":{"shunt_est":{"gs":6.027275786549888},"shunt_true":{"gs":2.8842666666666665}},"6":{"shunt_est":{"gs":6.0162778558127785},"shunt_true":{"gs":0.9614222222222222}},"25":{"shunt_est":{"gs":6.0424474284065885},"shunt_true":{"gs":1.1537066666666667}},"23":{"shunt_est":{"gs":6.017836990358138},"shunt_true":{"gs":0.8240761904761905}},"22":{"shunt_est":{"gs":6.041365136558578},"shunt_true":{"gs":0.8240761904761905}},"11":{"shunt_est":{"gs":6.020113947804916},"shunt_true":{"gs":1.4421333333333333}},"13":{"shunt_est":{"gs":6.001007785390166},"shunt_true":{"gs":1.9228444444444444}},"5":{"shunt_est":{"gs":6.019594194614606},"shunt_true":{"gs":0.7210666666666666}},"15":{"shunt_est":{"gs":6.041642898739354},"shunt_true":{"gs":2.8842666666666665}},"27":{"shunt_est":{"gs":5.998516494351894},"shunt_true":{"gs":1.1537066666666667}},"28":{"shunt_est":{"gs":6.033320074266771},"shunt_true":{"gs":1.4421333333333333}},"16":{"shunt_est":{"gs":6.019881298160124},"shunt_true":{"gs":1.1537066666666667}},"14":{"shunt_est":{"gs":5.993292226361217},"shunt_true":{"gs":5.768533333333333}},"21":{"shunt_est":{"gs":5.998487145782985},"shunt_true":{"gs":5.768533333333333}},"7":{"shunt_est":{"gs":6.042177719403504},"shunt_true":{"gs":2.8842666666666665}},"8":{"shunt_est":{"gs":6.0394458714139745},"shunt_true":{"gs":0.8240761904761905}},"26":{"shunt_est":{"gs":6.0305727488923235},"shunt_true":{"gs":1.1537066666666667}},"17":{"shunt_est":{"gs":6.043207350901313},"shunt_true":{"gs":1.4421333333333333}},"10":{"shunt_est":{"gs":6.035911754655308},"shunt_true":{"gs":2.8842666666666665}}}