{"24":{"shunt_est":{"gs":5.833387795736664},"shunt_true":{"gs":5.768533333333333}},"4":{"shunt_est":{"gs":5.886887009623623},"shunt_true":{"gs":0.9614222222222222}},"1":{"shunt_est":{"gs":5.7221066361607384},"shunt_true":{"gs":0.7210666666666666}},"12":{"shunt_est":{"gs":5.935025945308184},"shunt_true":{"gs":0.9614222222222222}},"29":{"shunt_est":{"gs":5.919724279165068},"shunt_true":{"gs":2.8842666666666665}},"20":{"shunt_est":{"gs":5.647233005450043},"shunt_true":{"gs":1.9228444444444444}},"2":{"shunt_est":{"gs":5.964050285781085},"shunt_true":{"gs":2.8842666666666665}},"6":{"shunt_est":{"gs":5.899034124987633},"shunt_true":{"gs":0.9614222222222222}},"25":{"shunt_est":{"gs":6.104043917862414},"shunt_true":{"gs":1.1537066666666667}},"23":{"shunt_est":{"gs":5.9595376006563985},"shunt_true":{"gs":0.8240761904761905}},"22":{"shunt_est":{"gs":5.753681254433856},"shunt_true":{"gs":0.8240761904761905}},"11":{"shunt_est":{"gs":5.962476244236123},"shunt_true":{"gs":1.4421333333333333}},"13":{"shunt_est":{"gs":5.885024480250066},"shunt_true":{"gs":1.9228444444444444}},"5":{"shunt_est":{"gs":5.63166132994246},"shunt_true":{"gs":0.7210666666666666}},"15":{"shunt_est":{"gs":6.015784464101256},"shunt_true":{"gs":2.8842666666666665}},"27":{"shunt_est":{"gs":5.860808586486173},"shunt_true":{"gs":1.1537066666666667}},"28":{"shunt_est":{"gs":6.0660854107069655},"shunt_true":{"gs":1.4421333333333333}},"16":{"shunt_est":{"gs":5.916188887170968},"shunt_true":{"gs":1.1537066666666667}},"14":{"shunt_est":{"gs":6.098515191816175},"shunt_true":{"gs":5.768533333333333}},"21":{"shunt_est":{"gs":5.895835670105512},"shunt_true":{"gs":5.768533333333333}},"7":{"shunt_est":{"gs":5.73353083244623},"shunt_true":{"gs":2.8842666666666665}},"8":{"shunt_est":{"gs":5.797686031182643},"shunt_true":{"gs":0.8240761904761905}},"26":{"shunt_est":{"gs":5.898321653325457},"shunt_true":{"gs":1.1537066666666667}},"17":{"shunt_est":{"gs":6.046074871864595},"shunt_true":{"gs":1.4421333333333333}},"10":{"shunt_est":{"gs":5.9408040855914},"shunt_true":{"gs":2.8842666666666665}}}