{"24":{"shunt_est":{"gs":5.5029433230697515},"shunt_true":{"gs":5.768533333333333}},"4":{"shunt_est":{"gs":4.985004403651515},"shunt_true":{"gs":0.9614222222222222}},"1":{"shunt_est":{"gs":5.426802460564104},"shunt_true":{"gs":0.7210666666666666}},"12":{"shunt_est":{"gs":6.704784645295562},"shunt_true":{"gs":0.9614222222222222}},"29":{"shunt_est":{"gs":5.858671017152549},"shunt_true":{"gs":2.8842666666666665}},"20":{"shunt_est":{"gs":5.318593911486013},"shunt_true":{"gs":1.9228444444444444}},"2":{"shunt_est":{"gs":5.202652197644989},"shunt_true":{"gs":2.8842666666666665}},"6":{"shunt_est":{"gs":7.290696635571327},"shunt_true":{"gs":0.9614222222222222}},"25":{"shunt_est":{"gs":4.330910368793547},"shunt_true":{"gs":1.1537066666666667}},"23":{"shunt_est":{"gs":6.1177911377336},"shunt_true":{"gs":0.8240761904761905}},"22":{"shunt_est":{"gs":5.627828322268234},"shunt_true":{"gs":0.8240761904761905}},"11":{"shunt_est":{"gs":5.25461095382766},"shunt_true":{"gs":1.4421333333333333}},"13":{"shunt_est":{"gs":6.098997430158824},"shunt_true":{"gs":1.9228444444444444}},"5":{"shunt_est":{"gs":4.8838444995027315},"shunt_true":{"gs":0.7210666666666666}},"15":{"shunt_est":{"gs":6.859456473847524},"shunt_true":{"gs":2.8842666666666665}},"27":{"shunt_est":{"gs":4.723777603709928},"shunt_true":{"gs":1.1537066666666667}},"28":{"shunt_est":{"gs":4.4074683007691995},"shunt_true":{"gs":1.4421333333333333}},"16":{"shunt_est":{"gs":5.9514362598066715},"shunt_true":{"gs":1.1537066666666667}},"14":{"shunt_est":{"gs":3.5975620018652683},"shunt_true":{"gs":5.768533333333333}},"21":{"shunt_est":{"gs":4.566284832129611},"shunt_true":{"gs":5.768533333333333}},"7":{"shunt_est":{"gs":7.834359220180478},"shunt_true":{"gs":2.8842666666666665}},"8":{"shunt_est":{"gs":5.548514505605948},"shunt_true":{"gs":0.8240761904761905}},"26":{"shunt_est":{"gs":4.921380832215858},"shunt_true":{"gs":1.1537066666666667}},"17":{"shunt_est":{"gs":4.412480958418544},"shunt_true":{"gs":1.4421333333333333}},"10":{"shunt_est":{"gs":6.952579909990998},"shunt_true":{"gs":2.8842666666666665}}}