{"24":{"shunt_est":{"gs":11.537065957974672},"shunt_true":{"gs":5.768533333333333}},"4":{"shunt_est":{"gs":0.5768546063248591},"shunt_true":{"gs":0.9614222222222222}},"1":{"shunt_est":{"gs":0.5768534388104084},"shunt_true":{"gs":0.7210666666666666}},"12":{"shunt_est":{"gs":11.537066725598951},"shunt_true":{"gs":0.9614222222222222}},"29":{"shunt_est":{"gs":0.5768539280658231},"shunt_true":{"gs":2.8842666666666665}},"20":{"shunt_est":{"gs":11.537066317140198},"shunt_true":{"gs":1.9228444444444444}},"2":{"shunt_est":{"gs":0.5768534420962568},"shunt_true":{"gs":2.8842666666666665}},"6":{"shunt_est":{"gs":11.537066704674602},"shunt_true":{"gs":0.9614222222222222}},"25":{"shunt_est":{"gs":11.537066613016481},"shunt_true":{"gs":1.1537066666666667}},"23":{"shunt_est":{"gs":2.347961424514697},"shunt_true":{"gs":0.8240761904761905}},"22":{"shunt_est":{"gs":0.5768536074896978},"shunt_true":{"gs":0.8240761904761905}},"11":{"shunt_est":{"gs":0.5768540441328954},"shunt_true":{"gs":1.4421333333333333}},"13":{"shunt_est":{"gs":0.5768537629647501},"shunt_true":{"gs":1.9228444444444444}},"5":{"shunt_est":{"gs":11.53706648453725},"shunt_true":{"gs":0.7210666666666666}},"15":{"shunt_est":{"gs":11.537066599619287},"shunt_true":{"gs":2.8842666666666665}},"27":{"shunt_est":{"gs":11.537066616850272},"shunt_true":{"gs":1.1537066666666667}},"28":{"shunt_est":{"gs":11.537066624633148},"shunt_true":{"gs":1.4421333333333333}},"16":{"shunt_est":{"gs":0.5768536701280695},"shunt_true":{"gs":1.1537066666666667}},"14":{"shunt_est":{"gs":11.537061954997702},"shunt_true":{"gs":5.768533333333333}},"21":{"shunt_est":{"gs":11.537049169176324},"shunt_true":{"gs":5.768533333333333}},"7":{"shunt_est":{"gs":11.537065807845629},"shunt_true":{"gs":2.8842666666666665}},"8":{"shunt_est":{"gs":11.537066148496923},"shunt_true":{"gs":0.8240761904761905}},"26":{"shunt_est":{"gs":11.537066645469507},"shunt_true":{"gs":1.1537066666666667}},"17":{"shunt_est":{"gs":11.537066574767021},"shunt_true":{"gs":1.4421333333333333}},"10":{"shunt_est":{"gs":11.537066456009793},"shunt_true":{"gs":2.8842666666666665}}}