{"32":{"Xc_est":0.1996838464631651,"Zc_est":0.2153343402964564,"Rc_est":0.08059304915800868},"29":{"Xc_est":0.1105306219095257,"Zc_est":0.1474438422170062,"Rc_est":0.09758415971871102},"1":{"Xc_est":0.14685546571881886,"Zc_est":0.17993782076178533,"Rc_est":0.10397639890383394},"54":{"Xc_est":0.10063054226235614,"Zc_est":0.12139607192332681,"Rc_est":0.06790066452103169},"2":{"Xc_est":0.17290790385729443,"Zc_est":0.20638716202832647,"Rc_est":0.11268769867995043},"41":{"Xc_est":0.0864391717497715,"Zc_est":0.09220766875810488,"Rc_est":0.03210177199186821},"51":{"Xc_est":0.11223080950728292,"Zc_est":0.13841894625366022,"Rc_est":0.08101882546244207},"53":{"Xc_est":0.11141915036618509,"Zc_est":0.1267098629152194,"Rc_est":0.060342044145613186},"27":{"Xc_est":0.15229692173880352,"Zc_est":0.16502283697884632,"Rc_est":0.06354671001264854},"42":{"Xc_est":0.1786013464942608,"Zc_est":0.19092118879914455,"Rc_est":0.06747191536421357},"33":{"Xc_est":0.09571637807422698,"Zc_est":0.1258006358014898,"Rc_est":0.08163439799747849},"28":{"Xc_est":0.12969232800488706,"Zc_est":0.14542651879294968,"Rc_est":0.06579340715382456},"50":{"Xc_est":0.1702038319398894,"Zc_est":0.18433131422902851,"Rc_est":0.07077209194575737},"52":{"Xc_est":0.04866064185969417,"Zc_est":0.053157247251648145,"Rc_est":0.02139707618286747},"26":{"Xc_est":0.16808033560110466,"Zc_est":0.1776444174256991,"Rc_est":0.0575025201772588},"10":{"Xc_est":0.14860801871453322,"Zc_est":0.163530009034769,"Rc_est":0.06824749540204808},"24":{"Xc_est":0.10421410667973771,"Zc_est":0.11190114088416248,"Rc_est":0.04075886774827569},"25":{"Xc_est":0.09665036931837914,"Zc_est":0.11979814349022305,"Rc_est":0.07078348179006869},"23":{"Xc_est":0.08409021714249695,"Zc_est":0.0913190843877855,"Rc_est":0.03560913582707676},"49":{"Xc_est":0.14463519349690276,"Zc_est":0.15557881055765108,"Rc_est":0.05731864527923683},"5":{"Xc_est":0.08426307933193684,"Zc_est":0.09269630812780764,"Rc_est":0.038630803797295964},"31":{"Xc_est":0.13855360730428812,"Zc_est":0.1457062734164454,"Rc_est":0.045091196656077595},"43":{"Xc_est":0.13422232075833682,"Zc_est":0.14820872730323809,"Rc_est":0.06285058041968852},"39":{"Xc_est":0.06644540725950587,"Zc_est":0.08236649504846734,"Rc_est":0.04867491510714321},"34":{"Xc_est":0.11378087576381503,"Zc_est":0.12644601482250423,"Rc_est":0.05515892470772293},"44":{"Xc_est":0.22145773260321455,"Zc_est":0.24013028049332005,"Rc_est":0.09283870033581731},"55":{"Xc_est":0.09023363144316124,"Zc_est":0.10183841544726048,"Rc_est":0.04721180591111259},"17":{"Xc_est":0.13608497310743434,"Zc_est":0.1677084890562059,"Rc_est":0.09801539366785404},"37":{"Xc_est":0.17661491494040013,"Zc_est":0.1983535470285124,"Rc_est":0.090284558144721},"47":{"Xc_est":0.20231309870967917,"Zc_est":0.21987955242610374,"Rc_est":0.08611868360345111},"9":{"Xc_est":0.022985184142401655,"Zc_est":0.035172250816749386,"Rc_est":0.026622707177449387},"12":{"Xc_est":0.15341531371300093,"Zc_est":0.16747519176623168,"Rc_est":0.06716905072633961},"20":{"Xc_est":0.15537257974749932,"Zc_est":0.16805494063983525,"Rc_est":0.06404548802269773},"6":{"Xc_est":0.10669704269805412,"Zc_est":0.11732765094694346,"Rc_est":0.04880080692178583},"14":{"Xc_est":0.11378087623747725,"Zc_est":0.12644601601987368,"Rc_est":0.05515892647550383},"7":{"Xc_est":0.14144520412311995,"Zc_est":0.1539963778693413,"Rc_est":0.06089448766059111},"8":{"Xc_est":0.0997978017376891,"Zc_est":0.10779095540315363,"Rc_est":0.0407343692113865},"19":{"Xc_est":0.08503961990689171,"Zc_est":0.09463821959484404,"Rc_est":0.04152897367108064},"4":{"Xc_est":0.18666582458994516,"Zc_est":0.19796684411440582,"Rc_est":0.06592982101275019},"22":{"Xc_est":0.07243379412195802,"Zc_est":0.09358835833971202,"Rc_est":0.05926319503553738},"11":{"Xc_est":0.035724297846913756,"Zc_est":0.04531593993375105,"Rc_est":0.027880261035799617},"35":{"Xc_est":0.14510133325610453,"Zc_est":0.16124857952774857,"Rc_est":0.07033283363421064},"13":{"Xc_est":0.17172108766124275,"Zc_est":0.19909820808670095,"Rc_est":0.10075695765442233},"15":{"Xc_est":0.021058964151132474,"Zc_est":0.02738687354652571,"Rc_est":0.01750887979097198},"16":{"Xc_est":0.15838452437242106,"Zc_est":0.1753673844896719,"Rc_est":0.07528653254115486},"40":{"Xc_est":0.15173894353075018,"Zc_est":0.16717954713234753,"Rc_est":0.07017331398436742},"21":{"Xc_est":0.18810881652173872,"Zc_est":0.20175142123876086,"Rc_est":0.07292948044961496},"38":{"Xc_est":0.050689830864611214,"Zc_est":0.058384404105594256,"Rc_est":0.02897032429370509},"46":{"Xc_est":0.12715359755310268,"Zc_est":0.14506473928667482,"Rc_est":0.06982650795804224},"45":{"Xc_est":0.17914184595671945,"Zc_est":0.19135293744981013,"Rc_est":0.06726176995805228},"36":{"Xc_est":0.17034787723992942,"Zc_est":0.18467125212203372,"Rc_est":0.07130969134815889},"48":{"Xc_est":0.10590514355609544,"Zc_est":0.12123651294927477,"Rc_est":0.059011800857646166},"18":{"Xc_est":0.08870756001394414,"Zc_est":0.10210664224277792,"Rc_est":0.05056416899808735},"30":{"Xc_est":0.22342390441603882,"Zc_est":0.24445909722566342,"Rc_est":0.09920690072711225},"3":{"Xc_est":0.03307064244706706,"Zc_est":0.039209861711014884,"Rc_est":0.021065276251099992}}