linecode_id,linecode_name,A_p_est,dist_est,x_est,r_est,scenario_id
4,hydrogen,"[165.4863902813902, 158.0664211558282, 299.99999795603884, 126.19407173277466]","[687.7077919027131, 691.7177294883004, 451.45309131823245]",[0.7547867577166135 0.453112450589182 0.4093777107089948 0.3915881591690138; 0.453112450589182 0.7562279235427087 0.4527471490862359 0.4211814119406934; 0.4093777107089948 0.4527471490862359 0.7360975831952516 0.4795579715660061; 0.3915881591690138 0.4211814119406934 0.4795579715660061 0.7633026294912383],[0.19466098269309898 0.049348 0.049348 0.049348; 0.049348 0.20148227868526397 0.049348 0.049348; 0.049348 0.049348 0.1295057371024746 0.049348; 0.049348 0.049348 0.049348 0.23990624601511443],1
1,pluto,"[184.97896580795208, 203.24274639628294, 98.43944623591175, 300.0000027831582]","[474.7630449428505, 1199.9999688697521, 952.7717753661025]",[0.7512884867543289 0.47639473508076524 0.39718801699138023 0.3688900931231371; 0.47639473508076524 0.7483303895133488 0.4181330729956589 0.3814118741639854; 0.39718801699138023 0.4181330729956589 0.7711057158959526 0.4326285043069249; 0.3688900931231371 0.3814118741639854 0.4326285043069249 0.7360975826897557],[0.3014594176991242 0.049348 0.049348 0.049348; 0.049348 0.2788042051598685 0.049348 0.049348; 0.049348 0.049348 0.5230941566230101 0.049348; 0.049348 0.049348 0.049348 0.20479902960571936],1
10,tw2x16_lv_oh_2w_bundled,"[11.772772110996847, 11.772772488055436]",[2.4976392992993643],[0.8378223728808472 0.8061037588948169; 0.8061037588948169 0.8378223718746549],[3.126883048972931 0.049348; 0.049348 3.126882950405578],1
7,abc2x16_lv_oh_2w_bundled,"[17.028876665446006, 17.029048599754553]",[2.455861866821994],[0.826226063981969 0.8071636241459655; 0.8071636241459655 0.8262257467877542],[2.6760495240699207 0.049348; 0.049348 2.6760230034978725],1
