linecode_id,linecode_name,A_p_est,dist_est,x_est,r_est,scenario_id
4,hydrogen,"[167.4795230521633, 160.19769940985398, 300.0000013186511, 132.94517642929208]","[717.3156701733108, 772.7468416455557, 557.6145235228394]",[0.7544106410961011 0.45046395723706356 0.40453016223943 0.384556628208937; 0.45046395723706356 0.7558071583091058 0.4457870268500906 0.4116532667911982; 0.40453016223943 0.4457870268500906 0.7360975828431189 0.4662880772666831; 0.384556628208937 0.4116532667911982 0.4662880772666831 0.7616653575670401],[0.19293164848825892 0.049348 0.049348 0.049348; 0.049348 0.19945827658630588 0.049348 0.049348; 0.049348 0.049348 0.12950573620400996 0.049348; 0.049348 0.049348 0.049348 0.23022948523156705],1
1,pluto,"[179.07930855954095, 201.537380275408, 98.5061214553186, 300.00000278849143]","[380.0000113304064, 1199.9999933864015, 961.6495487336481]",[0.752306784494585 0.49038393708677946 0.40084778124543646 0.3709781741104366; 0.49038393708677946 0.7485951065560864 0.4181330717119671 0.381153294601666; 0.40084778124543646 0.4181330717119671 0.7710844443456715 0.4320457566664176; 0.3709781741104366 0.381153294601666 0.4320457566664176 0.7360975826891971],[0.309765072689641 0.049348 0.049348 0.049348; 0.049348 0.28074581439369617 0.049348 0.049348; 0.049348 0.049348 0.5227734950390461 0.049348; 0.049348 0.049348 0.049348 0.20479902960295585],1
10,tw2x16_lv_oh_2w_bundled,"[14.149412614076303, 10.000000013263342]",[2.4976119881626073],[0.8320454827229719 0.8061044459526828; 0.8061044459526828 0.8429495998818382],[2.6099573894752868 0.049348; 0.049348 3.6724598747109267],1
7,abc2x16_lv_oh_2w_bundled,"[10.000000315260563, 56.87487246012796]",[2.519554731596393],[0.8429495989330837 0.8055548468171235; 0.8055548468171235 0.7883401554138336],[4.522325488017233 0.049348; 0.049348 0.8358073687077447],1
