{"32":{"shunt_est":{"gs":1.4421332993220626},"shunt_true":{"gs":0.6409481481481482}},"29":{"shunt_est":{"gs":1.4421330042565383},"shunt_true":{"gs":1.1537066666666667}},"1":{"shunt_est":{"gs":0.3845689959499699},"shunt_true":{"gs":0.4437333333333333}},"54":{"shunt_est":{"gs":1.4421331576618608},"shunt_true":{"gs":0.8240761904761905}},"2":{"shunt_est":{"gs":1.4421332802485292},"shunt_true":{"gs":0.4437333333333333}},"41":{"shunt_est":{"gs":1.4421323716649712},"shunt_true":{"gs":0.6409481481481482}},"51":{"shunt_est":{"gs":1.4421332634670558},"shunt_true":{"gs":0.4437333333333333}},"53":{"shunt_est":{"gs":0.38456911057731685},"shunt_true":{"gs":0.4437333333333333}},"27":{"shunt_est":{"gs":0.3845690210118671},"shunt_true":{"gs":0.4437333333333333}},"42":{"shunt_est":{"gs":1.4421320602362857},"shunt_true":{"gs":1.1537066666666667}},"33":{"shunt_est":{"gs":0.3845689373201475},"shunt_true":{"gs":0.6409481481481482}},"28":{"shunt_est":{"gs":0.38456896100675414},"shunt_true":{"gs":0.5244121212121212}},"50":{"shunt_est":{"gs":0.38456963720385545},"shunt_true":{"gs":0.8240761904761905}},"52":{"shunt_est":{"gs":1.4421327485179476},"shunt_true":{"gs":0.5244121212121212}},"26":{"shunt_est":{"gs":0.3845698038391095},"shunt_true":{"gs":0.8240761904761905}},"10":{"shunt_est":{"gs":1.4421328707304955},"shunt_true":{"gs":1.1537066666666667}},"24":{"shunt_est":{"gs":0.38457037448604886},"shunt_true":{"gs":0.6409481481481482}},"25":{"shunt_est":{"gs":0.38456995252885146},"shunt_true":{"gs":0.8240761904761905}},"23":{"shunt_est":{"gs":1.4421327598343385},"shunt_true":{"gs":0.6409481481481482}},"49":{"shunt_est":{"gs":0.38457704512323315},"shunt_true":{"gs":0.6409481481481482}},"5":{"shunt_est":{"gs":1.4421330042513099},"shunt_true":{"gs":1.1537066666666667}},"31":{"shunt_est":{"gs":1.4421324488118163},"shunt_true":{"gs":1.1537066666666667}},"43":{"shunt_est":{"gs":0.38457077569718995},"shunt_true":{"gs":0.4437333333333333}},"39":{"shunt_est":{"gs":1.4421332136975535},"shunt_true":{"gs":0.5244121212121212}},"34":{"shunt_est":{"gs":1.442133220181238},"shunt_true":{"gs":0.4437333333333333}},"44":{"shunt_est":{"gs":1.4421332922764505},"shunt_true":{"gs":1.1537066666666667}},"55":{"shunt_est":{"gs":1.4421329458906222},"shunt_true":{"gs":0.5244121212121212}},"17":{"shunt_est":{"gs":0.8401611602260917},"shunt_true":{"gs":0.4437333333333333}},"37":{"shunt_est":{"gs":0.38456913203362475},"shunt_true":{"gs":0.4437333333333333}},"47":{"shunt_est":{"gs":1.442133183775055},"shunt_true":{"gs":1.1537066666666667}},"9":{"shunt_est":{"gs":0.3845714200558929},"shunt_true":{"gs":1.1537066666666667}},"12":{"shunt_est":{"gs":0.38456898578540233},"shunt_true":{"gs":0.6409481481481482}},"20":{"shunt_est":{"gs":1.442132997525718},"shunt_true":{"gs":1.1537066666666667}},"6":{"shunt_est":{"gs":0.3845699468161292},"shunt_true":{"gs":0.6409481481481482}},"14":{"shunt_est":{"gs":1.442133222095437},"shunt_true":{"gs":0.5244121212121212}},"7":{"shunt_est":{"gs":1.4421331337240983},"shunt_true":{"gs":0.8240761904761905}},"8":{"shunt_est":{"gs":1.4421328070244965},"shunt_true":{"gs":0.6409481481481482}},"19":{"shunt_est":{"gs":0.3845703648031724},"shunt_true":{"gs":0.5244121212121212}},"4":{"shunt_est":{"gs":1.442133112562726},"shunt_true":{"gs":0.4437333333333333}},"22":{"shunt_est":{"gs":1.442131907620307},"shunt_true":{"gs":0.8240761904761905}},"11":{"shunt_est":{"gs":1.4421298821793287},"shunt_true":{"gs":0.6409481481481482}},"35":{"shunt_est":{"gs":0.3845689524507582},"shunt_true":{"gs":0.4437333333333333}},"13":{"shunt_est":{"gs":0.38456906173422467},"shunt_true":{"gs":1.1537066666666667}},"15":{"shunt_est":{"gs":1.4421282333334067},"shunt_true":{"gs":0.8240761904761905}},"16":{"shunt_est":{"gs":0.3845691107896902},"shunt_true":{"gs":0.6409481481481482}},"40":{"shunt_est":{"gs":0.38456949119323514},"shunt_true":{"gs":0.6409481481481482}},"21":{"shunt_est":{"gs":1.4421331838883085},"shunt_true":{"gs":0.8240761904761905}},"38":{"shunt_est":{"gs":1.4421279819034467},"shunt_true":{"gs":0.8240761904761905}},"46":{"shunt_est":{"gs":1.4421328091888694},"shunt_true":{"gs":1.1537066666666667}},"45":{"shunt_est":{"gs":1.4421318761905473},"shunt_true":{"gs":0.6409481481481482}},"36":{"shunt_est":{"gs":1.4421327797941945},"shunt_true":{"gs":0.5244121212121212}},"48":{"shunt_est":{"gs":0.38456906231672566},"shunt_true":{"gs":0.4437333333333333}},"18":{"shunt_est":{"gs":1.4421326308725435},"shunt_true":{"gs":1.1537066666666667}},"30":{"shunt_est":{"gs":1.4421332925292418},"shunt_true":{"gs":0.8240761904761905}},"3":{"shunt_est":{"gs":1.442126987860117},"shunt_true":{"gs":0.4437333333333333}}}