{"32":{"Xc_est":0.19905576326212224,"Zc_est":0.2133889538326048,"Rc_est":0.07688724686128053},"29":{"Xc_est":0.11043395423938471,"Zc_est":0.13941213616428988,"Rc_est":0.08508869173364925},"1":{"Xc_est":0.14632482783832296,"Zc_est":0.1739079879678699,"Rc_est":0.09398421695751866},"54":{"Xc_est":0.10124011685869493,"Zc_est":0.14131158139107977,"Rc_est":0.0985870263964055},"2":{"Xc_est":0.1723938262782001,"Zc_est":0.20081980714865286,"Rc_est":0.10299982332210034},"41":{"Xc_est":0.08639535687603478,"Zc_est":0.09379235100962269,"Rc_est":0.03650818289335774},"51":{"Xc_est":0.11234536576403893,"Zc_est":0.13376675121613493,"Rc_est":0.07260896998486925},"53":{"Xc_est":0.1120331707986556,"Zc_est":0.13826697711208227,"Rc_est":0.08103286740892454},"27":{"Xc_est":0.1519970089671701,"Zc_est":0.16939364390557538,"Rc_est":0.0747737645210062},"42":{"Xc_est":0.17799151468843696,"Zc_est":0.18950826930730144,"Rc_est":0.06505693533178936},"33":{"Xc_est":0.09580307525216468,"Zc_est":0.11978504215088918,"Rc_est":0.07190429121629927},"28":{"Xc_est":0.12962047981303843,"Zc_est":0.14316113615935816,"Rc_est":0.06077534137687741},"50":{"Xc_est":0.16979521108715293,"Zc_est":0.18319614209110316,"Rc_est":0.06877799625558194},"52":{"Xc_est":0.04887284532363299,"Zc_est":0.05278809124648394,"Rc_est":0.019950628246232227},"26":{"Xc_est":0.1677186621500086,"Zc_est":0.17907299048352082,"Rc_est":0.06275018954013138},"10":{"Xc_est":0.1487761789464624,"Zc_est":0.17191929201247003,"Rc_est":0.08615040071966666},"24":{"Xc_est":0.10450620144701495,"Zc_est":0.11497335605675937,"Rc_est":0.04793043356856162},"25":{"Xc_est":0.09695804972439516,"Zc_est":0.14108388050079762,"Rc_est":0.10248803798885534},"23":{"Xc_est":0.08408554398238698,"Zc_est":0.09402627412967593,"Rc_est":0.04207804082766961},"49":{"Xc_est":0.14448215749325,"Zc_est":0.15449569348491338,"Rc_est":0.05471586124223948},"5":{"Xc_est":0.08434385667492862,"Zc_est":0.09178987201508604,"Rc_est":0.036214561239161426},"31":{"Xc_est":0.1385725675561275,"Zc_est":0.14691873174687808,"Rc_est":0.04881349464045368},"43":{"Xc_est":0.13437476524573716,"Zc_est":0.15676962702795302,"Rc_est":0.08074737409746852},"39":{"Xc_est":0.06646456412951897,"Zc_est":0.07946623011947772,"Rc_est":0.04355850599452246},"34":{"Xc_est":0.11387417801551199,"Zc_est":0.1251403880292617,"Rc_est":0.051892083186220905},"44":{"Xc_est":0.22107203083293764,"Zc_est":0.24745873165059068,"Rc_est":0.11118894303625573},"55":{"Xc_est":0.09004414720228272,"Zc_est":0.10003692838391252,"Rc_est":0.0435825492038004},"17":{"Xc_est":0.1359483303555255,"Zc_est":0.16166023151522868,"Rc_est":0.08747617919812367},"37":{"Xc_est":0.17611438371454796,"Zc_est":0.1953071570845172,"Rc_est":0.08443109295325532},"47":{"Xc_est":0.20190273172800943,"Zc_est":0.2278391161416877,"Rc_est":0.10557438024915375},"9":{"Xc_est":0.023012263823002616,"Zc_est":0.03256858971636826,"Rc_est":0.023046664614508827},"12":{"Xc_est":0.15312261976584002,"Zc_est":0.17313925711255426,"Rc_est":0.0808125341115668},"20":{"Xc_est":0.15493779155578008,"Zc_est":0.16688554469932523,"Rc_est":0.062008594383424986},"6":{"Xc_est":0.10709007420366988,"Zc_est":0.1236390322112009,"Rc_est":0.06179260710776699},"14":{"Xc_est":0.11387419393455639,"Zc_est":0.12514042322165556,"Rc_est":0.051892133121024295},"7":{"Xc_est":0.14139222237424026,"Zc_est":0.1526133523642824,"Rc_est":0.0574375728242238},"8":{"Xc_est":0.09999539312886445,"Zc_est":0.10735704409605233,"Rc_est":0.039069889557632145},"19":{"Xc_est":0.08511528715384782,"Zc_est":0.09347313815318033,"Rc_est":0.03863438169456791},"4":{"Xc_est":0.18615087093327595,"Zc_est":0.20006262397199523,"Rc_est":0.0733001143337635},"22":{"Xc_est":0.0724771047195955,"Zc_est":0.08960243094933322,"Rc_est":0.05268457956076726},"11":{"Xc_est":0.035921796302937584,"Zc_est":0.05519509950238771,"Rc_est":0.041906127946265095},"35":{"Xc_est":0.1450308883396565,"Zc_est":0.15908007621004538,"Rc_est":0.06536445574166387},"13":{"Xc_est":0.17162785974252037,"Zc_est":0.2184628885546947,"Rc_est":0.1351662363013142},"15":{"Xc_est":0.021205216762741258,"Zc_est":0.033744108318856526,"Rc_est":0.026248878609949785},"16":{"Xc_est":0.15795924186598906,"Zc_est":0.17338226201937137,"Rc_est":0.07148626925554247},"40":{"Xc_est":0.1519065121021689,"Zc_est":0.17639189417797857,"Rc_est":0.08965774875965159},"21":{"Xc_est":0.18754403049207996,"Zc_est":0.20026285137775124,"Rc_est":0.07023137666835998},"38":{"Xc_est":0.050888042815713665,"Zc_est":0.057269583994724114,"Rc_est":0.026271892762320212},"46":{"Xc_est":0.12705214856683736,"Zc_est":0.14216462803172794,"Rc_est":0.06378505317039296},"45":{"Xc_est":0.17863664357055556,"Zc_est":0.19464952496036425,"Rc_est":0.0773135637591604},"36":{"Xc_est":0.16992836313539295,"Zc_est":0.1834766714019912,"Rc_est":0.06919566713949861},"48":{"Xc_est":0.106309065592739,"Zc_est":0.1328591934444881,"Rc_est":0.07968656006829902},"18":{"Xc_est":0.0887963458939099,"Zc_est":0.11144927122370657,"Rc_est":0.06735093920788648},"30":{"Xc_est":0.22307799967449055,"Zc_est":0.2542356672278104,"Rc_est":0.12195073001830666},"3":{"Xc_est":0.03310114231711849,"Zc_est":0.038062144034621284,"Rc_est":0.01878939024593731}}