linecode_id,linecode_name,A_p_est,dist_est,x_est,r_est,scenario_id
4,hydrogen,"[191.0248818926082, 191.0248818926082, 191.0248818926082, 191.0248818926082]","[380.0000053067128, 380.0000006282263, 842.7751485100715]",[0.7502780988406632 0.4903839380827813 0.4468321148206265 0.3999485454768168; 0.4903839380827813 0.7502780988406632 0.4903839388563567 0.4169517398456691; 0.4468321148206265 0.4903839388563567 0.7502780988406632 0.44033643247917803; 0.3999485454768168 0.4169517398456691 0.44033643247917803 0.7502780988406632],[0.17523380465879926 0.049348 0.049348 0.049348; 0.049348 0.17523380465879926 0.049348 0.049348; 0.049348 0.049348 0.17523380465879926 0.049348; 0.049348 0.049348 0.049348 0.17523380465879926],1
1,pluto,"[300.0000028157657, 300.0000028157657, 300.0000028157657, 300.0000028157657]","[379.99999677877065, 1200.0000105306608, 380.0000184149142]",[0.736097582686341 0.4903839394928541 0.4008477811423354 0.38730625145473974; 0.4903839394928541 0.736097582686341 0.4181330708142937 0.40084778028192897; 0.4008477811423354 0.4181330708142937 0.736097582686341 0.49038393591537477; 0.38730625145473974 0.40084778028192897 0.49038393591537477 0.736097582686341],[0.20479902958882315 0.049348 0.049348 0.049348; 0.049348 0.20479902958882315 0.049348 0.049348; 0.049348 0.049348 0.20479902958882315 0.049348; 0.049348 0.049348 0.049348 0.20479902958882315],1
10,tw2x16_lv_oh_2w_bundled,"[11.999999886203755, 11.999999886203755]",[99.99999347290604],[0.837221786193186 0.5742647300862624; 0.5742647300862624 0.837221786193186],[3.0686079282286904 0.049348; 0.049348 3.0686079282286904],1
7,abc2x16_lv_oh_2w_bundled,"[11.999999882446776, 11.999999882446776]",[99.99999610183978],[0.8372217862030217 0.5742647284344508; 0.5742647284344508 0.8372217862030217],[3.776829394041932 0.049348; 0.049348 3.776829394041932],1
