{"24":{"shunt_est":{"gs":0.0033421356853631794},"shunt_true":{"gs":0.1733542899408284}},"4":{"shunt_est":{"gs":0.0078098661258145146},"shunt_true":{"gs":1.0401257396449703}},"1":{"shunt_est":{"gs":0.0026021885439875226},"shunt_true":{"gs":1.3868343195266273}},"12":{"shunt_est":{"gs":1.7315792596451864},"shunt_true":{"gs":1.0401257396449703}},"29":{"shunt_est":{"gs":1.7214688049124558},"shunt_true":{"gs":0.3467085798816568}},"20":{"shunt_est":{"gs":1.714942817772952},"shunt_true":{"gs":0.5200628698224852}},"2":{"shunt_est":{"gs":1.7296303377718023},"shunt_true":{"gs":0.3467085798816568}},"6":{"shunt_est":{"gs":1.7308030522680085},"shunt_true":{"gs":1.0401257396449703}},"25":{"shunt_est":{"gs":1.7237586403800376},"shunt_true":{"gs":0.866771449704142}},"23":{"shunt_est":{"gs":1.7293666255309819},"shunt_true":{"gs":1.2134800295857988}},"22":{"shunt_est":{"gs":1.47893795928215},"shunt_true":{"gs":1.2134800295857988}},"11":{"shunt_est":{"gs":1.7282470260255096},"shunt_true":{"gs":0.6934171597633136}},"13":{"shunt_est":{"gs":1.7211368724802876},"shunt_true":{"gs":0.5200628698224852}},"5":{"shunt_est":{"gs":0.006417504536826784},"shunt_true":{"gs":1.3868343195266273}},"15":{"shunt_est":{"gs":1.7250487726901629},"shunt_true":{"gs":0.3467085798816568}},"27":{"shunt_est":{"gs":1.7078884960169136},"shunt_true":{"gs":0.866771449704142}},"28":{"shunt_est":{"gs":1.7272896131860396},"shunt_true":{"gs":0.6934171597633136}},"16":{"shunt_est":{"gs":0.012962083020765267},"shunt_true":{"gs":0.866771449704142}},"14":{"shunt_est":{"gs":0.006272097687072265},"shunt_true":{"gs":0.1733542899408284}},"21":{"shunt_est":{"gs":0.005870892939788205},"shunt_true":{"gs":0.1733542899408284}},"7":{"shunt_est":{"gs":1.6831726879821467},"shunt_true":{"gs":0.3467085798816568}},"8":{"shunt_est":{"gs":0.004388822686878728},"shunt_true":{"gs":1.2134800295857988}},"26":{"shunt_est":{"gs":1.7232355858937118},"shunt_true":{"gs":0.866771449704142}},"17":{"shunt_est":{"gs":1.7241503550432284},"shunt_true":{"gs":0.6934171597633136}},"10":{"shunt_est":{"gs":1.7298496299871076},"shunt_true":{"gs":0.3467085798816568}}}