{"24":{"shunt_est":{"gs":1.7335428435892883},"shunt_true":{"gs":0.1733542899408284}},"4":{"shunt_est":{"gs":1.733540994113039},"shunt_true":{"gs":1.0401257396449703}},"1":{"shunt_est":{"gs":1.733542840323082},"shunt_true":{"gs":1.3868343195266273}},"12":{"shunt_est":{"gs":1.7335428080674307},"shunt_true":{"gs":1.0401257396449703}},"29":{"shunt_est":{"gs":1.7335428200066683},"shunt_true":{"gs":0.3467085798816568}},"20":{"shunt_est":{"gs":1.7335426996229324},"shunt_true":{"gs":0.5200628698224852}},"2":{"shunt_est":{"gs":1.733542811953598},"shunt_true":{"gs":0.3467085798816568}},"6":{"shunt_est":{"gs":1.7335427778606778},"shunt_true":{"gs":1.0401257396449703}},"25":{"shunt_est":{"gs":1.73354282170746},"shunt_true":{"gs":0.866771449704142}},"23":{"shunt_est":{"gs":1.733542781742732},"shunt_true":{"gs":1.2134800295857988}},"22":{"shunt_est":{"gs":1.7335427647137125},"shunt_true":{"gs":1.2134800295857988}},"11":{"shunt_est":{"gs":1.7335428405542843},"shunt_true":{"gs":0.6934171597633136}},"13":{"shunt_est":{"gs":1.7335428109465252},"shunt_true":{"gs":0.5200628698224852}},"5":{"shunt_est":{"gs":1.7335427241170034},"shunt_true":{"gs":1.3868343195266273}},"15":{"shunt_est":{"gs":1.733542814256719},"shunt_true":{"gs":0.3467085798816568}},"27":{"shunt_est":{"gs":1.7335428145645344},"shunt_true":{"gs":0.866771449704142}},"28":{"shunt_est":{"gs":1.7335428235424075},"shunt_true":{"gs":0.6934171597633136}},"16":{"shunt_est":{"gs":1.7335428415098144},"shunt_true":{"gs":0.866771449704142}},"14":{"shunt_est":{"gs":1.733542670455061},"shunt_true":{"gs":0.1733542899408284}},"21":{"shunt_est":{"gs":1.733542610540002},"shunt_true":{"gs":0.1733542899408284}},"7":{"shunt_est":{"gs":1.7335380433786602},"shunt_true":{"gs":0.3467085798816568}},"8":{"shunt_est":{"gs":1.733542807803208},"shunt_true":{"gs":1.2134800295857988}},"26":{"shunt_est":{"gs":1.7335428049430852},"shunt_true":{"gs":0.866771449704142}},"17":{"shunt_est":{"gs":1.7335428205295078},"shunt_true":{"gs":0.6934171597633136}},"10":{"shunt_est":{"gs":1.7335428123194494},"shunt_true":{"gs":0.3467085798816568}}}