{"24":{"shunt_est":{"gs":0.5768537005966934},"shunt_true":{"gs":0.028277124183006534}},"4":{"shunt_est":{"gs":0.5768556581200808},"shunt_true":{"gs":0.16966274509803922}},"1":{"shunt_est":{"gs":0.5768534756165139},"shunt_true":{"gs":0.22621699346405227}},"12":{"shunt_est":{"gs":11.537066379511417},"shunt_true":{"gs":0.16966274509803922}},"29":{"shunt_est":{"gs":0.576853538266224},"shunt_true":{"gs":0.05655424836601307}},"20":{"shunt_est":{"gs":11.53706624142185},"shunt_true":{"gs":0.08483137254901961}},"2":{"shunt_est":{"gs":0.5768534084689676},"shunt_true":{"gs":0.05655424836601307}},"6":{"shunt_est":{"gs":11.537066464940857},"shunt_true":{"gs":0.16966274509803922}},"25":{"shunt_est":{"gs":0.5768634952858647},"shunt_true":{"gs":0.14138562091503268}},"23":{"shunt_est":{"gs":0.5768534759041198},"shunt_true":{"gs":0.19793986928104573}},"22":{"shunt_est":{"gs":0.5768535010807774},"shunt_true":{"gs":0.19793986928104573}},"11":{"shunt_est":{"gs":0.5768535291290512},"shunt_true":{"gs":0.11310849673202614}},"13":{"shunt_est":{"gs":0.5768536100279266},"shunt_true":{"gs":0.08483137254901961}},"5":{"shunt_est":{"gs":0.576854366505702},"shunt_true":{"gs":0.22621699346405227}},"15":{"shunt_est":{"gs":0.5768540169723265},"shunt_true":{"gs":0.05655424836601307}},"27":{"shunt_est":{"gs":11.537065628297729},"shunt_true":{"gs":0.14138562091503268}},"28":{"shunt_est":{"gs":0.5768542568212348},"shunt_true":{"gs":0.11310849673202614}},"16":{"shunt_est":{"gs":0.57685357803098},"shunt_true":{"gs":0.14138562091503268}},"14":{"shunt_est":{"gs":0.5768553682219417},"shunt_true":{"gs":0.028277124183006534}},"21":{"shunt_est":{"gs":0.5768553353521715},"shunt_true":{"gs":0.028277124183006534}},"7":{"shunt_est":{"gs":11.537063265879384},"shunt_true":{"gs":0.05655424836601307}},"8":{"shunt_est":{"gs":0.5768538287544785},"shunt_true":{"gs":0.19793986928104573}},"26":{"shunt_est":{"gs":6.469288138952423},"shunt_true":{"gs":0.14138562091503268}},"17":{"shunt_est":{"gs":0.5768539352596224},"shunt_true":{"gs":0.11310849673202614}},"10":{"shunt_est":{"gs":0.5768535938915877},"shunt_true":{"gs":0.05655424836601307}}}