{"32":{"length_est":14.036154914168957,"length_true":20.051664},"29":{"length_est":3.6764601105131898,"length_true":5.2521},"1":{"length_est":0.1485185142943086,"length_true":0.11424},"54":{"length_est":8.42179987190006,"length_true":6.4783},"2":{"length_est":14.969482501961949,"length_true":13.996288},"41":{"length_est":6.3168398280702,"length_true":4.8591},"53":{"length_est":20.625665721492965,"length_true":29.465251},"51":{"length_est":8.281326034511496,"length_true":11.830480000000001},"27":{"length_est":13.8932919913041,"length_true":10.68714},"42":{"length_est":2.9488248507826924,"length_true":4.212621},"33":{"length_est":1.7639900076138408,"length_true":2.52},"28":{"length_est":8.60473304892303,"length_true":12.29249},"52":{"length_est":12.543319969033499,"length_true":9.6487},"50":{"length_est":5.301539950461925,"length_true":4.0781},"26":{"length_est":15.346211280404177,"length_true":15.0},"10":{"length_est":10.241279977589496,"length_true":7.8779},"24":{"length_est":7.293220039251087,"length_true":10.4189},"25":{"length_est":16.443577752399232,"length_true":14.588000000000001},"23":{"length_est":5.382139921942761,"length_true":4.1401},"49":{"length_est":15.88183699111571,"length_true":12.21679},"5":{"length_est":16.938021993122238,"length_true":13.029240000000001},"31":{"length_est":3.0729902318372995,"length_true":4.39},"43":{"length_est":8.339328004913702,"length_true":11.91334},"39":{"length_est":35.127320015689406,"length_true":50.1819},"34":{"length_est":8.692835031075141,"length_true":12.41835},"44":{"length_est":8.966626014587407,"length_true":12.809479999999999},"55":{"length_est":13.200150408389378,"length_true":12.23632},"17":{"length_est":12.20386027734746,"length_true":17.4341},"37":{"length_est":21.51094228181045,"length_true":16.546871},"47":{"length_est":5.792000025051958,"length_true":8.2743},"9":{"length_est":19.764039253597623,"length_true":15.2031},"12":{"length_est":14.530186263403488,"length_true":13.3844},"20":{"length_est":17.693399995358728,"length_true":13.610299999999999},"6":{"length_est":8.727310018779072,"length_true":12.467600000000001},"14":{"length_est":10.525199877128417,"length_true":8.0963},"7":{"length_est":10.75948000534843,"length_true":15.370700000000001},"57":{"length_est":15.45791998131122,"length_true":11.8907},"8":{"length_est":10.36818003422663,"length_true":14.8117},"19":{"length_est":7.549239703801163,"length_true":5.8071},"4":{"length_est":8.287437014538488,"length_true":11.83921},"22":{"length_est":9.308674012478333,"length_true":13.298119999999997},"11":{"length_est":16.161361692174765,"length_true":12.431809},"35":{"length_est":12.091887775354193,"length_true":11.80815},"13":{"length_est":9.015500090906327,"length_true":12.8793},"15":{"length_est":7.938329816540579,"length_true":6.1064},"16":{"length_est":29.486866949547025,"length_true":27.150599999999997},"40":{"length_est":25.668639986383585,"length_true":19.7451},"46":{"length_est":5.103480163407989,"length_true":7.2907},"21":{"length_est":13.82881190755685,"length_true":10.637540000000001},"38":{"length_est":6.912931376227776,"length_true":9.87563},"45":{"length_est":6.361689735781225,"length_true":4.8936},"56":{"length_est":6.481549875027483,"length_true":4.9858},"36":{"length_est":71.21774670804581,"length_true":59.543393},"48":{"length_est":8.362400114298689,"length_true":11.9463},"18":{"length_est":14.319470026155248,"length_true":20.456400000000002},"30":{"length_est":12.533749037279541,"length_true":17.905369999999998},"3":{"length_est":10.328462006059622,"length_true":14.754960000000002}}