{"32":{"length_est":14.036155119473362,"length_true":20.051664},"29":{"length_est":3.676460035493424,"length_true":5.2521},"1":{"length_est":0.07995801497029116,"length_true":0.11424},"54":{"length_est":5.656333439365535,"length_true":6.4783},"2":{"length_est":10.457020843998508,"length_true":13.996288},"41":{"length_est":6.316839762692059,"length_true":4.8591},"53":{"length_est":20.625665891682374,"length_true":29.465251},"51":{"length_est":8.281326013430634,"length_true":11.830480000000001},"27":{"length_est":13.893291996798624,"length_true":10.68714},"42":{"length_est":5.476417200091669,"length_true":4.212621},"33":{"length_est":1.7639900027558582,"length_true":2.52},"28":{"length_est":8.60473302521122,"length_true":12.29249},"52":{"length_est":12.543319968540114,"length_true":9.6487},"50":{"length_est":5.301539962395888,"length_true":4.0781},"26":{"length_est":11.265389885532922,"length_true":15.0},"10":{"length_est":10.241279975196589,"length_true":7.8779},"24":{"length_est":8.196925026205507,"length_true":10.4189},"25":{"length_est":16.50436074766287,"length_true":14.588000000000001},"23":{"length_est":5.382139934673138,"length_true":4.1401},"49":{"length_est":15.688725691987978,"length_true":12.21679},"5":{"length_est":16.938021995947512,"length_true":13.029240000000001},"31":{"length_est":5.707009953294306,"length_true":4.39},"43":{"length_est":8.339328003063335,"length_true":11.91334},"39":{"length_est":35.127320021496274,"length_true":50.1819},"34":{"length_est":8.692835034453516,"length_true":12.41835},"44":{"length_est":8.96662601597648,"length_true":12.809479999999999},"55":{"length_est":10.713700376645521,"length_true":12.23632},"17":{"length_est":13.597380617308227,"length_true":17.4341},"37":{"length_est":16.62078487366822,"length_true":16.546871},"47":{"length_est":5.792000028419048,"length_true":8.2743},"9":{"length_est":12.95785323743662,"length_true":15.2031},"12":{"length_est":11.994975322844008,"length_true":13.3844},"20":{"length_est":13.50964953304538,"length_true":13.610299999999999},"6":{"length_est":8.727310007487407,"length_true":12.467600000000001},"14":{"length_est":10.525199966751826,"length_true":8.0963},"7":{"length_est":10.75948000501612,"length_true":15.370700000000001},"57":{"length_est":11.589235742869604,"length_true":11.8907},"8":{"length_est":13.539129209512915,"length_true":14.8117},"19":{"length_est":7.54923905146379,"length_true":5.8071},"4":{"length_est":8.899428866598035,"length_true":11.83921},"22":{"length_est":9.519471523972882,"length_true":13.298119999999997},"11":{"length_est":16.161361693737422,"length_true":12.431809},"35":{"length_est":10.942393684209343,"length_true":11.80815},"13":{"length_est":10.979131369019433,"length_true":12.8793},"15":{"length_est":7.938329852344536,"length_true":6.1064},"16":{"length_est":24.57891048172649,"length_true":27.150599999999997},"40":{"length_est":20.920269683049423,"length_true":19.7451},"46":{"length_est":8.496085707799239,"length_true":7.2907},"21":{"length_est":9.959475944571462,"length_true":10.637540000000001},"38":{"length_est":12.258881408375796,"length_true":9.87563},"45":{"length_est":6.361689688114295,"length_true":4.8936},"56":{"length_est":3.921697722733558,"length_true":4.9858},"36":{"length_est":63.80886318754644,"length_true":59.543393},"48":{"length_est":8.843399014972908,"length_true":11.9463},"18":{"length_est":14.768202996525394,"length_true":20.456400000000002},"30":{"length_est":14.431282073442414,"length_true":17.905369999999998},"3":{"length_est":10.328462004002269,"length_true":14.754960000000002}}