linecode_id,linecode_name,A_p_est,dist_est,x_est,r_est,scenario_id
4,hydrogen,"[130.3372719020584, 130.3372719020584, 130.3372719020584, 130.3372719020584]","[713.7815286560874, 661.9933718163288, 1143.1358084894355]",[0.7622877508093435 0.45077428924163393 0.4095442147106409 0.3715428296498802; 0.45077428924163393 0.7622877508093435 0.4555068828004095 0.3924780997171708; 0.4095442147106409 0.4555068828004095 0.7622877508093435 0.4211833363491519; 0.3715428296498802 0.3924780997171708 0.4211833363491519 0.7622877508093435],[0.23384872351501548 0.049348 0.049348 0.049348; 0.049348 0.23384872351501548 0.049348 0.049348; 0.049348 0.049348 0.23384872351501548 0.049348; 0.049348 0.049348 0.049348 0.23384872351501548],1
1,pluto,"[300.0000028527096, 300.0000028527096, 300.0000028527096, 300.0000028527096]","[379.9999967950648, 1200.000010626809, 532.1794552689612]",[0.7360975826824723 0.4903839394901599 0.4008477811378639 0.38260793532721615; 0.4903839394901599 0.7360975826824723 0.4181330708092594 0.39507002871594915; 0.4008477811378639 0.4181330708092594 0.7360975826824723 0.4692215243509826; 0.38260793532721615 0.39507002871594915 0.4692215243509826 0.7360975826824723],[0.2047990295696799 0.049348 0.049348 0.049348; 0.049348 0.2047990295696799 0.049348 0.049348; 0.049348 0.049348 0.2047990295696799 0.049348; 0.049348 0.049348 0.049348 0.2047990295696799],1
10,tw2x16_lv_oh_2w_bundled,"[12.324809540262795, 12.324809540262795]",[15.8935784353456],[0.8363827394027789 0.6898287980509166; 0.6898287980509166 0.8363827394027789],[2.9890379543805286 0.049348; 0.049348 2.9890379543805286],1
7,abc2x16_lv_oh_2w_bundled,"[13.378506698600308, 13.378506698600308]",[99.99998698283211],[0.8338055223511255 0.5742647341641062; 0.5742647341641062 0.8338055223511255],[3.392753755068723 0.049348; 0.049348 3.392753755068723],1
