{"32":{"length_est":14.038836292770203,"length_true":20.051664},"29":{"length_est":6.823691194005484,"length_true":5.2521},"1":{"length_est":0.08024145683633449,"length_true":0.11424},"54":{"length_est":4.537358244616079,"length_true":6.4783},"2":{"length_est":15.669358987575384,"length_true":13.996288},"41":{"length_est":3.4181549025000133,"length_true":4.8591},"53":{"length_est":20.626012826626177,"length_true":29.465251},"51":{"length_est":9.366774514522529,"length_true":11.830480000000001},"27":{"length_est":13.893062073675054,"length_true":10.68714},"42":{"length_est":2.9490584316499233,"length_true":4.212621},"33":{"length_est":1.7641593212791056,"length_true":2.52},"28":{"length_est":8.606072529599418,"length_true":12.29249},"52":{"length_est":9.753580853564404,"length_true":9.6487},"50":{"length_est":5.299919330729676,"length_true":4.0781},"26":{"length_est":10.50099281522254,"length_true":15.0},"10":{"length_est":10.240733704147294,"length_true":7.8779},"24":{"length_est":7.29359598549935,"length_true":10.4189},"25":{"length_est":17.269751386240493,"length_true":14.588000000000001},"23":{"length_est":5.36433517626261,"length_true":4.1401},"49":{"length_est":15.881345039468481,"length_true":12.21679},"5":{"length_est":16.93780564255015,"length_true":13.029240000000001},"31":{"length_est":5.703325282199271,"length_true":4.39},"43":{"length_est":8.343813658450303,"length_true":11.91334},"39":{"length_est":47.522493228755884,"length_true":50.1819},"34":{"length_est":8.69322148506195,"length_true":12.41835},"44":{"length_est":8.966958939721568,"length_true":12.809479999999999},"55":{"length_est":11.79141001479429,"length_true":12.23632},"17":{"length_est":22.641382509499625,"length_true":17.4341},"37":{"length_est":20.38188612105114,"length_true":16.546871},"47":{"length_est":5.792257889350635,"length_true":8.2743},"9":{"length_est":10.662189614461147,"length_true":15.2031},"12":{"length_est":11.717950840705193,"length_true":13.3844},"20":{"length_est":16.144880493216135,"length_true":13.610299999999999},"6":{"length_est":8.728502272643222,"length_true":12.467600000000001},"14":{"length_est":5.667680830961881,"length_true":8.0963},"7":{"length_est":10.760863878030834,"length_true":15.370700000000001},"57":{"length_est":10.970358540782486,"length_true":11.8907},"8":{"length_est":10.368369856245192,"length_true":14.8117},"19":{"length_est":7.546705240802395,"length_true":5.8071},"4":{"length_est":9.55576867265016,"length_true":11.83921},"22":{"length_est":9.308791958751142,"length_true":13.298119999999997},"11":{"length_est":16.161068943715843,"length_true":12.431809},"35":{"length_est":8.820742138284862,"length_true":11.80815},"13":{"length_est":11.144752408570822,"length_true":12.8793},"15":{"length_est":4.275304630736594,"length_true":6.1064},"16":{"length_est":19.361670485382806,"length_true":27.150599999999997},"40":{"length_est":25.66818189049789,"length_true":19.7451},"46":{"length_est":8.597176287016442,"length_true":7.2907},"21":{"length_est":13.827973819243107,"length_true":10.637540000000001},"38":{"length_est":6.920717568303689,"length_true":9.87563},"45":{"length_est":3.426457869065351,"length_true":4.8936},"56":{"length_est":3.4918771898585788,"length_true":4.9858},"36":{"length_est":41.681715446756826,"length_true":59.543393},"48":{"length_est":8.363507881003702,"length_true":11.9463},"18":{"length_est":14.319637671109618,"length_true":20.456400000000002},"30":{"length_est":17.174278235934175,"length_true":17.905369999999998},"3":{"length_est":10.32888179578599,"length_true":14.754960000000002}}