{"24":{"shunt_est":{"gs":1.1661176254538662e-7},"shunt_true":{"gs":0.1733542899408284}},"4":{"shunt_est":{"gs":5.845757240864766e-7},"shunt_true":{"gs":1.0401257396449703}},"1":{"shunt_est":{"gs":1.4164240164059452e-7},"shunt_true":{"gs":1.3868343195266273}},"12":{"shunt_est":{"gs":1.7335428097842605},"shunt_true":{"gs":1.0401257396449703}},"29":{"shunt_est":{"gs":1.7335420571949884},"shunt_true":{"gs":0.3467085798816568}},"20":{"shunt_est":{"gs":2.6103607689188135e-6},"shunt_true":{"gs":0.5200628698224852}},"2":{"shunt_est":{"gs":1.7335426581554494},"shunt_true":{"gs":0.3467085798816568}},"6":{"shunt_est":{"gs":1.7335428001038806},"shunt_true":{"gs":1.0401257396449703}},"25":{"shunt_est":{"gs":1.7335426936505278},"shunt_true":{"gs":0.866771449704142}},"23":{"shunt_est":{"gs":1.7335425407005955},"shunt_true":{"gs":1.2134800295857988}},"22":{"shunt_est":{"gs":6.637211916705776e-7},"shunt_true":{"gs":1.2134800295857988}},"11":{"shunt_est":{"gs":1.733542404496396},"shunt_true":{"gs":0.6934171597633136}},"13":{"shunt_est":{"gs":1.733542699515114},"shunt_true":{"gs":0.5200628698224852}},"5":{"shunt_est":{"gs":1.261966334195236e-7},"shunt_true":{"gs":1.3868343195266273}},"15":{"shunt_est":{"gs":1.7335423419743157},"shunt_true":{"gs":0.3467085798816568}},"27":{"shunt_est":{"gs":1.7335404288194793},"shunt_true":{"gs":0.866771449704142}},"28":{"shunt_est":{"gs":1.7335425359168972},"shunt_true":{"gs":0.6934171597633136}},"16":{"shunt_est":{"gs":3.3867594370535394e-7},"shunt_true":{"gs":0.866771449704142}},"14":{"shunt_est":{"gs":4.770497273534827e-7},"shunt_true":{"gs":0.1733542899408284}},"21":{"shunt_est":{"gs":2.976337517103505e-7},"shunt_true":{"gs":0.1733542899408284}},"7":{"shunt_est":{"gs":1.7335392204938576},"shunt_true":{"gs":0.3467085798816568}},"8":{"shunt_est":{"gs":2.147506191304069e-7},"shunt_true":{"gs":1.2134800295857988}},"26":{"shunt_est":{"gs":6.622560154890635e-7},"shunt_true":{"gs":0.866771449704142}},"17":{"shunt_est":{"gs":1.7335424299548217},"shunt_true":{"gs":0.6934171597633136}},"10":{"shunt_est":{"gs":1.733542692278181},"shunt_true":{"gs":0.3467085798816568}}}