{"24":{"Xc_est":0.19961027580327373,"Zc_est":0.22873372142534637,"Rc_est":0.11169088195026908},"4":{"Xc_est":0.044187038690730124,"Zc_est":0.06899455240388089,"Rc_est":0.05298824278229827},"1":{"Xc_est":0.22607047396192412,"Zc_est":0.24709540763879279,"Rc_est":0.09974107117337457},"12":{"Xc_est":0.11570077113151828,"Zc_est":0.13761702903747167,"Rc_est":0.07451025594287236},"29":{"Xc_est":0.21885723408570035,"Zc_est":0.2371974427198657,"Rc_est":0.09145566095765172},"20":{"Xc_est":0.06675258348929711,"Zc_est":0.08511903419434644,"Rc_est":0.05281422705751489},"2":{"Xc_est":0.24003024280088578,"Zc_est":0.26270585112895184,"Rc_est":0.10677006489805466},"6":{"Xc_est":0.08662118035910091,"Zc_est":0.10287491779741681,"Rc_est":0.0554979263128036},"25":{"Xc_est":0.18404895451209557,"Zc_est":0.20066127707131703,"Rc_est":0.07994329527168892},"23":{"Xc_est":0.21792986356001307,"Zc_est":0.23721700020999534,"Rc_est":0.09369354170562137},"22":{"Xc_est":0.19996185150264884,"Zc_est":0.21705446034839465,"Rc_est":0.0844268719115273},"11":{"Xc_est":0.23343900860808714,"Zc_est":0.25217497281791124,"Rc_est":0.09538577554220386},"13":{"Xc_est":0.24970350457212748,"Zc_est":0.2717161586602814,"Rc_est":0.10713463810316778},"5":{"Xc_est":0.08621502461635372,"Zc_est":0.11964651987710598,"Rc_est":0.0829593831287591},"15":{"Xc_est":0.15038512043373603,"Zc_est":0.15660769296050056,"Rc_est":0.04370680778255398},"27":{"Xc_est":0.11253165702391149,"Zc_est":0.129056827048455,"Rc_est":0.06318457703639063},"28":{"Xc_est":0.15185594503940605,"Zc_est":0.15977948024840974,"Rc_est":0.0496915914883076},"16":{"Xc_est":0.23353688458855468,"Zc_est":0.25900730077876694,"Rc_est":0.11200582749738848},"14":{"Xc_est":0.07318161374457338,"Zc_est":0.0886424866928125,"Rc_est":0.05001941479891091},"21":{"Xc_est":0.06286823100460842,"Zc_est":0.09499525267217057,"Rc_est":0.07121575359848917},"7":{"Xc_est":0.02742611611270946,"Zc_est":0.059182918193449,"Rc_est":0.05244450362873745},"8":{"Xc_est":0.20145535785969496,"Zc_est":0.22869961018805618,"Rc_est":0.10825548711169833},"26":{"Xc_est":0.10686574718613392,"Zc_est":0.1300124276284357,"Rc_est":0.07404690011194624},"17":{"Xc_est":0.1888663534863277,"Zc_est":0.2063712800027982,"Rc_est":0.08317815657232887},"10":{"Xc_est":0.20614835541172194,"Zc_est":0.2239295292637777,"Rc_est":0.08744878293801152},"19":{"Xc_est":0.055440009757826966,"Zc_est":0.08834268206445134,"Rc_est":0.06878106419933311},"9":{"Xc_est":0.10470324009198842,"Zc_est":0.12888934856688047,"Rc_est":0.0751644576128521},"18":{"Xc_est":0.09493921724897497,"Zc_est":0.11541936669163372,"Rc_est":0.0656366912302086},"30":{"Xc_est":0.2612895672065606,"Zc_est":0.2983896377518047,"Rc_est":0.14409766822076436},"3":{"Xc_est":0.03178658346832723,"Zc_est":0.049449200872674674,"Rc_est":0.03787923677104907}}