{"24":{"Xc_est":0.1800719744613009,"Zc_est":0.19215640189307184,"Rc_est":0.06706837408272502},"4":{"Xc_est":0.04478065670307631,"Zc_est":0.04993552013685904,"Rc_est":0.02209635618331407},"1":{"Xc_est":0.203564994538702,"Zc_est":0.21715540993707694,"Rc_est":0.07561590483091611},"12":{"Xc_est":0.10280671174172118,"Zc_est":0.11241549093104045,"Rc_est":0.045475516732869405},"29":{"Xc_est":0.1954887242682581,"Zc_est":0.20814257315229265,"Rc_est":0.07146670163388291},"20":{"Xc_est":0.06618829917150831,"Zc_est":0.07027834756013904,"Rc_est":0.023625308221621427},"2":{"Xc_est":0.2129603025006405,"Zc_est":0.2267071558085182,"Rc_est":0.07774345022973603},"6":{"Xc_est":0.07781311325188545,"Zc_est":0.08305029278085373,"Rc_est":0.029025343013214765},"25":{"Xc_est":0.16524505250275517,"Zc_est":0.17638753783353794,"Rc_est":0.061697942642680303},"23":{"Xc_est":0.19071866094698414,"Zc_est":0.20466472653932566,"Rc_est":0.07425660008380576},"22":{"Xc_est":0.17956682179052966,"Zc_est":0.19159911795870793,"Rc_est":0.06682797703509395},"11":{"Xc_est":0.20712289520079324,"Zc_est":0.22056988472234415,"Rc_est":0.07583653690714921},"13":{"Xc_est":0.22983453232323356,"Zc_est":0.24396468000203234,"Rc_est":0.08182208039554205},"5":{"Xc_est":0.08324367965650405,"Zc_est":0.09369435965111511,"Rc_est":0.04300142820509385},"15":{"Xc_est":0.12319526546669496,"Zc_est":0.1328598430340526,"Rc_est":0.04974599941325588},"27":{"Xc_est":0.10028179589453984,"Zc_est":0.10903177044465297,"Rc_est":0.04279589207460634},"28":{"Xc_est":0.12453959409550819,"Zc_est":0.1343638283884047,"Rc_est":0.05043340045758093},"16":{"Xc_est":0.20773809240776836,"Zc_est":0.22157121349211584,"Rc_est":0.07706288089054467},"14":{"Xc_est":0.06882599913167875,"Zc_est":0.07488684747284406,"Rc_est":0.029513077913819276},"21":{"Xc_est":0.06451339539514722,"Zc_est":0.06840748829429039,"Rc_est":0.022750961942803093},"7":{"Xc_est":0.02621554479533596,"Zc_est":0.027802969541615305,"Rc_est":0.009260147213501626},"8":{"Xc_est":0.18192388737374265,"Zc_est":0.19422567796666645,"Rc_est":0.06802435728793786},"26":{"Xc_est":0.09940885719236027,"Zc_est":0.10623286564261136,"Rc_est":0.0374606574201527},"17":{"Xc_est":0.17045939155675516,"Zc_est":0.18180466844498355,"Rc_est":0.06321814058077974},"10":{"Xc_est":0.18230662649060708,"Zc_est":0.19465971145911237,"Rc_est":0.06823999709084963},"19":{"Xc_est":0.05162021373722371,"Zc_est":0.054079385333919566,"Rc_est":0.016122451793008873},"9":{"Xc_est":0.09560092967946149,"Zc_est":0.10513426696433395,"Rc_est":0.04374558645795597},"18":{"Xc_est":0.08619051277411822,"Zc_est":0.09241090962772679,"Rc_est":0.033331242490469065},"30":{"Xc_est":0.23703242197874425,"Zc_est":0.25498005092957265,"Rc_est":0.09397051294389104},"3":{"Xc_est":0.030250909631336892,"Zc_est":0.031622848290296865,"Rc_est":0.009213414159138848}}