{"32":{"length_est":14.036154870269499,"length_true":20.051664},"29":{"length_est":3.676460075344997,"length_true":5.2521},"1":{"length_est":0.07995806304340261,"length_true":0.11424},"54":{"length_est":6.254344629345426,"length_true":6.4783},"2":{"length_est":12.250634898725206,"length_true":13.996288},"41":{"length_est":6.316839761316261,"length_true":4.8591},"53":{"length_est":20.625665710034212,"length_true":29.465251},"51":{"length_est":8.281326022528557,"length_true":11.830480000000001},"27":{"length_est":13.893291995704582,"length_true":10.68714},"42":{"length_est":2.948824739388364,"length_true":4.212621},"33":{"length_est":1.7639900037503786,"length_true":2.52},"28":{"length_est":8.604733068696547,"length_true":12.29249},"52":{"length_est":12.543319972956112,"length_true":9.6487},"50":{"length_est":5.301539980993924,"length_true":4.0781},"26":{"length_est":10.499990140693741,"length_true":15.0},"10":{"length_est":10.241279985890957,"length_true":7.8779},"24":{"length_est":7.293220059670357,"length_true":10.4189},"25":{"length_est":18.262967410305883,"length_true":14.588000000000001},"23":{"length_est":5.382139714193365,"length_true":4.1401},"49":{"length_est":15.881836995589836,"length_true":12.21679},"5":{"length_est":16.938021996476294,"length_true":13.029240000000001},"31":{"length_est":5.707009959974388,"length_true":4.39},"43":{"length_est":8.339328002934868,"length_true":11.91334},"39":{"length_est":35.12732001860537,"length_true":50.1819},"34":{"length_est":8.692835017475442,"length_true":12.41835},"44":{"length_est":8.966626007280224,"length_true":12.809479999999999},"55":{"length_est":11.21827908024204,"length_true":12.23632},"17":{"length_est":12.203860628479742,"length_true":17.4341},"37":{"length_est":18.015816852640828,"length_true":16.546871},"47":{"length_est":5.792000028987501,"length_true":8.2743},"9":{"length_est":16.828165225668805,"length_true":15.2031},"12":{"length_est":12.358114347918535,"length_true":13.3844},"20":{"length_est":15.593656136810786,"length_true":13.610299999999999},"6":{"length_est":8.727310009483887,"length_true":12.467600000000001},"14":{"length_est":10.525199972043204,"length_true":8.0963},"7":{"length_est":10.759480009494114,"length_true":15.370700000000001},"57":{"length_est":13.07558886420163,"length_true":11.8907},"8":{"length_est":10.368180101782324,"length_true":14.8117},"19":{"length_est":7.5492392934921515,"length_true":5.8071},"4":{"length_est":9.859870312501945,"length_true":11.83921},"22":{"length_est":9.308674005964694,"length_true":13.298119999999997},"11":{"length_est":16.161361693965777,"length_true":12.431809},"35":{"length_est":11.730490834872805,"length_true":11.80815},"13":{"length_est":12.382188451224842,"length_true":12.8793},"15":{"length_est":4.274470766748715,"length_true":6.1064},"16":{"length_est":26.645417956648767,"length_true":27.150599999999997},"40":{"length_est":25.66863996707045,"length_true":19.7451},"46":{"length_est":9.47791995934255,"length_true":7.2907},"21":{"length_est":13.828811928646399,"length_true":10.637540000000001},"38":{"length_est":9.287163453158987,"length_true":9.87563},"45":{"length_est":3.4255104308013298,"length_true":4.8936},"56":{"length_est":6.4815498969876595,"length_true":4.9858},"36":{"length_est":67.96202215334496,"length_true":59.543393},"48":{"length_est":15.33768649623583,"length_true":11.9463},"18":{"length_est":14.834664962345627,"length_true":20.456400000000002},"30":{"length_est":14.829036870965142,"length_true":17.905369999999998},"3":{"length_est":10.328462003059407,"length_true":14.754960000000002}}