{"32":{"length_est":14.03615486085633,"length_true":20.051664},"29":{"length_est":3.67646005107157,"length_true":5.2521},"1":{"length_est":0.1485207818201739,"length_true":0.11424},"54":{"length_est":8.421799484300887,"length_true":6.4783},"2":{"length_est":11.758284245766317,"length_true":13.996288},"41":{"length_est":6.316839291025816,"length_true":4.8591},"53":{"length_est":20.625665709576555,"length_true":29.465251},"51":{"length_est":8.281326016839225,"length_true":11.830480000000001},"27":{"length_est":13.893291995564521,"length_true":10.68714},"42":{"length_est":2.94882478199537,"length_true":4.212621},"33":{"length_est":1.763990003864618,"length_true":2.52},"28":{"length_est":8.604733048307132,"length_true":12.29249},"52":{"length_est":12.54331997903912,"length_true":9.6487},"50":{"length_est":5.3015399804323495,"length_true":4.0781},"26":{"length_est":10.499990208898357,"length_true":15.0},"10":{"length_est":10.241279986785614,"length_true":7.8779},"24":{"length_est":7.293220059099458,"length_true":10.4189},"25":{"length_est":17.970699579108533,"length_true":14.588000000000001},"23":{"length_est":5.382139853594805,"length_true":4.1401},"49":{"length_est":15.881836995303548,"length_true":12.21679},"5":{"length_est":16.938021996209095,"length_true":13.029240000000001},"31":{"length_est":5.707009958474578,"length_true":4.39},"43":{"length_est":8.339328002980254,"length_true":11.91334},"39":{"length_est":35.12732001448229,"length_true":50.1819},"34":{"length_est":8.69283502079886,"length_true":12.41835},"44":{"length_est":8.966626007480457,"length_true":12.809479999999999},"55":{"length_est":10.442187085578848,"length_true":12.23632},"17":{"length_est":12.203860238913327,"length_true":17.4341},"37":{"length_est":17.639442959315993,"length_true":16.546871},"47":{"length_est":5.7920000227515045,"length_true":8.2743},"9":{"length_est":13.12510352619971,"length_true":15.2031},"12":{"length_est":11.903709239406366,"length_true":13.3844},"20":{"length_est":15.397078289337056,"length_true":13.610299999999999},"6":{"length_est":8.727310010010815,"length_true":12.467600000000001},"14":{"length_est":10.525199973008965,"length_true":8.0963},"7":{"length_est":10.759480003985258,"length_true":15.370700000000001},"57":{"length_est":13.201378304263718,"length_true":11.8907},"8":{"length_est":10.368180055767963,"length_true":14.8117},"19":{"length_est":7.549233096964868,"length_true":5.8071},"4":{"length_est":8.831786456593548,"length_true":11.83921},"22":{"length_est":9.3086740057566,"length_true":13.298119999999997},"11":{"length_est":16.16136169406079,"length_true":12.431809},"35":{"length_est":12.018393179553263,"length_true":11.80815},"13":{"length_est":9.015500072572356,"length_true":12.8793},"15":{"length_est":7.938329698007807,"length_true":6.1064},"16":{"length_est":25.91483666565862,"length_true":27.150599999999997},"40":{"length_est":25.668639974589166,"length_true":19.7451},"46":{"length_est":9.477919927240062,"length_true":7.2907},"21":{"length_est":13.828811939983906,"length_true":10.637540000000001},"38":{"length_est":11.961832726198878,"length_true":9.87563},"45":{"length_est":3.4255114094649937,"length_true":4.8936},"56":{"length_est":6.48154990331461,"length_true":4.9858},"36":{"length_est":67.26945074729792,"length_true":59.543393},"48":{"length_est":12.017903026513764,"length_true":11.9463},"18":{"length_est":14.33594633117984,"length_true":20.456400000000002},"30":{"length_est":13.832831781955784,"length_true":17.905369999999998},"3":{"length_est":10.328462003015748,"length_true":14.754960000000002}}