linecode_id,linecode_name,A_p_est,dist_est,x_est,r_est,scenario_id
12,tw2x16_lv_oh_2w_bundled,"[28.75753503429698, 6.000000066244066]",[5.1755702200571845],[0.8097644164267657 0.7603241428371017; 0.7603241428371017 0.8589976973728848],[1.309230627351533 0.049348; 0.049348 6.087867732524623],1
2,pluto,"[117.60749677522405, 117.60749677522405, 117.60749677522405, 300.00000270955866]","[79.72148757557729, 14.9752960191818, 195.4459651800809]",[0.7655164582207326 0.5885044069131924 0.5776884511229672 0.50733590032307; 0.5885044069131924 0.7655164582207326 0.6935681342163279 0.5275214036413258; 0.5776884511229672 0.6935681342163279 0.7655164582207326 0.5321601380727651; 0.50733590032307 0.5275214036413258 0.5321601380727651 0.736097582697463],[0.4458814744220584 0.049348 0.049348 0.049348; 0.049348 0.4458814744220584 0.049348 0.049348; 0.049348 0.049348 0.4458814744220584 0.049348; 0.049348 0.049348 0.049348 0.20479902964385646],1
6,hydrogen,"[278.74052385232636, 278.74052385232636, 278.74052385232636, 74.3400072272338]","[418.5412628306118, 43.657782844543156, 1199.9998677021515]",[0.7384066950344705 0.48431410202387754 0.47807990149261376 0.3976611607108305; 0.48431410202387754 0.7384066950344705 0.6263391724603146 0.4158877573343667; 0.47807990149261376 0.6263391724603146 0.7384066950344705 0.4181330782927948; 0.3976611607108305 0.4158877573343667 0.4181330782927948 0.7799270879872584],[0.1356193488320883 0.049348 0.049348 0.049348; 0.049348 0.1356193488320883 0.049348 0.049348; 0.049348 0.049348 0.1356193488320883 0.049348; 0.049348 0.049348 0.049348 0.37282551720548057],1
9,abc2x16_lv_oh_2w_bundled,"[113.30841183701737, 6.000000041206417]",[1999.9999139037236],[0.7666863703413865 0.38603687847801504; 0.38603687847801504 0.8589976975039818],[0.444109302935434 0.049348; 0.049348 7.504310663855572],1
