linecode_id,linecode_name,A_p_est,dist_est,x_est,r_est,scenario_id
4,hydrogen,"[176.10096278422023, 176.10096278422023, 176.10096278422023, 176.10096278422023]","[726.9962269682306, 379.99999779203614, 934.4646116216612]",[0.7528336713270148 0.4496216767652128 0.4232018113296844 0.38474765943662265; 0.4496216767652128 0.7528336713270148 0.4903839393253133 0.41240858074785935; 0.4232018113296844 0.4903839393253133 0.7528336713270148 0.43384754798652564; 0.38474765943662265 0.41240858074785935 0.43384754798652564 0.7528336713270148],[0.185902170895526 0.049348 0.049348 0.049348; 0.049348 0.185902170895526 0.049348 0.049348; 0.049348 0.049348 0.185902170895526 0.049348; 0.049348 0.049348 0.049348 0.185902170895526],1
1,pluto,"[300.00000279262656, 300.00000279262656, 300.00000279262656, 300.00000279262656]","[379.9999968247998, 1200.0000102735514, 386.9014961756199]",[0.7360975826887641 0.49038393948524334 0.40084778115072944 0.38708539840779665; 0.49038393948524334 0.7360975826887641 0.4181330708277559 0.4005739262854445; 0.40084778115072944 0.4181330708277559 0.7360975826887641 0.48925303357933636; 0.38708539840779665 0.4005739262854445 0.48925303357933636 0.7360975826887641],[0.20479902960081314 0.049348 0.049348 0.049348; 0.049348 0.20479902960081314 0.049348 0.049348; 0.049348 0.049348 0.20479902960081314 0.049348; 0.049348 0.049348 0.049348 0.20479902960081314],1
10,tw2x16_lv_oh_2w_bundled,"[11.99999988967837, 11.99999988967837]",[99.99998511647335],[0.8372217861840894 0.5742647353367768; 0.5742647353367768 0.8372217861840894],[3.0686079273544595 0.049348; 0.049348 3.0686079273544595],1
7,abc2x16_lv_oh_2w_bundled,"[11.999999882694024, 11.999999882694024]",[99.99999497699875],[0.8372217862023744 0.574264729141211; 0.574264729141211 0.8372217862023744],[3.7768293939651314 0.049348; 0.049348 3.7768293939651314],1
