{"32":{"length_est":14.036154943865778,"length_true":20.051664},"29":{"length_est":3.6764600463134407,"length_true":5.2521},"1":{"length_est":0.07995801666566096,"length_true":0.11424},"54":{"length_est":4.804073476062267,"length_true":6.4783},"2":{"length_est":10.57048932351343,"length_true":13.996288},"41":{"length_est":6.316839899121536,"length_true":4.8591},"53":{"length_est":20.625665723501672,"length_true":29.465251},"51":{"length_est":8.281326036259307,"length_true":11.830480000000001},"27":{"length_est":13.8932919970104,"length_true":10.68714},"42":{"length_est":4.583871582114394,"length_true":4.212621},"33":{"length_est":1.7639900026089197,"length_true":2.52},"28":{"length_est":8.604733056478262,"length_true":12.29249},"52":{"length_est":12.543319969100322,"length_true":9.6487},"50":{"length_est":5.301539968432755,"length_true":4.0781},"26":{"length_est":10.499990200775857,"length_true":15.0},"10":{"length_est":10.241279983526256,"length_true":7.8779},"24":{"length_est":7.500057222263601,"length_true":10.4189},"25":{"length_est":15.511574182957807,"length_true":14.588000000000001},"23":{"length_est":5.38213979597441,"length_true":4.1401},"49":{"length_est":15.721964598728416,"length_true":12.21679},"5":{"length_est":16.93802199570136,"length_true":13.029240000000001},"31":{"length_est":5.7070099431727,"length_true":4.39},"43":{"length_est":8.339328003717698,"length_true":11.91334},"39":{"length_est":35.127320028613894,"length_true":50.1819},"34":{"length_est":8.692835012975527,"length_true":12.41835},"44":{"length_est":8.966626007546404,"length_true":12.809479999999999},"55":{"length_est":10.76818158053956,"length_true":12.23632},"17":{"length_est":12.203860457810855,"length_true":17.4341},"37":{"length_est":16.17265185338801,"length_true":16.546871},"47":{"length_est":5.792000031963289,"length_true":8.2743},"9":{"length_est":13.996326428106348,"length_true":15.2031},"12":{"length_est":11.736935778830166,"length_true":13.3844},"20":{"length_est":13.319816852078622,"length_true":13.610299999999999},"6":{"length_est":8.727310006694273,"length_true":12.467600000000001},"14":{"length_est":10.525199958362752,"length_true":8.0963},"7":{"length_est":10.759480008062152,"length_true":15.370700000000001},"57":{"length_est":11.509349440647034,"length_true":11.8907},"8":{"length_est":12.086787727260214,"length_true":14.8117},"19":{"length_est":7.549239477241071,"length_true":5.8071},"4":{"length_est":9.373345686333346,"length_true":11.83921},"22":{"length_est":9.308674013516656,"length_true":13.298119999999997},"11":{"length_est":16.16136169424015,"length_true":12.431809},"35":{"length_est":11.004721135485234,"length_true":11.80815},"13":{"length_est":12.151555819283066,"length_true":12.8793},"15":{"length_est":4.2744705394118645,"length_true":6.1064},"16":{"length_est":24.57111167302328,"length_true":27.150599999999997},"40":{"length_est":21.4432994789074,"length_true":19.7451},"46":{"length_est":9.477919931671703,"length_true":7.2907},"21":{"length_est":11.308428411757847,"length_true":10.637540000000001},"38":{"length_est":10.669563410105795,"length_true":9.87563},"45":{"length_est":5.158807573198593,"length_true":4.8936},"56":{"length_est":6.129110745609397,"length_true":4.9858},"36":{"length_est":62.59306093931513,"length_true":59.543393},"48":{"length_est":10.849930491376513,"length_true":11.9463},"18":{"length_est":14.368621788665681,"length_true":20.456400000000002},"30":{"length_est":14.489576327709607,"length_true":17.905369999999998},"3":{"length_est":10.328462003746033,"length_true":14.754960000000002}}