{"24":{"shunt_est":{"gs":0.5768534721340833},"shunt_true":{"gs":0.028277124183006534}},"4":{"shunt_est":{"gs":0.5768540669247298},"shunt_true":{"gs":0.16966274509803922}},"1":{"shunt_est":{"gs":0.5768534149134716},"shunt_true":{"gs":0.22621699346405227}},"12":{"shunt_est":{"gs":0.576859488192636},"shunt_true":{"gs":0.16966274509803922}},"29":{"shunt_est":{"gs":0.5768534007794057},"shunt_true":{"gs":0.05655424836601307}},"20":{"shunt_est":{"gs":11.537065743448403},"shunt_true":{"gs":0.08483137254901961}},"2":{"shunt_est":{"gs":0.5768534029892561},"shunt_true":{"gs":0.05655424836601307}},"6":{"shunt_est":{"gs":11.537064720557842},"shunt_true":{"gs":0.16966274509803922}},"25":{"shunt_est":{"gs":0.5768534517387717},"shunt_true":{"gs":0.14138562091503268}},"23":{"shunt_est":{"gs":0.5768533962720575},"shunt_true":{"gs":0.19793986928104573}},"22":{"shunt_est":{"gs":0.5768534014679192},"shunt_true":{"gs":0.19793986928104573}},"11":{"shunt_est":{"gs":0.5768534121682287},"shunt_true":{"gs":0.11310849673202614}},"13":{"shunt_est":{"gs":0.5768534125634504},"shunt_true":{"gs":0.08483137254901961}},"5":{"shunt_est":{"gs":11.537065556355168},"shunt_true":{"gs":0.22621699346405227}},"15":{"shunt_est":{"gs":0.5768535038233694},"shunt_true":{"gs":0.05655424836601307}},"27":{"shunt_est":{"gs":0.5768543505323438},"shunt_true":{"gs":0.14138562091503268}},"28":{"shunt_est":{"gs":0.5768535595405321},"shunt_true":{"gs":0.11310849673202614}},"16":{"shunt_est":{"gs":0.5768534291747607},"shunt_true":{"gs":0.14138562091503268}},"14":{"shunt_est":{"gs":0.5768542124840725},"shunt_true":{"gs":0.028277124183006534}},"21":{"shunt_est":{"gs":11.537065073489897},"shunt_true":{"gs":0.028277124183006534}},"7":{"shunt_est":{"gs":11.536953462229267},"shunt_true":{"gs":0.05655424836601307}},"8":{"shunt_est":{"gs":0.5768534105859932},"shunt_true":{"gs":0.19793986928104573}},"26":{"shunt_est":{"gs":0.5768573315975069},"shunt_true":{"gs":0.14138562091503268}},"17":{"shunt_est":{"gs":0.576853457086575},"shunt_true":{"gs":0.11310849673202614}},"10":{"shunt_est":{"gs":0.5768534214881769},"shunt_true":{"gs":0.05655424836601307}}}