{"24":{"shunt_est":{"gs":0.5768534878797185},"shunt_true":{"gs":0.028277124183006534}},"4":{"shunt_est":{"gs":0.576853976317852},"shunt_true":{"gs":0.16966274509803922}},"1":{"shunt_est":{"gs":0.576853424719007},"shunt_true":{"gs":0.22621699346405227}},"12":{"shunt_est":{"gs":0.5768545538368234},"shunt_true":{"gs":0.16966274509803922}},"29":{"shunt_est":{"gs":0.5768534554284652},"shunt_true":{"gs":0.05655424836601307}},"20":{"shunt_est":{"gs":11.537065607999542},"shunt_true":{"gs":0.08483137254901961}},"2":{"shunt_est":{"gs":0.576853432282749},"shunt_true":{"gs":0.05655424836601307}},"6":{"shunt_est":{"gs":11.537066164901312},"shunt_true":{"gs":0.16966274509803922}},"25":{"shunt_est":{"gs":0.5768537626436199},"shunt_true":{"gs":0.14138562091503268}},"23":{"shunt_est":{"gs":0.5768534260239704},"shunt_true":{"gs":0.19793986928104573}},"22":{"shunt_est":{"gs":0.5768534186618107},"shunt_true":{"gs":0.19793986928104573}},"11":{"shunt_est":{"gs":0.5768534537301169},"shunt_true":{"gs":0.11310849673202614}},"13":{"shunt_est":{"gs":0.5768536038378806},"shunt_true":{"gs":0.08483137254901961}},"5":{"shunt_est":{"gs":11.537065681504862},"shunt_true":{"gs":0.22621699346405227}},"15":{"shunt_est":{"gs":0.576853516834686},"shunt_true":{"gs":0.05655424836601307}},"27":{"shunt_est":{"gs":0.5768538405138132},"shunt_true":{"gs":0.14138562091503268}},"28":{"shunt_est":{"gs":0.5768535526180605},"shunt_true":{"gs":0.11310849673202614}},"16":{"shunt_est":{"gs":0.576853545281152},"shunt_true":{"gs":0.14138562091503268}},"14":{"shunt_est":{"gs":0.5768537106139113},"shunt_true":{"gs":0.028277124183006534}},"21":{"shunt_est":{"gs":0.5768544784547204},"shunt_true":{"gs":0.028277124183006534}},"7":{"shunt_est":{"gs":11.537064244918026},"shunt_true":{"gs":0.05655424836601307}},"8":{"shunt_est":{"gs":0.5768535518078969},"shunt_true":{"gs":0.19793986928104573}},"26":{"shunt_est":{"gs":11.537065814374666},"shunt_true":{"gs":0.14138562091503268}},"17":{"shunt_est":{"gs":0.5768536914101184},"shunt_true":{"gs":0.11310849673202614}},"10":{"shunt_est":{"gs":0.5768534598694628},"shunt_true":{"gs":0.05655424836601307}}}