{"24":{"Xc_est":0.17578388369899156,"Zc_est":0.2029100276906577,"Rc_est":0.10135336979658292},"4":{"Xc_est":0.04832107510402705,"Zc_est":0.06603881929096489,"Rc_est":0.04501332418446446},"1":{"Xc_est":0.2056863628020706,"Zc_est":0.22564510372305577,"Rc_est":0.09278379703075096},"12":{"Xc_est":0.10813059246216136,"Zc_est":0.1283266630170047,"Rc_est":0.06910504623297677},"29":{"Xc_est":0.19842854976655597,"Zc_est":0.2156195106516517,"Rc_est":0.08436755307106612},"20":{"Xc_est":0.07418496158103281,"Zc_est":0.09589262216356495,"Rc_est":0.06076171871026126},"2":{"Xc_est":0.2215442902892471,"Zc_est":0.2469352890378079,"Rc_est":0.10906495501497968},"6":{"Xc_est":0.08611627558129105,"Zc_est":0.1002786757595746,"Rc_est":0.051378982980407724},"25":{"Xc_est":0.16053675635366563,"Zc_est":0.17651273329228773,"Rc_est":0.07338048019574483},"23":{"Xc_est":0.19608570182442453,"Zc_est":0.2148336892596598,"Rc_est":0.08777192934497302},"22":{"Xc_est":0.17609744851375667,"Zc_est":0.19266721017181937,"Rc_est":0.07816867980423382},"11":{"Xc_est":0.21395978325655168,"Zc_est":0.23151460636982257,"Rc_est":0.08843203102599939},"13":{"Xc_est":0.22686642736276474,"Zc_est":0.24674925068824666,"Rc_est":0.09704028468046957},"5":{"Xc_est":0.09195974692583161,"Zc_est":0.13028140729829948,"Rc_est":0.09228569787872012},"15":{"Xc_est":0.1278747080307473,"Zc_est":0.13508500476851465,"Rc_est":0.04354328374572545},"27":{"Xc_est":0.10801162040731978,"Zc_est":0.12800744332862027,"Rc_est":0.06869785589459829},"28":{"Xc_est":0.12934022428876152,"Zc_est":0.1383070848658222,"Rc_est":0.04898934685229641},"16":{"Xc_est":0.213089486832986,"Zc_est":0.237041215833367,"Rc_est":0.10383356203567118},"14":{"Xc_est":0.07698089742519382,"Zc_est":0.09075499972007073,"Rc_est":0.04806673908017712},"21":{"Xc_est":0.07428488918812537,"Zc_est":0.10780348866572209,"Rc_est":0.0781239233961557},"7":{"Xc_est":0.026843687358999346,"Zc_est":0.053264538056354116,"Rc_est":0.04600573293980974},"8":{"Xc_est":0.1798167832939006,"Zc_est":0.20595184401826974,"Rc_est":0.1004095936669405},"26":{"Xc_est":0.10658063196073295,"Zc_est":0.133737005427376,"Rc_est":0.0807846242272178},"17":{"Xc_est":0.16665593797511064,"Zc_est":0.1854061993924625,"Rc_est":0.08124812066007212},"10":{"Xc_est":0.1796776355514417,"Zc_est":0.197078006605744,"Rc_est":0.08096720305368695},"19":{"Xc_est":0.05924956969839221,"Zc_est":0.08169086834865683,"Rc_est":0.05623954535834145},"9":{"Xc_est":0.10111141578620567,"Zc_est":0.12389107525479388,"Rc_est":0.07159245857978369},"18":{"Xc_est":0.0922758668044574,"Zc_est":0.11101736696633566,"Rc_est":0.06172536086264764},"30":{"Xc_est":0.23695661949647534,"Zc_est":0.26977151510170017,"Rc_est":0.12895049762241878},"3":{"Xc_est":0.036985851609873534,"Zc_est":0.04948762830942124,"Rc_est":0.032879661439617125}}