{"24":{"Xc_est":0.19701428155213824,"Zc_est":0.22608441701072626,"Rc_est":0.11090327533294395},"4":{"Xc_est":0.04509588267524911,"Zc_est":0.06612982301385324,"Rc_est":0.04836853168728322},"1":{"Xc_est":0.23331104894249252,"Zc_est":0.2584299048077419,"Rc_est":0.11113941758121819},"12":{"Xc_est":0.1104731235081859,"Zc_est":0.1301779573546508,"Rc_est":0.06886210542362457},"29":{"Xc_est":0.22302425103732973,"Zc_est":0.2398520669377552,"Rc_est":0.08825643015413402},"20":{"Xc_est":0.07343517690514592,"Zc_est":0.10320844239982724,"Rc_est":0.0725207375549117},"2":{"Xc_est":0.24931242179803337,"Zc_est":0.2761484032435443,"Rc_est":0.11874871347159358},"6":{"Xc_est":0.08446399979886336,"Zc_est":0.10049248742595694,"Rc_est":0.05444789038184789},"25":{"Xc_est":0.18353204083272667,"Zc_est":0.1990146920601801,"Rc_est":0.07695997429562107},"23":{"Xc_est":0.22309335432094415,"Zc_est":0.24124033957882807,"Rc_est":0.09179464416804473},"22":{"Xc_est":0.19922058455651598,"Zc_est":0.21499706009607222,"Rc_est":0.08083869456463381},"11":{"Xc_est":0.23953668265354106,"Zc_est":0.2565687524175808,"Rc_est":0.09192226270306146},"13":{"Xc_est":0.25453507467708353,"Zc_est":0.27463864232674345,"Rc_est":0.10314203613565348},"5":{"Xc_est":0.09052892747906904,"Zc_est":0.13190474008983505,"Rc_est":0.09593421572961543},"15":{"Xc_est":0.15026185915315465,"Zc_est":0.15539497658844614,"Rc_est":0.03961025666113815},"27":{"Xc_est":0.10878373979149952,"Zc_est":0.125544602853794,"Rc_est":0.06267013054631519},"28":{"Xc_est":0.15173871001816105,"Zc_est":0.15863727376869902,"Rc_est":0.04627254597263473},"16":{"Xc_est":0.23764568739956787,"Zc_est":0.26204608662220974,"Rc_est":0.11042046356722793},"14":{"Xc_est":0.07547335761398762,"Zc_est":0.08962933358637933,"Rc_est":0.0483444901680595},"21":{"Xc_est":0.0716701033687063,"Zc_est":0.11838932249148147,"Rc_est":0.09423071666453012},"7":{"Xc_est":0.027226359971616862,"Zc_est":0.06283177944699614,"Rc_est":0.056626476414941326},"8":{"Xc_est":0.20090107362326318,"Zc_est":0.2282049480583402,"Rc_est":0.10824165988809456},"26":{"Xc_est":0.10555027696705889,"Zc_est":0.1384461948572809,"Rc_est":0.08959066861363045},"17":{"Xc_est":0.18579419405768322,"Zc_est":0.20123408357085168,"Rc_est":0.07730248278714255},"10":{"Xc_est":0.20540849413212903,"Zc_est":0.22192742961396666,"Rc_est":0.0840186559844493},"19":{"Xc_est":0.05847143625667525,"Zc_est":0.09730535065666969,"Rc_est":0.07777803294310683},"9":{"Xc_est":0.09992201035122653,"Zc_est":0.12277753731902075,"Rc_est":0.07134364384787838},"18":{"Xc_est":0.09394132801883723,"Zc_est":0.1228829501733588,"Rc_est":0.0792164524159307},"30":{"Xc_est":0.27040057767409936,"Zc_est":0.3110172729716051,"Rc_est":0.1536726120042452},"3":{"Xc_est":0.03389358713679851,"Zc_est":0.05245029297233734,"Rc_est":0.04002821484758302}}