{"24":{"Xc_est":0.20204385316370976,"Zc_est":0.232662300109419,"Rc_est":0.11536909157554566},"4":{"Xc_est":0.04300323870894027,"Zc_est":0.06708887865175182,"Rc_est":0.05149406858358916},"1":{"Xc_est":0.22806635722187166,"Zc_est":0.24917681035519715,"Rc_est":0.10037340047211471},"12":{"Xc_est":0.11531868294033909,"Zc_est":0.13661647208634456,"Rc_est":0.07325067788235486},"29":{"Xc_est":0.22107514793848432,"Zc_est":0.23965640385063622,"Rc_est":0.09252551470052203},"20":{"Xc_est":0.0697683950319497,"Zc_est":0.09220301363030917,"Rc_est":0.06028073305109016},"2":{"Xc_est":0.2456576358267686,"Zc_est":0.2712059813364161,"Rc_est":0.11491305527506968},"6":{"Xc_est":0.0864379163403917,"Zc_est":0.10327012868368923,"Rc_est":0.056508460402643935},"25":{"Xc_est":0.18649030513289747,"Zc_est":0.20346649070950976,"Rc_est":0.08136325296521654},"23":{"Xc_est":0.2210455065494441,"Zc_est":0.2412036510096369,"Rc_est":0.09653022995247848},"22":{"Xc_est":0.20209639134807147,"Zc_est":0.2194721038439112,"Rc_est":0.08558652329519922},"11":{"Xc_est":0.2377249896235681,"Zc_est":0.25669436379385685,"Rc_est":0.09684433753197638},"13":{"Xc_est":0.2528853379657546,"Zc_est":0.27522134932447934,"Rc_est":0.10860845715658227},"5":{"Xc_est":0.09251096129597973,"Zc_est":0.1354559791823241,"Rc_est":0.09894465289411025},"15":{"Xc_est":0.15295741175565977,"Zc_est":0.1590450922747369,"Rc_est":0.04358178020330435},"27":{"Xc_est":0.1108642894212243,"Zc_est":0.12462450897849109,"Rc_est":0.05692431439426408},"28":{"Xc_est":0.1544327243913914,"Zc_est":0.16234493359924257,"Rc_est":0.05006406997433411},"16":{"Xc_est":0.23575092342591208,"Zc_est":0.2620578258947803,"Rc_est":0.11443690932792948},"14":{"Xc_est":0.07742791946814052,"Zc_est":0.09284000229488999,"Rc_est":0.0512267831602798},"21":{"Xc_est":0.06588202462055195,"Zc_est":0.10320672140388233,"Rc_est":0.07944297435793532},"7":{"Xc_est":0.02740627393557068,"Zc_est":0.062427962742470144,"Rc_est":0.056090522204234286},"8":{"Xc_est":0.2059315662961394,"Zc_est":0.2348086257631172,"Rc_est":0.11281525045658664},"26":{"Xc_est":0.10844608499177869,"Zc_est":0.1369806104096375,"Rc_est":0.08368473145175769},"17":{"Xc_est":0.1912371851384126,"Zc_est":0.20904201982807644,"Rc_est":0.08442099901172936},"10":{"Xc_est":0.2082839421107433,"Zc_est":0.2263939848411747,"Rc_est":0.08872449397474504},"19":{"Xc_est":0.0559797159778788,"Zc_est":0.09586943600487649,"Rc_est":0.07782814503076074},"9":{"Xc_est":0.10469981573021314,"Zc_est":0.12904158306004362,"Rc_est":0.07542995919859395},"18":{"Xc_est":0.09558494741128085,"Zc_est":0.11729681253822866,"Rc_est":0.06798573423896392},"30":{"Xc_est":0.2655831151665597,"Zc_est":0.3043254983155464,"Rc_est":0.1485921191161615},"3":{"Xc_est":0.031142107824063694,"Zc_est":0.05050223056014097,"Rc_est":0.03975731897178213}}