{"24":{"shunt_est":{"gs":4.743415136066766e-8},"shunt_true":{"gs":0.1733542899408284}},"4":{"shunt_est":{"gs":1.6926441226802638e-7},"shunt_true":{"gs":1.0401257396449703}},"1":{"shunt_est":{"gs":4.455357073453153e-8},"shunt_true":{"gs":1.3868343195266273}},"12":{"shunt_est":{"gs":1.7335428705593736},"shunt_true":{"gs":1.0401257396449703}},"29":{"shunt_est":{"gs":1.7335426312921913},"shunt_true":{"gs":0.3467085798816568}},"20":{"shunt_est":{"gs":1.7335424727353463},"shunt_true":{"gs":0.5200628698224852}},"2":{"shunt_est":{"gs":1.7335428284167669},"shunt_true":{"gs":0.3467085798816568}},"6":{"shunt_est":{"gs":1.7335428650169242},"shunt_true":{"gs":1.0401257396449703}},"25":{"shunt_est":{"gs":1.733542762561057},"shunt_true":{"gs":0.866771449704142}},"23":{"shunt_est":{"gs":1.733542809196137},"shunt_true":{"gs":1.2134800295857988}},"22":{"shunt_est":{"gs":1.081927649826319e-6},"shunt_true":{"gs":1.2134800295857988}},"11":{"shunt_est":{"gs":1.733542794254944},"shunt_true":{"gs":0.6934171597633136}},"13":{"shunt_est":{"gs":1.733542695610301},"shunt_true":{"gs":0.5200628698224852}},"5":{"shunt_est":{"gs":9.801531203674356e-8},"shunt_true":{"gs":1.3868343195266273}},"15":{"shunt_est":{"gs":1.733542724861636},"shunt_true":{"gs":0.3467085798816568}},"27":{"shunt_est":{"gs":1.7335420192619218},"shunt_true":{"gs":0.866771449704142}},"28":{"shunt_est":{"gs":1.7335427798634364},"shunt_true":{"gs":0.6934171597633136}},"16":{"shunt_est":{"gs":1.7301148849701089e-7},"shunt_true":{"gs":0.866771449704142}},"14":{"shunt_est":{"gs":1.7062485813793913e-7},"shunt_true":{"gs":0.1733542899408284}},"21":{"shunt_est":{"gs":9.753010708521533e-8},"shunt_true":{"gs":0.1733542899408284}},"7":{"shunt_est":{"gs":1.7335419046000697},"shunt_true":{"gs":0.3467085798816568}},"8":{"shunt_est":{"gs":7.358772928092531e-8},"shunt_true":{"gs":1.2134800295857988}},"26":{"shunt_est":{"gs":1.733542703633423},"shunt_true":{"gs":0.866771449704142}},"17":{"shunt_est":{"gs":1.733542709800497},"shunt_true":{"gs":0.6934171597633136}},"10":{"shunt_est":{"gs":1.7335428336408052},"shunt_true":{"gs":0.3467085798816568}}}