linecode_id,linecode_name,A_p_est,dist_est,x_est,r_est,scenario_id
4,hydrogen,"[152.63667271748508, 152.63667271748508, 152.63667271748508, 152.63667271748508]","[380.00000318724204, 428.3597991294675, 722.8649585812408]",[0.7573260673887036 0.4903839384332302 0.4429560829947346 0.40281800034419746; 0.4903839384332302 0.7573260673887036 0.48285715281824687 0.42074029616553626; 0.4429560829947346 0.48285715281824687 0.7573260673887036 0.4499797476762755; 0.40281800034419746 0.42074029616553626 0.4499797476762755 0.7573260673887036],[0.2068941554472706 0.049348 0.049348 0.049348; 0.049348 0.2068941554472706 0.049348 0.049348; 0.049348 0.049348 0.2068941554472706 0.049348; 0.049348 0.049348 0.049348 0.2068941554472706],1
1,pluto,"[300.0000024014285, 300.0000024014285, 300.0000024014285, 300.0000024014285]","[379.99999688359594, 1200.0000105058257, 537.7125407987223]",[0.7360975827297304 0.49038393947552156 0.4008477811391544 0.38244355523176027; 0.49038393947552156 0.7360975827297304 0.41813307081559403 0.3948696448911227; 0.4008477811391544 0.41813307081559403 0.7360975827297304 0.46857163084628495; 0.38244355523176027 0.3948696448911227 0.46857163084628495 0.7360975827297304],[0.2047990298035203 0.049348 0.049348 0.049348; 0.049348 0.2047990298035203 0.049348 0.049348; 0.049348 0.049348 0.2047990298035203 0.049348; 0.049348 0.049348 0.049348 0.2047990298035203],1
10,tw2x16_lv_oh_2w_bundled,"[12.000000027501223, 12.000000027501223]",[5.527067180567594],[0.8372217858232692 0.7561955898935966; 0.7561955898935966 0.8372217858232692],[3.0686078926775417 0.049348; 0.049348 3.0686078926775417],1
7,abc2x16_lv_oh_2w_bundled,"[11.999999885334722, 11.999999885334722]",[99.99999255514905],[0.8372217861954611 0.5742647306629076; 0.5742647306629076 0.8372217861954611],[3.7768293931448684 0.049348; 0.049348 3.7768293931448684],1
