{"32":{"length_est":14.036154854012912,"length_true":20.051664},"29":{"length_est":6.82773988239449,"length_true":5.2521},"1":{"length_est":0.07995800764690769,"length_true":0.11424},"54":{"length_est":4.534800075162225,"length_true":6.4783},"2":{"length_est":14.712185420812881,"length_true":13.996288},"41":{"length_est":3.4013602444219013,"length_true":4.8591},"53":{"length_est":20.62566571104909,"length_true":29.465251},"51":{"length_est":8.281326105018389,"length_true":11.830480000000001},"27":{"length_est":13.893291995951977,"length_true":10.68714},"42":{"length_est":2.948824705105083,"length_true":4.212621},"33":{"length_est":1.7639900035438851,"length_true":2.52},"28":{"length_est":8.6047330274093,"length_true":12.29249},"52":{"length_est":10.749692322247332,"length_true":9.6487},"50":{"length_est":5.301539973636266,"length_true":4.0781},"26":{"length_est":10.499990034291724,"length_true":15.0},"10":{"length_est":10.241279986127651,"length_true":7.8779},"24":{"length_est":7.293220006999853,"length_true":10.4189},"25":{"length_est":18.964409178358256,"length_true":14.588000000000001},"23":{"length_est":5.38213965195107,"length_true":4.1401},"49":{"length_est":15.881836992966416,"length_true":12.21679},"5":{"length_est":16.938021996195566,"length_true":13.029240000000001},"31":{"length_est":5.707009948229385,"length_true":4.39},"43":{"length_est":8.33932800720438,"length_true":11.91334},"39":{"length_est":35.12732005476948,"length_true":50.1819},"34":{"length_est":8.6928350076046,"length_true":12.41835},"44":{"length_est":8.966626006823628,"length_true":12.809479999999999},"55":{"length_est":11.438553967674071,"length_true":12.23632},"17":{"length_est":12.203862396830095,"length_true":17.4341},"37":{"length_est":21.510942198678528,"length_true":16.546871},"47":{"length_est":5.792000005869801,"length_true":8.2743},"9":{"length_est":15.659476042123643,"length_true":15.2031},"12":{"length_est":11.971371985143488,"length_true":13.3844},"20":{"length_est":16.094122800687003,"length_true":13.610299999999999},"6":{"length_est":8.727310022912988,"length_true":12.467600000000001},"14":{"length_est":5.667400006799236,"length_true":8.0963},"7":{"length_est":10.759480009890442,"length_true":15.370700000000001},"57":{"length_est":11.909166620976977,"length_true":11.8907},"8":{"length_est":10.368180004061543,"length_true":14.8117},"19":{"length_est":7.549239945982912,"length_true":5.8071},"4":{"length_est":9.859141238468395,"length_true":11.83921},"22":{"length_est":9.308674002353804,"length_true":13.298119999999997},"11":{"length_est":16.161361694589512,"length_true":12.431809},"35":{"length_est":9.172501730565637,"length_true":11.80815},"13":{"length_est":15.346023452859002,"length_true":12.8793},"15":{"length_est":4.274470021660379,"length_true":6.1064},"16":{"length_est":21.027978490125697,"length_true":27.150599999999997},"40":{"length_est":25.66863999252236,"length_true":19.7451},"46":{"length_est":5.103480322450655,"length_true":7.2907},"21":{"length_est":13.828811982985481,"length_true":10.637540000000001},"38":{"length_est":6.91293137483742,"length_true":9.87563},"45":{"length_est":3.425510025477043,"length_true":4.8936},"56":{"length_est":3.4900500955543095,"length_true":4.9858},"36":{"length_est":41.68036514093791,"length_true":59.543393},"48":{"length_est":8.362400024514502,"length_true":11.9463},"18":{"length_est":14.319470003833057,"length_true":20.456400000000002},"30":{"length_est":18.078130073025903,"length_true":17.905369999999998},"3":{"length_est":10.328462003917533,"length_true":14.754960000000002}}