{"24":{"Xc_est":0.1977815214735793,"Zc_est":0.2280609766198731,"Rc_est":0.11355297803407179},"4":{"Xc_est":0.04362212065813921,"Zc_est":0.06933391146389278,"Rc_est":0.05389157511308857},"1":{"Xc_est":0.22309282051936463,"Zc_est":0.2445840569971625,"Rc_est":0.10025444813027398},"12":{"Xc_est":0.11446377143959927,"Zc_est":0.1361648455582693,"Rc_est":0.0737489674078933},"29":{"Xc_est":0.21583074254124543,"Zc_est":0.23439058036357158,"Rc_est":0.09141134906162653},"20":{"Xc_est":0.06604924757875835,"Zc_est":0.08568434839725116,"Rc_est":0.05458300518056331},"2":{"Xc_est":0.23627521847925956,"Zc_est":0.25923659350324874,"Rc_est":0.10666598587997386},"6":{"Xc_est":0.0853682262552679,"Zc_est":0.10199460818188665,"Rc_est":0.05581367255615749},"25":{"Xc_est":0.1822171058598783,"Zc_est":0.19912586027426718,"Rc_est":0.08029965480633705},"23":{"Xc_est":0.21495391469947436,"Zc_est":0.23426475008385808,"Rc_est":0.09313854028931087},"22":{"Xc_est":0.19885806139143383,"Zc_est":0.2162285370038993,"Rc_est":0.08491320059029328},"11":{"Xc_est":0.22975125289420406,"Zc_est":0.2486380711620573,"Rc_est":0.0950539437621173},"13":{"Xc_est":0.24493907143626828,"Zc_est":0.26719699124333923,"Rc_est":0.10676649012415726},"5":{"Xc_est":0.08664678643366708,"Zc_est":0.1219796956989887,"Rc_est":0.08585674442661081},"15":{"Xc_est":0.148575452175934,"Zc_est":0.15460682217616936,"Rc_est":0.04276218509536678},"27":{"Xc_est":0.11260759550999938,"Zc_est":0.13100455006438913,"Rc_est":0.06694566133088391},"28":{"Xc_est":0.15004922506797852,"Zc_est":0.15786880483115914,"Rc_est":0.049069232675045406},"16":{"Xc_est":0.23051255669424656,"Zc_est":0.25666164822066756,"Rc_est":0.11286790010287007},"14":{"Xc_est":0.0738516689770017,"Zc_est":0.08958265757552432,"Rc_est":0.05070486690254703},"21":{"Xc_est":0.0628758851058268,"Zc_est":0.09591250029327386,"Rc_est":0.07242810769767583},"7":{"Xc_est":0.027428446292652467,"Zc_est":0.06135851955920996,"Rc_est":0.054886685602876684},"8":{"Xc_est":0.20127715721803469,"Zc_est":0.22959521988532836,"Rc_est":0.1104602687685433},"26":{"Xc_est":0.10581487324243216,"Zc_est":0.12977174156197363,"Rc_est":0.0751260108665147},"17":{"Xc_est":0.18742554118052665,"Zc_est":0.20592231784601886,"Rc_est":0.08529752341225114},"10":{"Xc_est":0.20234829506534946,"Zc_est":0.22036135965886,"Rc_est":0.08725993533602762},"19":{"Xc_est":0.05399946316774035,"Zc_est":0.08663603250652904,"Rc_est":0.06774850630138063},"9":{"Xc_est":0.10380788082232417,"Zc_est":0.12852177086785924,"Rc_est":0.07577446447312347},"18":{"Xc_est":0.09437365680840834,"Zc_est":0.11541335652396047,"Rc_est":0.06643685546995409},"30":{"Xc_est":0.2565212444641938,"Zc_est":0.29402652378020105,"Rc_est":0.14369567782230086},"3":{"Xc_est":0.03118622957687829,"Zc_est":0.05005623378143691,"Rc_est":0.039154126540635624}}