linecode_id,linecode_name,A_p_est,dist_est,x_est,r_est,scenario_id
12,tw2x16_lv_oh_2w_bundled,"[45.59330384825213, 6.0047974754378]",[2.02465678399806],[0.7952778253039238 0.8192950739452041; 0.8192950739452041 0.8589725808436997],[0.8440067708526588 0.049348; 0.049348 6.083043381628551],1
2,pluto,"[136.2360077307912, 136.2360077307912, 136.2360077307912, 299.9865485211229]","[67.28556732607724, 11.45045253680314, 154.80163661698842]",[0.76089714439494 0.5991602990657358 0.589285937641961 0.5209723107601159; 0.5991602990657358 0.76089714439494 0.7104305251442116 0.5423250175073331; 0.589285937641961 0.7104305251442116 0.76089714439494 0.5468087537784637; 0.5209723107601159 0.5423250175073331 0.5468087537784637 0.736098991605272],[0.3916606535424776 0.049348 0.049348 0.049348; 0.049348 0.3916606535424776 0.049348 0.049348; 0.049348 0.049348 0.3916606535424776 0.049348; 0.049348 0.049348 0.049348 0.20480600151461423],1
6,hydrogen,"[178.92642518998278, 178.92642518998278, 178.92642518998278, 79.35951569743872]","[421.9670636629258, 56.52636934015766, 1199.692900107767]",[0.7523334498927703 0.48380190933504014 0.47590297038887985 0.39705971557633857; 0.48380190933504014 0.7523334498927703 0.6101080536026257 0.41525630362117566; 0.47590297038887985 0.6101080536026257 0.7523334498927703 0.4181491531739248; 0.39705971557633857 0.41525630362117566 0.4181491531739248 0.7778743647086497],[0.18374581709923396 0.049348 0.049348 0.049348; 0.049348 0.18374581709923396 0.049348 0.049348; 0.049348 0.049348 0.18374581709923396 0.049348; 0.049348 0.049348 0.049348 0.352365486379131],1
9,abc2x16_lv_oh_2w_bundled,"[131.44221056297602, 7.050195527029421]",[1996.7321719476174],[0.7620222349524103 0.38613962182128947; 0.38613962182128947 0.8539304252731161],[0.38964793940869547 0.049348; 0.049348 6.393821159480229],1
