{"24":{"Xc_est":0.20277998844949982,"Zc_est":0.23361555410433082,"Rc_est":0.11600216982407803},"4":{"Xc_est":0.04374345156821597,"Zc_est":0.06954355349074619,"Rc_est":0.05406307683640861},"1":{"Xc_est":0.22951594986457063,"Zc_est":0.251606071278978,"Rc_est":0.1030924044835799},"12":{"Xc_est":0.11605243492431469,"Zc_est":0.13768521175510168,"Rc_est":0.07408812242313131},"29":{"Xc_est":0.22187347949440497,"Zc_est":0.24024428968883552,"Rc_est":0.09213836239666395},"20":{"Xc_est":0.06809975405711052,"Zc_est":0.0922008409892562,"Rc_est":0.06215640414701581},"2":{"Xc_est":0.24466745042030025,"Zc_est":0.26984720564115694,"Rc_est":0.11382158449595914},"6":{"Xc_est":0.08679192841162997,"Zc_est":0.1037916031377184,"Rc_est":0.05691975091730579},"25":{"Xc_est":0.18724391267083323,"Zc_est":0.2041118434595061,"Rc_est":0.0812487649638768},"23":{"Xc_est":0.22160352885416645,"Zc_est":0.240877215286227,"Rc_est":0.09441244008830593},"22":{"Xc_est":0.20282497714288333,"Zc_est":0.2200460157047221,"Rc_est":0.0853362623654895},"11":{"Xc_est":0.23684831784147853,"Zc_est":0.2554976641940346,"Rc_est":0.09582239166431619},"13":{"Xc_est":0.2519706554046653,"Zc_est":0.27398310882370935,"Rc_est":0.1075989439337022},"5":{"Xc_est":0.09285685601590175,"Zc_est":0.13530022676818862,"Rc_est":0.09840607529195215},"15":{"Xc_est":0.15372615308931334,"Zc_est":0.1595695731149834,"Rc_est":0.04278689659766219},"27":{"Xc_est":0.11399916815998454,"Zc_est":0.1320089690659194,"Rc_est":0.06656243364449979},"28":{"Xc_est":0.15520300395108416,"Zc_est":0.16289012990640256,"Rc_est":0.04944918589304034},"16":{"Xc_est":0.23653943637051233,"Zc_est":0.26279593237346494,"Rc_est":0.11450238911725424},"14":{"Xc_est":0.07778050298272617,"Zc_est":0.09285810847379052,"Rc_est":0.05072298951249198},"21":{"Xc_est":0.06609023142202337,"Zc_est":0.10534037812756666,"Rc_est":0.08202851074255901},"7":{"Xc_est":0.02737172895125739,"Zc_est":0.0634834761645667,"Rc_est":0.0572794919683826},"8":{"Xc_est":0.20666678056801957,"Zc_est":0.23570583247290464,"Rc_est":0.11334055439865749},"26":{"Xc_est":0.10894030461946032,"Zc_est":0.1383654505970929,"Rc_est":0.08530538053578889},"17":{"Xc_est":0.1928390112287703,"Zc_est":0.21204067049522252,"Rc_est":0.08817234085796818},"10":{"Xc_est":0.20631592903752088,"Zc_est":0.22420773928064142,"Rc_est":0.08776586909910204},"19":{"Xc_est":0.056117796220670244,"Zc_est":0.09782635914179102,"Rc_est":0.08012982896695842},"9":{"Xc_est":0.10502916746977121,"Zc_est":0.12894559637734604,"Rc_est":0.07480535278785998},"18":{"Xc_est":0.09632166027299498,"Zc_est":0.11929346226465688,"Rc_est":0.07037803564566758},"30":{"Xc_est":0.26527070873825515,"Zc_est":0.30411862748360996,"Rc_est":0.1487265634243545},"3":{"Xc_est":0.031079325182287815,"Zc_est":0.05089624932377041,"Rc_est":0.04030513294161192}}