{"24":{"shunt_est":{"gs":1.7335427749845818},"shunt_true":{"gs":0.1733542899408284}},"4":{"shunt_est":{"gs":1.9353329168945764e-6},"shunt_true":{"gs":1.0401257396449703}},"1":{"shunt_est":{"gs":1.733542742093915},"shunt_true":{"gs":1.3868343195266273}},"12":{"shunt_est":{"gs":1.7335427540253372},"shunt_true":{"gs":1.0401257396449703}},"29":{"shunt_est":{"gs":1.733542785019142},"shunt_true":{"gs":0.3467085798816568}},"20":{"shunt_est":{"gs":1.7335426460816215},"shunt_true":{"gs":0.5200628698224852}},"2":{"shunt_est":{"gs":1.7335427201462503},"shunt_true":{"gs":0.3467085798816568}},"6":{"shunt_est":{"gs":1.7335427602131999},"shunt_true":{"gs":1.0401257396449703}},"25":{"shunt_est":{"gs":1.73354281854539},"shunt_true":{"gs":0.866771449704142}},"23":{"shunt_est":{"gs":1.733542664842373},"shunt_true":{"gs":1.2134800295857988}},"22":{"shunt_est":{"gs":1.7335426468875315},"shunt_true":{"gs":1.2134800295857988}},"11":{"shunt_est":{"gs":1.7335427880579477},"shunt_true":{"gs":0.6934171597633136}},"13":{"shunt_est":{"gs":1.7335428161370132},"shunt_true":{"gs":0.5200628698224852}},"5":{"shunt_est":{"gs":1.7335426463196877},"shunt_true":{"gs":1.3868343195266273}},"15":{"shunt_est":{"gs":1.7335427428134471},"shunt_true":{"gs":0.3467085798816568}},"27":{"shunt_est":{"gs":1.733542732143323},"shunt_true":{"gs":0.866771449704142}},"28":{"shunt_est":{"gs":1.7335427600707567},"shunt_true":{"gs":0.6934171597633136}},"16":{"shunt_est":{"gs":1.7335428222533285},"shunt_true":{"gs":0.866771449704142}},"14":{"shunt_est":{"gs":1.7335423692206349},"shunt_true":{"gs":0.1733542899408284}},"21":{"shunt_est":{"gs":1.7335416308816955},"shunt_true":{"gs":0.1733542899408284}},"7":{"shunt_est":{"gs":1.7335412651972433},"shunt_true":{"gs":0.3467085798816568}},"8":{"shunt_est":{"gs":1.733542803940442},"shunt_true":{"gs":1.2134800295857988}},"26":{"shunt_est":{"gs":1.7335427833208812},"shunt_true":{"gs":0.866771449704142}},"17":{"shunt_est":{"gs":1.733542804759318},"shunt_true":{"gs":0.6934171597633136}},"10":{"shunt_est":{"gs":1.7335427581924494},"shunt_true":{"gs":0.3467085798816568}}}