{"24":{"Xc_est":0.19621828843334888,"Zc_est":0.22584992504440626,"Rc_est":0.11183278556331785},"4":{"Xc_est":0.045284348389052875,"Zc_est":0.06530382838731907,"Rc_est":0.04705228786168962},"1":{"Xc_est":0.23158989821966242,"Zc_est":0.2554817983234669,"Rc_est":0.10787524422776064},"12":{"Xc_est":0.1088531108876364,"Zc_est":0.12894900111638696,"Rc_est":0.06912919165589816},"29":{"Xc_est":0.2222881617021687,"Zc_est":0.23960556569478922,"Rc_est":0.08943601220420358},"20":{"Xc_est":0.07203457822615807,"Zc_est":0.10164163321398413,"Rc_est":0.07170802704150768},"2":{"Xc_est":0.24862775248706398,"Zc_est":0.2761341848819624,"Rc_est":0.12014295132739605},"6":{"Xc_est":0.08330273543944575,"Zc_est":0.09966334999913762,"Rc_est":0.054712316724448026},"25":{"Xc_est":0.1827146461907541,"Zc_est":0.19858878123047527,"Rc_est":0.07780014201782107},"23":{"Xc_est":0.22233729653863923,"Zc_est":0.24096387086233503,"Rc_est":0.09289625196340955},"22":{"Xc_est":0.1984245916116788,"Zc_est":0.21461211027335528,"Rc_est":0.08176820482144201},"11":{"Xc_est":0.23883825892531932,"Zc_est":0.25640002008353796,"Rc_est":0.09325908198326197},"13":{"Xc_est":0.25388159311498115,"Zc_est":0.274610511644428,"Rc_est":0.10466646923926351},"5":{"Xc_est":0.08936766311378329,"Zc_est":0.13130406672777503,"Rc_est":0.09619864203216871},"15":{"Xc_est":0.14941209274728398,"Zc_est":0.15476063444845012,"Rc_est":0.040334606924622665},"27":{"Xc_est":0.10441251170458059,"Zc_est":0.11702757438785735,"Rc_est":0.05285338746614361},"28":{"Xc_est":0.15088894361230157,"Zc_est":0.15803854453979693,"Rc_est":0.04699689623603939},"16":{"Xc_est":0.23692574117275222,"Zc_est":0.2619225516947082,"Rc_est":0.11166743596953005},"14":{"Xc_est":0.07430455726619954,"Zc_est":0.08877463934875224,"Rc_est":0.0485774573333671},"21":{"Xc_est":0.07242263879207925,"Zc_est":0.11945586958740088,"Rc_est":0.09499824297993172},"7":{"Xc_est":0.02727907033732908,"Zc_est":0.06305294872657219,"Rc_est":0.05684651849187243},"8":{"Xc_est":0.20010508053449322,"Zc_est":0.22794821263307172,"Rc_est":0.10917117012698939},"26":{"Xc_est":0.10393026437636618,"Zc_est":0.13738965013843474,"Rc_est":0.08985775487858647},"17":{"Xc_est":0.18498465244129048,"Zc_est":0.2008250983921065,"Rc_est":0.07817543415532931},"10":{"Xc_est":0.2046125012973618,"Zc_est":0.2215456310818548,"Rc_est":0.0849481663386234},"19":{"Xc_est":0.05800077579281684,"Zc_est":0.09325830920629168,"Rc_est":0.07302754441611534},"9":{"Xc_est":0.09828719588816251,"Zc_est":0.12157147501241351,"Rc_est":0.07154893892389917},"18":{"Xc_est":0.09143095866442756,"Zc_est":0.11856048565651149,"Rc_est":0.07547826545974415},"30":{"Xc_est":0.26956056946276696,"Zc_est":0.3107044994861303,"Rc_est":0.15451338256550967},"3":{"Xc_est":0.03458789487600358,"Zc_est":0.053299542683343956,"Rc_est":0.040552666722425655}}