{"24":{"Xc_est":0.16774510378083654,"Zc_est":0.17954260880514292,"Rc_est":0.06400881606554651},"4":{"Xc_est":0.04518464874584796,"Zc_est":0.05384132994547736,"Rc_est":0.029278598463930917},"1":{"Xc_est":0.19447866705851474,"Zc_est":0.20771810965082005,"Rc_est":0.07297164611034526},"12":{"Xc_est":0.10038030967498039,"Zc_est":0.11231925880732914,"Rc_est":0.050392552312646555},"29":{"Xc_est":0.1866209258536885,"Zc_est":0.1987615002126826,"Rc_est":0.06840149121406874},"20":{"Xc_est":0.06564104503016154,"Zc_est":0.06950452117578103,"Rc_est":0.022850200682333156},"2":{"Xc_est":0.20467380123097126,"Zc_est":0.21797796997261473,"Rc_est":0.07498686873744624},"6":{"Xc_est":0.07801424566227308,"Zc_est":0.08330053174884226,"Rc_est":0.029201987319125808},"25":{"Xc_est":0.1530238153318138,"Zc_est":0.16389519728651042,"Rc_est":0.05869708369995157},"23":{"Xc_est":0.18231573287928834,"Zc_est":0.19737193450089943,"Rc_est":0.07560855820153768},"22":{"Xc_est":0.16640210811934517,"Zc_est":0.17801670692866237,"Rc_est":0.06324781703081163},"11":{"Xc_est":0.19816612908047354,"Zc_est":0.2111116148093027,"Rc_est":0.07278941676268949},"13":{"Xc_est":0.212803765875186,"Zc_est":0.22601200646041586,"Rc_est":0.0761313620894969},"5":{"Xc_est":0.0837259510278266,"Zc_est":0.0996571986533664,"Rc_est":0.054051108850073706},"15":{"Xc_est":0.12075322061848615,"Zc_est":0.13079724076865318,"Rc_est":0.050265076374718075},"27":{"Xc_est":0.10121157612956178,"Zc_est":0.11366817273459649,"Rc_est":0.05173654752872467},"28":{"Xc_est":0.12210564771162169,"Zc_est":0.13234703090551828,"Rc_est":0.051048480745577024},"16":{"Xc_est":0.1988722684242593,"Zc_est":0.2123767238395265,"Rc_est":0.07452310836646471},"14":{"Xc_est":0.06912658884626866,"Zc_est":0.07684564375317271,"Rc_est":0.0335673603120421},"21":{"Xc_est":0.06556159644502872,"Zc_est":0.06940879920868406,"Rc_est":0.02278724378178761},"7":{"Xc_est":0.025991458269154354,"Zc_est":0.027515663296335327,"Rc_est":0.009030826301070292},"8":{"Xc_est":0.16960703192246343,"Zc_est":0.1816700907856784,"Rc_est":0.06509590316240416},"26":{"Xc_est":0.0967855690171481,"Zc_est":0.10335686671840845,"Rc_est":0.03626562460338589},"17":{"Xc_est":0.15840312977608934,"Zc_est":0.1694375878933456,"Rc_est":0.060146027867637404},"10":{"Xc_est":0.1699897835379843,"Zc_est":0.18211365130039533,"Rc_est":0.06533647895832173},"19":{"Xc_est":0.05302302111610942,"Zc_est":0.055239387824404296,"Rc_est":0.015490293700752115},"9":{"Xc_est":0.09325646846256805,"Zc_est":0.10557546686272948,"Rc_est":0.049491517386046464},"18":{"Xc_est":0.08396249809505506,"Zc_est":0.09009095870504837,"Rc_est":0.03266006359504838},"30":{"Xc_est":0.2215823279303336,"Zc_est":0.24264514174537818,"Rc_est":0.09888345039291853},"3":{"Xc_est":0.029857982537078075,"Zc_est":0.03096441417300995,"Rc_est":0.008203403189728044}}