{"24":{"shunt_est":{"gs":1.7335418250721664},"shunt_true":{"gs":0.1733542899408284}},"4":{"shunt_est":{"gs":1.7335303033493128},"shunt_true":{"gs":1.0401257396449703}},"1":{"shunt_est":{"gs":8.734292820126066e-7},"shunt_true":{"gs":1.3868343195266273}},"12":{"shunt_est":{"gs":1.7335426952783113},"shunt_true":{"gs":1.0401257396449703}},"29":{"shunt_est":{"gs":1.7335412113401079},"shunt_true":{"gs":0.3467085798816568}},"20":{"shunt_est":{"gs":1.7335425175082988},"shunt_true":{"gs":0.5200628698224852}},"2":{"shunt_est":{"gs":2.0356756302056635e-7},"shunt_true":{"gs":0.3467085798816568}},"6":{"shunt_est":{"gs":1.7335426732132837},"shunt_true":{"gs":1.0401257396449703}},"25":{"shunt_est":{"gs":1.7335426180277753},"shunt_true":{"gs":0.866771449704142}},"23":{"shunt_est":{"gs":9.957645658557385e-7},"shunt_true":{"gs":1.2134800295857988}},"22":{"shunt_est":{"gs":1.7249976049450886e-6},"shunt_true":{"gs":1.2134800295857988}},"11":{"shunt_est":{"gs":1.7335414870204788},"shunt_true":{"gs":0.6934171597633136}},"13":{"shunt_est":{"gs":1.733542414424269},"shunt_true":{"gs":0.5200628698224852}},"5":{"shunt_est":{"gs":1.7335423190087662},"shunt_true":{"gs":1.3868343195266273}},"15":{"shunt_est":{"gs":1.7335423501343596},"shunt_true":{"gs":0.3467085798816568}},"27":{"shunt_est":{"gs":1.7335425860961107},"shunt_true":{"gs":0.866771449704142}},"28":{"shunt_est":{"gs":1.7335424373556605},"shunt_true":{"gs":0.6934171597633136}},"16":{"shunt_est":{"gs":1.7335425480660331},"shunt_true":{"gs":0.866771449704142}},"14":{"shunt_est":{"gs":1.733542091140152},"shunt_true":{"gs":0.1733542899408284}},"21":{"shunt_est":{"gs":1.7334286177114107},"shunt_true":{"gs":0.1733542899408284}},"7":{"shunt_est":{"gs":1.733540280780208},"shunt_true":{"gs":0.3467085798816568}},"8":{"shunt_est":{"gs":1.733542380306956},"shunt_true":{"gs":1.2134800295857988}},"26":{"shunt_est":{"gs":1.733542595200717},"shunt_true":{"gs":0.866771449704142}},"17":{"shunt_est":{"gs":1.733542508482244},"shunt_true":{"gs":0.6934171597633136}},"10":{"shunt_est":{"gs":1.7335412499617684},"shunt_true":{"gs":0.3467085798816568}}}