{"32":{"length_est":14.03615488097337,"length_true":20.051664},"29":{"length_est":5.67045830624426,"length_true":5.2521},"1":{"length_est":0.1484953340889049,"length_true":0.11424},"54":{"length_est":7.151240960744123,"length_true":6.4783},"2":{"length_est":14.6402553068448,"length_true":13.996288},"41":{"length_est":6.316839645045753,"length_true":4.8591},"53":{"length_est":20.625665754442224,"length_true":29.465251},"51":{"length_est":8.281326037922286,"length_true":11.830480000000001},"27":{"length_est":13.893291993887873,"length_true":10.68714},"42":{"length_est":2.9488247137853696,"length_true":4.212621},"33":{"length_est":1.7639900053979511,"length_true":2.52},"28":{"length_est":8.604733177577028,"length_true":12.29249},"52":{"length_est":12.543319915665796,"length_true":9.6487},"50":{"length_est":5.301539913315867,"length_true":4.0781},"26":{"length_est":19.50000936390743,"length_true":15.0},"10":{"length_est":10.241279971682268,"length_true":7.8779},"24":{"length_est":7.2932200148336115,"length_true":10.4189},"25":{"length_est":15.577186991211821,"length_true":14.588000000000001},"23":{"length_est":2.8980621073272057,"length_true":4.1401},"49":{"length_est":15.881836993539098,"length_true":12.21679},"5":{"length_est":16.93802199506011,"length_true":13.029240000000001},"31":{"length_est":5.707006951300874,"length_true":4.39},"43":{"length_est":8.339328004590918,"length_true":11.91334},"39":{"length_est":35.127320028580705,"length_true":50.1819},"34":{"length_est":8.692835009521334,"length_true":12.41835},"44":{"length_est":8.966626010310648,"length_true":12.809479999999999},"55":{"length_est":10.579225902340106,"length_true":12.23632},"17":{"length_est":12.203860259300523,"length_true":17.4341},"37":{"length_est":21.06434932406623,"length_true":16.546871},"47":{"length_est":5.792000012720522,"length_true":8.2743},"9":{"length_est":19.764039689838945,"length_true":15.2031},"12":{"length_est":12.06895668840635,"length_true":13.3844},"20":{"length_est":17.69339998347952,"length_true":13.610299999999999},"6":{"length_est":8.727310032306926,"length_true":12.467600000000001},"14":{"length_est":5.667400019961794,"length_true":8.0963},"7":{"length_est":10.759480005650172,"length_true":15.370700000000001},"57":{"length_est":15.166210324331024,"length_true":11.8907},"8":{"length_est":10.368180008655434,"length_true":14.8117},"19":{"length_est":7.549239873961068,"length_true":5.8071},"4":{"length_est":10.648278761233772,"length_true":11.83921},"22":{"length_est":9.308674003603771,"length_true":13.298119999999997},"11":{"length_est":16.161361691866748,"length_true":12.431809},"35":{"length_est":10.877079988093945,"length_true":11.80815},"13":{"length_est":14.176979360966182,"length_true":12.8793},"15":{"length_est":4.274470094330816,"length_true":6.1064},"16":{"length_est":22.79083672829035,"length_true":27.150599999999997},"40":{"length_est":25.66863999072548,"length_true":19.7451},"46":{"length_est":5.1034800659304205,"length_true":7.2907},"21":{"length_est":13.828811960131846,"length_true":10.637540000000001},"38":{"length_est":6.912931163215639,"length_true":9.87563},"45":{"length_est":3.425510099069399,"length_true":4.8936},"56":{"length_est":6.481549699094372,"length_true":4.9858},"36":{"length_est":41.68036525685623,"length_true":59.543393},"48":{"length_est":8.362400054201403,"length_true":11.9463},"18":{"length_est":14.319470006344543,"length_true":20.456400000000002},"30":{"length_est":13.469224947473498,"length_true":17.905369999999998},"3":{"length_est":10.328462004169534,"length_true":14.754960000000002}}