linecode_id,linecode_name,A_p_est,dist_est,x_est,r_est,scenario_id
4,hydrogen,"[142.00454485491883, 142.00454485491883, 142.00454485491883, 142.00454485491883]","[380.0000115450575, 379.9999979481727, 752.9862991213419]",[0.7595943448783484 0.49038393705128747 0.44683211452644955 0.40357088647406986; 0.49038393705128747 0.7595943448783484 0.49038393929949653 0.4217436914608164; 0.44683211452644955 0.49038393929949653 0.7595943448783484 0.4474146559603232; 0.40357088647406986 0.4217436914608164 0.4474146559603232 0.7595943448783484],[0.21868991079216088 0.049348 0.049348 0.049348; 0.049348 0.21868991079216088 0.049348 0.049348; 0.049348 0.049348 0.21868991079216088 0.049348; 0.049348 0.049348 0.049348 0.21868991079216088],1
1,pluto,"[300.00000259209276, 300.00000259209276, 300.00000259209276, 300.00000259209276]","[379.99999672448007, 1200.0000106157793, 608.8081870698594]",[0.7360975827097641 0.4903839395018309 0.40084778114110947 0.3803688003199452; 0.4903839395018309 0.7360975827097641 0.41813307080983686 0.39235017270810113; 0.40084778114110947 0.41813307080983686 0.7360975827097641 0.46076920663460347; 0.3803688003199452 0.39235017270810113 0.46076920663460347 0.7360975827097641],[0.20479902970472377 0.049348 0.049348 0.049348; 0.049348 0.20479902970472377 0.049348 0.049348; 0.049348 0.049348 0.20479902970472377 0.049348; 0.049348 0.049348 0.049348 0.20479902970472377],1
10,tw2x16_lv_oh_2w_bundled,"[11.999999948047229, 11.999999948047229]",[99.99993819832119],[0.8372217860312797 0.5742647648164015; 0.5742647648164015 0.8372217860312797],[3.068607912668563 0.049348; 0.049348 3.068607912668563],1
7,abc2x16_lv_oh_2w_bundled,"[12.337750172143783, 12.337750172143783]",[99.9999841140011],[0.8363497709734495 0.5742647359666503; 0.5742647359666503 0.8363497709734495],[3.674788267976635 0.049348; 0.049348 3.674788267976635],1
