{"32":{"Xc_est":0.20212232108584632,"Zc_est":0.21621336325974422,"Rc_est":0.07677750823620254},"29":{"Xc_est":0.11225037819079585,"Zc_est":0.14117302708062704,"Rc_est":0.08561352796801892},"1":{"Xc_est":0.1481125697335312,"Zc_est":0.1740069541506243,"Rc_est":0.09132955041883935},"54":{"Xc_est":0.10121691116156684,"Zc_est":0.12119607322144763,"Rc_est":0.06666052099413852},"2":{"Xc_est":0.17444108858012522,"Zc_est":0.20153996648652991,"Rc_est":0.1009389157182328},"41":{"Xc_est":0.08705606323524731,"Zc_est":0.09280826655357963,"Rc_est":0.032165450325790684},"51":{"Xc_est":0.11308887312996524,"Zc_est":0.13362903259186534,"Rc_est":0.0711872539548509},"53":{"Xc_est":0.11262067816970713,"Zc_est":0.12791772362740042,"Rc_est":0.06065910374058659},"27":{"Xc_est":0.15389921280008448,"Zc_est":0.16649203265179813,"Rc_est":0.06351873137934767},"42":{"Xc_est":0.1810523961251421,"Zc_est":0.19241984888800273,"Rc_est":0.06515694977073772},"33":{"Xc_est":0.09656879756549808,"Zc_est":0.11956133018611266,"Rc_est":0.0704938225139374},"28":{"Xc_est":0.1318137322152637,"Zc_est":0.1450094480651722,"Rc_est":0.060439060446441595},"50":{"Xc_est":0.17204768680507865,"Zc_est":0.18518012660653765,"Rc_est":0.06849286645363067},"52":{"Xc_est":0.04927425371279261,"Zc_est":0.053141481984333876,"Rc_est":0.019901382578570406},"26":{"Xc_est":0.16890368429041128,"Zc_est":0.17837099852122498,"Rc_est":0.05733897929492575},"10":{"Xc_est":0.15117578418352187,"Zc_est":0.16612949317304587,"Rc_est":0.06888316759869795},"24":{"Xc_est":0.10560732235706839,"Zc_est":0.1133349865579432,"Rc_est":0.04113286572388809},"25":{"Xc_est":0.0973797871480769,"Zc_est":0.12011211675049299,"Rc_est":0.07031427767729181},"23":{"Xc_est":0.08468926919997492,"Zc_est":0.09185040987148672,"Rc_est":0.03555594853093199},"49":{"Xc_est":0.14730562061515604,"Zc_est":0.157411838850884,"Rc_est":0.05549361355688053},"5":{"Xc_est":0.08530932464241063,"Zc_est":0.09259779861585862,"Rc_est":0.03600932431411202},"31":{"Xc_est":0.14074301259456864,"Zc_est":0.147969736752087,"Rc_est":0.04567764661502405},"43":{"Xc_est":0.1364068238095624,"Zc_est":0.15043421429884204,"Rc_est":0.06343209952300913},"39":{"Xc_est":0.06724551423991647,"Zc_est":0.07971156455966953,"Rc_est":0.04280156935393322},"34":{"Xc_est":0.114239828568002,"Zc_est":0.12448590310452139,"Rc_est":0.04945706866062529},"44":{"Xc_est":0.22391788307807703,"Zc_est":0.24254797834778505,"Rc_est":0.09322179701352165},"55":{"Xc_est":0.09091202461957584,"Zc_est":0.10076462329055473,"Rc_est":0.04345702574333685},"17":{"Xc_est":0.1381355751454265,"Zc_est":0.16284085683208907,"Rc_est":0.08623054872289264},"37":{"Xc_est":0.17735134535578984,"Zc_est":0.19562778342038964,"Rc_est":0.0825634903965805},"47":{"Xc_est":0.20480182258968,"Zc_est":0.2224057735057653,"Rc_est":0.08672105599358788},"9":{"Xc_est":0.02330678360202431,"Zc_est":0.032396415383169765,"Rc_est":0.02250159033951355},"12":{"Xc_est":0.15509294938707643,"Zc_est":0.16910067276074114,"Rc_est":0.06738853447399643},"20":{"Xc_est":0.15701377895215457,"Zc_est":0.1685873368099672,"Rc_est":0.06138699660222241},"6":{"Xc_est":0.10802518792216496,"Zc_est":0.11860691268798272,"Rc_est":0.04897099663837464},"14":{"Xc_est":0.11479584877099555,"Zc_est":0.1256730733582056,"Rc_est":0.051143273968760054},"7":{"Xc_est":0.14358673665442012,"Zc_est":0.15460488474970582,"Rc_est":0.05731945084702075},"8":{"Xc_est":0.1007383401910614,"Zc_est":0.10792003473803355,"Rc_est":0.038710731243524074},"19":{"Xc_est":0.08607964748711106,"Zc_est":0.09423416463265065,"Rc_est":0.03834543092088288},"4":{"Xc_est":0.18914943636666146,"Zc_est":0.20049649121889404,"Rc_est":0.06649311026912748},"22":{"Xc_est":0.07341509419566733,"Zc_est":0.08977033555736284,"Rc_est":0.05166175655475544},"11":{"Xc_est":0.03601805959646189,"Zc_est":0.04548609757300198,"Rc_est":0.027779209047890052},"35":{"Xc_est":0.1472233040845027,"Zc_est":0.1609293621940558,"Rc_est":0.06498890944328609},"13":{"Xc_est":0.17338987121371954,"Zc_est":0.20062694414032248,"Rc_est":0.10093127996599384},"15":{"Xc_est":0.02142894716619028,"Zc_est":0.027744683644184243,"Rc_est":0.017622930910166174},"16":{"Xc_est":0.16003114398247464,"Zc_est":0.17488714679434028,"Rc_est":0.07053755786476873},"40":{"Xc_est":0.15431976755291177,"Zc_est":0.1698268507654237,"Rc_est":0.0708982974641618},"21":{"Xc_est":0.19060238425970358,"Zc_est":0.2031241395178775,"Rc_est":0.07021500672501904},"38":{"Xc_est":0.05128672617486202,"Zc_est":0.057502703535795105,"Rc_est":0.026004473311149093},"46":{"Xc_est":0.12924623628878218,"Zc_est":0.1439342502617555,"Rc_est":0.06334412998532651},"45":{"Xc_est":0.1815487227754171,"Zc_est":0.1937224625038203,"Rc_est":0.06759033760204794},"36":{"Xc_est":0.17199122051483098,"Zc_est":0.18506437897229738,"Rc_est":0.06832162490910826},"48":{"Xc_est":0.10687111930481165,"Zc_est":0.12218389451129702,"Rc_est":0.05922387978243636},"18":{"Xc_est":0.08930677706517672,"Zc_est":0.10260825600030411,"Rc_est":0.05052478371705088},"30":{"Xc_est":0.22588412515232997,"Zc_est":0.24686631248496635,"Rc_est":0.0995958746339003},"3":{"Xc_est":0.033421092219033804,"Zc_est":0.03825414691837727,"Rc_est":0.018612102281570227}}