linecode_id,linecode_name,A_p_est,dist_est,x_est,r_est,scenario_id
4,hydrogen,"[163.5852425057439, 158.42862079447303, 299.9999947758735, 127.15733320335295]","[564.1581192206428, 1146.115831073789, 581.9577118531464, 1544.536629672322, 980.3785104516801, 398.42079859853396]",[0.7551497614950269 0.46555503769578027 0.42101975373416395 0.40227412423997827; 0.46555503769578027 0.7561560180319932 0.46360327348118807 0.4308338126864433; 0.42101975373416395 0.46360327348118807 0.7360975835282786 0.48740963060882614; 0.40227412423997827 0.4308338126864433 0.48740963060882614 0.7630637362576439],[0.1963497747234058 0.049348 0.049348 0.049348; 0.049348 0.20113446917654662 0.049348 0.049348; 0.049348 0.049348 0.12950573795219078 0.049348; 0.049348 0.049348 0.049348 0.23846270035665218],1
1,pluto,"[189.51852652119535, 212.32317632875242, 106.45815501381433, 300.0000026612721]","[665.4648355704121, 2526.8181042592737, 2612.010502983996, 2999.9996835075135, 2699.161242057456, 1617.1540112412886]",[0.7505268163665952 0.4551782554935562 0.37134589561459797 0.3605606987291812; 0.4551782554935562 0.74695724419251 0.3692624249764416 0.3672002258820518; 0.37134589561459797 0.3692624249764416 0.7686455164587275 0.3993873788863852; 0.3605606987291812 0.3672002258820518 0.3993873788863852 0.7360975827025196],[0.29542056171942127 0.049348 0.049348 0.049348; 0.049348 0.26899104660812173 0.049348 0.049348; 0.049348 0.049348 0.4874103476736853 0.049348; 0.049348 0.049348 0.049348 0.20479902966887711],1
10,tw2x16_lv_oh_2w_bundled,"[14.665330070519287, 10.000235396718166]",[2.000005473441698],[0.8309203784460384 0.820064783508811; 0.820064783508811 0.8429488604098804],[2.51987669733882 0.049348; 0.049348 3.6723745946593627],1
7,abc2x16_lv_oh_2w_bundled,"[17.01288046510144, 17.012889239138918]",[14.760349190345595],[0.8262555887015762 0.6944765237464372; 0.6944765237464372 0.826255572499435],[2.6785192553955826 0.049348; 0.049348 2.6785178994561645],1
