linecode_id,linecode_name,A_p_est,dist_est,x_est,r_est,scenario_id
11,uglv_240al_xlpe/nyl/pvc_ug_4w_bundled,"[300.0000029450179, 300.0000029450179, 300.0000029450179, 276.5189990681223]","[20.59892064590265, 22.569273867186173, 28.796046983513897, 34.258626595872684, 20.93797726943607, 25.773656567089677]",[0.7360975826728058 0.6735349824578161 0.6677952328097821 0.641572361285506; 0.6735349824578161 0.7360975826728058 0.652486297542483 0.6725091918948137; 0.6677952328097821 0.652486297542483 0.7360975826728058 0.6594534372587749; 0.641572361285506 0.6725091918948137 0.6594534372587749 0.7386580794488838],[0.19293637577834583 0.049348 0.049348 0.049348; 0.049348 0.19293637577834583 0.049348 0.049348; 0.049348 0.049348 0.19293637577834583 0.049348; 0.049348 0.049348 0.049348 0.20512938681806056],1
9,uglv_185al_xlpe/nyl/pvc_ug_2w_bundled,"[39.541341613470806, 39.54131739446886]",[99.99995726564873],[0.7997600877791133 0.5742647528360121; 0.5742647528360121 0.7997601070213636],[1.2042286695665283 0.049348; 0.049348 1.204229376929333],1
8,ugsc_16al_xlpe/pvc_ug_2w_bundled,"[145.2219126516782, 7.754292262308684]",[12.311175633441744],[0.7588905026530138 0.7058765757700913; 0.7058765757700913 0.8509399002075247],[0.3533875143156941 0.049348; 0.049348 5.74338148455513],1
