linecode_id,linecode_name,A_p_est,dist_est,x_est,r_est,scenario_id
5,ugsc_25cu_xlpe/nyl/pvc_ug_2w_bundled,"[148.1089229957647, 7.863722679352664]",[8.06460705218547],[0.758272079802668 0.7324559223586841; 0.7324559223586841 0.8504996493490938],[0.22631443104783872 0.049348; 0.049348 3.3824141033760236],1
2,uglv_120cu_xlpe/nyl/pvc_ug_4w_bundled,"[138.86245980256226, 138.86245980256226, 138.86245980256226, 137.06244153865933]","[23.352009527463196, 19.281508824354002, 28.91646787380745, 30.780471050955878, 23.11883189349187, 19.15404085765519]",[0.7602972815753392 0.6656530622447953 0.6776876834180312 0.648299027801872; 0.6656530622447953 0.7602972815753392 0.652224091108463 0.666283614204271; 0.6776876834180312 0.652224091108463 0.7602972815753392 0.6781044380482014; 0.648299027801872 0.666283614204271 0.6781044380482014 0.7607071769904817],[0.2494174831473639 0.049348 0.049348 0.049348; 0.049348 0.2494174831473639 0.049348 0.049348; 0.049348 0.049348 0.2494174831473639 0.049348; 0.049348 0.049348 0.049348 0.25204496241646257],1
3,ugsc_16cu_xlpe/nyl/pvc_ug_2w_bundled,"[299.99889519962625, 8.85120361737714]",[2.000001771859378],[0.7360976986761162 0.8200648997975105; 0.8200648997975105 0.8467833459652713],[0.13801663759206484 0.049348; 0.049348 3.0546447332320814],1
