linecode_id,linecode_name,A_p_est,dist_est,x_est,r_est,scenario_id
5,ugsc_25cu_xlpe/nyl/pvc_ug_2w_bundled,"[18.045404491250302, 6.684286578057253]",[5.151777778062407],[0.8244045478669817 0.7606136516946584; 0.7606136516946584 0.8556047692227702],[1.50181239455587 0.049348; 0.049348 3.9705304931236736],1
2,uglv_120cu_xlpe/nyl/pvc_ug_4w_bundled,"[138.24639539402105, 138.24639539402105, 138.24639539402105, 134.10775341943724]","[24.947740915045205, 17.429114240138347, 27.69299450615584, 31.4213275746787, 25.455286534221848, 17.822685454808866]",[0.7604369690012904 0.6614998524636385 0.6840339984464103 0.647004283186094; 0.6614998524636385 0.7604369690012904 0.6549404303195999 0.6602344052908544; 0.6840339984464103 0.6549404303195999 0.7604369690012904 0.6826309555200353; 0.647004283186094 0.6602344052908544 0.6826309555200353 0.7613918256535458],[0.25030904843882074 0.049348 0.049348 0.049348; 0.049348 0.25030904843882074 0.049348 0.049348; 0.049348 0.049348 0.25030904843882074 0.049348; 0.049348 0.049348 0.049348 0.2565108213350083],1
3,ugsc_16cu_xlpe/nyl/pvc_ug_2w_bundled,"[299.99654297693434, 12.189970688888597]",[2.0000055123819425],[0.7360979450027493 0.8200647822854675; 0.8200647822854675 0.8367283382647489],[0.13801733282801432 0.049348; 0.049348 2.231510204928219],1
