{"32":{"Xc_est":0.21928045871278407,"Zc_est":0.23379101603051067,"Rc_est":0.08108217808673807},"29":{"Xc_est":0.10201341807196859,"Zc_est":0.11569242292036448,"Rc_est":0.054571047767641656},"1":{"Xc_est":0.15627502464050558,"Zc_est":0.17460390905404966,"Rc_est":0.07787580966233495},"54":{"Xc_est":0.10142286999596141,"Zc_est":0.10627174417402839,"Rc_est":0.031734603378212385},"2":{"Xc_est":0.18124777501698566,"Zc_est":0.1996564180715138,"Rc_est":0.08373726367955454},"41":{"Xc_est":0.09032548373839602,"Zc_est":0.09501741950641336,"Rc_est":0.02948926918529007},"51":{"Xc_est":0.11144327743521042,"Zc_est":0.12521006873282792,"Rc_est":0.05707851808323526},"53":{"Xc_est":0.10946401397597538,"Zc_est":0.11488666169573948,"Rc_est":0.03487943061259399},"27":{"Xc_est":0.16233912147395974,"Zc_est":0.17062675550059875,"Rc_est":0.052530936901259},"42":{"Xc_est":0.18428103328498077,"Zc_est":0.1959114580366172,"Rc_est":0.0664966176692696},"33":{"Xc_est":0.09480431993820528,"Zc_est":0.10932226792478644,"Rc_est":0.05443803068878597},"28":{"Xc_est":0.13038864158080815,"Zc_est":0.14150672988665114,"Rc_est":0.05498142186161788},"50":{"Xc_est":0.17200649640547824,"Zc_est":0.1827742924243028,"Rc_est":0.06180782446840166},"52":{"Xc_est":0.04263489771570536,"Zc_est":0.046090759156261304,"Rc_est":0.01751067035757989},"26":{"Xc_est":0.173585612933033,"Zc_est":0.18267353363101593,"Rc_est":0.05690039430359991},"10":{"Xc_est":0.15319483189713717,"Zc_est":0.16097164431792396,"Rc_est":0.04942887571474906},"24":{"Xc_est":0.10518365105042275,"Zc_est":0.11054810997601854,"Rc_est":0.03401887962547843},"25":{"Xc_est":0.09495127477752426,"Zc_est":0.09937968332280502,"Rc_est":0.029335590593408817},"23":{"Xc_est":0.08791059000295308,"Zc_est":0.09244166505063958,"Rc_est":0.028586528342338564},"49":{"Xc_est":0.1520373389404618,"Zc_est":0.16302121301053835,"Rc_est":0.058826554032430346},"5":{"Xc_est":0.08641559260223176,"Zc_est":0.09301073108192762,"Rc_est":0.03439973040010291},"31":{"Xc_est":0.13934157532444694,"Zc_est":0.14663203855039636,"Rc_est":0.045660487465054585},"43":{"Xc_est":0.1342397106528095,"Zc_est":0.14101410573173503,"Rc_est":0.043181918660139776},"39":{"Xc_est":0.06674771746927795,"Zc_est":0.07505794849778312,"Rc_est":0.03432838250394725},"34":{"Xc_est":0.11621036256586512,"Zc_est":0.12525527643256446,"Rc_est":0.04673366994478731},"44":{"Xc_est":0.23562419194549108,"Zc_est":0.24774448906503518,"Rc_est":0.07654130931810423},"55":{"Xc_est":0.09623964640168604,"Zc_est":0.1054346491297055,"Rc_est":0.04306269496423265},"17":{"Xc_est":0.1366081191883127,"Zc_est":0.15354622409488172,"Rc_est":0.07010466964209577},"37":{"Xc_est":0.1822950835719591,"Zc_est":0.19731525812292258,"Rc_est":0.07551035421455798},"47":{"Xc_est":0.2210587190901006,"Zc_est":0.23238595102895412,"Rc_est":0.07166779576543043},"9":{"Xc_est":0.018401625627780326,"Zc_est":0.021269456434297375,"Rc_est":0.010666299792594074},"12":{"Xc_est":0.16125738216157895,"Zc_est":0.1695351722744505,"Rc_est":0.05232811229656668},"20":{"Xc_est":0.16385106885682355,"Zc_est":0.17437674248324392,"Rc_est":0.05966636869748351},"6":{"Xc_est":0.10597095002523971,"Zc_est":0.11134267722640653,"Rc_est":0.034166497079623145},"14":{"Xc_est":0.11621036257316664,"Zc_est":0.12525527644430148,"Rc_est":0.04673366995808844},"7":{"Xc_est":0.14231019764382188,"Zc_est":0.15266393481188562,"Rc_est":0.05526377329520685},"8":{"Xc_est":0.10270352101183103,"Zc_est":0.10960652984417063,"Rc_est":0.03828287027187809},"19":{"Xc_est":0.08717993916795237,"Zc_est":0.09424127949714839,"Rc_est":0.03579213555980931},"4":{"Xc_est":0.19213201249631423,"Zc_est":0.20214432356111983,"Rc_est":0.06283006702287416},"22":{"Xc_est":0.07433779708482251,"Zc_est":0.08462364545303215,"Rc_est":0.0404357922432125},"11":{"Xc_est":0.03647596197677211,"Zc_est":0.03813711786263414,"Rc_est":0.01113301202449381},"35":{"Xc_est":0.14593623059372013,"Zc_est":0.15780749392709506,"Rc_est":0.06004849489909546},"13":{"Xc_est":0.17866463403797916,"Zc_est":0.18750362112634128,"Rc_est":0.05689074159795697},"15":{"Xc_est":0.018790071983918945,"Zc_est":0.019633429014168695,"Rc_est":0.005692515234370967},"16":{"Xc_est":0.16603607793351832,"Zc_est":0.17781701965758037,"Rc_est":0.06364678549902542},"40":{"Xc_est":0.1562235537635796,"Zc_est":0.16413082332271356,"Rc_est":0.050330193860840346},"21":{"Xc_est":0.19477038507666192,"Zc_est":0.20779166348018155,"Rc_est":0.0724007769913407},"38":{"Xc_est":0.04387110232653162,"Zc_est":0.04811690140870938,"Rc_est":0.01976265624430204},"46":{"Xc_est":0.12766530318865738,"Zc_est":0.13946645753093884,"Rc_est":0.05614679989079839},"45":{"Xc_est":0.18587791457003003,"Zc_est":0.19544630438038818,"Rc_est":0.06040412875828906},"36":{"Xc_est":0.1725093820120689,"Zc_est":0.1835586500648997,"Rc_est":0.06272392790205648},"48":{"Xc_est":0.10786096713511395,"Zc_est":0.11319809006915682,"Rc_est":0.03434849871512302},"18":{"Xc_est":0.09202425414535784,"Zc_est":0.09659371513487895,"Rc_est":0.029357834602516786},"30":{"Xc_est":0.23737588570063597,"Zc_est":0.2495120628173861,"Rc_est":0.07686974944167457},"3":{"Xc_est":0.03385998255020123,"Zc_est":0.037642136004137364,"Rc_est":0.016444816346011373}}