{"32":{"Xc_est":0.21721141755338988,"Zc_est":0.2285502470458613,"Rc_est":0.0710944126438298},"29":{"Xc_est":0.10372691528638193,"Zc_est":0.1090391153499252,"Rc_est":0.033619276040183256},"1":{"Xc_est":0.1546242435355536,"Zc_est":0.16258227262362182,"Rc_est":0.0502427973198099},"54":{"Xc_est":0.10279407429813761,"Zc_est":0.10771948568141627,"Rc_est":0.03220040193317177},"2":{"Xc_est":0.17971888828657442,"Zc_est":0.18900596677655465,"Rc_est":0.058518173845206974},"41":{"Xc_est":0.09209839160479162,"Zc_est":0.09685274302889804,"Rc_est":0.029972322166161986},"51":{"Xc_est":0.11012463221550807,"Zc_est":0.11578357310619748,"Rc_est":0.03575473647836409},"53":{"Xc_est":0.10924089423719366,"Zc_est":0.11461768669922501,"Rc_est":0.03469353153744901},"27":{"Xc_est":0.1604767168121196,"Zc_est":0.16868382127066128,"Rc_est":0.05197552231267297},"42":{"Xc_est":0.18238277669967987,"Zc_est":0.1919127789914309,"Rc_est":0.05972468085748564},"33":{"Xc_est":0.09256955020164948,"Zc_est":0.09731914207277999,"Rc_est":0.03003154656767172},"28":{"Xc_est":0.1292859381666179,"Zc_est":0.13599658414417823,"Rc_est":0.04219261891921382},"50":{"Xc_est":0.1777182599817902,"Zc_est":0.18700736139316584,"Rc_est":0.05820629935220891},"52":{"Xc_est":0.044652390270693745,"Zc_est":0.04697399391515675,"Rc_est":0.014584928777845898},"26":{"Xc_est":0.1734419200583413,"Zc_est":0.1824001241990993,"Rc_est":0.05645977040621747},"10":{"Xc_est":0.15161662051534056,"Zc_est":0.1592608681085268,"Rc_est":0.04874858453523325},"24":{"Xc_est":0.10632621281999877,"Zc_est":0.11175073437877531,"Rc_est":0.03439423064340768},"25":{"Xc_est":0.09272356735271729,"Zc_est":0.09718398655746988,"Rc_est":0.02910442063653875},"23":{"Xc_est":0.08968408104290304,"Zc_est":0.09427879625561399,"Rc_est":0.029073304437190712},"49":{"Xc_est":0.14892432011460824,"Zc_est":0.15669303637337978,"Rc_est":0.048726322725104236},"5":{"Xc_est":0.08829216365126899,"Zc_est":0.09288793222972785,"Rc_est":0.028855879672816255},"31":{"Xc_est":0.13888430540549496,"Zc_est":0.1461031099429788,"Rc_est":0.04535712123849297},"43":{"Xc_est":0.13378441271518904,"Zc_est":0.1404917052731094,"Rc_est":0.04289114319994513},"39":{"Xc_est":0.06786199470183887,"Zc_est":0.0713503855386956,"Rc_est":0.022036950596851998},"34":{"Xc_est":0.1179459778084924,"Zc_est":0.12408229881430954,"Rc_est":0.03853781516695283},"44":{"Xc_est":0.234030863228556,"Zc_est":0.24598924957380663,"Rc_est":0.0757645429101333},"55":{"Xc_est":0.09740070286616152,"Zc_est":0.10244334447317602,"Rc_est":0.031744950906049924},"17":{"Xc_est":0.1348030902382188,"Zc_est":0.14172920543076434,"Rc_est":0.043764078126500496},"37":{"Xc_est":0.17987878882630187,"Zc_est":0.18922270636137128,"Rc_est":0.05872694384270675},"47":{"Xc_est":0.21946817022419002,"Zc_est":0.23063896055717786,"Rc_est":0.07090876099144164},"9":{"Xc_est":0.018151087009317945,"Zc_est":0.01907679833741516,"Rc_est":0.005870457834494273},"12":{"Xc_est":0.16102423042588965,"Zc_est":0.1692363424395,"Rc_est":0.052078179864984746},"20":{"Xc_est":0.16330907669767503,"Zc_est":0.1718395593281441,"Rc_est":0.05346942694889903},"6":{"Xc_est":0.10791587632456572,"Zc_est":0.11335515547798886,"Rc_est":0.03469228892045126},"14":{"Xc_est":0.11794597783472592,"Zc_est":0.12408229884167747,"Rc_est":0.038537815174782504},"7":{"Xc_est":0.14140059099817653,"Zc_est":0.1487670757296461,"Rc_est":0.046233274667890976},"8":{"Xc_est":0.10224011059039359,"Zc_est":0.10757560727425802,"Rc_est":0.033458497678310134},"19":{"Xc_est":0.08899519553231311,"Zc_est":0.0936213659138076,"Rc_est":0.02906570707435845},"4":{"Xc_est":0.19054588964164001,"Zc_est":0.2004097251950527,"Rc_est":0.06209929060329505},"22":{"Xc_est":0.0756797262224537,"Zc_est":0.0795576810484087,"Rc_est":0.02453576272902031},"11":{"Xc_est":0.036326121638642475,"Zc_est":0.03796962930743202,"Rc_est":0.011050141919376037},"35":{"Xc_est":0.1448333866084744,"Zc_est":0.1523595255724334,"Rc_est":0.04729392303644501},"13":{"Xc_est":0.17842979537053577,"Zc_est":0.18720084059080103,"Rc_est":0.05663005246272719},"15":{"Xc_est":0.01878725778031834,"Zc_est":0.01962553595121424,"Rc_est":0.005674557821387553},"16":{"Xc_est":0.16606263025585963,"Zc_est":0.17471215608997862,"Rc_est":0.054291254526992724},"40":{"Xc_est":0.15464490966083128,"Zc_est":0.16241886232276914,"Rc_est":0.04964714245770819},"21":{"Xc_est":0.19243370965951348,"Zc_est":0.20247962532052738,"Rc_est":0.0629862370412713},"38":{"Xc_est":0.046488910069062174,"Zc_est":0.04888996009175499,"Rc_est":0.015133057799534269},"46":{"Xc_est":0.12659531230606852,"Zc_est":0.1331519112373895,"Rc_est":0.04126812775373548},"45":{"Xc_est":0.1830899823504165,"Zc_est":0.19250248076837662,"Rc_est":0.059458081577724864},"36":{"Xc_est":0.17810943657405345,"Zc_est":0.18741544648539277,"Rc_est":0.05832305019966242},"48":{"Xc_est":0.10763815055364441,"Zc_est":0.11293000058591651,"Rc_est":0.03416450757330016},"18":{"Xc_est":0.0937977438750849,"Zc_est":0.09843128218490957,"Rc_est":0.029844606824504655},"30":{"Xc_est":0.2357825563941479,"Zc_est":0.2477570497782983,"Rc_est":0.0760929813786176},"3":{"Xc_est":0.033425324296332444,"Zc_est":0.03514796305001327,"Rc_est":0.010868624671507711}}